

Microchip MPLAB XC8 Assembler V3.10 build 20250813170317 
                                                                                               Wed Sep 16 11:18:47 2026

Microchip MPLAB XC8 C Compiler v3.10 (Free license) build 20250813170317 Og1 
     1                           	processor	16F1936
     2                           	pagewidth 120
     3                           	opt	flic
     4                           	psect	idataBANK0,global,class=CODE,space=0,delta=2,noexec
     5                           	psect	stringtext1,global,class=STRCODE,space=0,delta=2,noexec
     6                           	psect	cinit,global,class=CODE,space=0,merge=1,delta=2
     7                           	psect	bssCOMMON,global,class=COMMON,space=1,delta=1,noexec
     8                           	psect	bssBANK0,global,class=BANK0,space=1,delta=1,noexec
     9                           	psect	dataBANK0,global,class=BANK0,space=1,delta=1,noexec
    10                           	psect	bssBANK1,global,class=BANK1,space=1,delta=1,noexec
    11                           	psect	clrtext,global,class=CODE,space=0,delta=2
    12                           	psect	cstackCOMMON,global,class=COMMON,space=1,delta=1,noexec
    13                           	psect	cstackBANK0,global,class=BANK0,space=1,delta=1,noexec
    14                           	psect	maintext,global,class=CODE,space=0,merge=1,split=1,delta=2
    15                           	psect	text1,local,class=CODE,space=0,merge=1,delta=2
    16                           	psect	text2,local,class=CODE,space=0,merge=1,delta=2
    17                           	psect	text3,local,class=CODE,space=0,merge=1,delta=2
    18                           	psect	text4,local,class=CODE,space=0,merge=1,delta=2
    19                           	psect	text5,local,class=CODE,space=0,merge=1,delta=2
    20                           	psect	text6,local,class=CODE,space=0,merge=1,delta=2
    21                           	psect	text7,local,class=CODE,space=0,merge=1,delta=2
    22                           	psect	text8,local,class=CODE,space=0,merge=1,delta=2
    23                           	psect	text9,local,class=CODE,space=0,merge=1,delta=2
    24                           	psect	text10,local,class=CODE,space=0,merge=1,delta=2
    25                           	psect	text11,local,class=CODE,space=0,merge=1,delta=2
    26                           	psect	text12,local,class=CODE,space=0,merge=1,delta=2
    27                           	psect	text13,local,class=CODE,space=0,merge=1,delta=2
    28                           	psect	text14,local,class=CODE,space=0,merge=1,delta=2
    29                           	psect	text15,local,class=CODE,space=0,merge=1,delta=2
    30                           	psect	text16,local,class=CODE,space=0,merge=1,delta=2
    31                           	psect	text17,local,class=CODE,space=0,merge=1,delta=2
    32                           	psect	text18,local,class=CODE,space=0,merge=1,delta=2
    33                           	psect	text19,local,class=CODE,space=0,merge=1,delta=2
    34                           	psect	text20,local,class=CODE,space=0,merge=1,delta=2
    35                           	psect	text21,local,class=CODE,space=0,merge=1,delta=2,group=2
    36                           	psect	text22,local,class=CODE,space=0,merge=1,delta=2
    37                           	psect	text23,local,class=CODE,space=0,merge=1,delta=2
    38                           	psect	text24,local,class=CODE,space=0,merge=1,delta=2
    39                           	psect	text25,local,class=CODE,space=0,merge=1,delta=2
    40                           	psect	text26,local,class=CODE,space=0,merge=1,delta=2
    41                           	psect	text27,local,class=CODE,space=0,merge=1,delta=2,group=2
    42                           	psect	text28,local,class=CODE,space=0,merge=1,delta=2
    43                           	psect	text29,local,class=CODE,space=0,merge=1,delta=2
    44                           	psect	text30,local,class=CODE,space=0,merge=1,delta=2
    45                           	psect	text31,local,class=CODE,space=0,merge=1,delta=2
    46                           	psect	text32,local,class=CODE,space=0,merge=1,delta=2
    47                           	psect	text33,local,class=CODE,space=0,merge=1,delta=2
    48                           	psect	text34,local,class=CODE,space=0,merge=1,delta=2
    49                           	psect	text35,local,class=CODE,space=0,merge=1,delta=2
    50                           	psect	text36,local,class=CODE,space=0,merge=1,delta=2
    51                           	psect	text37,local,class=CODE,space=0,merge=1,delta=2
    52                           	psect	text38,local,class=CODE,space=0,merge=1,delta=2
    53                           	psect	text39,local,class=CODE,space=0,merge=1,delta=2
    54                           	psect	text40,local,class=CODE,space=0,merge=1,delta=2
    55                           	psect	text41,local,class=CODE,space=0,merge=1,delta=2
    56                           	psect	text42,local,class=CODE,space=0,merge=1,delta=2
    57                           	psect	text43,local,class=CODE,space=0,merge=1,delta=2
    58                           	psect	text44,local,class=CODE,space=0,merge=1,delta=2
    59                           	psect	text45,local,class=CODE,space=0,merge=1,delta=2
    60                           	psect	intentry,global,class=CODE,space=0,delta=2
    61                           	psect	text47,local,class=CODE,space=0,merge=1,delta=2
    62                           	psect	text48,local,class=CODE,space=0,merge=1,delta=2
    63                           	psect	text49,local,class=CODE,space=0,merge=1,delta=2
    64                           	psect	text50,local,class=CODE,space=0,merge=1,delta=2
    65                           	psect	text51,local,class=CODE,space=0,merge=1,delta=2
    66                           	psect	text52,local,class=CODE,space=0,merge=1,delta=2
    67                           	psect	text53,local,class=CODE,space=0,merge=1,delta=2
    68                           	psect	text54,local,class=CODE,space=0,merge=1,delta=2
    69                           	psect	text55,local,class=CODE,space=0,merge=1,delta=2
    70                           	psect	idloc,global,abs,ovrld,class=IDLOC,space=5,delta=2,noexec
    71                           	psect	config,global,abs,ovrld,class=CONFIG,space=4,delta=2,noexec
    72                           	dabs	1,0x7E,2
    73     0000                     
    74                           ; Generated 22/04/2026 GMT
    75                           ; 
    76                           ; Copyright (c) 2026 Microchip Technology Inc. and its subsidiaries.
    77                           ; 
    78                           ; Licensed under the Apache License, Version 2.0 (the "License");
    79                           ; you may not use this file except in compliance with the License.
    80                           ; You may obtain a copy of the License at
    81                           ; 
    82                           ;   http://www.apache.org/licenses/LICENSE-2.0
    83                           ; 
    84                           ; Unless required by applicable law or agreed to in writing, software
    85                           ; distributed under the License is distributed on an "AS IS" BASIS,
    86                           ; WITHOUT WARRANTIES OR CONDITIONS OF ANY KIND, either express or implied.
    87                           ; See the License for the specific language governing permissions and
    88                           ; limitations under the License.
    89                           ; 
    90                           ; 
    91                           ; Code-generator required, PIC16F1936 Definitions
    92                           ; 
    93                           ; SFR Addresses
    94     0008                     bsr             equ	8
    95     0005                     fsr0h           equ	5
    96     0004                     fsr0l           equ	4
    97     0007                     fsr1h           equ	7
    98     0006                     fsr1l           equ	6
    99     0000                     indf            equ	0
   100     0000                     indf0           equ	0
   101     0001                     indf1           equ	1
   102     000B                     intcon          equ	11
   103     0002                     pc              equ	2
   104     0002                     pcl             equ	2
   105     000A                     pclath          equ	10
   106     0003                     status          equ	3
   107     0009                     wreg            equ	9
   108     0000                     INDF0           equ	0	;# 
   109     0001                     INDF1           equ	1	;# 
   110     0002                     PCL             equ	2	;# 
   111     0003                     STATUS          equ	3	;# 
   112     0004                     FSR0L           equ	4	;# 
   113     0005                     FSR0H           equ	5	;# 
   114     0006                     FSR1L           equ	6	;# 
   115     0007                     FSR1H           equ	7	;# 
   116     0008                     BSR             equ	8	;# 
   117     0009                     WREG            equ	9	;# 
   118     000A                     PCLATH          equ	10	;# 
   119     000B                     INTCON          equ	11	;# 
   120     000C                     PORTA           equ	12	;# 
   121     000D                     PORTB           equ	13	;# 
   122     000E                     PORTC           equ	14	;# 
   123     0010                     PORTE           equ	16	;# 
   124     0011                     PIR1            equ	17	;# 
   125     0012                     PIR2            equ	18	;# 
   126     0013                     PIR3            equ	19	;# 
   127     0015                     TMR0            equ	21	;# 
   128     0016                     TMR1            equ	22	;# 
   129     0016                     TMR1L           equ	22	;# 
   130     0017                     TMR1H           equ	23	;# 
   131     0018                     T1CON           equ	24	;# 
   132     0019                     T1GCON          equ	25	;# 
   133     001A                     TMR2            equ	26	;# 
   134     001B                     PR2             equ	27	;# 
   135     001C                     T2CON           equ	28	;# 
   136     001E                     CPSCON0         equ	30	;# 
   137     001F                     CPSCON1         equ	31	;# 
   138     008C                     TRISA           equ	140	;# 
   139     008D                     TRISB           equ	141	;# 
   140     008E                     TRISC           equ	142	;# 
   141     0090                     TRISE           equ	144	;# 
   142     0091                     PIE1            equ	145	;# 
   143     0092                     PIE2            equ	146	;# 
   144     0093                     PIE3            equ	147	;# 
   145     0095                     OPTION_REG      equ	149	;# 
   146     0096                     PCON            equ	150	;# 
   147     0097                     WDTCON          equ	151	;# 
   148     0098                     OSCTUNE         equ	152	;# 
   149     0099                     OSCCON          equ	153	;# 
   150     009A                     OSCSTAT         equ	154	;# 
   151     009B                     ADRES           equ	155	;# 
   152     009B                     ADRESL          equ	155	;# 
   153     009C                     ADRESH          equ	156	;# 
   154     009D                     ADCON0          equ	157	;# 
   155     009E                     ADCON1          equ	158	;# 
   156     010C                     LATA            equ	268	;# 
   157     010D                     LATB            equ	269	;# 
   158     010E                     LATC            equ	270	;# 
   159     0110                     LATE            equ	272	;# 
   160     0111                     CM1CON0         equ	273	;# 
   161     0112                     CM1CON1         equ	274	;# 
   162     0113                     CM2CON0         equ	275	;# 
   163     0114                     CM2CON1         equ	276	;# 
   164     0115                     CMOUT           equ	277	;# 
   165     0116                     BORCON          equ	278	;# 
   166     0117                     FVRCON          equ	279	;# 
   167     0118                     DACCON0         equ	280	;# 
   168     0119                     DACCON1         equ	281	;# 
   169     011A                     SRCON0          equ	282	;# 
   170     011B                     SRCON1          equ	283	;# 
   171     011D                     APFCON          equ	285	;# 
   172     018C                     ANSELA          equ	396	;# 
   173     018D                     ANSELB          equ	397	;# 
   174     0191                     EEADR           equ	401	;# 
   175     0191                     EEADRL          equ	401	;# 
   176     0192                     EEADRH          equ	402	;# 
   177     0193                     EEDAT           equ	403	;# 
   178     0193                     EEDATL          equ	403	;# 
   179     0193                     EEDATA          equ	403	;# 
   180     0194                     EEDATH          equ	404	;# 
   181     0195                     EECON1          equ	405	;# 
   182     0196                     EECON2          equ	406	;# 
   183     0199                     RCREG           equ	409	;# 
   184     019A                     TXREG           equ	410	;# 
   185     019B                     SP1BRG          equ	411	;# 
   186     019B                     SP1BRGL         equ	411	;# 
   187     019B                     SPBRG           equ	411	;# 
   188     019B                     SPBRGL          equ	411	;# 
   189     019C                     SP1BRGH         equ	412	;# 
   190     019C                     SPBRGH          equ	412	;# 
   191     019D                     RCSTA           equ	413	;# 
   192     019E                     TXSTA           equ	414	;# 
   193     019F                     BAUDCON         equ	415	;# 
   194     020D                     WPUB            equ	525	;# 
   195     0210                     WPUE            equ	528	;# 
   196     0211                     SSPBUF          equ	529	;# 
   197     0212                     SSPADD          equ	530	;# 
   198     0213                     SSPMSK          equ	531	;# 
   199     0214                     SSPSTAT         equ	532	;# 
   200     0215                     SSPCON1         equ	533	;# 
   201     0215                     SSPCON          equ	533	;# 
   202     0216                     SSPCON2         equ	534	;# 
   203     0217                     SSPCON3         equ	535	;# 
   204     0291                     CCPR1           equ	657	;# 
   205     0291                     CCPR1L          equ	657	;# 
   206     0292                     CCPR1H          equ	658	;# 
   207     0293                     CCP1CON         equ	659	;# 
   208     0294                     PWM1CON         equ	660	;# 
   209     0295                     CCP1AS          equ	661	;# 
   210     0295                     ECCP1AS         equ	661	;# 
   211     0296                     PSTR1CON        equ	662	;# 
   212     0298                     CCPR2           equ	664	;# 
   213     0298                     CCPR2L          equ	664	;# 
   214     0299                     CCPR2H          equ	665	;# 
   215     029A                     CCP2CON         equ	666	;# 
   216     029B                     PWM2CON         equ	667	;# 
   217     029C                     CCP2AS          equ	668	;# 
   218     029C                     ECCP2AS         equ	668	;# 
   219     029D                     PSTR2CON        equ	669	;# 
   220     029E                     CCPTMRS0        equ	670	;# 
   221     029F                     CCPTMRS1        equ	671	;# 
   222     0311                     CCPR3           equ	785	;# 
   223     0311                     CCPR3L          equ	785	;# 
   224     0312                     CCPR3H          equ	786	;# 
   225     0313                     CCP3CON         equ	787	;# 
   226     0314                     PWM3CON         equ	788	;# 
   227     0315                     CCP3AS          equ	789	;# 
   228     0315                     ECCP3AS         equ	789	;# 
   229     0316                     PSTR3CON        equ	790	;# 
   230     0318                     CCPR4           equ	792	;# 
   231     0318                     CCPR4L          equ	792	;# 
   232     0319                     CCPR4H          equ	793	;# 
   233     031A                     CCP4CON         equ	794	;# 
   234     031C                     CCPR5           equ	796	;# 
   235     031C                     CCPR5L          equ	796	;# 
   236     031D                     CCPR5H          equ	797	;# 
   237     031E                     CCP5CON         equ	798	;# 
   238     0394                     IOCBP           equ	916	;# 
   239     0395                     IOCBN           equ	917	;# 
   240     0396                     IOCBF           equ	918	;# 
   241     0415                     TMR4            equ	1045	;# 
   242     0416                     PR4             equ	1046	;# 
   243     0417                     T4CON           equ	1047	;# 
   244     041C                     TMR6            equ	1052	;# 
   245     041D                     PR6             equ	1053	;# 
   246     041E                     T6CON           equ	1054	;# 
   247     0791                     LCDCON          equ	1937	;# 
   248     0792                     LCDPS           equ	1938	;# 
   249     0793                     LCDREF          equ	1939	;# 
   250     0794                     LCDCST          equ	1940	;# 
   251     0795                     LCDRL           equ	1941	;# 
   252     0798                     LCDSE0          equ	1944	;# 
   253     0799                     LCDSE1          equ	1945	;# 
   254     07A0                     LCDDATA0        equ	1952	;# 
   255     07A1                     LCDDATA1        equ	1953	;# 
   256     07A3                     LCDDATA3        equ	1955	;# 
   257     07A4                     LCDDATA4        equ	1956	;# 
   258     07A6                     LCDDATA6        equ	1958	;# 
   259     07A7                     LCDDATA7        equ	1959	;# 
   260     07A9                     LCDDATA9        equ	1961	;# 
   261     07AA                     LCDDATA10       equ	1962	;# 
   262     0FE4                     STATUS_SHAD     equ	4068	;# 
   263     0FE5                     WREG_SHAD       equ	4069	;# 
   264     0FE6                     BSR_SHAD        equ	4070	;# 
   265     0FE7                     PCLATH_SHAD     equ	4071	;# 
   266     0FE8                     FSR0L_SHAD      equ	4072	;# 
   267     0FE9                     FSR0H_SHAD      equ	4073	;# 
   268     0FEA                     FSR1L_SHAD      equ	4074	;# 
   269     0FEB                     FSR1H_SHAD      equ	4075	;# 
   270     0FED                     STKPTR          equ	4077	;# 
   271     0FEE                     TOSL            equ	4078	;# 
   272     0FEF                     TOSH            equ	4079	;# 
   273     0000                     INDF0           equ	0	;# 
   274     0001                     INDF1           equ	1	;# 
   275     0002                     PCL             equ	2	;# 
   276     0003                     STATUS          equ	3	;# 
   277     0004                     FSR0L           equ	4	;# 
   278     0005                     FSR0H           equ	5	;# 
   279     0006                     FSR1L           equ	6	;# 
   280     0007                     FSR1H           equ	7	;# 
   281     0008                     BSR             equ	8	;# 
   282     0009                     WREG            equ	9	;# 
   283     000A                     PCLATH          equ	10	;# 
   284     000B                     INTCON          equ	11	;# 
   285     000C                     PORTA           equ	12	;# 
   286     000D                     PORTB           equ	13	;# 
   287     000E                     PORTC           equ	14	;# 
   288     0010                     PORTE           equ	16	;# 
   289     0011                     PIR1            equ	17	;# 
   290     0012                     PIR2            equ	18	;# 
   291     0013                     PIR3            equ	19	;# 
   292     0015                     TMR0            equ	21	;# 
   293     0016                     TMR1            equ	22	;# 
   294     0016                     TMR1L           equ	22	;# 
   295     0017                     TMR1H           equ	23	;# 
   296     0018                     T1CON           equ	24	;# 
   297     0019                     T1GCON          equ	25	;# 
   298     001A                     TMR2            equ	26	;# 
   299     001B                     PR2             equ	27	;# 
   300     001C                     T2CON           equ	28	;# 
   301     001E                     CPSCON0         equ	30	;# 
   302     001F                     CPSCON1         equ	31	;# 
   303     008C                     TRISA           equ	140	;# 
   304     008D                     TRISB           equ	141	;# 
   305     008E                     TRISC           equ	142	;# 
   306     0090                     TRISE           equ	144	;# 
   307     0091                     PIE1            equ	145	;# 
   308     0092                     PIE2            equ	146	;# 
   309     0093                     PIE3            equ	147	;# 
   310     0095                     OPTION_REG      equ	149	;# 
   311     0096                     PCON            equ	150	;# 
   312     0097                     WDTCON          equ	151	;# 
   313     0098                     OSCTUNE         equ	152	;# 
   314     0099                     OSCCON          equ	153	;# 
   315     009A                     OSCSTAT         equ	154	;# 
   316     009B                     ADRES           equ	155	;# 
   317     009B                     ADRESL          equ	155	;# 
   318     009C                     ADRESH          equ	156	;# 
   319     009D                     ADCON0          equ	157	;# 
   320     009E                     ADCON1          equ	158	;# 
   321     010C                     LATA            equ	268	;# 
   322     010D                     LATB            equ	269	;# 
   323     010E                     LATC            equ	270	;# 
   324     0110                     LATE            equ	272	;# 
   325     0111                     CM1CON0         equ	273	;# 
   326     0112                     CM1CON1         equ	274	;# 
   327     0113                     CM2CON0         equ	275	;# 
   328     0114                     CM2CON1         equ	276	;# 
   329     0115                     CMOUT           equ	277	;# 
   330     0116                     BORCON          equ	278	;# 
   331     0117                     FVRCON          equ	279	;# 
   332     0118                     DACCON0         equ	280	;# 
   333     0119                     DACCON1         equ	281	;# 
   334     011A                     SRCON0          equ	282	;# 
   335     011B                     SRCON1          equ	283	;# 
   336     011D                     APFCON          equ	285	;# 
   337     018C                     ANSELA          equ	396	;# 
   338     018D                     ANSELB          equ	397	;# 
   339     0191                     EEADR           equ	401	;# 
   340     0191                     EEADRL          equ	401	;# 
   341     0192                     EEADRH          equ	402	;# 
   342     0193                     EEDAT           equ	403	;# 
   343     0193                     EEDATL          equ	403	;# 
   344     0193                     EEDATA          equ	403	;# 
   345     0194                     EEDATH          equ	404	;# 
   346     0195                     EECON1          equ	405	;# 
   347     0196                     EECON2          equ	406	;# 
   348     0199                     RCREG           equ	409	;# 
   349     019A                     TXREG           equ	410	;# 
   350     019B                     SP1BRG          equ	411	;# 
   351     019B                     SP1BRGL         equ	411	;# 
   352     019B                     SPBRG           equ	411	;# 
   353     019B                     SPBRGL          equ	411	;# 
   354     019C                     SP1BRGH         equ	412	;# 
   355     019C                     SPBRGH          equ	412	;# 
   356     019D                     RCSTA           equ	413	;# 
   357     019E                     TXSTA           equ	414	;# 
   358     019F                     BAUDCON         equ	415	;# 
   359     020D                     WPUB            equ	525	;# 
   360     0210                     WPUE            equ	528	;# 
   361     0211                     SSPBUF          equ	529	;# 
   362     0212                     SSPADD          equ	530	;# 
   363     0213                     SSPMSK          equ	531	;# 
   364     0214                     SSPSTAT         equ	532	;# 
   365     0215                     SSPCON1         equ	533	;# 
   366     0215                     SSPCON          equ	533	;# 
   367     0216                     SSPCON2         equ	534	;# 
   368     0217                     SSPCON3         equ	535	;# 
   369     0291                     CCPR1           equ	657	;# 
   370     0291                     CCPR1L          equ	657	;# 
   371     0292                     CCPR1H          equ	658	;# 
   372     0293                     CCP1CON         equ	659	;# 
   373     0294                     PWM1CON         equ	660	;# 
   374     0295                     CCP1AS          equ	661	;# 
   375     0295                     ECCP1AS         equ	661	;# 
   376     0296                     PSTR1CON        equ	662	;# 
   377     0298                     CCPR2           equ	664	;# 
   378     0298                     CCPR2L          equ	664	;# 
   379     0299                     CCPR2H          equ	665	;# 
   380     029A                     CCP2CON         equ	666	;# 
   381     029B                     PWM2CON         equ	667	;# 
   382     029C                     CCP2AS          equ	668	;# 
   383     029C                     ECCP2AS         equ	668	;# 
   384     029D                     PSTR2CON        equ	669	;# 
   385     029E                     CCPTMRS0        equ	670	;# 
   386     029F                     CCPTMRS1        equ	671	;# 
   387     0311                     CCPR3           equ	785	;# 
   388     0311                     CCPR3L          equ	785	;# 
   389     0312                     CCPR3H          equ	786	;# 
   390     0313                     CCP3CON         equ	787	;# 
   391     0314                     PWM3CON         equ	788	;# 
   392     0315                     CCP3AS          equ	789	;# 
   393     0315                     ECCP3AS         equ	789	;# 
   394     0316                     PSTR3CON        equ	790	;# 
   395     0318                     CCPR4           equ	792	;# 
   396     0318                     CCPR4L          equ	792	;# 
   397     0319                     CCPR4H          equ	793	;# 
   398     031A                     CCP4CON         equ	794	;# 
   399     031C                     CCPR5           equ	796	;# 
   400     031C                     CCPR5L          equ	796	;# 
   401     031D                     CCPR5H          equ	797	;# 
   402     031E                     CCP5CON         equ	798	;# 
   403     0394                     IOCBP           equ	916	;# 
   404     0395                     IOCBN           equ	917	;# 
   405     0396                     IOCBF           equ	918	;# 
   406     0415                     TMR4            equ	1045	;# 
   407     0416                     PR4             equ	1046	;# 
   408     0417                     T4CON           equ	1047	;# 
   409     041C                     TMR6            equ	1052	;# 
   410     041D                     PR6             equ	1053	;# 
   411     041E                     T6CON           equ	1054	;# 
   412     0791                     LCDCON          equ	1937	;# 
   413     0792                     LCDPS           equ	1938	;# 
   414     0793                     LCDREF          equ	1939	;# 
   415     0794                     LCDCST          equ	1940	;# 
   416     0795                     LCDRL           equ	1941	;# 
   417     0798                     LCDSE0          equ	1944	;# 
   418     0799                     LCDSE1          equ	1945	;# 
   419     07A0                     LCDDATA0        equ	1952	;# 
   420     07A1                     LCDDATA1        equ	1953	;# 
   421     07A3                     LCDDATA3        equ	1955	;# 
   422     07A4                     LCDDATA4        equ	1956	;# 
   423     07A6                     LCDDATA6        equ	1958	;# 
   424     07A7                     LCDDATA7        equ	1959	;# 
   425     07A9                     LCDDATA9        equ	1961	;# 
   426     07AA                     LCDDATA10       equ	1962	;# 
   427     0FE4                     STATUS_SHAD     equ	4068	;# 
   428     0FE5                     WREG_SHAD       equ	4069	;# 
   429     0FE6                     BSR_SHAD        equ	4070	;# 
   430     0FE7                     PCLATH_SHAD     equ	4071	;# 
   431     0FE8                     FSR0L_SHAD      equ	4072	;# 
   432     0FE9                     FSR0H_SHAD      equ	4073	;# 
   433     0FEA                     FSR1L_SHAD      equ	4074	;# 
   434     0FEB                     FSR1H_SHAD      equ	4075	;# 
   435     0FED                     STKPTR          equ	4077	;# 
   436     0FEE                     TOSL            equ	4078	;# 
   437     0FEF                     TOSH            equ	4079	;# 
   438     0000                     INDF0           equ	0	;# 
   439     0001                     INDF1           equ	1	;# 
   440     0002                     PCL             equ	2	;# 
   441     0003                     STATUS          equ	3	;# 
   442     0004                     FSR0L           equ	4	;# 
   443     0005                     FSR0H           equ	5	;# 
   444     0006                     FSR1L           equ	6	;# 
   445     0007                     FSR1H           equ	7	;# 
   446     0008                     BSR             equ	8	;# 
   447     0009                     WREG            equ	9	;# 
   448     000A                     PCLATH          equ	10	;# 
   449     000B                     INTCON          equ	11	;# 
   450     000C                     PORTA           equ	12	;# 
   451     000D                     PORTB           equ	13	;# 
   452     000E                     PORTC           equ	14	;# 
   453     0010                     PORTE           equ	16	;# 
   454     0011                     PIR1            equ	17	;# 
   455     0012                     PIR2            equ	18	;# 
   456     0013                     PIR3            equ	19	;# 
   457     0015                     TMR0            equ	21	;# 
   458     0016                     TMR1            equ	22	;# 
   459     0016                     TMR1L           equ	22	;# 
   460     0017                     TMR1H           equ	23	;# 
   461     0018                     T1CON           equ	24	;# 
   462     0019                     T1GCON          equ	25	;# 
   463     001A                     TMR2            equ	26	;# 
   464     001B                     PR2             equ	27	;# 
   465     001C                     T2CON           equ	28	;# 
   466     001E                     CPSCON0         equ	30	;# 
   467     001F                     CPSCON1         equ	31	;# 
   468     008C                     TRISA           equ	140	;# 
   469     008D                     TRISB           equ	141	;# 
   470     008E                     TRISC           equ	142	;# 
   471     0090                     TRISE           equ	144	;# 
   472     0091                     PIE1            equ	145	;# 
   473     0092                     PIE2            equ	146	;# 
   474     0093                     PIE3            equ	147	;# 
   475     0095                     OPTION_REG      equ	149	;# 
   476     0096                     PCON            equ	150	;# 
   477     0097                     WDTCON          equ	151	;# 
   478     0098                     OSCTUNE         equ	152	;# 
   479     0099                     OSCCON          equ	153	;# 
   480     009A                     OSCSTAT         equ	154	;# 
   481     009B                     ADRES           equ	155	;# 
   482     009B                     ADRESL          equ	155	;# 
   483     009C                     ADRESH          equ	156	;# 
   484     009D                     ADCON0          equ	157	;# 
   485     009E                     ADCON1          equ	158	;# 
   486     010C                     LATA            equ	268	;# 
   487     010D                     LATB            equ	269	;# 
   488     010E                     LATC            equ	270	;# 
   489     0110                     LATE            equ	272	;# 
   490     0111                     CM1CON0         equ	273	;# 
   491     0112                     CM1CON1         equ	274	;# 
   492     0113                     CM2CON0         equ	275	;# 
   493     0114                     CM2CON1         equ	276	;# 
   494     0115                     CMOUT           equ	277	;# 
   495     0116                     BORCON          equ	278	;# 
   496     0117                     FVRCON          equ	279	;# 
   497     0118                     DACCON0         equ	280	;# 
   498     0119                     DACCON1         equ	281	;# 
   499     011A                     SRCON0          equ	282	;# 
   500     011B                     SRCON1          equ	283	;# 
   501     011D                     APFCON          equ	285	;# 
   502     018C                     ANSELA          equ	396	;# 
   503     018D                     ANSELB          equ	397	;# 
   504     0191                     EEADR           equ	401	;# 
   505     0191                     EEADRL          equ	401	;# 
   506     0192                     EEADRH          equ	402	;# 
   507     0193                     EEDAT           equ	403	;# 
   508     0193                     EEDATL          equ	403	;# 
   509     0193                     EEDATA          equ	403	;# 
   510     0194                     EEDATH          equ	404	;# 
   511     0195                     EECON1          equ	405	;# 
   512     0196                     EECON2          equ	406	;# 
   513     0199                     RCREG           equ	409	;# 
   514     019A                     TXREG           equ	410	;# 
   515     019B                     SP1BRG          equ	411	;# 
   516     019B                     SP1BRGL         equ	411	;# 
   517     019B                     SPBRG           equ	411	;# 
   518     019B                     SPBRGL          equ	411	;# 
   519     019C                     SP1BRGH         equ	412	;# 
   520     019C                     SPBRGH          equ	412	;# 
   521     019D                     RCSTA           equ	413	;# 
   522     019E                     TXSTA           equ	414	;# 
   523     019F                     BAUDCON         equ	415	;# 
   524     020D                     WPUB            equ	525	;# 
   525     0210                     WPUE            equ	528	;# 
   526     0211                     SSPBUF          equ	529	;# 
   527     0212                     SSPADD          equ	530	;# 
   528     0213                     SSPMSK          equ	531	;# 
   529     0214                     SSPSTAT         equ	532	;# 
   530     0215                     SSPCON1         equ	533	;# 
   531     0215                     SSPCON          equ	533	;# 
   532     0216                     SSPCON2         equ	534	;# 
   533     0217                     SSPCON3         equ	535	;# 
   534     0291                     CCPR1           equ	657	;# 
   535     0291                     CCPR1L          equ	657	;# 
   536     0292                     CCPR1H          equ	658	;# 
   537     0293                     CCP1CON         equ	659	;# 
   538     0294                     PWM1CON         equ	660	;# 
   539     0295                     CCP1AS          equ	661	;# 
   540     0295                     ECCP1AS         equ	661	;# 
   541     0296                     PSTR1CON        equ	662	;# 
   542     0298                     CCPR2           equ	664	;# 
   543     0298                     CCPR2L          equ	664	;# 
   544     0299                     CCPR2H          equ	665	;# 
   545     029A                     CCP2CON         equ	666	;# 
   546     029B                     PWM2CON         equ	667	;# 
   547     029C                     CCP2AS          equ	668	;# 
   548     029C                     ECCP2AS         equ	668	;# 
   549     029D                     PSTR2CON        equ	669	;# 
   550     029E                     CCPTMRS0        equ	670	;# 
   551     029F                     CCPTMRS1        equ	671	;# 
   552     0311                     CCPR3           equ	785	;# 
   553     0311                     CCPR3L          equ	785	;# 
   554     0312                     CCPR3H          equ	786	;# 
   555     0313                     CCP3CON         equ	787	;# 
   556     0314                     PWM3CON         equ	788	;# 
   557     0315                     CCP3AS          equ	789	;# 
   558     0315                     ECCP3AS         equ	789	;# 
   559     0316                     PSTR3CON        equ	790	;# 
   560     0318                     CCPR4           equ	792	;# 
   561     0318                     CCPR4L          equ	792	;# 
   562     0319                     CCPR4H          equ	793	;# 
   563     031A                     CCP4CON         equ	794	;# 
   564     031C                     CCPR5           equ	796	;# 
   565     031C                     CCPR5L          equ	796	;# 
   566     031D                     CCPR5H          equ	797	;# 
   567     031E                     CCP5CON         equ	798	;# 
   568     0394                     IOCBP           equ	916	;# 
   569     0395                     IOCBN           equ	917	;# 
   570     0396                     IOCBF           equ	918	;# 
   571     0415                     TMR4            equ	1045	;# 
   572     0416                     PR4             equ	1046	;# 
   573     0417                     T4CON           equ	1047	;# 
   574     041C                     TMR6            equ	1052	;# 
   575     041D                     PR6             equ	1053	;# 
   576     041E                     T6CON           equ	1054	;# 
   577     0791                     LCDCON          equ	1937	;# 
   578     0792                     LCDPS           equ	1938	;# 
   579     0793                     LCDREF          equ	1939	;# 
   580     0794                     LCDCST          equ	1940	;# 
   581     0795                     LCDRL           equ	1941	;# 
   582     0798                     LCDSE0          equ	1944	;# 
   583     0799                     LCDSE1          equ	1945	;# 
   584     07A0                     LCDDATA0        equ	1952	;# 
   585     07A1                     LCDDATA1        equ	1953	;# 
   586     07A3                     LCDDATA3        equ	1955	;# 
   587     07A4                     LCDDATA4        equ	1956	;# 
   588     07A6                     LCDDATA6        equ	1958	;# 
   589     07A7                     LCDDATA7        equ	1959	;# 
   590     07A9                     LCDDATA9        equ	1961	;# 
   591     07AA                     LCDDATA10       equ	1962	;# 
   592     0FE4                     STATUS_SHAD     equ	4068	;# 
   593     0FE5                     WREG_SHAD       equ	4069	;# 
   594     0FE6                     BSR_SHAD        equ	4070	;# 
   595     0FE7                     PCLATH_SHAD     equ	4071	;# 
   596     0FE8                     FSR0L_SHAD      equ	4072	;# 
   597     0FE9                     FSR0H_SHAD      equ	4073	;# 
   598     0FEA                     FSR1L_SHAD      equ	4074	;# 
   599     0FEB                     FSR1H_SHAD      equ	4075	;# 
   600     0FED                     STKPTR          equ	4077	;# 
   601     0FEE                     TOSL            equ	4078	;# 
   602     0FEF                     TOSH            equ	4079	;# 
   603     0000                     INDF0           equ	0	;# 
   604     0001                     INDF1           equ	1	;# 
   605     0002                     PCL             equ	2	;# 
   606     0003                     STATUS          equ	3	;# 
   607     0004                     FSR0L           equ	4	;# 
   608     0005                     FSR0H           equ	5	;# 
   609     0006                     FSR1L           equ	6	;# 
   610     0007                     FSR1H           equ	7	;# 
   611     0008                     BSR             equ	8	;# 
   612     0009                     WREG            equ	9	;# 
   613     000A                     PCLATH          equ	10	;# 
   614     000B                     INTCON          equ	11	;# 
   615     000C                     PORTA           equ	12	;# 
   616     000D                     PORTB           equ	13	;# 
   617     000E                     PORTC           equ	14	;# 
   618     0010                     PORTE           equ	16	;# 
   619     0011                     PIR1            equ	17	;# 
   620     0012                     PIR2            equ	18	;# 
   621     0013                     PIR3            equ	19	;# 
   622     0015                     TMR0            equ	21	;# 
   623     0016                     TMR1            equ	22	;# 
   624     0016                     TMR1L           equ	22	;# 
   625     0017                     TMR1H           equ	23	;# 
   626     0018                     T1CON           equ	24	;# 
   627     0019                     T1GCON          equ	25	;# 
   628     001A                     TMR2            equ	26	;# 
   629     001B                     PR2             equ	27	;# 
   630     001C                     T2CON           equ	28	;# 
   631     001E                     CPSCON0         equ	30	;# 
   632     001F                     CPSCON1         equ	31	;# 
   633     008C                     TRISA           equ	140	;# 
   634     008D                     TRISB           equ	141	;# 
   635     008E                     TRISC           equ	142	;# 
   636     0090                     TRISE           equ	144	;# 
   637     0091                     PIE1            equ	145	;# 
   638     0092                     PIE2            equ	146	;# 
   639     0093                     PIE3            equ	147	;# 
   640     0095                     OPTION_REG      equ	149	;# 
   641     0096                     PCON            equ	150	;# 
   642     0097                     WDTCON          equ	151	;# 
   643     0098                     OSCTUNE         equ	152	;# 
   644     0099                     OSCCON          equ	153	;# 
   645     009A                     OSCSTAT         equ	154	;# 
   646     009B                     ADRES           equ	155	;# 
   647     009B                     ADRESL          equ	155	;# 
   648     009C                     ADRESH          equ	156	;# 
   649     009D                     ADCON0          equ	157	;# 
   650     009E                     ADCON1          equ	158	;# 
   651     010C                     LATA            equ	268	;# 
   652     010D                     LATB            equ	269	;# 
   653     010E                     LATC            equ	270	;# 
   654     0110                     LATE            equ	272	;# 
   655     0111                     CM1CON0         equ	273	;# 
   656     0112                     CM1CON1         equ	274	;# 
   657     0113                     CM2CON0         equ	275	;# 
   658     0114                     CM2CON1         equ	276	;# 
   659     0115                     CMOUT           equ	277	;# 
   660     0116                     BORCON          equ	278	;# 
   661     0117                     FVRCON          equ	279	;# 
   662     0118                     DACCON0         equ	280	;# 
   663     0119                     DACCON1         equ	281	;# 
   664     011A                     SRCON0          equ	282	;# 
   665     011B                     SRCON1          equ	283	;# 
   666     011D                     APFCON          equ	285	;# 
   667     018C                     ANSELA          equ	396	;# 
   668     018D                     ANSELB          equ	397	;# 
   669     0191                     EEADR           equ	401	;# 
   670     0191                     EEADRL          equ	401	;# 
   671     0192                     EEADRH          equ	402	;# 
   672     0193                     EEDAT           equ	403	;# 
   673     0193                     EEDATL          equ	403	;# 
   674     0193                     EEDATA          equ	403	;# 
   675     0194                     EEDATH          equ	404	;# 
   676     0195                     EECON1          equ	405	;# 
   677     0196                     EECON2          equ	406	;# 
   678     0199                     RCREG           equ	409	;# 
   679     019A                     TXREG           equ	410	;# 
   680     019B                     SP1BRG          equ	411	;# 
   681     019B                     SP1BRGL         equ	411	;# 
   682     019B                     SPBRG           equ	411	;# 
   683     019B                     SPBRGL          equ	411	;# 
   684     019C                     SP1BRGH         equ	412	;# 
   685     019C                     SPBRGH          equ	412	;# 
   686     019D                     RCSTA           equ	413	;# 
   687     019E                     TXSTA           equ	414	;# 
   688     019F                     BAUDCON         equ	415	;# 
   689     020D                     WPUB            equ	525	;# 
   690     0210                     WPUE            equ	528	;# 
   691     0211                     SSPBUF          equ	529	;# 
   692     0212                     SSPADD          equ	530	;# 
   693     0213                     SSPMSK          equ	531	;# 
   694     0214                     SSPSTAT         equ	532	;# 
   695     0215                     SSPCON1         equ	533	;# 
   696     0215                     SSPCON          equ	533	;# 
   697     0216                     SSPCON2         equ	534	;# 
   698     0217                     SSPCON3         equ	535	;# 
   699     0291                     CCPR1           equ	657	;# 
   700     0291                     CCPR1L          equ	657	;# 
   701     0292                     CCPR1H          equ	658	;# 
   702     0293                     CCP1CON         equ	659	;# 
   703     0294                     PWM1CON         equ	660	;# 
   704     0295                     CCP1AS          equ	661	;# 
   705     0295                     ECCP1AS         equ	661	;# 
   706     0296                     PSTR1CON        equ	662	;# 
   707     0298                     CCPR2           equ	664	;# 
   708     0298                     CCPR2L          equ	664	;# 
   709     0299                     CCPR2H          equ	665	;# 
   710     029A                     CCP2CON         equ	666	;# 
   711     029B                     PWM2CON         equ	667	;# 
   712     029C                     CCP2AS          equ	668	;# 
   713     029C                     ECCP2AS         equ	668	;# 
   714     029D                     PSTR2CON        equ	669	;# 
   715     029E                     CCPTMRS0        equ	670	;# 
   716     029F                     CCPTMRS1        equ	671	;# 
   717     0311                     CCPR3           equ	785	;# 
   718     0311                     CCPR3L          equ	785	;# 
   719     0312                     CCPR3H          equ	786	;# 
   720     0313                     CCP3CON         equ	787	;# 
   721     0314                     PWM3CON         equ	788	;# 
   722     0315                     CCP3AS          equ	789	;# 
   723     0315                     ECCP3AS         equ	789	;# 
   724     0316                     PSTR3CON        equ	790	;# 
   725     0318                     CCPR4           equ	792	;# 
   726     0318                     CCPR4L          equ	792	;# 
   727     0319                     CCPR4H          equ	793	;# 
   728     031A                     CCP4CON         equ	794	;# 
   729     031C                     CCPR5           equ	796	;# 
   730     031C                     CCPR5L          equ	796	;# 
   731     031D                     CCPR5H          equ	797	;# 
   732     031E                     CCP5CON         equ	798	;# 
   733     0394                     IOCBP           equ	916	;# 
   734     0395                     IOCBN           equ	917	;# 
   735     0396                     IOCBF           equ	918	;# 
   736     0415                     TMR4            equ	1045	;# 
   737     0416                     PR4             equ	1046	;# 
   738     0417                     T4CON           equ	1047	;# 
   739     041C                     TMR6            equ	1052	;# 
   740     041D                     PR6             equ	1053	;# 
   741     041E                     T6CON           equ	1054	;# 
   742     0791                     LCDCON          equ	1937	;# 
   743     0792                     LCDPS           equ	1938	;# 
   744     0793                     LCDREF          equ	1939	;# 
   745     0794                     LCDCST          equ	1940	;# 
   746     0795                     LCDRL           equ	1941	;# 
   747     0798                     LCDSE0          equ	1944	;# 
   748     0799                     LCDSE1          equ	1945	;# 
   749     07A0                     LCDDATA0        equ	1952	;# 
   750     07A1                     LCDDATA1        equ	1953	;# 
   751     07A3                     LCDDATA3        equ	1955	;# 
   752     07A4                     LCDDATA4        equ	1956	;# 
   753     07A6                     LCDDATA6        equ	1958	;# 
   754     07A7                     LCDDATA7        equ	1959	;# 
   755     07A9                     LCDDATA9        equ	1961	;# 
   756     07AA                     LCDDATA10       equ	1962	;# 
   757     0FE4                     STATUS_SHAD     equ	4068	;# 
   758     0FE5                     WREG_SHAD       equ	4069	;# 
   759     0FE6                     BSR_SHAD        equ	4070	;# 
   760     0FE7                     PCLATH_SHAD     equ	4071	;# 
   761     0FE8                     FSR0L_SHAD      equ	4072	;# 
   762     0FE9                     FSR0H_SHAD      equ	4073	;# 
   763     0FEA                     FSR1L_SHAD      equ	4074	;# 
   764     0FEB                     FSR1H_SHAD      equ	4075	;# 
   765     0FED                     STKPTR          equ	4077	;# 
   766     0FEE                     TOSL            equ	4078	;# 
   767     0FEF                     TOSH            equ	4079	;# 
   768     0000                     INDF0           equ	0	;# 
   769     0001                     INDF1           equ	1	;# 
   770     0002                     PCL             equ	2	;# 
   771     0003                     STATUS          equ	3	;# 
   772     0004                     FSR0L           equ	4	;# 
   773     0005                     FSR0H           equ	5	;# 
   774     0006                     FSR1L           equ	6	;# 
   775     0007                     FSR1H           equ	7	;# 
   776     0008                     BSR             equ	8	;# 
   777     0009                     WREG            equ	9	;# 
   778     000A                     PCLATH          equ	10	;# 
   779     000B                     INTCON          equ	11	;# 
   780     000C                     PORTA           equ	12	;# 
   781     000D                     PORTB           equ	13	;# 
   782     000E                     PORTC           equ	14	;# 
   783     0010                     PORTE           equ	16	;# 
   784     0011                     PIR1            equ	17	;# 
   785     0012                     PIR2            equ	18	;# 
   786     0013                     PIR3            equ	19	;# 
   787     0015                     TMR0            equ	21	;# 
   788     0016                     TMR1            equ	22	;# 
   789     0016                     TMR1L           equ	22	;# 
   790     0017                     TMR1H           equ	23	;# 
   791     0018                     T1CON           equ	24	;# 
   792     0019                     T1GCON          equ	25	;# 
   793     001A                     TMR2            equ	26	;# 
   794     001B                     PR2             equ	27	;# 
   795     001C                     T2CON           equ	28	;# 
   796     001E                     CPSCON0         equ	30	;# 
   797     001F                     CPSCON1         equ	31	;# 
   798     008C                     TRISA           equ	140	;# 
   799     008D                     TRISB           equ	141	;# 
   800     008E                     TRISC           equ	142	;# 
   801     0090                     TRISE           equ	144	;# 
   802     0091                     PIE1            equ	145	;# 
   803     0092                     PIE2            equ	146	;# 
   804     0093                     PIE3            equ	147	;# 
   805     0095                     OPTION_REG      equ	149	;# 
   806     0096                     PCON            equ	150	;# 
   807     0097                     WDTCON          equ	151	;# 
   808     0098                     OSCTUNE         equ	152	;# 
   809     0099                     OSCCON          equ	153	;# 
   810     009A                     OSCSTAT         equ	154	;# 
   811     009B                     ADRES           equ	155	;# 
   812     009B                     ADRESL          equ	155	;# 
   813     009C                     ADRESH          equ	156	;# 
   814     009D                     ADCON0          equ	157	;# 
   815     009E                     ADCON1          equ	158	;# 
   816     010C                     LATA            equ	268	;# 
   817     010D                     LATB            equ	269	;# 
   818     010E                     LATC            equ	270	;# 
   819     0110                     LATE            equ	272	;# 
   820     0111                     CM1CON0         equ	273	;# 
   821     0112                     CM1CON1         equ	274	;# 
   822     0113                     CM2CON0         equ	275	;# 
   823     0114                     CM2CON1         equ	276	;# 
   824     0115                     CMOUT           equ	277	;# 
   825     0116                     BORCON          equ	278	;# 
   826     0117                     FVRCON          equ	279	;# 
   827     0118                     DACCON0         equ	280	;# 
   828     0119                     DACCON1         equ	281	;# 
   829     011A                     SRCON0          equ	282	;# 
   830     011B                     SRCON1          equ	283	;# 
   831     011D                     APFCON          equ	285	;# 
   832     018C                     ANSELA          equ	396	;# 
   833     018D                     ANSELB          equ	397	;# 
   834     0191                     EEADR           equ	401	;# 
   835     0191                     EEADRL          equ	401	;# 
   836     0192                     EEADRH          equ	402	;# 
   837     0193                     EEDAT           equ	403	;# 
   838     0193                     EEDATL          equ	403	;# 
   839     0193                     EEDATA          equ	403	;# 
   840     0194                     EEDATH          equ	404	;# 
   841     0195                     EECON1          equ	405	;# 
   842     0196                     EECON2          equ	406	;# 
   843     0199                     RCREG           equ	409	;# 
   844     019A                     TXREG           equ	410	;# 
   845     019B                     SP1BRG          equ	411	;# 
   846     019B                     SP1BRGL         equ	411	;# 
   847     019B                     SPBRG           equ	411	;# 
   848     019B                     SPBRGL          equ	411	;# 
   849     019C                     SP1BRGH         equ	412	;# 
   850     019C                     SPBRGH          equ	412	;# 
   851     019D                     RCSTA           equ	413	;# 
   852     019E                     TXSTA           equ	414	;# 
   853     019F                     BAUDCON         equ	415	;# 
   854     020D                     WPUB            equ	525	;# 
   855     0210                     WPUE            equ	528	;# 
   856     0211                     SSPBUF          equ	529	;# 
   857     0212                     SSPADD          equ	530	;# 
   858     0213                     SSPMSK          equ	531	;# 
   859     0214                     SSPSTAT         equ	532	;# 
   860     0215                     SSPCON1         equ	533	;# 
   861     0215                     SSPCON          equ	533	;# 
   862     0216                     SSPCON2         equ	534	;# 
   863     0217                     SSPCON3         equ	535	;# 
   864     0291                     CCPR1           equ	657	;# 
   865     0291                     CCPR1L          equ	657	;# 
   866     0292                     CCPR1H          equ	658	;# 
   867     0293                     CCP1CON         equ	659	;# 
   868     0294                     PWM1CON         equ	660	;# 
   869     0295                     CCP1AS          equ	661	;# 
   870     0295                     ECCP1AS         equ	661	;# 
   871     0296                     PSTR1CON        equ	662	;# 
   872     0298                     CCPR2           equ	664	;# 
   873     0298                     CCPR2L          equ	664	;# 
   874     0299                     CCPR2H          equ	665	;# 
   875     029A                     CCP2CON         equ	666	;# 
   876     029B                     PWM2CON         equ	667	;# 
   877     029C                     CCP2AS          equ	668	;# 
   878     029C                     ECCP2AS         equ	668	;# 
   879     029D                     PSTR2CON        equ	669	;# 
   880     029E                     CCPTMRS0        equ	670	;# 
   881     029F                     CCPTMRS1        equ	671	;# 
   882     0311                     CCPR3           equ	785	;# 
   883     0311                     CCPR3L          equ	785	;# 
   884     0312                     CCPR3H          equ	786	;# 
   885     0313                     CCP3CON         equ	787	;# 
   886     0314                     PWM3CON         equ	788	;# 
   887     0315                     CCP3AS          equ	789	;# 
   888     0315                     ECCP3AS         equ	789	;# 
   889     0316                     PSTR3CON        equ	790	;# 
   890     0318                     CCPR4           equ	792	;# 
   891     0318                     CCPR4L          equ	792	;# 
   892     0319                     CCPR4H          equ	793	;# 
   893     031A                     CCP4CON         equ	794	;# 
   894     031C                     CCPR5           equ	796	;# 
   895     031C                     CCPR5L          equ	796	;# 
   896     031D                     CCPR5H          equ	797	;# 
   897     031E                     CCP5CON         equ	798	;# 
   898     0394                     IOCBP           equ	916	;# 
   899     0395                     IOCBN           equ	917	;# 
   900     0396                     IOCBF           equ	918	;# 
   901     0415                     TMR4            equ	1045	;# 
   902     0416                     PR4             equ	1046	;# 
   903     0417                     T4CON           equ	1047	;# 
   904     041C                     TMR6            equ	1052	;# 
   905     041D                     PR6             equ	1053	;# 
   906     041E                     T6CON           equ	1054	;# 
   907     0791                     LCDCON          equ	1937	;# 
   908     0792                     LCDPS           equ	1938	;# 
   909     0793                     LCDREF          equ	1939	;# 
   910     0794                     LCDCST          equ	1940	;# 
   911     0795                     LCDRL           equ	1941	;# 
   912     0798                     LCDSE0          equ	1944	;# 
   913     0799                     LCDSE1          equ	1945	;# 
   914     07A0                     LCDDATA0        equ	1952	;# 
   915     07A1                     LCDDATA1        equ	1953	;# 
   916     07A3                     LCDDATA3        equ	1955	;# 
   917     07A4                     LCDDATA4        equ	1956	;# 
   918     07A6                     LCDDATA6        equ	1958	;# 
   919     07A7                     LCDDATA7        equ	1959	;# 
   920     07A9                     LCDDATA9        equ	1961	;# 
   921     07AA                     LCDDATA10       equ	1962	;# 
   922     0FE4                     STATUS_SHAD     equ	4068	;# 
   923     0FE5                     WREG_SHAD       equ	4069	;# 
   924     0FE6                     BSR_SHAD        equ	4070	;# 
   925     0FE7                     PCLATH_SHAD     equ	4071	;# 
   926     0FE8                     FSR0L_SHAD      equ	4072	;# 
   927     0FE9                     FSR0H_SHAD      equ	4073	;# 
   928     0FEA                     FSR1L_SHAD      equ	4074	;# 
   929     0FEB                     FSR1H_SHAD      equ	4075	;# 
   930     0FED                     STKPTR          equ	4077	;# 
   931     0FEE                     TOSL            equ	4078	;# 
   932     0FEF                     TOSH            equ	4079	;# 
   933     0000                     INDF0           equ	0	;# 
   934     0001                     INDF1           equ	1	;# 
   935     0002                     PCL             equ	2	;# 
   936     0003                     STATUS          equ	3	;# 
   937     0004                     FSR0L           equ	4	;# 
   938     0005                     FSR0H           equ	5	;# 
   939     0006                     FSR1L           equ	6	;# 
   940     0007                     FSR1H           equ	7	;# 
   941     0008                     BSR             equ	8	;# 
   942     0009                     WREG            equ	9	;# 
   943     000A                     PCLATH          equ	10	;# 
   944     000B                     INTCON          equ	11	;# 
   945     000C                     PORTA           equ	12	;# 
   946     000D                     PORTB           equ	13	;# 
   947     000E                     PORTC           equ	14	;# 
   948     0010                     PORTE           equ	16	;# 
   949     0011                     PIR1            equ	17	;# 
   950     0012                     PIR2            equ	18	;# 
   951     0013                     PIR3            equ	19	;# 
   952     0015                     TMR0            equ	21	;# 
   953     0016                     TMR1            equ	22	;# 
   954     0016                     TMR1L           equ	22	;# 
   955     0017                     TMR1H           equ	23	;# 
   956     0018                     T1CON           equ	24	;# 
   957     0019                     T1GCON          equ	25	;# 
   958     001A                     TMR2            equ	26	;# 
   959     001B                     PR2             equ	27	;# 
   960     001C                     T2CON           equ	28	;# 
   961     001E                     CPSCON0         equ	30	;# 
   962     001F                     CPSCON1         equ	31	;# 
   963     008C                     TRISA           equ	140	;# 
   964     008D                     TRISB           equ	141	;# 
   965     008E                     TRISC           equ	142	;# 
   966     0090                     TRISE           equ	144	;# 
   967     0091                     PIE1            equ	145	;# 
   968     0092                     PIE2            equ	146	;# 
   969     0093                     PIE3            equ	147	;# 
   970     0095                     OPTION_REG      equ	149	;# 
   971     0096                     PCON            equ	150	;# 
   972     0097                     WDTCON          equ	151	;# 
   973     0098                     OSCTUNE         equ	152	;# 
   974     0099                     OSCCON          equ	153	;# 
   975     009A                     OSCSTAT         equ	154	;# 
   976     009B                     ADRES           equ	155	;# 
   977     009B                     ADRESL          equ	155	;# 
   978     009C                     ADRESH          equ	156	;# 
   979     009D                     ADCON0          equ	157	;# 
   980     009E                     ADCON1          equ	158	;# 
   981     010C                     LATA            equ	268	;# 
   982     010D                     LATB            equ	269	;# 
   983     010E                     LATC            equ	270	;# 
   984     0110                     LATE            equ	272	;# 
   985     0111                     CM1CON0         equ	273	;# 
   986     0112                     CM1CON1         equ	274	;# 
   987     0113                     CM2CON0         equ	275	;# 
   988     0114                     CM2CON1         equ	276	;# 
   989     0115                     CMOUT           equ	277	;# 
   990     0116                     BORCON          equ	278	;# 
   991     0117                     FVRCON          equ	279	;# 
   992     0118                     DACCON0         equ	280	;# 
   993     0119                     DACCON1         equ	281	;# 
   994     011A                     SRCON0          equ	282	;# 
   995     011B                     SRCON1          equ	283	;# 
   996     011D                     APFCON          equ	285	;# 
   997     018C                     ANSELA          equ	396	;# 
   998     018D                     ANSELB          equ	397	;# 
   999     0191                     EEADR           equ	401	;# 
  1000     0191                     EEADRL          equ	401	;# 
  1001     0192                     EEADRH          equ	402	;# 
  1002     0193                     EEDAT           equ	403	;# 
  1003     0193                     EEDATL          equ	403	;# 
  1004     0193                     EEDATA          equ	403	;# 
  1005     0194                     EEDATH          equ	404	;# 
  1006     0195                     EECON1          equ	405	;# 
  1007     0196                     EECON2          equ	406	;# 
  1008     0199                     RCREG           equ	409	;# 
  1009     019A                     TXREG           equ	410	;# 
  1010     019B                     SP1BRG          equ	411	;# 
  1011     019B                     SP1BRGL         equ	411	;# 
  1012     019B                     SPBRG           equ	411	;# 
  1013     019B                     SPBRGL          equ	411	;# 
  1014     019C                     SP1BRGH         equ	412	;# 
  1015     019C                     SPBRGH          equ	412	;# 
  1016     019D                     RCSTA           equ	413	;# 
  1017     019E                     TXSTA           equ	414	;# 
  1018     019F                     BAUDCON         equ	415	;# 
  1019     020D                     WPUB            equ	525	;# 
  1020     0210                     WPUE            equ	528	;# 
  1021     0211                     SSPBUF          equ	529	;# 
  1022     0212                     SSPADD          equ	530	;# 
  1023     0213                     SSPMSK          equ	531	;# 
  1024     0214                     SSPSTAT         equ	532	;# 
  1025     0215                     SSPCON1         equ	533	;# 
  1026     0215                     SSPCON          equ	533	;# 
  1027     0216                     SSPCON2         equ	534	;# 
  1028     0217                     SSPCON3         equ	535	;# 
  1029     0291                     CCPR1           equ	657	;# 
  1030     0291                     CCPR1L          equ	657	;# 
  1031     0292                     CCPR1H          equ	658	;# 
  1032     0293                     CCP1CON         equ	659	;# 
  1033     0294                     PWM1CON         equ	660	;# 
  1034     0295                     CCP1AS          equ	661	;# 
  1035     0295                     ECCP1AS         equ	661	;# 
  1036     0296                     PSTR1CON        equ	662	;# 
  1037     0298                     CCPR2           equ	664	;# 
  1038     0298                     CCPR2L          equ	664	;# 
  1039     0299                     CCPR2H          equ	665	;# 
  1040     029A                     CCP2CON         equ	666	;# 
  1041     029B                     PWM2CON         equ	667	;# 
  1042     029C                     CCP2AS          equ	668	;# 
  1043     029C                     ECCP2AS         equ	668	;# 
  1044     029D                     PSTR2CON        equ	669	;# 
  1045     029E                     CCPTMRS0        equ	670	;# 
  1046     029F                     CCPTMRS1        equ	671	;# 
  1047     0311                     CCPR3           equ	785	;# 
  1048     0311                     CCPR3L          equ	785	;# 
  1049     0312                     CCPR3H          equ	786	;# 
  1050     0313                     CCP3CON         equ	787	;# 
  1051     0314                     PWM3CON         equ	788	;# 
  1052     0315                     CCP3AS          equ	789	;# 
  1053     0315                     ECCP3AS         equ	789	;# 
  1054     0316                     PSTR3CON        equ	790	;# 
  1055     0318                     CCPR4           equ	792	;# 
  1056     0318                     CCPR4L          equ	792	;# 
  1057     0319                     CCPR4H          equ	793	;# 
  1058     031A                     CCP4CON         equ	794	;# 
  1059     031C                     CCPR5           equ	796	;# 
  1060     031C                     CCPR5L          equ	796	;# 
  1061     031D                     CCPR5H          equ	797	;# 
  1062     031E                     CCP5CON         equ	798	;# 
  1063     0394                     IOCBP           equ	916	;# 
  1064     0395                     IOCBN           equ	917	;# 
  1065     0396                     IOCBF           equ	918	;# 
  1066     0415                     TMR4            equ	1045	;# 
  1067     0416                     PR4             equ	1046	;# 
  1068     0417                     T4CON           equ	1047	;# 
  1069     041C                     TMR6            equ	1052	;# 
  1070     041D                     PR6             equ	1053	;# 
  1071     041E                     T6CON           equ	1054	;# 
  1072     0791                     LCDCON          equ	1937	;# 
  1073     0792                     LCDPS           equ	1938	;# 
  1074     0793                     LCDREF          equ	1939	;# 
  1075     0794                     LCDCST          equ	1940	;# 
  1076     0795                     LCDRL           equ	1941	;# 
  1077     0798                     LCDSE0          equ	1944	;# 
  1078     0799                     LCDSE1          equ	1945	;# 
  1079     07A0                     LCDDATA0        equ	1952	;# 
  1080     07A1                     LCDDATA1        equ	1953	;# 
  1081     07A3                     LCDDATA3        equ	1955	;# 
  1082     07A4                     LCDDATA4        equ	1956	;# 
  1083     07A6                     LCDDATA6        equ	1958	;# 
  1084     07A7                     LCDDATA7        equ	1959	;# 
  1085     07A9                     LCDDATA9        equ	1961	;# 
  1086     07AA                     LCDDATA10       equ	1962	;# 
  1087     0FE4                     STATUS_SHAD     equ	4068	;# 
  1088     0FE5                     WREG_SHAD       equ	4069	;# 
  1089     0FE6                     BSR_SHAD        equ	4070	;# 
  1090     0FE7                     PCLATH_SHAD     equ	4071	;# 
  1091     0FE8                     FSR0L_SHAD      equ	4072	;# 
  1092     0FE9                     FSR0H_SHAD      equ	4073	;# 
  1093     0FEA                     FSR1L_SHAD      equ	4074	;# 
  1094     0FEB                     FSR1H_SHAD      equ	4075	;# 
  1095     0FED                     STKPTR          equ	4077	;# 
  1096     0FEE                     TOSL            equ	4078	;# 
  1097     0FEF                     TOSH            equ	4079	;# 
  1098     0000                     INDF0           equ	0	;# 
  1099     0001                     INDF1           equ	1	;# 
  1100     0002                     PCL             equ	2	;# 
  1101     0003                     STATUS          equ	3	;# 
  1102     0004                     FSR0L           equ	4	;# 
  1103     0005                     FSR0H           equ	5	;# 
  1104     0006                     FSR1L           equ	6	;# 
  1105     0007                     FSR1H           equ	7	;# 
  1106     0008                     BSR             equ	8	;# 
  1107     0009                     WREG            equ	9	;# 
  1108     000A                     PCLATH          equ	10	;# 
  1109     000B                     INTCON          equ	11	;# 
  1110     000C                     PORTA           equ	12	;# 
  1111     000D                     PORTB           equ	13	;# 
  1112     000E                     PORTC           equ	14	;# 
  1113     0010                     PORTE           equ	16	;# 
  1114     0011                     PIR1            equ	17	;# 
  1115     0012                     PIR2            equ	18	;# 
  1116     0013                     PIR3            equ	19	;# 
  1117     0015                     TMR0            equ	21	;# 
  1118     0016                     TMR1            equ	22	;# 
  1119     0016                     TMR1L           equ	22	;# 
  1120     0017                     TMR1H           equ	23	;# 
  1121     0018                     T1CON           equ	24	;# 
  1122     0019                     T1GCON          equ	25	;# 
  1123     001A                     TMR2            equ	26	;# 
  1124     001B                     PR2             equ	27	;# 
  1125     001C                     T2CON           equ	28	;# 
  1126     001E                     CPSCON0         equ	30	;# 
  1127     001F                     CPSCON1         equ	31	;# 
  1128     008C                     TRISA           equ	140	;# 
  1129     008D                     TRISB           equ	141	;# 
  1130     008E                     TRISC           equ	142	;# 
  1131     0090                     TRISE           equ	144	;# 
  1132     0091                     PIE1            equ	145	;# 
  1133     0092                     PIE2            equ	146	;# 
  1134     0093                     PIE3            equ	147	;# 
  1135     0095                     OPTION_REG      equ	149	;# 
  1136     0096                     PCON            equ	150	;# 
  1137     0097                     WDTCON          equ	151	;# 
  1138     0098                     OSCTUNE         equ	152	;# 
  1139     0099                     OSCCON          equ	153	;# 
  1140     009A                     OSCSTAT         equ	154	;# 
  1141     009B                     ADRES           equ	155	;# 
  1142     009B                     ADRESL          equ	155	;# 
  1143     009C                     ADRESH          equ	156	;# 
  1144     009D                     ADCON0          equ	157	;# 
  1145     009E                     ADCON1          equ	158	;# 
  1146     010C                     LATA            equ	268	;# 
  1147     010D                     LATB            equ	269	;# 
  1148     010E                     LATC            equ	270	;# 
  1149     0110                     LATE            equ	272	;# 
  1150     0111                     CM1CON0         equ	273	;# 
  1151     0112                     CM1CON1         equ	274	;# 
  1152     0113                     CM2CON0         equ	275	;# 
  1153     0114                     CM2CON1         equ	276	;# 
  1154     0115                     CMOUT           equ	277	;# 
  1155     0116                     BORCON          equ	278	;# 
  1156     0117                     FVRCON          equ	279	;# 
  1157     0118                     DACCON0         equ	280	;# 
  1158     0119                     DACCON1         equ	281	;# 
  1159     011A                     SRCON0          equ	282	;# 
  1160     011B                     SRCON1          equ	283	;# 
  1161     011D                     APFCON          equ	285	;# 
  1162     018C                     ANSELA          equ	396	;# 
  1163     018D                     ANSELB          equ	397	;# 
  1164     0191                     EEADR           equ	401	;# 
  1165     0191                     EEADRL          equ	401	;# 
  1166     0192                     EEADRH          equ	402	;# 
  1167     0193                     EEDAT           equ	403	;# 
  1168     0193                     EEDATL          equ	403	;# 
  1169     0193                     EEDATA          equ	403	;# 
  1170     0194                     EEDATH          equ	404	;# 
  1171     0195                     EECON1          equ	405	;# 
  1172     0196                     EECON2          equ	406	;# 
  1173     0199                     RCREG           equ	409	;# 
  1174     019A                     TXREG           equ	410	;# 
  1175     019B                     SP1BRG          equ	411	;# 
  1176     019B                     SP1BRGL         equ	411	;# 
  1177     019B                     SPBRG           equ	411	;# 
  1178     019B                     SPBRGL          equ	411	;# 
  1179     019C                     SP1BRGH         equ	412	;# 
  1180     019C                     SPBRGH          equ	412	;# 
  1181     019D                     RCSTA           equ	413	;# 
  1182     019E                     TXSTA           equ	414	;# 
  1183     019F                     BAUDCON         equ	415	;# 
  1184     020D                     WPUB            equ	525	;# 
  1185     0210                     WPUE            equ	528	;# 
  1186     0211                     SSPBUF          equ	529	;# 
  1187     0212                     SSPADD          equ	530	;# 
  1188     0213                     SSPMSK          equ	531	;# 
  1189     0214                     SSPSTAT         equ	532	;# 
  1190     0215                     SSPCON1         equ	533	;# 
  1191     0215                     SSPCON          equ	533	;# 
  1192     0216                     SSPCON2         equ	534	;# 
  1193     0217                     SSPCON3         equ	535	;# 
  1194     0291                     CCPR1           equ	657	;# 
  1195     0291                     CCPR1L          equ	657	;# 
  1196     0292                     CCPR1H          equ	658	;# 
  1197     0293                     CCP1CON         equ	659	;# 
  1198     0294                     PWM1CON         equ	660	;# 
  1199     0295                     CCP1AS          equ	661	;# 
  1200     0295                     ECCP1AS         equ	661	;# 
  1201     0296                     PSTR1CON        equ	662	;# 
  1202     0298                     CCPR2           equ	664	;# 
  1203     0298                     CCPR2L          equ	664	;# 
  1204     0299                     CCPR2H          equ	665	;# 
  1205     029A                     CCP2CON         equ	666	;# 
  1206     029B                     PWM2CON         equ	667	;# 
  1207     029C                     CCP2AS          equ	668	;# 
  1208     029C                     ECCP2AS         equ	668	;# 
  1209     029D                     PSTR2CON        equ	669	;# 
  1210     029E                     CCPTMRS0        equ	670	;# 
  1211     029F                     CCPTMRS1        equ	671	;# 
  1212     0311                     CCPR3           equ	785	;# 
  1213     0311                     CCPR3L          equ	785	;# 
  1214     0312                     CCPR3H          equ	786	;# 
  1215     0313                     CCP3CON         equ	787	;# 
  1216     0314                     PWM3CON         equ	788	;# 
  1217     0315                     CCP3AS          equ	789	;# 
  1218     0315                     ECCP3AS         equ	789	;# 
  1219     0316                     PSTR3CON        equ	790	;# 
  1220     0318                     CCPR4           equ	792	;# 
  1221     0318                     CCPR4L          equ	792	;# 
  1222     0319                     CCPR4H          equ	793	;# 
  1223     031A                     CCP4CON         equ	794	;# 
  1224     031C                     CCPR5           equ	796	;# 
  1225     031C                     CCPR5L          equ	796	;# 
  1226     031D                     CCPR5H          equ	797	;# 
  1227     031E                     CCP5CON         equ	798	;# 
  1228     0394                     IOCBP           equ	916	;# 
  1229     0395                     IOCBN           equ	917	;# 
  1230     0396                     IOCBF           equ	918	;# 
  1231     0415                     TMR4            equ	1045	;# 
  1232     0416                     PR4             equ	1046	;# 
  1233     0417                     T4CON           equ	1047	;# 
  1234     041C                     TMR6            equ	1052	;# 
  1235     041D                     PR6             equ	1053	;# 
  1236     041E                     T6CON           equ	1054	;# 
  1237     0791                     LCDCON          equ	1937	;# 
  1238     0792                     LCDPS           equ	1938	;# 
  1239     0793                     LCDREF          equ	1939	;# 
  1240     0794                     LCDCST          equ	1940	;# 
  1241     0795                     LCDRL           equ	1941	;# 
  1242     0798                     LCDSE0          equ	1944	;# 
  1243     0799                     LCDSE1          equ	1945	;# 
  1244     07A0                     LCDDATA0        equ	1952	;# 
  1245     07A1                     LCDDATA1        equ	1953	;# 
  1246     07A3                     LCDDATA3        equ	1955	;# 
  1247     07A4                     LCDDATA4        equ	1956	;# 
  1248     07A6                     LCDDATA6        equ	1958	;# 
  1249     07A7                     LCDDATA7        equ	1959	;# 
  1250     07A9                     LCDDATA9        equ	1961	;# 
  1251     07AA                     LCDDATA10       equ	1962	;# 
  1252     0FE4                     STATUS_SHAD     equ	4068	;# 
  1253     0FE5                     WREG_SHAD       equ	4069	;# 
  1254     0FE6                     BSR_SHAD        equ	4070	;# 
  1255     0FE7                     PCLATH_SHAD     equ	4071	;# 
  1256     0FE8                     FSR0L_SHAD      equ	4072	;# 
  1257     0FE9                     FSR0H_SHAD      equ	4073	;# 
  1258     0FEA                     FSR1L_SHAD      equ	4074	;# 
  1259     0FEB                     FSR1H_SHAD      equ	4075	;# 
  1260     0FED                     STKPTR          equ	4077	;# 
  1261     0FEE                     TOSL            equ	4078	;# 
  1262     0FEF                     TOSH            equ	4079	;# 
  1263     0000                     INDF0           equ	0	;# 
  1264     0001                     INDF1           equ	1	;# 
  1265     0002                     PCL             equ	2	;# 
  1266     0003                     STATUS          equ	3	;# 
  1267     0004                     FSR0L           equ	4	;# 
  1268     0005                     FSR0H           equ	5	;# 
  1269     0006                     FSR1L           equ	6	;# 
  1270     0007                     FSR1H           equ	7	;# 
  1271     0008                     BSR             equ	8	;# 
  1272     0009                     WREG            equ	9	;# 
  1273     000A                     PCLATH          equ	10	;# 
  1274     000B                     INTCON          equ	11	;# 
  1275     000C                     PORTA           equ	12	;# 
  1276     000D                     PORTB           equ	13	;# 
  1277     000E                     PORTC           equ	14	;# 
  1278     0010                     PORTE           equ	16	;# 
  1279     0011                     PIR1            equ	17	;# 
  1280     0012                     PIR2            equ	18	;# 
  1281     0013                     PIR3            equ	19	;# 
  1282     0015                     TMR0            equ	21	;# 
  1283     0016                     TMR1            equ	22	;# 
  1284     0016                     TMR1L           equ	22	;# 
  1285     0017                     TMR1H           equ	23	;# 
  1286     0018                     T1CON           equ	24	;# 
  1287     0019                     T1GCON          equ	25	;# 
  1288     001A                     TMR2            equ	26	;# 
  1289     001B                     PR2             equ	27	;# 
  1290     001C                     T2CON           equ	28	;# 
  1291     001E                     CPSCON0         equ	30	;# 
  1292     001F                     CPSCON1         equ	31	;# 
  1293     008C                     TRISA           equ	140	;# 
  1294     008D                     TRISB           equ	141	;# 
  1295     008E                     TRISC           equ	142	;# 
  1296     0090                     TRISE           equ	144	;# 
  1297     0091                     PIE1            equ	145	;# 
  1298     0092                     PIE2            equ	146	;# 
  1299     0093                     PIE3            equ	147	;# 
  1300     0095                     OPTION_REG      equ	149	;# 
  1301     0096                     PCON            equ	150	;# 
  1302     0097                     WDTCON          equ	151	;# 
  1303     0098                     OSCTUNE         equ	152	;# 
  1304     0099                     OSCCON          equ	153	;# 
  1305     009A                     OSCSTAT         equ	154	;# 
  1306     009B                     ADRES           equ	155	;# 
  1307     009B                     ADRESL          equ	155	;# 
  1308     009C                     ADRESH          equ	156	;# 
  1309     009D                     ADCON0          equ	157	;# 
  1310     009E                     ADCON1          equ	158	;# 
  1311     010C                     LATA            equ	268	;# 
  1312     010D                     LATB            equ	269	;# 
  1313     010E                     LATC            equ	270	;# 
  1314     0110                     LATE            equ	272	;# 
  1315     0111                     CM1CON0         equ	273	;# 
  1316     0112                     CM1CON1         equ	274	;# 
  1317     0113                     CM2CON0         equ	275	;# 
  1318     0114                     CM2CON1         equ	276	;# 
  1319     0115                     CMOUT           equ	277	;# 
  1320     0116                     BORCON          equ	278	;# 
  1321     0117                     FVRCON          equ	279	;# 
  1322     0118                     DACCON0         equ	280	;# 
  1323     0119                     DACCON1         equ	281	;# 
  1324     011A                     SRCON0          equ	282	;# 
  1325     011B                     SRCON1          equ	283	;# 
  1326     011D                     APFCON          equ	285	;# 
  1327     018C                     ANSELA          equ	396	;# 
  1328     018D                     ANSELB          equ	397	;# 
  1329     0191                     EEADR           equ	401	;# 
  1330     0191                     EEADRL          equ	401	;# 
  1331     0192                     EEADRH          equ	402	;# 
  1332     0193                     EEDAT           equ	403	;# 
  1333     0193                     EEDATL          equ	403	;# 
  1334     0193                     EEDATA          equ	403	;# 
  1335     0194                     EEDATH          equ	404	;# 
  1336     0195                     EECON1          equ	405	;# 
  1337     0196                     EECON2          equ	406	;# 
  1338     0199                     RCREG           equ	409	;# 
  1339     019A                     TXREG           equ	410	;# 
  1340     019B                     SP1BRG          equ	411	;# 
  1341     019B                     SP1BRGL         equ	411	;# 
  1342     019B                     SPBRG           equ	411	;# 
  1343     019B                     SPBRGL          equ	411	;# 
  1344     019C                     SP1BRGH         equ	412	;# 
  1345     019C                     SPBRGH          equ	412	;# 
  1346     019D                     RCSTA           equ	413	;# 
  1347     019E                     TXSTA           equ	414	;# 
  1348     019F                     BAUDCON         equ	415	;# 
  1349     020D                     WPUB            equ	525	;# 
  1350     0210                     WPUE            equ	528	;# 
  1351     0211                     SSPBUF          equ	529	;# 
  1352     0212                     SSPADD          equ	530	;# 
  1353     0213                     SSPMSK          equ	531	;# 
  1354     0214                     SSPSTAT         equ	532	;# 
  1355     0215                     SSPCON1         equ	533	;# 
  1356     0215                     SSPCON          equ	533	;# 
  1357     0216                     SSPCON2         equ	534	;# 
  1358     0217                     SSPCON3         equ	535	;# 
  1359     0291                     CCPR1           equ	657	;# 
  1360     0291                     CCPR1L          equ	657	;# 
  1361     0292                     CCPR1H          equ	658	;# 
  1362     0293                     CCP1CON         equ	659	;# 
  1363     0294                     PWM1CON         equ	660	;# 
  1364     0295                     CCP1AS          equ	661	;# 
  1365     0295                     ECCP1AS         equ	661	;# 
  1366     0296                     PSTR1CON        equ	662	;# 
  1367     0298                     CCPR2           equ	664	;# 
  1368     0298                     CCPR2L          equ	664	;# 
  1369     0299                     CCPR2H          equ	665	;# 
  1370     029A                     CCP2CON         equ	666	;# 
  1371     029B                     PWM2CON         equ	667	;# 
  1372     029C                     CCP2AS          equ	668	;# 
  1373     029C                     ECCP2AS         equ	668	;# 
  1374     029D                     PSTR2CON        equ	669	;# 
  1375     029E                     CCPTMRS0        equ	670	;# 
  1376     029F                     CCPTMRS1        equ	671	;# 
  1377     0311                     CCPR3           equ	785	;# 
  1378     0311                     CCPR3L          equ	785	;# 
  1379     0312                     CCPR3H          equ	786	;# 
  1380     0313                     CCP3CON         equ	787	;# 
  1381     0314                     PWM3CON         equ	788	;# 
  1382     0315                     CCP3AS          equ	789	;# 
  1383     0315                     ECCP3AS         equ	789	;# 
  1384     0316                     PSTR3CON        equ	790	;# 
  1385     0318                     CCPR4           equ	792	;# 
  1386     0318                     CCPR4L          equ	792	;# 
  1387     0319                     CCPR4H          equ	793	;# 
  1388     031A                     CCP4CON         equ	794	;# 
  1389     031C                     CCPR5           equ	796	;# 
  1390     031C                     CCPR5L          equ	796	;# 
  1391     031D                     CCPR5H          equ	797	;# 
  1392     031E                     CCP5CON         equ	798	;# 
  1393     0394                     IOCBP           equ	916	;# 
  1394     0395                     IOCBN           equ	917	;# 
  1395     0396                     IOCBF           equ	918	;# 
  1396     0415                     TMR4            equ	1045	;# 
  1397     0416                     PR4             equ	1046	;# 
  1398     0417                     T4CON           equ	1047	;# 
  1399     041C                     TMR6            equ	1052	;# 
  1400     041D                     PR6             equ	1053	;# 
  1401     041E                     T6CON           equ	1054	;# 
  1402     0791                     LCDCON          equ	1937	;# 
  1403     0792                     LCDPS           equ	1938	;# 
  1404     0793                     LCDREF          equ	1939	;# 
  1405     0794                     LCDCST          equ	1940	;# 
  1406     0795                     LCDRL           equ	1941	;# 
  1407     0798                     LCDSE0          equ	1944	;# 
  1408     0799                     LCDSE1          equ	1945	;# 
  1409     07A0                     LCDDATA0        equ	1952	;# 
  1410     07A1                     LCDDATA1        equ	1953	;# 
  1411     07A3                     LCDDATA3        equ	1955	;# 
  1412     07A4                     LCDDATA4        equ	1956	;# 
  1413     07A6                     LCDDATA6        equ	1958	;# 
  1414     07A7                     LCDDATA7        equ	1959	;# 
  1415     07A9                     LCDDATA9        equ	1961	;# 
  1416     07AA                     LCDDATA10       equ	1962	;# 
  1417     0FE4                     STATUS_SHAD     equ	4068	;# 
  1418     0FE5                     WREG_SHAD       equ	4069	;# 
  1419     0FE6                     BSR_SHAD        equ	4070	;# 
  1420     0FE7                     PCLATH_SHAD     equ	4071	;# 
  1421     0FE8                     FSR0L_SHAD      equ	4072	;# 
  1422     0FE9                     FSR0H_SHAD      equ	4073	;# 
  1423     0FEA                     FSR1L_SHAD      equ	4074	;# 
  1424     0FEB                     FSR1H_SHAD      equ	4075	;# 
  1425     0FED                     STKPTR          equ	4077	;# 
  1426     0FEE                     TOSL            equ	4078	;# 
  1427     0FEF                     TOSH            equ	4079	;# 
  1428     0000                     INDF0           equ	0	;# 
  1429     0001                     INDF1           equ	1	;# 
  1430     0002                     PCL             equ	2	;# 
  1431     0003                     STATUS          equ	3	;# 
  1432     0004                     FSR0L           equ	4	;# 
  1433     0005                     FSR0H           equ	5	;# 
  1434     0006                     FSR1L           equ	6	;# 
  1435     0007                     FSR1H           equ	7	;# 
  1436     0008                     BSR             equ	8	;# 
  1437     0009                     WREG            equ	9	;# 
  1438     000A                     PCLATH          equ	10	;# 
  1439     000B                     INTCON          equ	11	;# 
  1440     000C                     PORTA           equ	12	;# 
  1441     000D                     PORTB           equ	13	;# 
  1442     000E                     PORTC           equ	14	;# 
  1443     0010                     PORTE           equ	16	;# 
  1444     0011                     PIR1            equ	17	;# 
  1445     0012                     PIR2            equ	18	;# 
  1446     0013                     PIR3            equ	19	;# 
  1447     0015                     TMR0            equ	21	;# 
  1448     0016                     TMR1            equ	22	;# 
  1449     0016                     TMR1L           equ	22	;# 
  1450     0017                     TMR1H           equ	23	;# 
  1451     0018                     T1CON           equ	24	;# 
  1452     0019                     T1GCON          equ	25	;# 
  1453     001A                     TMR2            equ	26	;# 
  1454     001B                     PR2             equ	27	;# 
  1455     001C                     T2CON           equ	28	;# 
  1456     001E                     CPSCON0         equ	30	;# 
  1457     001F                     CPSCON1         equ	31	;# 
  1458     008C                     TRISA           equ	140	;# 
  1459     008D                     TRISB           equ	141	;# 
  1460     008E                     TRISC           equ	142	;# 
  1461     0090                     TRISE           equ	144	;# 
  1462     0091                     PIE1            equ	145	;# 
  1463     0092                     PIE2            equ	146	;# 
  1464     0093                     PIE3            equ	147	;# 
  1465     0095                     OPTION_REG      equ	149	;# 
  1466     0096                     PCON            equ	150	;# 
  1467     0097                     WDTCON          equ	151	;# 
  1468     0098                     OSCTUNE         equ	152	;# 
  1469     0099                     OSCCON          equ	153	;# 
  1470     009A                     OSCSTAT         equ	154	;# 
  1471     009B                     ADRES           equ	155	;# 
  1472     009B                     ADRESL          equ	155	;# 
  1473     009C                     ADRESH          equ	156	;# 
  1474     009D                     ADCON0          equ	157	;# 
  1475     009E                     ADCON1          equ	158	;# 
  1476     010C                     LATA            equ	268	;# 
  1477     010D                     LATB            equ	269	;# 
  1478     010E                     LATC            equ	270	;# 
  1479     0110                     LATE            equ	272	;# 
  1480     0111                     CM1CON0         equ	273	;# 
  1481     0112                     CM1CON1         equ	274	;# 
  1482     0113                     CM2CON0         equ	275	;# 
  1483     0114                     CM2CON1         equ	276	;# 
  1484     0115                     CMOUT           equ	277	;# 
  1485     0116                     BORCON          equ	278	;# 
  1486     0117                     FVRCON          equ	279	;# 
  1487     0118                     DACCON0         equ	280	;# 
  1488     0119                     DACCON1         equ	281	;# 
  1489     011A                     SRCON0          equ	282	;# 
  1490     011B                     SRCON1          equ	283	;# 
  1491     011D                     APFCON          equ	285	;# 
  1492     018C                     ANSELA          equ	396	;# 
  1493     018D                     ANSELB          equ	397	;# 
  1494     0191                     EEADR           equ	401	;# 
  1495     0191                     EEADRL          equ	401	;# 
  1496     0192                     EEADRH          equ	402	;# 
  1497     0193                     EEDAT           equ	403	;# 
  1498     0193                     EEDATL          equ	403	;# 
  1499     0193                     EEDATA          equ	403	;# 
  1500     0194                     EEDATH          equ	404	;# 
  1501     0195                     EECON1          equ	405	;# 
  1502     0196                     EECON2          equ	406	;# 
  1503     0199                     RCREG           equ	409	;# 
  1504     019A                     TXREG           equ	410	;# 
  1505     019B                     SP1BRG          equ	411	;# 
  1506     019B                     SP1BRGL         equ	411	;# 
  1507     019B                     SPBRG           equ	411	;# 
  1508     019B                     SPBRGL          equ	411	;# 
  1509     019C                     SP1BRGH         equ	412	;# 
  1510     019C                     SPBRGH          equ	412	;# 
  1511     019D                     RCSTA           equ	413	;# 
  1512     019E                     TXSTA           equ	414	;# 
  1513     019F                     BAUDCON         equ	415	;# 
  1514     020D                     WPUB            equ	525	;# 
  1515     0210                     WPUE            equ	528	;# 
  1516     0211                     SSPBUF          equ	529	;# 
  1517     0212                     SSPADD          equ	530	;# 
  1518     0213                     SSPMSK          equ	531	;# 
  1519     0214                     SSPSTAT         equ	532	;# 
  1520     0215                     SSPCON1         equ	533	;# 
  1521     0215                     SSPCON          equ	533	;# 
  1522     0216                     SSPCON2         equ	534	;# 
  1523     0217                     SSPCON3         equ	535	;# 
  1524     0291                     CCPR1           equ	657	;# 
  1525     0291                     CCPR1L          equ	657	;# 
  1526     0292                     CCPR1H          equ	658	;# 
  1527     0293                     CCP1CON         equ	659	;# 
  1528     0294                     PWM1CON         equ	660	;# 
  1529     0295                     CCP1AS          equ	661	;# 
  1530     0295                     ECCP1AS         equ	661	;# 
  1531     0296                     PSTR1CON        equ	662	;# 
  1532     0298                     CCPR2           equ	664	;# 
  1533     0298                     CCPR2L          equ	664	;# 
  1534     0299                     CCPR2H          equ	665	;# 
  1535     029A                     CCP2CON         equ	666	;# 
  1536     029B                     PWM2CON         equ	667	;# 
  1537     029C                     CCP2AS          equ	668	;# 
  1538     029C                     ECCP2AS         equ	668	;# 
  1539     029D                     PSTR2CON        equ	669	;# 
  1540     029E                     CCPTMRS0        equ	670	;# 
  1541     029F                     CCPTMRS1        equ	671	;# 
  1542     0311                     CCPR3           equ	785	;# 
  1543     0311                     CCPR3L          equ	785	;# 
  1544     0312                     CCPR3H          equ	786	;# 
  1545     0313                     CCP3CON         equ	787	;# 
  1546     0314                     PWM3CON         equ	788	;# 
  1547     0315                     CCP3AS          equ	789	;# 
  1548     0315                     ECCP3AS         equ	789	;# 
  1549     0316                     PSTR3CON        equ	790	;# 
  1550     0318                     CCPR4           equ	792	;# 
  1551     0318                     CCPR4L          equ	792	;# 
  1552     0319                     CCPR4H          equ	793	;# 
  1553     031A                     CCP4CON         equ	794	;# 
  1554     031C                     CCPR5           equ	796	;# 
  1555     031C                     CCPR5L          equ	796	;# 
  1556     031D                     CCPR5H          equ	797	;# 
  1557     031E                     CCP5CON         equ	798	;# 
  1558     0394                     IOCBP           equ	916	;# 
  1559     0395                     IOCBN           equ	917	;# 
  1560     0396                     IOCBF           equ	918	;# 
  1561     0415                     TMR4            equ	1045	;# 
  1562     0416                     PR4             equ	1046	;# 
  1563     0417                     T4CON           equ	1047	;# 
  1564     041C                     TMR6            equ	1052	;# 
  1565     041D                     PR6             equ	1053	;# 
  1566     041E                     T6CON           equ	1054	;# 
  1567     0791                     LCDCON          equ	1937	;# 
  1568     0792                     LCDPS           equ	1938	;# 
  1569     0793                     LCDREF          equ	1939	;# 
  1570     0794                     LCDCST          equ	1940	;# 
  1571     0795                     LCDRL           equ	1941	;# 
  1572     0798                     LCDSE0          equ	1944	;# 
  1573     0799                     LCDSE1          equ	1945	;# 
  1574     07A0                     LCDDATA0        equ	1952	;# 
  1575     07A1                     LCDDATA1        equ	1953	;# 
  1576     07A3                     LCDDATA3        equ	1955	;# 
  1577     07A4                     LCDDATA4        equ	1956	;# 
  1578     07A6                     LCDDATA6        equ	1958	;# 
  1579     07A7                     LCDDATA7        equ	1959	;# 
  1580     07A9                     LCDDATA9        equ	1961	;# 
  1581     07AA                     LCDDATA10       equ	1962	;# 
  1582     0FE4                     STATUS_SHAD     equ	4068	;# 
  1583     0FE5                     WREG_SHAD       equ	4069	;# 
  1584     0FE6                     BSR_SHAD        equ	4070	;# 
  1585     0FE7                     PCLATH_SHAD     equ	4071	;# 
  1586     0FE8                     FSR0L_SHAD      equ	4072	;# 
  1587     0FE9                     FSR0H_SHAD      equ	4073	;# 
  1588     0FEA                     FSR1L_SHAD      equ	4074	;# 
  1589     0FEB                     FSR1H_SHAD      equ	4075	;# 
  1590     0FED                     STKPTR          equ	4077	;# 
  1591     0FEE                     TOSL            equ	4078	;# 
  1592     0FEF                     TOSH            equ	4079	;# 
  1593     0000                     INDF0           equ	0	;# 
  1594     0001                     INDF1           equ	1	;# 
  1595     0002                     PCL             equ	2	;# 
  1596     0003                     STATUS          equ	3	;# 
  1597     0004                     FSR0L           equ	4	;# 
  1598     0005                     FSR0H           equ	5	;# 
  1599     0006                     FSR1L           equ	6	;# 
  1600     0007                     FSR1H           equ	7	;# 
  1601     0008                     BSR             equ	8	;# 
  1602     0009                     WREG            equ	9	;# 
  1603     000A                     PCLATH          equ	10	;# 
  1604     000B                     INTCON          equ	11	;# 
  1605     000C                     PORTA           equ	12	;# 
  1606     000D                     PORTB           equ	13	;# 
  1607     000E                     PORTC           equ	14	;# 
  1608     0010                     PORTE           equ	16	;# 
  1609     0011                     PIR1            equ	17	;# 
  1610     0012                     PIR2            equ	18	;# 
  1611     0013                     PIR3            equ	19	;# 
  1612     0015                     TMR0            equ	21	;# 
  1613     0016                     TMR1            equ	22	;# 
  1614     0016                     TMR1L           equ	22	;# 
  1615     0017                     TMR1H           equ	23	;# 
  1616     0018                     T1CON           equ	24	;# 
  1617     0019                     T1GCON          equ	25	;# 
  1618     001A                     TMR2            equ	26	;# 
  1619     001B                     PR2             equ	27	;# 
  1620     001C                     T2CON           equ	28	;# 
  1621     001E                     CPSCON0         equ	30	;# 
  1622     001F                     CPSCON1         equ	31	;# 
  1623     008C                     TRISA           equ	140	;# 
  1624     008D                     TRISB           equ	141	;# 
  1625     008E                     TRISC           equ	142	;# 
  1626     0090                     TRISE           equ	144	;# 
  1627     0091                     PIE1            equ	145	;# 
  1628     0092                     PIE2            equ	146	;# 
  1629     0093                     PIE3            equ	147	;# 
  1630     0095                     OPTION_REG      equ	149	;# 
  1631     0096                     PCON            equ	150	;# 
  1632     0097                     WDTCON          equ	151	;# 
  1633     0098                     OSCTUNE         equ	152	;# 
  1634     0099                     OSCCON          equ	153	;# 
  1635     009A                     OSCSTAT         equ	154	;# 
  1636     009B                     ADRES           equ	155	;# 
  1637     009B                     ADRESL          equ	155	;# 
  1638     009C                     ADRESH          equ	156	;# 
  1639     009D                     ADCON0          equ	157	;# 
  1640     009E                     ADCON1          equ	158	;# 
  1641     010C                     LATA            equ	268	;# 
  1642     010D                     LATB            equ	269	;# 
  1643     010E                     LATC            equ	270	;# 
  1644     0110                     LATE            equ	272	;# 
  1645     0111                     CM1CON0         equ	273	;# 
  1646     0112                     CM1CON1         equ	274	;# 
  1647     0113                     CM2CON0         equ	275	;# 
  1648     0114                     CM2CON1         equ	276	;# 
  1649     0115                     CMOUT           equ	277	;# 
  1650     0116                     BORCON          equ	278	;# 
  1651     0117                     FVRCON          equ	279	;# 
  1652     0118                     DACCON0         equ	280	;# 
  1653     0119                     DACCON1         equ	281	;# 
  1654     011A                     SRCON0          equ	282	;# 
  1655     011B                     SRCON1          equ	283	;# 
  1656     011D                     APFCON          equ	285	;# 
  1657     018C                     ANSELA          equ	396	;# 
  1658     018D                     ANSELB          equ	397	;# 
  1659     0191                     EEADR           equ	401	;# 
  1660     0191                     EEADRL          equ	401	;# 
  1661     0192                     EEADRH          equ	402	;# 
  1662     0193                     EEDAT           equ	403	;# 
  1663     0193                     EEDATL          equ	403	;# 
  1664     0193                     EEDATA          equ	403	;# 
  1665     0194                     EEDATH          equ	404	;# 
  1666     0195                     EECON1          equ	405	;# 
  1667     0196                     EECON2          equ	406	;# 
  1668     0199                     RCREG           equ	409	;# 
  1669     019A                     TXREG           equ	410	;# 
  1670     019B                     SP1BRG          equ	411	;# 
  1671     019B                     SP1BRGL         equ	411	;# 
  1672     019B                     SPBRG           equ	411	;# 
  1673     019B                     SPBRGL          equ	411	;# 
  1674     019C                     SP1BRGH         equ	412	;# 
  1675     019C                     SPBRGH          equ	412	;# 
  1676     019D                     RCSTA           equ	413	;# 
  1677     019E                     TXSTA           equ	414	;# 
  1678     019F                     BAUDCON         equ	415	;# 
  1679     020D                     WPUB            equ	525	;# 
  1680     0210                     WPUE            equ	528	;# 
  1681     0211                     SSPBUF          equ	529	;# 
  1682     0212                     SSPADD          equ	530	;# 
  1683     0213                     SSPMSK          equ	531	;# 
  1684     0214                     SSPSTAT         equ	532	;# 
  1685     0215                     SSPCON1         equ	533	;# 
  1686     0215                     SSPCON          equ	533	;# 
  1687     0216                     SSPCON2         equ	534	;# 
  1688     0217                     SSPCON3         equ	535	;# 
  1689     0291                     CCPR1           equ	657	;# 
  1690     0291                     CCPR1L          equ	657	;# 
  1691     0292                     CCPR1H          equ	658	;# 
  1692     0293                     CCP1CON         equ	659	;# 
  1693     0294                     PWM1CON         equ	660	;# 
  1694     0295                     CCP1AS          equ	661	;# 
  1695     0295                     ECCP1AS         equ	661	;# 
  1696     0296                     PSTR1CON        equ	662	;# 
  1697     0298                     CCPR2           equ	664	;# 
  1698     0298                     CCPR2L          equ	664	;# 
  1699     0299                     CCPR2H          equ	665	;# 
  1700     029A                     CCP2CON         equ	666	;# 
  1701     029B                     PWM2CON         equ	667	;# 
  1702     029C                     CCP2AS          equ	668	;# 
  1703     029C                     ECCP2AS         equ	668	;# 
  1704     029D                     PSTR2CON        equ	669	;# 
  1705     029E                     CCPTMRS0        equ	670	;# 
  1706     029F                     CCPTMRS1        equ	671	;# 
  1707     0311                     CCPR3           equ	785	;# 
  1708     0311                     CCPR3L          equ	785	;# 
  1709     0312                     CCPR3H          equ	786	;# 
  1710     0313                     CCP3CON         equ	787	;# 
  1711     0314                     PWM3CON         equ	788	;# 
  1712     0315                     CCP3AS          equ	789	;# 
  1713     0315                     ECCP3AS         equ	789	;# 
  1714     0316                     PSTR3CON        equ	790	;# 
  1715     0318                     CCPR4           equ	792	;# 
  1716     0318                     CCPR4L          equ	792	;# 
  1717     0319                     CCPR4H          equ	793	;# 
  1718     031A                     CCP4CON         equ	794	;# 
  1719     031C                     CCPR5           equ	796	;# 
  1720     031C                     CCPR5L          equ	796	;# 
  1721     031D                     CCPR5H          equ	797	;# 
  1722     031E                     CCP5CON         equ	798	;# 
  1723     0394                     IOCBP           equ	916	;# 
  1724     0395                     IOCBN           equ	917	;# 
  1725     0396                     IOCBF           equ	918	;# 
  1726     0415                     TMR4            equ	1045	;# 
  1727     0416                     PR4             equ	1046	;# 
  1728     0417                     T4CON           equ	1047	;# 
  1729     041C                     TMR6            equ	1052	;# 
  1730     041D                     PR6             equ	1053	;# 
  1731     041E                     T6CON           equ	1054	;# 
  1732     0791                     LCDCON          equ	1937	;# 
  1733     0792                     LCDPS           equ	1938	;# 
  1734     0793                     LCDREF          equ	1939	;# 
  1735     0794                     LCDCST          equ	1940	;# 
  1736     0795                     LCDRL           equ	1941	;# 
  1737     0798                     LCDSE0          equ	1944	;# 
  1738     0799                     LCDSE1          equ	1945	;# 
  1739     07A0                     LCDDATA0        equ	1952	;# 
  1740     07A1                     LCDDATA1        equ	1953	;# 
  1741     07A3                     LCDDATA3        equ	1955	;# 
  1742     07A4                     LCDDATA4        equ	1956	;# 
  1743     07A6                     LCDDATA6        equ	1958	;# 
  1744     07A7                     LCDDATA7        equ	1959	;# 
  1745     07A9                     LCDDATA9        equ	1961	;# 
  1746     07AA                     LCDDATA10       equ	1962	;# 
  1747     0FE4                     STATUS_SHAD     equ	4068	;# 
  1748     0FE5                     WREG_SHAD       equ	4069	;# 
  1749     0FE6                     BSR_SHAD        equ	4070	;# 
  1750     0FE7                     PCLATH_SHAD     equ	4071	;# 
  1751     0FE8                     FSR0L_SHAD      equ	4072	;# 
  1752     0FE9                     FSR0H_SHAD      equ	4073	;# 
  1753     0FEA                     FSR1L_SHAD      equ	4074	;# 
  1754     0FEB                     FSR1H_SHAD      equ	4075	;# 
  1755     0FED                     STKPTR          equ	4077	;# 
  1756     0FEE                     TOSL            equ	4078	;# 
  1757     0FEF                     TOSH            equ	4079	;# 
  1758                           
  1759                           	psect	idataBANK0
  1760     063D                     __pidataBANK0:
  1761                           
  1762                           ;initializer for _LIN_timeout
  1763     063D  340A               	retlw	10
  1764                           
  1765                           	psect	stringtext1
  1766     0606                     __pstringtext1:
  1767     0606                     _scheduleTable:
  1768     0606  3401               	retlw	1
  1769     0607  3401               	retlw	1
  1770     0608  3408               	retlw	8
  1771     0609  34A8               	retlw	low (_SIGNAL_Data| 0)
  1772     060A  3400               	retlw	high (_SIGNAL_Data| 0)
  1773     060B                     __end_of_scheduleTable:
  1774     0015                     _TMR0           set	21
  1775     0011                     _PIR1bits       set	17
  1776     000B                     _INTCONbits     set	11
  1777     0095                     _OPTION_REG     set	149
  1778     0095                     _OPTION_REGbits set	149
  1779     008E                     _TRISC          set	142
  1780     008D                     _TRISB          set	141
  1781     008C                     _TRISA          set	140
  1782     0090                     _TRISE          set	144
  1783     0097                     _WDTCON         set	151
  1784     0098                     _OSCTUNE        set	152
  1785     0099                     _OSCCON         set	153
  1786     0091                     _PIE1bits       set	145
  1787     04D6                     _PLLR           set	1238
  1788     011D                     _APFCON         set	285
  1789     010E                     _LATC           set	270
  1790     010D                     _LATB           set	269
  1791     010C                     _LATA           set	268
  1792     0110                     _LATE           set	272
  1793     0116                     _BORCON         set	278
  1794     010D                     _LATBbits       set	269
  1795     018C                     _ANSELA         set	396
  1796     018D                     _ANSELB         set	397
  1797     0199                     _RCREG          set	409
  1798     019A                     _TXREG          set	410
  1799     019C                     _SPBRGH         set	412
  1800     019B                     _SPBRGL         set	411
  1801     019E                     _TXSTA          set	414
  1802     019D                     _RCSTA          set	413
  1803     019F                     _BAUDCON        set	415
  1804     019D                     _RCSTAbits      set	413
  1805     019E                     _TXSTAbits      set	414
  1806     020D                     _WPUB           set	525
  1807     0210                     _WPUE           set	528
  1808                           
  1809                           	psect	cinit
  1810     003D                     start_initialization:	
  1811                           ; #config settings
  1812                           
  1813     003D                     __initialization:
  1814                           
  1815                           ; Initialize objects allocated to BANK0
  1816     003D  3186  263D  3180   	fcall	__pidataBANK0	;fetch initializer
  1817     0040  00EF               	movwf	__pdataBANK0& (0+127)
  1818                           
  1819                           ; Clear objects allocated to COMMON
  1820     0041  01FD               	clrf	__pbssCOMMON& (0+127)
  1821                           
  1822                           ; Clear objects allocated to BANK0
  1823     0042  3020               	movlw	low __pbssBANK0
  1824     0043  0084               	movwf	4
  1825     0044  3000               	movlw	high __pbssBANK0
  1826     0045  0085               	movwf	5
  1827     0046  3041               	movlw	65
  1828     0047  3185  25DC  3180   	fcall	clear_ram0
  1829                           
  1830                           ; Clear objects allocated to BANK1
  1831     004A  30A0               	movlw	low __pbssBANK1
  1832     004B  0084               	movwf	4
  1833     004C  3000               	movlw	high __pbssBANK1
  1834     004D  0085               	movwf	5
  1835     004E  3010               	movlw	16
  1836     004F  3185  25DC  3180   	fcall	clear_ram0
  1837     0052                     end_of_initialization:	
  1838                           ;End of C runtime variable initialization code
  1839                           
  1840     0052                     __end_of__initialization:
  1841     0052  107E               	bcf	int$flags,0	;clear compiler interrupt flag (level 1)
  1842     0053  0020               	movlb	0
  1843     0054  3184  2CF6         	ljmp	_main	;jump to C main() function
  1844                           
  1845                           	psect	bssCOMMON
  1846     007D                     __pbssCOMMON:
  1847     007D                     _eusartRxHead:
  1848     007D                     	ds	1
  1849                           
  1850                           	psect	bssBANK0
  1851     0020                     __pbssBANK0:
  1852     0020                     _eusartRxStatusBuffer:
  1853     0020                     	ds	8
  1854     0028                     _eusartTxBuffer:
  1855     0028                     	ds	8
  1856     0030                     _TMR0_InterruptHandler:
  1857     0030                     	ds	2
  1858     0032                     _EUSART_ErrorHandler:
  1859     0032                     	ds	2
  1860     0034                     _EUSART_OverrunErrorHandler:
  1861     0034                     	ds	2
  1862     0036                     _EUSART_FramingErrorHandler:
  1863     0036                     	ds	2
  1864     0038                     _EUSART_RxDefaultInterruptHandler:
  1865     0038                     	ds	2
  1866     003A                     _EUSART_TxDefaultInterruptHandler:
  1867     003A                     	ds	2
  1868     003C                     _LIN_signalElapsedMs:
  1869     003C                     	ds	2
  1870     003E                     _LIN_rxCommand:
  1871     003E                     	ds	2
  1872     0040                     _LIN_processData:
  1873     0040                     	ds	2
  1874     0042                     _cnt:
  1875     0042                     	ds	2
  1876     0044                     _timer0ReloadVal:
  1877     0044                     	ds	1
  1878     0045                     _eusartRxLastError:
  1879     0045                     	ds	1
  1880     0046                     _eusartRxCount:
  1881     0046                     	ds	1
  1882     0047                     _eusartRxTail:
  1883     0047                     	ds	1
  1884     0048                     _eusartTxBufferRemaining:
  1885     0048                     	ds	1
  1886     0049                     _eusartTxTail:
  1887     0049                     	ds	1
  1888     004A                     _eusartTxHead:
  1889     004A                     	ds	1
  1890     004B                     LIN_handler@rxDataIndex:
  1891     004B                     	ds	1
  1892     004C                     LIN_handler@LIN_rxState:
  1893     004C                     	ds	1
  1894     004D                     _LIN_signalTimeoutPending:
  1895     004D                     	ds	1
  1896     004E                     _LIN_signalTimedOut:
  1897     004E                     	ds	1
  1898     004F                     _LIN_validSignalReceived:
  1899     004F                     	ds	1
  1900     0050                     _CountCallBack:
  1901     0050                     	ds	1
  1902     0051                     _LIN_timerRunning:
  1903     0051                     	ds	1
  1904     0052                     _LIN_rxCommandLength:
  1905     0052                     	ds	1
  1906     0053                     _LIN_rxInProgress:
  1907     0053                     	ds	1
  1908     0054                     _LIN_packet:
  1909     0054                     	ds	13
  1910                           
  1911                           	psect	dataBANK0
  1912     006F                     __pdataBANK0:
  1913     006F                     _LIN_timeout:
  1914     006F                     	ds	1
  1915                           
  1916                           	psect	bssBANK1
  1917     00A0                     __pbssBANK1:
  1918     00A0                     _eusartRxBuffer:
  1919     00A0                     	ds	8
  1920     00A8                     _SIGNAL_Data:
  1921     00A8                     	ds	8
  1922                           
  1923                           	psect	clrtext
  1924     05DC                     clear_ram0:	
  1925                           ;	Called with FSR0 containing the base address, and
  1926                           ;	WREG with the size to clear
  1927                           
  1928     05DC  0064               	clrwdt	;clear the watchdog before getting into this loop
  1929     05DD                     clrloop0:
  1930     05DD  0180               	clrf	0	;clear RAM location pointed to by FSR
  1931     05DE  3101               	addfsr 0,1
  1932     05DF  0B89               	decfsz	9,f	;Have we reached the end of clearing yet?
  1933     05E0  2DDD               	goto	clrloop0	;have we reached the end yet?
  1934     05E1  3400               	retlw	0	;all done for this memory range, return
  1935                           
  1936                           	psect	cstackCOMMON
  1937     0070                     __pcstackCOMMON:
  1938     0070                     ?_TMR0_Reload:
  1939     0070                     ?_TMR0_ReadTimer:	
  1940                           ; 1 bytes @ 0x0
  1941                           
  1942     0070                     ?_PIN_MANAGER_IOC:	
  1943                           ; 1 bytes @ 0x0
  1944                           
  1945     0070                     ?_EUSART_get_last_status:	
  1946                           ; 1 bytes @ 0x0
  1947                           
  1948     0070                     ?_EUSART_is_tx_done:	
  1949                           ; 1 bytes @ 0x0
  1950                           
  1951     0070                     ?_EUSART_is_tx_ready:	
  1952                           ; 1 bytes @ 0x0
  1953                           
  1954     0070                     ?_SYSTEM_Initialize:	
  1955                           ; 1 bytes @ 0x0
  1956                           
  1957     0070                     ?_LIN_handler:	
  1958                           ; 1 bytes @ 0x0
  1959                           
  1960     0070                     ?_LIN_signalTimeoutOccurred:	
  1961                           ; 1 bytes @ 0x0
  1962                           
  1963     0070                     ?_processLIN:	
  1964                           ; 1 bytes @ 0x0
  1965                           
  1966     0070                     ?_LIN_stopTimer:	
  1967                           ; 1 bytes @ 0x0
  1968                           
  1969     0070                     ?_LIN_enableRx:	
  1970                           ; 1 bytes @ 0x0
  1971                           
  1972     0070                     ?_LIN_setTimerHandler:	
  1973                           ; 1 bytes @ 0x0
  1974                           
  1975     0070                     ?_LIN_getChecksum:	
  1976                           ; 1 bytes @ 0x0
  1977                           
  1978     0070                     ?_EUSART_is_rx_ready:	
  1979                           ; 1 bytes @ 0x0
  1980                           
  1981     0070                     ?_LIN_startTimer:	
  1982                           ; 1 bytes @ 0x0
  1983                           
  1984     0070                     ?_LIN_breakCheck:	
  1985                           ; 1 bytes @ 0x0
  1986                           
  1987     0070                     ?_EUSART_Read:	
  1988                           ; 1 bytes @ 0x0
  1989                           
  1990     0070                     ?_LIN_checkPID:	
  1991                           ; 1 bytes @ 0x0
  1992                           
  1993     0070                     ?_LIN_getFromTable:	
  1994                           ; 1 bytes @ 0x0
  1995                           
  1996     0070                     ?_LIN_disableRx:	
  1997                           ; 1 bytes @ 0x0
  1998                           
  1999     0070                     ?_EUSART_Write:	
  2000                           ; 1 bytes @ 0x0
  2001                           
  2002     0070                     ?_LIN_calcParity:	
  2003                           ; 1 bytes @ 0x0
  2004                           
  2005     0070                     ?_TMR0_WriteTimer:	
  2006                           ; 1 bytes @ 0x0
  2007                           
  2008     0070                     ?_TMR0_SetInterruptHandler:	
  2009                           ; 1 bytes @ 0x0
  2010                           
  2011     0070                     ?_EUSART_SetRxInterruptHandler:	
  2012                           ; 1 bytes @ 0x0
  2013                           
  2014     0070                     ?_EUSART_Receive_ISR:	
  2015                           ; 1 bytes @ 0x0
  2016                           
  2017     0070                     ?_EUSART_SetTxInterruptHandler:	
  2018                           ; 1 bytes @ 0x0
  2019                           
  2020     0070                     ?_EUSART_Transmit_ISR:	
  2021                           ; 1 bytes @ 0x0
  2022                           
  2023     0070                     ?_EUSART_SetFramingErrorHandler:	
  2024                           ; 1 bytes @ 0x0
  2025                           
  2026     0070                     ?_EUSART_DefaultFramingErrorHandler:	
  2027                           ; 1 bytes @ 0x0
  2028                           
  2029     0070                     ?_EUSART_SetOverrunErrorHandler:	
  2030                           ; 1 bytes @ 0x0
  2031                           
  2032     0070                     ?_EUSART_DefaultOverrunErrorHandler:	
  2033                           ; 1 bytes @ 0x0
  2034                           
  2035     0070                     ?_EUSART_SetErrorHandler:	
  2036                           ; 1 bytes @ 0x0
  2037                           
  2038     0070                     ?_EUSART_DefaultErrorHandler:	
  2039                           ; 1 bytes @ 0x0
  2040                           
  2041     0070                     ?_EUSART_RxDataHandler:	
  2042                           ; 1 bytes @ 0x0
  2043                           
  2044     0070                     ?_TMR0_ISR:	
  2045                           ; 1 bytes @ 0x0
  2046                           
  2047     0070                     ?_PIN_MANAGER_Initialize:	
  2048                           ; 1 bytes @ 0x0
  2049                           
  2050     0070                     ?_OSCILLATOR_Initialize:	
  2051                           ; 1 bytes @ 0x0
  2052                           
  2053     0070                     ?_WDT_Initialize:	
  2054                           ; 1 bytes @ 0x0
  2055                           
  2056     0070                     ?_TMR0_Initialize:	
  2057                           ; 1 bytes @ 0x0
  2058                           
  2059     0070                     ?_TMR0_DefaultInterruptHandler:	
  2060                           ; 1 bytes @ 0x0
  2061                           
  2062     0070                     ?_HIBEAM_ON:	
  2063                           ; 1 bytes @ 0x0
  2064                           
  2065     0070                     ?_HIBEAM_OFF:	
  2066                           ; 1 bytes @ 0x0
  2067                           
  2068     0070                     ?_Clear_No_Call_Warning:	
  2069                           ; 1 bytes @ 0x0
  2070                           
  2071     0070                     ?_LIN_Slave_Initialize:	
  2072                           ; 1 bytes @ 0x0
  2073                           
  2074     0070                     ?_LIN_queuePacket:	
  2075                           ; 1 bytes @ 0x0
  2076                           
  2077     0070                     ?_LIN_timerHandler:	
  2078                           ; 1 bytes @ 0x0
  2079                           
  2080     0070                     ?_EUSART_Initialize:	
  2081                           ; 1 bytes @ 0x0
  2082                           
  2083     0070                     ?_INTERRUPT_InterruptManager:	
  2084                           ; 1 bytes @ 0x0
  2085                           
  2086     0070                     ?_memcpy:	
  2087                           ; 1 bytes @ 0x0
  2088                           
  2089     0070                     ?_memset:	
  2090                           ; 2 bytes @ 0x0
  2091                           
  2092     0070                     ?_main:	
  2093                           ; 2 bytes @ 0x0
  2094                           
  2095     0070                     LIN_getFromTable@param:	
  2096                           ; 2 bytes @ 0x0
  2097                           
  2098     0070                     LIN_getChecksum@pid:	
  2099                           ; 1 bytes @ 0x0
  2100                           
  2101     0070                     EUSART_Read@readValue:	
  2102                           ; 1 bytes @ 0x0
  2103                           
  2104     0070                     TMR0_WriteTimer@timerVal:	
  2105                           ; 1 bytes @ 0x0
  2106                           
  2107     0070                     EUSART_SetFramingErrorHandler@interruptHandler:	
  2108                           ; 1 bytes @ 0x0
  2109                           
  2110     0070                     EUSART_SetOverrunErrorHandler@interruptHandler:	
  2111                           ; 2 bytes @ 0x0
  2112                           
  2113     0070                     EUSART_SetErrorHandler@interruptHandler:	
  2114                           ; 2 bytes @ 0x0
  2115                           
  2116     0070                     EUSART_SetTxInterruptHandler@interruptHandler:	
  2117                           ; 2 bytes @ 0x0
  2118                           
  2119     0070                     EUSART_SetRxInterruptHandler@interruptHandler:	
  2120                           ; 2 bytes @ 0x0
  2121                           
  2122     0070                     TMR0_SetInterruptHandler@InterruptHandler:	
  2123                           ; 2 bytes @ 0x0
  2124                           
  2125     0070                     memcpy@d1:	
  2126                           ; 2 bytes @ 0x0
  2127                           
  2128     0070                     memset@dest:	
  2129                           ; 2 bytes @ 0x0
  2130                           
  2131     0070                     ??_TMR0_Reload:	
  2132                           ; 2 bytes @ 0x0
  2133                           
  2134     0070                     ??_TMR0_ReadTimer:	
  2135                           ; 1 bytes @ 0x0
  2136                           
  2137     0070                     ??_PIN_MANAGER_IOC:	
  2138                           ; 1 bytes @ 0x0
  2139                           
  2140     0070                     ??_EUSART_get_last_status:	
  2141                           ; 1 bytes @ 0x0
  2142                           
  2143     0070                     ??_EUSART_is_tx_done:	
  2144                           ; 1 bytes @ 0x0
  2145                           
  2146     0070                     ??_EUSART_is_tx_ready:	
  2147                           ; 1 bytes @ 0x0
  2148                           
  2149     0070                     ??_LIN_signalTimeoutOccurred:	
  2150                           ; 1 bytes @ 0x0
  2151                           
  2152     0070                     ??_LIN_stopTimer:	
  2153                           ; 1 bytes @ 0x0
  2154                           
  2155     0070                     ??_LIN_enableRx:	
  2156                           ; 1 bytes @ 0x0
  2157                           
  2158     0070                     ??_EUSART_is_rx_ready:	
  2159                           ; 1 bytes @ 0x0
  2160                           
  2161     0070                     ??_EUSART_Read:	
  2162                           ; 1 bytes @ 0x0
  2163                           
  2164     0070                     ??_LIN_disableRx:	
  2165                           ; 1 bytes @ 0x0
  2166                           
  2167     0070                     ??_LIN_calcParity:	
  2168                           ; 1 bytes @ 0x0
  2169                           
  2170     0070                     ??_TMR0_WriteTimer:	
  2171                           ; 1 bytes @ 0x0
  2172                           
  2173     0070                     ??_EUSART_Receive_ISR:	
  2174                           ; 1 bytes @ 0x0
  2175                           
  2176     0070                     ??_EUSART_Transmit_ISR:	
  2177                           ; 1 bytes @ 0x0
  2178                           
  2179     0070                     ??_EUSART_DefaultFramingErrorHandler:	
  2180                           ; 1 bytes @ 0x0
  2181                           
  2182     0070                     ??_EUSART_DefaultOverrunErrorHandler:	
  2183                           ; 1 bytes @ 0x0
  2184                           
  2185     0070                     ??_EUSART_DefaultErrorHandler:	
  2186                           ; 1 bytes @ 0x0
  2187                           
  2188     0070                     ??_EUSART_RxDataHandler:	
  2189                           ; 1 bytes @ 0x0
  2190                           
  2191     0070                     ??_TMR0_ISR:	
  2192                           ; 1 bytes @ 0x0
  2193                           
  2194     0070                     ??_PIN_MANAGER_Initialize:	
  2195                           ; 1 bytes @ 0x0
  2196                           
  2197     0070                     ??_OSCILLATOR_Initialize:	
  2198                           ; 1 bytes @ 0x0
  2199                           
  2200     0070                     ??_WDT_Initialize:	
  2201                           ; 1 bytes @ 0x0
  2202                           
  2203     0070                     ??_TMR0_DefaultInterruptHandler:	
  2204                           ; 1 bytes @ 0x0
  2205                           
  2206     0070                     ??_HIBEAM_ON:	
  2207                           ; 1 bytes @ 0x0
  2208                           
  2209     0070                     ??_HIBEAM_OFF:	
  2210                           ; 1 bytes @ 0x0
  2211                           
  2212     0070                     ??_Clear_No_Call_Warning:	
  2213                           ; 1 bytes @ 0x0
  2214                           
  2215     0070                     ??_LIN_timerHandler:	
  2216                           ; 1 bytes @ 0x0
  2217                           
  2218     0070                     ??_INTERRUPT_InterruptManager:	
  2219                           ; 1 bytes @ 0x0
  2220                           
  2221                           
  2222                           ; 1 bytes @ 0x0
  2223     0070                     	ds	1
  2224     0071                     LIN_calcParity@CMD:
  2225     0071                     LIN_startTimer@timeout:	
  2226                           ; 1 bytes @ 0x1
  2227                           
  2228     0071                     LIN_getChecksum@data:	
  2229                           ; 1 bytes @ 0x1
  2230                           
  2231     0071                     ??_LIN_startTimer:	
  2232                           ; 2 bytes @ 0x1
  2233                           
  2234     0071                     ??_LIN_breakCheck:	
  2235                           ; 1 bytes @ 0x1
  2236                           
  2237     0071                     ??_LIN_getFromTable:	
  2238                           ; 1 bytes @ 0x1
  2239                           
  2240                           
  2241                           ; 1 bytes @ 0x1
  2242     0071                     	ds	1
  2243     0072                     ?_LIN_init:
  2244     0072                     LIN_calcParity@PID:	
  2245                           ; 1 bytes @ 0x2
  2246                           
  2247     0072                     LIN_init@command:	
  2248                           ; 1 bytes @ 0x2
  2249                           
  2250     0072                     memcpy@s1:	
  2251                           ; 2 bytes @ 0x2
  2252                           
  2253     0072                     memset@c:	
  2254                           ; 2 bytes @ 0x2
  2255                           
  2256     0072                     ??_LIN_setTimerHandler:	
  2257                           ; 2 bytes @ 0x2
  2258                           
  2259     0072                     ??_TMR0_SetInterruptHandler:	
  2260                           ; 1 bytes @ 0x2
  2261                           
  2262     0072                     ??_EUSART_SetRxInterruptHandler:	
  2263                           ; 1 bytes @ 0x2
  2264                           
  2265     0072                     ??_EUSART_SetTxInterruptHandler:	
  2266                           ; 1 bytes @ 0x2
  2267                           
  2268     0072                     ??_EUSART_SetFramingErrorHandler:	
  2269                           ; 1 bytes @ 0x2
  2270                           
  2271     0072                     ??_EUSART_SetOverrunErrorHandler:	
  2272                           ; 1 bytes @ 0x2
  2273                           
  2274     0072                     ??_EUSART_SetErrorHandler:	
  2275                           ; 1 bytes @ 0x2
  2276                           
  2277     0072                     ??_TMR0_Initialize:	
  2278                           ; 1 bytes @ 0x2
  2279                           
  2280     0072                     ??_EUSART_Initialize:	
  2281                           ; 1 bytes @ 0x2
  2282                           
  2283                           
  2284                           ; 1 bytes @ 0x2
  2285     0072                     	ds	1
  2286     0073                     LIN_getFromTable@cmd:
  2287     0073                     ??_LIN_getChecksum:	
  2288                           ; 1 bytes @ 0x3
  2289                           
  2290                           
  2291                           ; 1 bytes @ 0x3
  2292     0073                     	ds	1
  2293     0074                     LIN_getFromTable@length:
  2294     0074                     LIN_init@processData:	
  2295                           ; 1 bytes @ 0x4
  2296                           
  2297     0074                     memcpy@n:	
  2298                           ; 2 bytes @ 0x4
  2299                           
  2300     0074                     memset@n:	
  2301                           ; 2 bytes @ 0x4
  2302                           
  2303                           
  2304                           ; 2 bytes @ 0x4
  2305     0074                     	ds	1
  2306     0075                     LIN_getChecksum@length:
  2307     0075                     LIN_getFromTable@rxCommand:	
  2308                           ; 1 bytes @ 0x5
  2309                           
  2310                           
  2311                           ; 2 bytes @ 0x5
  2312     0075                     	ds	1
  2313     0076                     LIN_init@tableLength:
  2314     0076                     LIN_getChecksum@i:	
  2315                           ; 1 bytes @ 0x6
  2316                           
  2317     0076                     memcpy@tmp:	
  2318                           ; 1 bytes @ 0x6
  2319                           
  2320     0076                     memset@p:	
  2321                           ; 1 bytes @ 0x6
  2322                           
  2323     0076                     ??_LIN_init:	
  2324                           ; 1 bytes @ 0x6
  2325                           
  2326     0076                     ??_memcpy:	
  2327                           ; 1 bytes @ 0x6
  2328                           
  2329     0076                     ??_memset:	
  2330                           ; 1 bytes @ 0x6
  2331                           
  2332                           
  2333                           ; 1 bytes @ 0x6
  2334     0076                     	ds	1
  2335     0077                     LIN_checkPID@pid:
  2336     0077                     memcpy@d:	
  2337                           ; 1 bytes @ 0x7
  2338                           
  2339     0077                     LIN_getChecksum@checksum:	
  2340                           ; 1 bytes @ 0x7
  2341                           
  2342     0077                     ??_SYSTEM_Initialize:	
  2343                           ; 2 bytes @ 0x7
  2344                           
  2345     0077                     ??_LIN_checkPID:	
  2346                           ; 1 bytes @ 0x7
  2347                           
  2348     0077                     ??_LIN_Slave_Initialize:	
  2349                           ; 1 bytes @ 0x7
  2350                           
  2351                           
  2352                           ; 1 bytes @ 0x7
  2353     0077                     	ds	1
  2354     0078                     memcpy@s:
  2355                           
  2356                           ; 1 bytes @ 0x8
  2357     0078                     	ds	1
  2358     0079                     ?_LIN_getPacket:
  2359     0079                     LIN_getPacket@data:	
  2360                           ; 1 bytes @ 0x9
  2361                           
  2362     0079                     EUSART_Write@txData:	
  2363                           ; 1 bytes @ 0x9
  2364                           
  2365     0079                     ??_EUSART_Write:	
  2366                           ; 1 bytes @ 0x9
  2367                           
  2368                           
  2369                           ; 1 bytes @ 0x9
  2370     0079                     	ds	1
  2371     007A                     ?_LIN_sendPacket:
  2372     007A                     LIN_sendPacket@pid:	
  2373                           ; 1 bytes @ 0xA
  2374                           
  2375     007A                     LIN_getPacket@cmd:	
  2376                           ; 1 bytes @ 0xA
  2377                           
  2378     007A                     ??_LIN_getPacket:	
  2379                           ; 1 bytes @ 0xA
  2380                           
  2381                           
  2382                           ; 1 bytes @ 0xA
  2383     007A                     	ds	1
  2384     007B                     LIN_sendPacket@data:
  2385     007B                     ??_processLIN:	
  2386                           ; 2 bytes @ 0xB
  2387                           
  2388                           
  2389                           ; 1 bytes @ 0xB
  2390     007B                     	ds	2
  2391     007D                     ??_LIN_sendPacket:
  2392     007D                     ??_main:	
  2393                           ; 1 bytes @ 0xD
  2394                           
  2395                           
  2396                           	psect	cstackBANK0
  2397     0061                     __pcstackBANK0:	
  2398                           ; 1 bytes @ 0xD
  2399                           
  2400     0061                     LIN_sendPacket@length:
  2401     0061                     processLIN@tempRxData:	
  2402                           ; 1 bytes @ 0x0
  2403                           
  2404                           
  2405                           ; 8 bytes @ 0x0
  2406     0061                     	ds	1
  2407     0062                     LIN_sendPacket@i:
  2408                           
  2409                           ; 1 bytes @ 0x1
  2410     0062                     	ds	1
  2411     0063                     ??_LIN_queuePacket:
  2412                           
  2413                           ; 1 bytes @ 0x2
  2414     0063                     	ds	3
  2415     0066                     LIN_queuePacket@cmd:
  2416                           
  2417                           ; 1 bytes @ 0x5
  2418     0066                     	ds	1
  2419     0067                     LIN_queuePacket@i:
  2420                           
  2421                           ; 1 bytes @ 0x6
  2422     0067                     	ds	1
  2423     0068                     LIN_queuePacket@tempSchedule:
  2424                           
  2425                           ; 2 bytes @ 0x7
  2426     0068                     	ds	1
  2427     0069                     processLIN@cmd:
  2428                           
  2429                           ; 1 bytes @ 0x8
  2430     0069                     	ds	1
  2431     006A                     ??_LIN_handler:
  2432                           
  2433                           ; 1 bytes @ 0x9
  2434     006A                     	ds	5
  2435                           
  2436                           	psect	maintext
  2437     04F6                     __pmaintext:	
  2438 ;;
  2439 ;;Main: autosize = 0, tempsize = 0, incstack = 0, save=0
  2440 ;;
  2441 ;; *************** function _main *****************
  2442 ;; Defined at:
  2443 ;;		line 77 in file "D:\yiming\00work\FR685_V05.X\main.c"
  2444 ;; Parameters:    Size  Location     Type
  2445 ;;		None
  2446 ;; Auto vars:     Size  Location     Type
  2447 ;;		None
  2448 ;; Return value:  Size  Location     Type
  2449 ;;                  2   59[None  ] int 
  2450 ;; Registers used:
  2451 ;;		wreg, fsr0l, fsr0h, fsr1l, fsr1h, status,2, status,0, pclath, cstack
  2452 ;; Tracked objects:
  2453 ;;		On entry : B1F/0
  2454 ;;		On exit  : 0/0
  2455 ;;		Unchanged: 0/0
  2456 ;; Data sizes:     COMMON   BANK0   BANK1   BANK2   BANK3   BANK4   BANK5   BANK6
  2457 ;;      Params:         0       0       0       0       0       0       0       0
  2458 ;;      Locals:         0       0       0       0       0       0       0       0
  2459 ;;      Temps:          0       0       0       0       0       0       0       0
  2460 ;;      Totals:         0       0       0       0       0       0       0       0
  2461 ;;Total ram usage:        0 bytes
  2462 ;; Hardware stack levels required when called: 9
  2463 ;; This function calls:
  2464 ;;		_Clear_No_Call_Warning
  2465 ;;		_LIN_handler
  2466 ;;		_LIN_signalTimeoutOccurred
  2467 ;;		_SYSTEM_Initialize
  2468 ;; This function is called by:
  2469 ;;		Startup code after reset
  2470 ;; This function uses a non-reentrant model
  2471 ;;
  2472                           
  2473     04F6                     _main:	
  2474                           ;psect for function _main
  2475                           
  2476     04F6                     l2656:	
  2477                           ;incstack = 0
  2478                           ; Regs used in _main: [wreg-fsr1h+status,2+status,0+pclath+cstack]
  2479                           
  2480                           
  2481                           ;D:\yiming\00work\FR685_V05.X\main.c: 80:   SYSTEM_Initialize();
  2482     04F6  3185  2563  3184   	fcall	_SYSTEM_Initialize
  2483     04F9                     l2658:
  2484                           
  2485                           ;D:\yiming\00work\FR685_V05.X\main.c: 83:   (INTCONbits.GIE = 1);
  2486     04F9  178B               	bsf	11,7	;volatile
  2487     04FA                     l2660:
  2488                           
  2489                           ;D:\yiming\00work\FR685_V05.X\main.c: 85:   (INTCONbits.PEIE = 1);
  2490     04FA  170B               	bsf	11,6	;volatile
  2491     04FB                     l2662:
  2492                           
  2493                           ;D:\yiming\00work\FR685_V05.X\main.c: 87:   Clear_No_Call_Warning();
  2494     04FB  3186  263E  3184   	fcall	_Clear_No_Call_Warning
  2495     04FE                     l2664:
  2496                           
  2497                           ;D:\yiming\00work\FR685_V05.X\main.c: 89:   {;D:\yiming\00work\FR685_V05.X\main.c: 91:  
      +                             LIN_handler();
  2498     04FE  3180  2056  3184   	fcall	_LIN_handler
  2499     0501                     l2666:
  2500                           
  2501                           ;D:\yiming\00work\FR685_V05.X\main.c: 92:     if (LIN_signalTimeoutOccurred())
  2502     0501  3185  25C0  3184   	fcall	_LIN_signalTimeoutOccurred
  2503     0504  3A00               	xorlw	0
  2504     0505  1903               	skipnz
  2505     0506  2D08               	goto	u2061
  2506     0507  2D09               	goto	u2060
  2507     0508                     u2061:
  2508     0508  2CFE               	goto	l2664
  2509     0509                     u2060:
  2510     0509                     l2668:
  2511                           
  2512                           ;D:\yiming\00work\FR685_V05.X\main.c: 93:     {;D:\yiming\00work\FR685_V05.X\main.c: 94:
      +                                 LATBbits.LATB2 = 0;
  2513     0509  0022               	movlb	2	; select bank2
  2514     050A  110D               	bcf	13,2	;volatile
  2515     050B  2CFE               	goto	l2664
  2516     050C  3180  283B         	ljmp	start
  2517     050E                     __end_of_main:
  2518                           
  2519                           	psect	text1
  2520     0563                     __ptext1:	
  2521 ;; *************** function _SYSTEM_Initialize *****************
  2522 ;; Defined at:
  2523 ;;		line 50 in file "D:\yiming\00work\FR685_V05.X\mcc_generated_files\mcc.c"
  2524 ;; Parameters:    Size  Location     Type
  2525 ;;		None
  2526 ;; Auto vars:     Size  Location     Type
  2527 ;;		None
  2528 ;; Return value:  Size  Location     Type
  2529 ;;                  1    wreg      void 
  2530 ;; Registers used:
  2531 ;;		wreg, status,2, status,0, pclath, cstack
  2532 ;; Tracked objects:
  2533 ;;		On entry : 0/0
  2534 ;;		On exit  : 0/0
  2535 ;;		Unchanged: 0/0
  2536 ;; Data sizes:     COMMON   BANK0   BANK1   BANK2   BANK3   BANK4   BANK5   BANK6
  2537 ;;      Params:         0       0       0       0       0       0       0       0
  2538 ;;      Locals:         0       0       0       0       0       0       0       0
  2539 ;;      Temps:          0       0       0       0       0       0       0       0
  2540 ;;      Totals:         0       0       0       0       0       0       0       0
  2541 ;;Total ram usage:        0 bytes
  2542 ;; Hardware stack levels used: 1
  2543 ;; Hardware stack levels required when called: 8
  2544 ;; This function calls:
  2545 ;;		_EUSART_Initialize
  2546 ;;		_LIN_Slave_Initialize
  2547 ;;		_OSCILLATOR_Initialize
  2548 ;;		_PIN_MANAGER_Initialize
  2549 ;;		_TMR0_Initialize
  2550 ;;		_WDT_Initialize
  2551 ;; This function is called by:
  2552 ;;		_main
  2553 ;; This function uses a non-reentrant model
  2554 ;;
  2555                           
  2556     0563                     _SYSTEM_Initialize:	
  2557                           ;psect for function _SYSTEM_Initialize
  2558                           
  2559     0563                     l2558:	
  2560                           ;incstack = 0
  2561                           ; Regs used in _SYSTEM_Initialize: [wreg+status,2+status,0+pclath+cstack]
  2562                           
  2563                           
  2564                           ;D:\yiming\00work\FR685_V05.X\mcc_generated_files\mcc.c: 53:     PIN_MANAGER_Initialize(
      +                          );
  2565     0563  3184  24C2  3185   	fcall	_PIN_MANAGER_Initialize
  2566                           
  2567                           ;D:\yiming\00work\FR685_V05.X\mcc_generated_files\mcc.c: 54:     OSCILLATOR_Initialize()
      +                          ;
  2568     0566  3185  25B4  3185   	fcall	_OSCILLATOR_Initialize
  2569                           
  2570                           ;D:\yiming\00work\FR685_V05.X\mcc_generated_files\mcc.c: 55:     WDT_Initialize();
  2571     0569  3186  261A  3185   	fcall	_WDT_Initialize
  2572     056C                     l2560:
  2573                           
  2574                           ;D:\yiming\00work\FR685_V05.X\mcc_generated_files\mcc.c: 56:     TMR0_Initialize();
  2575     056C  3185  253B  3185   	fcall	_TMR0_Initialize
  2576     056F                     l2562:
  2577                           
  2578                           ;D:\yiming\00work\FR685_V05.X\mcc_generated_files\mcc.c: 57:     EUSART_Initialize();
  2579     056F  3183  231A  3185   	fcall	_EUSART_Initialize
  2580     0572                     l2564:
  2581                           
  2582                           ;D:\yiming\00work\FR685_V05.X\mcc_generated_files\mcc.c: 58:     LIN_Slave_Initialize();
  2583     0572  3185  25A7  3185   	fcall	_LIN_Slave_Initialize
  2584     0575                     l501:
  2585     0575  0008               	return
  2586     0576                     __end_of_SYSTEM_Initialize:
  2587                           
  2588                           	psect	text2
  2589     061A                     __ptext2:	
  2590 ;; *************** function _WDT_Initialize *****************
  2591 ;; Defined at:
  2592 ;;		line 75 in file "D:\yiming\00work\FR685_V05.X\mcc_generated_files\mcc.c"
  2593 ;; Parameters:    Size  Location     Type
  2594 ;;		None
  2595 ;; Auto vars:     Size  Location     Type
  2596 ;;		None
  2597 ;; Return value:  Size  Location     Type
  2598 ;;                  1    wreg      void 
  2599 ;; Registers used:
  2600 ;;		None
  2601 ;; Tracked objects:
  2602 ;;		On entry : 0/0
  2603 ;;		On exit  : 0/0
  2604 ;;		Unchanged: 0/0
  2605 ;; Data sizes:     COMMON   BANK0   BANK1   BANK2   BANK3   BANK4   BANK5   BANK6
  2606 ;;      Params:         0       0       0       0       0       0       0       0
  2607 ;;      Locals:         0       0       0       0       0       0       0       0
  2608 ;;      Temps:          0       0       0       0       0       0       0       0
  2609 ;;      Totals:         0       0       0       0       0       0       0       0
  2610 ;;Total ram usage:        0 bytes
  2611 ;; Hardware stack levels used: 1
  2612 ;; Hardware stack levels required when called: 4
  2613 ;; This function calls:
  2614 ;;		Nothing
  2615 ;; This function is called by:
  2616 ;;		_SYSTEM_Initialize
  2617 ;; This function uses a non-reentrant model
  2618 ;;
  2619                           
  2620     061A                     _WDT_Initialize:	
  2621                           ;psect for function _WDT_Initialize
  2622                           
  2623     061A                     l1528:	
  2624                           ;incstack = 0
  2625                           ; Regs used in _WDT_Initialize: []
  2626                           
  2627                           
  2628                           ;D:\yiming\00work\FR685_V05.X\mcc_generated_files\mcc.c: 78:     WDTCON = 0x16;
  2629     061A  3016               	movlw	22
  2630     061B  0021               	movlb	1	; select bank1
  2631     061C  0097               	movwf	23	;volatile
  2632     061D                     l510:
  2633     061D  0008               	return
  2634     061E                     __end_of_WDT_Initialize:
  2635                           
  2636                           	psect	text3
  2637     053B                     __ptext3:	
  2638 ;; *************** function _TMR0_Initialize *****************
  2639 ;; Defined at:
  2640 ;;		line 64 in file "D:\yiming\00work\FR685_V05.X\mcc_generated_files\tmr0.c"
  2641 ;; Parameters:    Size  Location     Type
  2642 ;;		None
  2643 ;; Auto vars:     Size  Location     Type
  2644 ;;		None
  2645 ;; Return value:  Size  Location     Type
  2646 ;;                  1    wreg      void 
  2647 ;; Registers used:
  2648 ;;		wreg, status,2, status,0, pclath, cstack
  2649 ;; Tracked objects:
  2650 ;;		On entry : 0/0
  2651 ;;		On exit  : 0/0
  2652 ;;		Unchanged: 0/0
  2653 ;; Data sizes:     COMMON   BANK0   BANK1   BANK2   BANK3   BANK4   BANK5   BANK6
  2654 ;;      Params:         0       0       0       0       0       0       0       0
  2655 ;;      Locals:         0       0       0       0       0       0       0       0
  2656 ;;      Temps:          0       0       0       0       0       0       0       0
  2657 ;;      Totals:         0       0       0       0       0       0       0       0
  2658 ;;Total ram usage:        0 bytes
  2659 ;; Hardware stack levels used: 1
  2660 ;; Hardware stack levels required when called: 5
  2661 ;; This function calls:
  2662 ;;		_TMR0_SetInterruptHandler
  2663 ;; This function is called by:
  2664 ;;		_SYSTEM_Initialize
  2665 ;; This function uses a non-reentrant model
  2666 ;;
  2667                           
  2668     053B                     _TMR0_Initialize:	
  2669                           ;psect for function _TMR0_Initialize
  2670                           
  2671     053B                     l2148:	
  2672                           ;incstack = 0
  2673                           ; Regs used in _TMR0_Initialize: [wreg+status,2+status,0+pclath+cstack]
  2674                           
  2675                           
  2676                           ;D:\yiming\00work\FR685_V05.X\mcc_generated_files\tmr0.c: 69:     OPTION_REG = (uint8_t)
      +                          ((OPTION_REG & 0xC0) | (0xD4 & 0x3F));
  2677     053B  0021               	movlb	1	; select bank1
  2678     053C  0815               	movf	21,w	;volatile
  2679     053D  39C0               	andlw	192
  2680     053E  3814               	iorlw	20
  2681     053F  0095               	movwf	21	;volatile
  2682     0540                     l2150:
  2683                           
  2684                           ;D:\yiming\00work\FR685_V05.X\mcc_generated_files\tmr0.c: 72:     TMR0 = 0x06;
  2685     0540  3006               	movlw	6
  2686     0541  0020               	movlb	0	; select bank0
  2687     0542  0095               	movwf	21	;volatile
  2688     0543                     l2152:
  2689                           
  2690                           ;D:\yiming\00work\FR685_V05.X\mcc_generated_files\tmr0.c: 75:     timer0ReloadVal= 6;
  2691     0543  3006               	movlw	6
  2692     0544  00C4               	movwf	_timer0ReloadVal	;volatile
  2693     0545                     l2154:
  2694                           
  2695                           ;D:\yiming\00work\FR685_V05.X\mcc_generated_files\tmr0.c: 78:     INTCONbits.TMR0IF = 0;
  2696     0545  110B               	bcf	11,2	;volatile
  2697     0546                     l2156:
  2698                           
  2699                           ;D:\yiming\00work\FR685_V05.X\mcc_generated_files\tmr0.c: 81:     INTCONbits.TMR0IE = 1;
  2700     0546  168B               	bsf	11,5	;volatile
  2701     0547                     l2158:
  2702                           
  2703                           ;D:\yiming\00work\FR685_V05.X\mcc_generated_files\tmr0.c: 84:     TMR0_SetInterruptHandl
      +                          er(TMR0_DefaultInterruptHandler);
  2704     0547  3041               	movlw	low _TMR0_DefaultInterruptHandler
  2705     0548  00F0               	movwf	TMR0_SetInterruptHandler@InterruptHandler
  2706     0549  3006               	movlw	high _TMR0_DefaultInterruptHandler
  2707     054A  00F1               	movwf	TMR0_SetInterruptHandler@InterruptHandler+1
  2708     054B  3185  25E2  3185   	fcall	_TMR0_SetInterruptHandler
  2709     054E                     l561:
  2710     054E  0008               	return
  2711     054F                     __end_of_TMR0_Initialize:
  2712                           
  2713                           	psect	text4
  2714     04C2                     __ptext4:	
  2715 ;; *************** function _PIN_MANAGER_Initialize *****************
  2716 ;; Defined at:
  2717 ;;		line 55 in file "D:\yiming\00work\FR685_V05.X\mcc_generated_files\pin_manager.c"
  2718 ;; Parameters:    Size  Location     Type
  2719 ;;		None
  2720 ;; Auto vars:     Size  Location     Type
  2721 ;;		None
  2722 ;; Return value:  Size  Location     Type
  2723 ;;                  1    wreg      void 
  2724 ;; Registers used:
  2725 ;;		status,2
  2726 ;; Tracked objects:
  2727 ;;		On entry : 0/0
  2728 ;;		On exit  : 0/0
  2729 ;;		Unchanged: 0/0
  2730 ;; Data sizes:     COMMON   BANK0   BANK1   BANK2   BANK3   BANK4   BANK5   BANK6
  2731 ;;      Params:         0       0       0       0       0       0       0       0
  2732 ;;      Locals:         0       0       0       0       0       0       0       0
  2733 ;;      Temps:          0       0       0       0       0       0       0       0
  2734 ;;      Totals:         0       0       0       0       0       0       0       0
  2735 ;;Total ram usage:        0 bytes
  2736 ;; Hardware stack levels used: 1
  2737 ;; Hardware stack levels required when called: 4
  2738 ;; This function calls:
  2739 ;;		Nothing
  2740 ;; This function is called by:
  2741 ;;		_SYSTEM_Initialize
  2742 ;; This function uses a non-reentrant model
  2743 ;;
  2744                           
  2745     04C2                     _PIN_MANAGER_Initialize:	
  2746                           ;psect for function _PIN_MANAGER_Initialize
  2747                           
  2748     04C2                     l1510:	
  2749                           ;incstack = 0
  2750                           ; Regs used in _PIN_MANAGER_Initialize: [status,2]
  2751                           
  2752                           
  2753                           ;D:\yiming\00work\FR685_V05.X\mcc_generated_files\pin_manager.c: 60:     LATE = 0x00;
  2754     04C2  0022               	movlb	2	; select bank2
  2755     04C3  0190               	clrf	16	;volatile
  2756                           
  2757                           ;D:\yiming\00work\FR685_V05.X\mcc_generated_files\pin_manager.c: 61:     LATA = 0x00;
  2758     04C4  018C               	clrf	12	;volatile
  2759                           
  2760                           ;D:\yiming\00work\FR685_V05.X\mcc_generated_files\pin_manager.c: 62:     LATB = 0x00;
  2761     04C5  018D               	clrf	13	;volatile
  2762                           
  2763                           ;D:\yiming\00work\FR685_V05.X\mcc_generated_files\pin_manager.c: 63:     LATC = 0x00;
  2764     04C6  018E               	clrf	14	;volatile
  2765     04C7                     l1512:
  2766                           
  2767                           ;D:\yiming\00work\FR685_V05.X\mcc_generated_files\pin_manager.c: 68:     TRISE = 0x08;
  2768     04C7  3008               	movlw	8
  2769     04C8  0021               	movlb	1	; select bank1
  2770     04C9  0090               	movwf	16	;volatile
  2771     04CA                     l1514:
  2772                           
  2773                           ;D:\yiming\00work\FR685_V05.X\mcc_generated_files\pin_manager.c: 69:     TRISA = 0xFF;
  2774     04CA  30FF               	movlw	255
  2775     04CB  008C               	movwf	12	;volatile
  2776     04CC                     l1516:
  2777                           
  2778                           ;D:\yiming\00work\FR685_V05.X\mcc_generated_files\pin_manager.c: 70:     TRISB = 0xC0;
  2779     04CC  30C0               	movlw	192
  2780     04CD  008D               	movwf	13	;volatile
  2781     04CE                     l1518:
  2782                           
  2783                           ;D:\yiming\00work\FR685_V05.X\mcc_generated_files\pin_manager.c: 71:     TRISC = 0xBF;
  2784     04CE  30BF               	movlw	191
  2785     04CF  008E               	movwf	14	;volatile
  2786                           
  2787                           ;D:\yiming\00work\FR685_V05.X\mcc_generated_files\pin_manager.c: 76:     ANSELB = 0x00;
  2788     04D0  0023               	movlb	3	; select bank3
  2789     04D1  018D               	clrf	13	;volatile
  2790     04D2                     l1520:
  2791                           
  2792                           ;D:\yiming\00work\FR685_V05.X\mcc_generated_files\pin_manager.c: 77:     ANSELA = 0x3F;
  2793     04D2  303F               	movlw	63
  2794     04D3  008C               	movwf	12	;volatile
  2795                           
  2796                           ;D:\yiming\00work\FR685_V05.X\mcc_generated_files\pin_manager.c: 82:     WPUE = 0x00;
  2797     04D4  0024               	movlb	4	; select bank4
  2798     04D5  0190               	clrf	16	;volatile
  2799                           
  2800                           ;D:\yiming\00work\FR685_V05.X\mcc_generated_files\pin_manager.c: 83:     WPUB = 0x00;
  2801     04D6  018D               	clrf	13	;volatile
  2802     04D7                     l1522:
  2803                           
  2804                           ;D:\yiming\00work\FR685_V05.X\mcc_generated_files\pin_manager.c: 84:     OPTION_REGbits.
      +                          nWPUEN = 1;
  2805     04D7  0021               	movlb	1	; select bank1
  2806     04D8  1795               	bsf	21,7	;volatile
  2807                           
  2808                           ;D:\yiming\00work\FR685_V05.X\mcc_generated_files\pin_manager.c: 90:     APFCON = 0x00;
  2809     04D9  0022               	movlb	2	; select bank2
  2810     04DA  019D               	clrf	29	;volatile
  2811     04DB                     l541:
  2812     04DB  0008               	return
  2813     04DC                     __end_of_PIN_MANAGER_Initialize:
  2814                           
  2815                           	psect	text5
  2816     05B4                     __ptext5:	
  2817 ;; *************** function _OSCILLATOR_Initialize *****************
  2818 ;; Defined at:
  2819 ;;		line 61 in file "D:\yiming\00work\FR685_V05.X\mcc_generated_files\mcc.c"
  2820 ;; Parameters:    Size  Location     Type
  2821 ;;		None
  2822 ;; Auto vars:     Size  Location     Type
  2823 ;;		None
  2824 ;; Return value:  Size  Location     Type
  2825 ;;                  1    wreg      void 
  2826 ;; Registers used:
  2827 ;;		status,2
  2828 ;; Tracked objects:
  2829 ;;		On entry : 0/0
  2830 ;;		On exit  : 0/0
  2831 ;;		Unchanged: 0/0
  2832 ;; Data sizes:     COMMON   BANK0   BANK1   BANK2   BANK3   BANK4   BANK5   BANK6
  2833 ;;      Params:         0       0       0       0       0       0       0       0
  2834 ;;      Locals:         0       0       0       0       0       0       0       0
  2835 ;;      Temps:          0       0       0       0       0       0       0       0
  2836 ;;      Totals:         0       0       0       0       0       0       0       0
  2837 ;;Total ram usage:        0 bytes
  2838 ;; Hardware stack levels used: 1
  2839 ;; Hardware stack levels required when called: 4
  2840 ;; This function calls:
  2841 ;;		Nothing
  2842 ;; This function is called by:
  2843 ;;		_SYSTEM_Initialize
  2844 ;; This function uses a non-reentrant model
  2845 ;;
  2846                           
  2847     05B4                     _OSCILLATOR_Initialize:	
  2848                           ;psect for function _OSCILLATOR_Initialize
  2849                           
  2850     05B4                     l1524:	
  2851                           ;incstack = 0
  2852                           ; Regs used in _OSCILLATOR_Initialize: [status,2]
  2853                           
  2854                           
  2855                           ;D:\yiming\00work\FR685_V05.X\mcc_generated_files\mcc.c: 64:     OSCCON = 0x70;
  2856     05B4  3070               	movlw	112
  2857     05B5  0021               	movlb	1	; select bank1
  2858     05B6  0099               	movwf	25	;volatile
  2859     05B7                     l1526:
  2860                           
  2861                           ;D:\yiming\00work\FR685_V05.X\mcc_generated_files\mcc.c: 66:     OSCTUNE = 0x00;
  2862     05B7  0198               	clrf	24	;volatile
  2863                           
  2864                           ;D:\yiming\00work\FR685_V05.X\mcc_generated_files\mcc.c: 68:     BORCON = 0x00;
  2865     05B8  0022               	movlb	2	; select bank2
  2866     05B9  0196               	clrf	22	;volatile
  2867     05BA                     l504:	
  2868                           ;D:\yiming\00work\FR685_V05.X\mcc_generated_files\mcc.c: 71:     {;D:\yiming\00work\FR68
      +                          5_V05.X\mcc_generated_files\mcc.c: 72:     }
  2869                           
  2870                           
  2871                           ;D:\yiming\00work\FR685_V05.X\mcc_generated_files\mcc.c: 70:     while(PLLR == 0)
  2872     05BA  0021               	movlb	1	; select bank1
  2873     05BB  1F1A               	btfss	26,6	;volatile
  2874     05BC  2DBE               	goto	u581
  2875     05BD  2DBF               	goto	u580
  2876     05BE                     u581:
  2877     05BE  2DBA               	goto	l504
  2878     05BF                     u580:
  2879     05BF                     l507:
  2880     05BF  0008               	return
  2881     05C0                     __end_of_OSCILLATOR_Initialize:
  2882                           
  2883                           	psect	text6
  2884     05A7                     __ptext6:	
  2885 ;; *************** function _LIN_Slave_Initialize *****************
  2886 ;; Defined at:
  2887 ;;		line 64 in file "D:\yiming\00work\FR685_V05.X\mcc_generated_files\LINDrivers\lin_app.c"
  2888 ;; Parameters:    Size  Location     Type
  2889 ;;		None
  2890 ;; Auto vars:     Size  Location     Type
  2891 ;;		None
  2892 ;; Return value:  Size  Location     Type
  2893 ;;                  1    wreg      void 
  2894 ;; Registers used:
  2895 ;;		wreg, status,2, status,0, pclath, cstack
  2896 ;; Tracked objects:
  2897 ;;		On entry : 0/0
  2898 ;;		On exit  : 0/0
  2899 ;;		Unchanged: 0/0
  2900 ;; Data sizes:     COMMON   BANK0   BANK1   BANK2   BANK3   BANK4   BANK5   BANK6
  2901 ;;      Params:         0       0       0       0       0       0       0       0
  2902 ;;      Locals:         0       0       0       0       0       0       0       0
  2903 ;;      Temps:          0       0       0       0       0       0       0       0
  2904 ;;      Totals:         0       0       0       0       0       0       0       0
  2905 ;;Total ram usage:        0 bytes
  2906 ;; Hardware stack levels used: 1
  2907 ;; Hardware stack levels required when called: 7
  2908 ;; This function calls:
  2909 ;;		_LIN_init
  2910 ;; This function is called by:
  2911 ;;		_SYSTEM_Initialize
  2912 ;; This function uses a non-reentrant model
  2913 ;;
  2914                           
  2915     05A7                     _LIN_Slave_Initialize:	
  2916                           ;psect for function _LIN_Slave_Initialize
  2917                           
  2918     05A7                     l2500:	
  2919                           ;incstack = 0
  2920                           ; Regs used in _LIN_Slave_Initialize: [wreg+status,2+status,0+pclath+cstack]
  2921                           
  2922                           
  2923                           ;D:\yiming\00work\FR685_V05.X\mcc_generated_files\LINDrivers\lin_app.c: 66:   LIN_init((
      +                          sizeof(scheduleTable)/sizeof(lin_rx_cmd_t)), scheduleTable, processLIN);
  2924     05A7  3006               	movlw	low (_scheduleTable| (0+32768))
  2925     05A8  00F2               	movwf	LIN_init@command
  2926     05A9  3086               	movlw	high (_scheduleTable| (0+32768))
  2927     05AA  00F3               	movwf	LIN_init@command+1
  2928     05AB  30C2               	movlw	low _processLIN
  2929     05AC  00F4               	movwf	LIN_init@processData
  2930     05AD  3002               	movlw	high _processLIN
  2931     05AE  00F5               	movwf	LIN_init@processData+1
  2932     05AF  3001               	movlw	1
  2933     05B0  3185  2525  3185   	fcall	_LIN_init
  2934     05B3                     l83:
  2935     05B3  0008               	return
  2936     05B4                     __end_of_LIN_Slave_Initialize:
  2937                           
  2938                           	psect	text7
  2939     0525                     __ptext7:	
  2940 ;; *************** function _LIN_init *****************
  2941 ;; Defined at:
  2942 ;;		line 49 in file "D:\yiming\00work\FR685_V05.X\mcc_generated_files\LINDrivers\lin_slave.c"
  2943 ;; Parameters:    Size  Location     Type
  2944 ;;  tableLength     1    wreg     unsigned char 
  2945 ;;  command         2    2[COMMON] const PTR const struct .
  2946 ;;		 -> scheduleTable(5), 
  2947 ;;  processData     2    4[COMMON] PTR FTN()void 
  2948 ;;		 -> processLIN(1), 
  2949 ;; Auto vars:     Size  Location     Type
  2950 ;;  tableLength     1    6[COMMON] unsigned char 
  2951 ;; Return value:  Size  Location     Type
  2952 ;;                  1    wreg      void 
  2953 ;; Registers used:
  2954 ;;		wreg, status,2, status,0, pclath, cstack
  2955 ;; Tracked objects:
  2956 ;;		On entry : 0/0
  2957 ;;		On exit  : 0/0
  2958 ;;		Unchanged: 0/0
  2959 ;; Data sizes:     COMMON   BANK0   BANK1   BANK2   BANK3   BANK4   BANK5   BANK6
  2960 ;;      Params:         4       0       0       0       0       0       0       0
  2961 ;;      Locals:         1       0       0       0       0       0       0       0
  2962 ;;      Temps:          0       0       0       0       0       0       0       0
  2963 ;;      Totals:         5       0       0       0       0       0       0       0
  2964 ;;Total ram usage:        5 bytes
  2965 ;; Hardware stack levels used: 1
  2966 ;; Hardware stack levels required when called: 6
  2967 ;; This function calls:
  2968 ;;		_LIN_enableRx
  2969 ;;		_LIN_setTimerHandler
  2970 ;;		_LIN_stopTimer
  2971 ;; This function is called by:
  2972 ;;		_LIN_Slave_Initialize
  2973 ;; This function uses a non-reentrant model
  2974 ;;
  2975                           
  2976     0525                     _LIN_init:	
  2977                           ;psect for function _LIN_init
  2978                           
  2979                           
  2980                           ;incstack = 0
  2981                           ; Regs used in _LIN_init: [wreg+status,2+status,0+pclath+cstack]
  2982                           ;LIN_init@tableLength stored from wreg
  2983     0525  00F6               	movwf	LIN_init@tableLength
  2984     0526                     l1862:
  2985                           
  2986                           ;D:\yiming\00work\FR685_V05.X\mcc_generated_files\LINDrivers\lin_slave.c: 49: void LIN_i
      +                          nit(uint8_t tableLength, const lin_rx_cmd_t *const command, void (*processData)(void));D
      +                          :\yiming\00work\FR685_V05.X\mcc_generated_files\LINDrivers\lin_slave.c: 50: {;D:\yiming\
      +                          00work\FR685_V05.X\mcc_generated_files\LINDrivers\lin_slave.c: 51:     LIN_rxCommand = c
      +                          ommand;
  2987     0526  0873               	movf	LIN_init@command+1,w
  2988     0527  0020               	movlb	0	; select bank0
  2989     0528  00BF               	movwf	_LIN_rxCommand+1
  2990     0529  0872               	movf	LIN_init@command,w
  2991     052A  00BE               	movwf	_LIN_rxCommand
  2992                           
  2993                           ;D:\yiming\00work\FR685_V05.X\mcc_generated_files\LINDrivers\lin_slave.c: 52:     LIN_rx
      +                          CommandLength = tableLength;
  2994     052B  0876               	movf	LIN_init@tableLength,w
  2995     052C  00D2               	movwf	_LIN_rxCommandLength
  2996                           
  2997                           ;D:\yiming\00work\FR685_V05.X\mcc_generated_files\LINDrivers\lin_slave.c: 53:     LIN_pr
      +                          ocessData = processData;
  2998     052D  0875               	movf	LIN_init@processData+1,w
  2999     052E  00C1               	movwf	_LIN_processData+1
  3000     052F  0874               	movf	LIN_init@processData,w
  3001     0530  00C0               	movwf	_LIN_processData
  3002     0531                     l1864:
  3003                           
  3004                           ;D:\yiming\00work\FR685_V05.X\mcc_generated_files\LINDrivers\lin_slave.c: 54:     LIN_st
      +                          opTimer();
  3005     0531  3186  261E  3185   	fcall	_LIN_stopTimer
  3006     0534                     l1866:
  3007                           
  3008                           ;D:\yiming\00work\FR685_V05.X\mcc_generated_files\LINDrivers\lin_slave.c: 56:     LIN_en
      +                          ableRx();
  3009     0534  3186  2610  3185   	fcall	_LIN_enableRx
  3010     0537                     l1868:
  3011                           
  3012                           ;D:\yiming\00work\FR685_V05.X\mcc_generated_files\LINDrivers\lin_slave.c: 57:     LIN_se
      +                          tTimerHandler();
  3013     0537  3185  25D4  3185   	fcall	_LIN_setTimerHandler
  3014     053A                     l188:
  3015     053A  0008               	return
  3016     053B                     __end_of_LIN_init:
  3017                           
  3018                           	psect	text8
  3019     061E                     __ptext8:	
  3020 ;; *************** function _LIN_stopTimer *****************
  3021 ;; Defined at:
  3022 ;;		line 361 in file "D:\yiming\00work\FR685_V05.X\mcc_generated_files\LINDrivers\lin_slave.c"
  3023 ;; Parameters:    Size  Location     Type
  3024 ;;		None
  3025 ;; Auto vars:     Size  Location     Type
  3026 ;;		None
  3027 ;; Return value:  Size  Location     Type
  3028 ;;                  1    wreg      void 
  3029 ;; Registers used:
  3030 ;;		status,2
  3031 ;; Tracked objects:
  3032 ;;		On entry : 0/0
  3033 ;;		On exit  : 0/0
  3034 ;;		Unchanged: 0/0
  3035 ;; Data sizes:     COMMON   BANK0   BANK1   BANK2   BANK3   BANK4   BANK5   BANK6
  3036 ;;      Params:         0       0       0       0       0       0       0       0
  3037 ;;      Locals:         0       0       0       0       0       0       0       0
  3038 ;;      Temps:          0       0       0       0       0       0       0       0
  3039 ;;      Totals:         0       0       0       0       0       0       0       0
  3040 ;;Total ram usage:        0 bytes
  3041 ;; Hardware stack levels used: 1
  3042 ;; Hardware stack levels required when called: 4
  3043 ;; This function calls:
  3044 ;;		Nothing
  3045 ;; This function is called by:
  3046 ;;		_LIN_init
  3047 ;; This function uses a non-reentrant model
  3048 ;;
  3049                           
  3050     061E                     _LIN_stopTimer:	
  3051                           ;psect for function _LIN_stopTimer
  3052                           
  3053     061E                     l1794:	
  3054                           ;incstack = 0
  3055                           ; Regs used in _LIN_stopTimer: [status,2]
  3056                           
  3057                           
  3058                           ;D:\yiming\00work\FR685_V05.X\mcc_generated_files\LINDrivers\lin_slave.c: 364:     Count
      +                          CallBack = 0;
  3059     061E  0020               	movlb	0	; select bank0
  3060     061F  01D0               	clrf	_CountCallBack	;volatile
  3061                           
  3062                           ;D:\yiming\00work\FR685_V05.X\mcc_generated_files\LINDrivers\lin_slave.c: 365:     LIN_t
      +                          imerRunning = 0;
  3063     0620  01D1               	clrf	_LIN_timerRunning
  3064     0621                     l289:
  3065     0621  0008               	return
  3066     0622                     __end_of_LIN_stopTimer:
  3067                           
  3068                           	psect	text9
  3069     05D4                     __ptext9:	
  3070 ;; *************** function _LIN_setTimerHandler *****************
  3071 ;; Defined at:
  3072 ;;		line 356 in file "D:\yiming\00work\FR685_V05.X\mcc_generated_files\LINDrivers\lin_slave.c"
  3073 ;; Parameters:    Size  Location     Type
  3074 ;;		None
  3075 ;; Auto vars:     Size  Location     Type
  3076 ;;		None
  3077 ;; Return value:  Size  Location     Type
  3078 ;;                  1    wreg      void 
  3079 ;; Registers used:
  3080 ;;		wreg, status,2, status,0, pclath, cstack
  3081 ;; Tracked objects:
  3082 ;;		On entry : 0/0
  3083 ;;		On exit  : 0/0
  3084 ;;		Unchanged: 0/0
  3085 ;; Data sizes:     COMMON   BANK0   BANK1   BANK2   BANK3   BANK4   BANK5   BANK6
  3086 ;;      Params:         0       0       0       0       0       0       0       0
  3087 ;;      Locals:         0       0       0       0       0       0       0       0
  3088 ;;      Temps:          0       0       0       0       0       0       0       0
  3089 ;;      Totals:         0       0       0       0       0       0       0       0
  3090 ;;Total ram usage:        0 bytes
  3091 ;; Hardware stack levels used: 1
  3092 ;; Hardware stack levels required when called: 5
  3093 ;; This function calls:
  3094 ;;		_TMR0_SetInterruptHandler
  3095 ;; This function is called by:
  3096 ;;		_LIN_init
  3097 ;; This function uses a non-reentrant model
  3098 ;;
  3099                           
  3100     05D4                     _LIN_setTimerHandler:	
  3101                           ;psect for function _LIN_setTimerHandler
  3102                           
  3103     05D4                     l1798:	
  3104                           ;incstack = 0
  3105                           ; Regs used in _LIN_setTimerHandler: [wreg+status,2+status,0+pclath+cstack]
  3106                           
  3107                           
  3108                           ;D:\yiming\00work\FR685_V05.X\mcc_generated_files\LINDrivers\lin_slave.c: 358:     TMR0_
      +                          SetInterruptHandler(LIN_timerHandler);
  3109     05D4  30C3               	movlw	low _LIN_timerHandler
  3110     05D5  00F0               	movwf	TMR0_SetInterruptHandler@InterruptHandler
  3111     05D6  3003               	movlw	high _LIN_timerHandler
  3112     05D7  00F1               	movwf	TMR0_SetInterruptHandler@InterruptHandler+1
  3113     05D8  3185  25E2  3185   	fcall	_TMR0_SetInterruptHandler
  3114     05DB                     l286:
  3115     05DB  0008               	return
  3116     05DC                     __end_of_LIN_setTimerHandler:
  3117                           
  3118                           	psect	text10
  3119     05E2                     __ptext10:	
  3120 ;; *************** function _TMR0_SetInterruptHandler *****************
  3121 ;; Defined at:
  3122 ;;		line 125 in file "D:\yiming\00work\FR685_V05.X\mcc_generated_files\tmr0.c"
  3123 ;; Parameters:    Size  Location     Type
  3124 ;;  InterruptHan    2    0[COMMON] PTR FTN()void 
  3125 ;;		 -> TMR0_DefaultInterruptHandler(1), LIN_timerHandler(1), 
  3126 ;; Auto vars:     Size  Location     Type
  3127 ;;		None
  3128 ;; Return value:  Size  Location     Type
  3129 ;;                  1    wreg      void 
  3130 ;; Registers used:
  3131 ;;		wreg
  3132 ;; Tracked objects:
  3133 ;;		On entry : 0/0
  3134 ;;		On exit  : 0/0
  3135 ;;		Unchanged: 0/0
  3136 ;; Data sizes:     COMMON   BANK0   BANK1   BANK2   BANK3   BANK4   BANK5   BANK6
  3137 ;;      Params:         2       0       0       0       0       0       0       0
  3138 ;;      Locals:         0       0       0       0       0       0       0       0
  3139 ;;      Temps:          0       0       0       0       0       0       0       0
  3140 ;;      Totals:         2       0       0       0       0       0       0       0
  3141 ;;Total ram usage:        2 bytes
  3142 ;; Hardware stack levels used: 1
  3143 ;; Hardware stack levels required when called: 4
  3144 ;; This function calls:
  3145 ;;		Nothing
  3146 ;; This function is called by:
  3147 ;;		_LIN_setTimerHandler
  3148 ;;		_TMR0_Initialize
  3149 ;; This function uses a non-reentrant model
  3150 ;;
  3151                           
  3152     05E2                     _TMR0_SetInterruptHandler:	
  3153                           ;psect for function _TMR0_SetInterruptHandler
  3154                           
  3155     05E2                     l1792:	
  3156                           ;incstack = 0
  3157                           ; Regs used in _TMR0_SetInterruptHandler: [wreg]
  3158                           
  3159                           
  3160                           ;D:\yiming\00work\FR685_V05.X\mcc_generated_files\tmr0.c: 126:     TMR0_InterruptHandler
      +                           = InterruptHandler;
  3161     05E2  0871               	movf	TMR0_SetInterruptHandler@InterruptHandler+1,w
  3162     05E3  0020               	movlb	0	; select bank0
  3163     05E4  00B1               	movwf	_TMR0_InterruptHandler+1
  3164     05E5  0870               	movf	TMR0_SetInterruptHandler@InterruptHandler,w
  3165     05E6  00B0               	movwf	_TMR0_InterruptHandler
  3166     05E7                     l577:
  3167     05E7  0008               	return
  3168     05E8                     __end_of_TMR0_SetInterruptHandler:
  3169                           
  3170                           	psect	text11
  3171     031A                     __ptext11:	
  3172 ;; *************** function _EUSART_Initialize *****************
  3173 ;; Defined at:
  3174 ;;		line 88 in file "D:\yiming\00work\FR685_V05.X\mcc_generated_files\eusart.c"
  3175 ;; Parameters:    Size  Location     Type
  3176 ;;		None
  3177 ;; Auto vars:     Size  Location     Type
  3178 ;;		None
  3179 ;; Return value:  Size  Location     Type
  3180 ;;                  1    wreg      void 
  3181 ;; Registers used:
  3182 ;;		wreg, status,2, status,0, pclath, cstack
  3183 ;; Tracked objects:
  3184 ;;		On entry : 0/0
  3185 ;;		On exit  : 0/0
  3186 ;;		Unchanged: 0/0
  3187 ;; Data sizes:     COMMON   BANK0   BANK1   BANK2   BANK3   BANK4   BANK5   BANK6
  3188 ;;      Params:         0       0       0       0       0       0       0       0
  3189 ;;      Locals:         0       0       0       0       0       0       0       0
  3190 ;;      Temps:          0       0       0       0       0       0       0       0
  3191 ;;      Totals:         0       0       0       0       0       0       0       0
  3192 ;;Total ram usage:        0 bytes
  3193 ;; Hardware stack levels used: 1
  3194 ;; Hardware stack levels required when called: 5
  3195 ;; This function calls:
  3196 ;;		_EUSART_SetErrorHandler
  3197 ;;		_EUSART_SetFramingErrorHandler
  3198 ;;		_EUSART_SetOverrunErrorHandler
  3199 ;;		_EUSART_SetRxInterruptHandler
  3200 ;;		_EUSART_SetTxInterruptHandler
  3201 ;; This function is called by:
  3202 ;;		_SYSTEM_Initialize
  3203 ;; This function uses a non-reentrant model
  3204 ;;
  3205                           
  3206     031A                     _EUSART_Initialize:	
  3207                           ;psect for function _EUSART_Initialize
  3208                           
  3209     031A                     l2112:	
  3210                           ;incstack = 0
  3211                           ; Regs used in _EUSART_Initialize: [wreg+status,2+status,0+pclath+cstack]
  3212                           
  3213                           
  3214                           ;D:\yiming\00work\FR685_V05.X\mcc_generated_files\eusart.c: 91:     PIE1bits.RCIE = 0;
  3215     031A  0021               	movlb	1	; select bank1
  3216     031B  1291               	bcf	17,5	;volatile
  3217     031C                     l2114:
  3218                           
  3219                           ;D:\yiming\00work\FR685_V05.X\mcc_generated_files\eusart.c: 92:     EUSART_SetRxInterrup
      +                          tHandler(EUSART_Receive_ISR);
  3220     031C  3058               	movlw	low _EUSART_Receive_ISR
  3221     031D  00F0               	movwf	EUSART_SetRxInterruptHandler@interruptHandler
  3222     031E  3003               	movlw	high _EUSART_Receive_ISR
  3223     031F  00F1               	movwf	EUSART_SetRxInterruptHandler@interruptHandler+1
  3224     0320  3185  25EE  3183   	fcall	_EUSART_SetRxInterruptHandler
  3225     0323                     l2116:
  3226                           
  3227                           ;D:\yiming\00work\FR685_V05.X\mcc_generated_files\eusart.c: 93:     PIE1bits.TXIE = 0;
  3228     0323  0021               	movlb	1	; select bank1
  3229     0324  1211               	bcf	17,4	;volatile
  3230                           
  3231                           ;D:\yiming\00work\FR685_V05.X\mcc_generated_files\eusart.c: 94:     EUSART_SetTxInterrup
      +                          tHandler(EUSART_Transmit_ISR);
  3232     0325  30A4               	movlw	low _EUSART_Transmit_ISR
  3233     0326  00F0               	movwf	EUSART_SetTxInterruptHandler@interruptHandler
  3234     0327  3004               	movlw	high _EUSART_Transmit_ISR
  3235     0328  00F1               	movwf	EUSART_SetTxInterruptHandler@interruptHandler+1
  3236     0329  3185  25E8  3183   	fcall	_EUSART_SetTxInterruptHandler
  3237     032C                     l2118:
  3238                           
  3239                           ;D:\yiming\00work\FR685_V05.X\mcc_generated_files\eusart.c: 98:     BAUDCON = 0x18;
  3240     032C  3018               	movlw	24
  3241     032D  0023               	movlb	3	; select bank3
  3242     032E  009F               	movwf	31	;volatile
  3243     032F                     l2120:
  3244                           
  3245                           ;D:\yiming\00work\FR685_V05.X\mcc_generated_files\eusart.c: 101:     RCSTA = 0x90;
  3246     032F  3090               	movlw	144
  3247     0330  009D               	movwf	29	;volatile
  3248     0331                     l2122:
  3249                           
  3250                           ;D:\yiming\00work\FR685_V05.X\mcc_generated_files\eusart.c: 104:     TXSTA = 0x24;
  3251     0331  3024               	movlw	36
  3252     0332  009E               	movwf	30	;volatile
  3253     0333                     l2124:
  3254                           
  3255                           ;D:\yiming\00work\FR685_V05.X\mcc_generated_files\eusart.c: 107:     SPBRGL = 0xFF;
  3256     0333  30FF               	movlw	255
  3257     0334  009B               	movwf	27	;volatile
  3258     0335                     l2126:
  3259                           
  3260                           ;D:\yiming\00work\FR685_V05.X\mcc_generated_files\eusart.c: 110:     SPBRGH = 0x02;
  3261     0335  3002               	movlw	2
  3262     0336  009C               	movwf	28	;volatile
  3263                           
  3264                           ;D:\yiming\00work\FR685_V05.X\mcc_generated_files\eusart.c: 113:     EUSART_SetFramingEr
      +                          rorHandler(EUSART_DefaultFramingErrorHandler);
  3265     0337  3042               	movlw	low _EUSART_DefaultFramingErrorHandler
  3266     0338  00F0               	movwf	EUSART_SetFramingErrorHandler@interruptHandler
  3267     0339  3006               	movlw	high _EUSART_DefaultFramingErrorHandler
  3268     033A  00F1               	movwf	EUSART_SetFramingErrorHandler@interruptHandler+1
  3269     033B  3185  25FA  3183   	fcall	_EUSART_SetFramingErrorHandler
  3270                           
  3271                           ;D:\yiming\00work\FR685_V05.X\mcc_generated_files\eusart.c: 114:     EUSART_SetOverrunEr
      +                          rorHandler(EUSART_DefaultOverrunErrorHandler);
  3272     033E  3026               	movlw	low _EUSART_DefaultOverrunErrorHandler
  3273     033F  00F0               	movwf	EUSART_SetOverrunErrorHandler@interruptHandler
  3274     0340  3006               	movlw	high _EUSART_DefaultOverrunErrorHandler
  3275     0341  00F1               	movwf	EUSART_SetOverrunErrorHandler@interruptHandler+1
  3276     0342  3185  25F4  3183   	fcall	_EUSART_SetOverrunErrorHandler
  3277                           
  3278                           ;D:\yiming\00work\FR685_V05.X\mcc_generated_files\eusart.c: 115:     EUSART_SetErrorHand
      +                          ler(EUSART_DefaultErrorHandler);
  3279     0345  302A               	movlw	low _EUSART_DefaultErrorHandler
  3280     0346  00F0               	movwf	EUSART_SetErrorHandler@interruptHandler
  3281     0347  3006               	movlw	high _EUSART_DefaultErrorHandler
  3282     0348  00F1               	movwf	EUSART_SetErrorHandler@interruptHandler+1
  3283     0349  3186  2600  3183   	fcall	_EUSART_SetErrorHandler
  3284     034C                     l2128:
  3285                           
  3286                           ;D:\yiming\00work\FR685_V05.X\mcc_generated_files\eusart.c: 117:     eusartRxLastError.s
      +                          tatus = 0;
  3287     034C  0020               	movlb	0	; select bank0
  3288     034D  01C5               	clrf	_eusartRxLastError	;volatile
  3289     034E                     l2130:
  3290                           
  3291                           ;D:\yiming\00work\FR685_V05.X\mcc_generated_files\eusart.c: 120:     eusartTxHead = 0;
  3292     034E  01CA               	clrf	_eusartTxHead	;volatile
  3293     034F                     l2132:
  3294                           
  3295                           ;D:\yiming\00work\FR685_V05.X\mcc_generated_files\eusart.c: 121:     eusartTxTail = 0;
  3296     034F  01C9               	clrf	_eusartTxTail	;volatile
  3297     0350                     l2134:
  3298                           
  3299                           ;D:\yiming\00work\FR685_V05.X\mcc_generated_files\eusart.c: 122:     eusartTxBufferRemai
      +                          ning = sizeof(eusartTxBuffer);
  3300     0350  3008               	movlw	8
  3301     0351  00C8               	movwf	_eusartTxBufferRemaining	;volatile
  3302     0352                     l2136:
  3303                           
  3304                           ;D:\yiming\00work\FR685_V05.X\mcc_generated_files\eusart.c: 124:     eusartRxHead = 0;
  3305     0352  01FD               	clrf	_eusartRxHead	;volatile
  3306     0353                     l2138:
  3307                           
  3308                           ;D:\yiming\00work\FR685_V05.X\mcc_generated_files\eusart.c: 125:     eusartRxTail = 0;
  3309     0353  01C7               	clrf	_eusartRxTail	;volatile
  3310     0354                     l2140:
  3311                           
  3312                           ;D:\yiming\00work\FR685_V05.X\mcc_generated_files\eusart.c: 126:     eusartRxCount = 0;
  3313     0354  01C6               	clrf	_eusartRxCount	;volatile
  3314     0355                     l2142:
  3315                           
  3316                           ;D:\yiming\00work\FR685_V05.X\mcc_generated_files\eusart.c: 129:     PIE1bits.RCIE = 1;
  3317     0355  0021               	movlb	1	; select bank1
  3318     0356  1691               	bsf	17,5	;volatile
  3319     0357                     l374:
  3320     0357  0008               	return
  3321     0358                     __end_of_EUSART_Initialize:
  3322                           
  3323                           	psect	text12
  3324     05E8                     __ptext12:	
  3325 ;; *************** function _EUSART_SetTxInterruptHandler *****************
  3326 ;; Defined at:
  3327 ;;		line 276 in file "D:\yiming\00work\FR685_V05.X\mcc_generated_files\eusart.c"
  3328 ;; Parameters:    Size  Location     Type
  3329 ;;  interruptHan    2    0[COMMON] PTR FTN()void 
  3330 ;;		 -> EUSART_Transmit_ISR(1), 
  3331 ;; Auto vars:     Size  Location     Type
  3332 ;;		None
  3333 ;; Return value:  Size  Location     Type
  3334 ;;                  1    wreg      void 
  3335 ;; Registers used:
  3336 ;;		wreg
  3337 ;; Tracked objects:
  3338 ;;		On entry : 0/0
  3339 ;;		On exit  : 0/0
  3340 ;;		Unchanged: 0/0
  3341 ;; Data sizes:     COMMON   BANK0   BANK1   BANK2   BANK3   BANK4   BANK5   BANK6
  3342 ;;      Params:         2       0       0       0       0       0       0       0
  3343 ;;      Locals:         0       0       0       0       0       0       0       0
  3344 ;;      Temps:          0       0       0       0       0       0       0       0
  3345 ;;      Totals:         2       0       0       0       0       0       0       0
  3346 ;;Total ram usage:        2 bytes
  3347 ;; Hardware stack levels used: 1
  3348 ;; Hardware stack levels required when called: 4
  3349 ;; This function calls:
  3350 ;;		Nothing
  3351 ;; This function is called by:
  3352 ;;		_EUSART_Initialize
  3353 ;; This function uses a non-reentrant model
  3354 ;;
  3355                           
  3356     05E8                     _EUSART_SetTxInterruptHandler:	
  3357                           ;psect for function _EUSART_SetTxInterruptHandler
  3358                           
  3359     05E8                     l1974:	
  3360                           ;incstack = 0
  3361                           ; Regs used in _EUSART_SetTxInterruptHandler: [wreg]
  3362                           
  3363                           
  3364                           ;D:\yiming\00work\FR685_V05.X\mcc_generated_files\eusart.c: 277:     EUSART_TxDefaultInt
      +                          erruptHandler = interruptHandler;
  3365     05E8  0871               	movf	EUSART_SetTxInterruptHandler@interruptHandler+1,w
  3366     05E9  0020               	movlb	0	; select bank0
  3367     05EA  00BB               	movwf	_EUSART_TxDefaultInterruptHandler+1
  3368     05EB  0870               	movf	EUSART_SetTxInterruptHandler@interruptHandler,w
  3369     05EC  00BA               	movwf	_EUSART_TxDefaultInterruptHandler
  3370     05ED                     l440:
  3371     05ED  0008               	return
  3372     05EE                     __end_of_EUSART_SetTxInterruptHandler:
  3373                           
  3374                           	psect	text13
  3375     05EE                     __ptext13:	
  3376 ;; *************** function _EUSART_SetRxInterruptHandler *****************
  3377 ;; Defined at:
  3378 ;;		line 280 in file "D:\yiming\00work\FR685_V05.X\mcc_generated_files\eusart.c"
  3379 ;; Parameters:    Size  Location     Type
  3380 ;;  interruptHan    2    0[COMMON] PTR FTN()void 
  3381 ;;		 -> EUSART_Receive_ISR(1), 
  3382 ;; Auto vars:     Size  Location     Type
  3383 ;;		None
  3384 ;; Return value:  Size  Location     Type
  3385 ;;                  1    wreg      void 
  3386 ;; Registers used:
  3387 ;;		wreg
  3388 ;; Tracked objects:
  3389 ;;		On entry : 0/0
  3390 ;;		On exit  : 0/0
  3391 ;;		Unchanged: 0/0
  3392 ;; Data sizes:     COMMON   BANK0   BANK1   BANK2   BANK3   BANK4   BANK5   BANK6
  3393 ;;      Params:         2       0       0       0       0       0       0       0
  3394 ;;      Locals:         0       0       0       0       0       0       0       0
  3395 ;;      Temps:          0       0       0       0       0       0       0       0
  3396 ;;      Totals:         2       0       0       0       0       0       0       0
  3397 ;;Total ram usage:        2 bytes
  3398 ;; Hardware stack levels used: 1
  3399 ;; Hardware stack levels required when called: 4
  3400 ;; This function calls:
  3401 ;;		Nothing
  3402 ;; This function is called by:
  3403 ;;		_EUSART_Initialize
  3404 ;; This function uses a non-reentrant model
  3405 ;;
  3406                           
  3407     05EE                     _EUSART_SetRxInterruptHandler:	
  3408                           ;psect for function _EUSART_SetRxInterruptHandler
  3409                           
  3410     05EE                     l1972:	
  3411                           ;incstack = 0
  3412                           ; Regs used in _EUSART_SetRxInterruptHandler: [wreg]
  3413                           
  3414                           
  3415                           ;D:\yiming\00work\FR685_V05.X\mcc_generated_files\eusart.c: 281:     EUSART_RxDefaultInt
      +                          erruptHandler = interruptHandler;
  3416     05EE  0871               	movf	EUSART_SetRxInterruptHandler@interruptHandler+1,w
  3417     05EF  0020               	movlb	0	; select bank0
  3418     05F0  00B9               	movwf	_EUSART_RxDefaultInterruptHandler+1
  3419     05F1  0870               	movf	EUSART_SetRxInterruptHandler@interruptHandler,w
  3420     05F2  00B8               	movwf	_EUSART_RxDefaultInterruptHandler
  3421     05F3                     l443:
  3422     05F3  0008               	return
  3423     05F4                     __end_of_EUSART_SetRxInterruptHandler:
  3424                           
  3425                           	psect	text14
  3426     05F4                     __ptext14:	
  3427 ;; *************** function _EUSART_SetOverrunErrorHandler *****************
  3428 ;; Defined at:
  3429 ;;		line 268 in file "D:\yiming\00work\FR685_V05.X\mcc_generated_files\eusart.c"
  3430 ;; Parameters:    Size  Location     Type
  3431 ;;  interruptHan    2    0[COMMON] PTR FTN()void 
  3432 ;;		 -> EUSART_DefaultOverrunErrorHandler(1), 
  3433 ;; Auto vars:     Size  Location     Type
  3434 ;;		None
  3435 ;; Return value:  Size  Location     Type
  3436 ;;                  1    wreg      void 
  3437 ;; Registers used:
  3438 ;;		wreg
  3439 ;; Tracked objects:
  3440 ;;		On entry : 0/0
  3441 ;;		On exit  : 0/0
  3442 ;;		Unchanged: 0/0
  3443 ;; Data sizes:     COMMON   BANK0   BANK1   BANK2   BANK3   BANK4   BANK5   BANK6
  3444 ;;      Params:         2       0       0       0       0       0       0       0
  3445 ;;      Locals:         0       0       0       0       0       0       0       0
  3446 ;;      Temps:          0       0       0       0       0       0       0       0
  3447 ;;      Totals:         2       0       0       0       0       0       0       0
  3448 ;;Total ram usage:        2 bytes
  3449 ;; Hardware stack levels used: 1
  3450 ;; Hardware stack levels required when called: 4
  3451 ;; This function calls:
  3452 ;;		Nothing
  3453 ;; This function is called by:
  3454 ;;		_EUSART_Initialize
  3455 ;; This function uses a non-reentrant model
  3456 ;;
  3457                           
  3458     05F4                     _EUSART_SetOverrunErrorHandler:	
  3459                           ;psect for function _EUSART_SetOverrunErrorHandler
  3460                           
  3461     05F4                     l1978:	
  3462                           ;incstack = 0
  3463                           ; Regs used in _EUSART_SetOverrunErrorHandler: [wreg]
  3464                           
  3465                           
  3466                           ;D:\yiming\00work\FR685_V05.X\mcc_generated_files\eusart.c: 269:     EUSART_OverrunError
      +                          Handler = interruptHandler;
  3467     05F4  0871               	movf	EUSART_SetOverrunErrorHandler@interruptHandler+1,w
  3468     05F5  0020               	movlb	0	; select bank0
  3469     05F6  00B5               	movwf	_EUSART_OverrunErrorHandler+1
  3470     05F7  0870               	movf	EUSART_SetOverrunErrorHandler@interruptHandler,w
  3471     05F8  00B4               	movwf	_EUSART_OverrunErrorHandler
  3472     05F9                     l434:
  3473     05F9  0008               	return
  3474     05FA                     __end_of_EUSART_SetOverrunErrorHandler:
  3475                           
  3476                           	psect	text15
  3477     05FA                     __ptext15:	
  3478 ;; *************** function _EUSART_SetFramingErrorHandler *****************
  3479 ;; Defined at:
  3480 ;;		line 264 in file "D:\yiming\00work\FR685_V05.X\mcc_generated_files\eusart.c"
  3481 ;; Parameters:    Size  Location     Type
  3482 ;;  interruptHan    2    0[COMMON] PTR FTN()void 
  3483 ;;		 -> EUSART_DefaultFramingErrorHandler(1), 
  3484 ;; Auto vars:     Size  Location     Type
  3485 ;;		None
  3486 ;; Return value:  Size  Location     Type
  3487 ;;                  1    wreg      void 
  3488 ;; Registers used:
  3489 ;;		wreg
  3490 ;; Tracked objects:
  3491 ;;		On entry : 0/0
  3492 ;;		On exit  : 0/0
  3493 ;;		Unchanged: 0/0
  3494 ;; Data sizes:     COMMON   BANK0   BANK1   BANK2   BANK3   BANK4   BANK5   BANK6
  3495 ;;      Params:         2       0       0       0       0       0       0       0
  3496 ;;      Locals:         0       0       0       0       0       0       0       0
  3497 ;;      Temps:          0       0       0       0       0       0       0       0
  3498 ;;      Totals:         2       0       0       0       0       0       0       0
  3499 ;;Total ram usage:        2 bytes
  3500 ;; Hardware stack levels used: 1
  3501 ;; Hardware stack levels required when called: 4
  3502 ;; This function calls:
  3503 ;;		Nothing
  3504 ;; This function is called by:
  3505 ;;		_EUSART_Initialize
  3506 ;; This function uses a non-reentrant model
  3507 ;;
  3508                           
  3509     05FA                     _EUSART_SetFramingErrorHandler:	
  3510                           ;psect for function _EUSART_SetFramingErrorHandler
  3511                           
  3512     05FA                     l1976:	
  3513                           ;incstack = 0
  3514                           ; Regs used in _EUSART_SetFramingErrorHandler: [wreg]
  3515                           
  3516                           
  3517                           ;D:\yiming\00work\FR685_V05.X\mcc_generated_files\eusart.c: 265:     EUSART_FramingError
      +                          Handler = interruptHandler;
  3518     05FA  0871               	movf	EUSART_SetFramingErrorHandler@interruptHandler+1,w
  3519     05FB  0020               	movlb	0	; select bank0
  3520     05FC  00B7               	movwf	_EUSART_FramingErrorHandler+1
  3521     05FD  0870               	movf	EUSART_SetFramingErrorHandler@interruptHandler,w
  3522     05FE  00B6               	movwf	_EUSART_FramingErrorHandler
  3523     05FF                     l431:
  3524     05FF  0008               	return
  3525     0600                     __end_of_EUSART_SetFramingErrorHandler:
  3526                           
  3527                           	psect	text16
  3528     0600                     __ptext16:	
  3529 ;; *************** function _EUSART_SetErrorHandler *****************
  3530 ;; Defined at:
  3531 ;;		line 272 in file "D:\yiming\00work\FR685_V05.X\mcc_generated_files\eusart.c"
  3532 ;; Parameters:    Size  Location     Type
  3533 ;;  interruptHan    2    0[COMMON] PTR FTN()void 
  3534 ;;		 -> EUSART_DefaultErrorHandler(1), 
  3535 ;; Auto vars:     Size  Location     Type
  3536 ;;		None
  3537 ;; Return value:  Size  Location     Type
  3538 ;;                  1    wreg      void 
  3539 ;; Registers used:
  3540 ;;		wreg
  3541 ;; Tracked objects:
  3542 ;;		On entry : 0/0
  3543 ;;		On exit  : 0/0
  3544 ;;		Unchanged: 0/0
  3545 ;; Data sizes:     COMMON   BANK0   BANK1   BANK2   BANK3   BANK4   BANK5   BANK6
  3546 ;;      Params:         2       0       0       0       0       0       0       0
  3547 ;;      Locals:         0       0       0       0       0       0       0       0
  3548 ;;      Temps:          0       0       0       0       0       0       0       0
  3549 ;;      Totals:         2       0       0       0       0       0       0       0
  3550 ;;Total ram usage:        2 bytes
  3551 ;; Hardware stack levels used: 1
  3552 ;; Hardware stack levels required when called: 4
  3553 ;; This function calls:
  3554 ;;		Nothing
  3555 ;; This function is called by:
  3556 ;;		_EUSART_Initialize
  3557 ;; This function uses a non-reentrant model
  3558 ;;
  3559                           
  3560     0600                     _EUSART_SetErrorHandler:	
  3561                           ;psect for function _EUSART_SetErrorHandler
  3562                           
  3563     0600                     l1980:	
  3564                           ;incstack = 0
  3565                           ; Regs used in _EUSART_SetErrorHandler: [wreg]
  3566                           
  3567                           
  3568                           ;D:\yiming\00work\FR685_V05.X\mcc_generated_files\eusart.c: 273:     EUSART_ErrorHandler
      +                           = interruptHandler;
  3569     0600  0871               	movf	EUSART_SetErrorHandler@interruptHandler+1,w
  3570     0601  0020               	movlb	0	; select bank0
  3571     0602  00B3               	movwf	_EUSART_ErrorHandler+1
  3572     0603  0870               	movf	EUSART_SetErrorHandler@interruptHandler,w
  3573     0604  00B2               	movwf	_EUSART_ErrorHandler
  3574     0605                     l437:
  3575     0605  0008               	return
  3576     0606                     __end_of_EUSART_SetErrorHandler:
  3577                           
  3578                           	psect	text17
  3579     05C0                     __ptext17:	
  3580 ;; *************** function _LIN_signalTimeoutOccurred *****************
  3581 ;; Defined at:
  3582 ;;		line 40 in file "D:\yiming\00work\FR685_V05.X\mcc_generated_files\LINDrivers\lin_slave.c"
  3583 ;; Parameters:    Size  Location     Type
  3584 ;;		None
  3585 ;; Auto vars:     Size  Location     Type
  3586 ;;		None
  3587 ;; Return value:  Size  Location     Type
  3588 ;;                  1    wreg      _Bool 
  3589 ;; Registers used:
  3590 ;;		wreg, status,2, status,0
  3591 ;; Tracked objects:
  3592 ;;		On entry : 0/0
  3593 ;;		On exit  : 0/0
  3594 ;;		Unchanged: 0/0
  3595 ;; Data sizes:     COMMON   BANK0   BANK1   BANK2   BANK3   BANK4   BANK5   BANK6
  3596 ;;      Params:         0       0       0       0       0       0       0       0
  3597 ;;      Locals:         0       0       0       0       0       0       0       0
  3598 ;;      Temps:          0       0       0       0       0       0       0       0
  3599 ;;      Totals:         0       0       0       0       0       0       0       0
  3600 ;;Total ram usage:        0 bytes
  3601 ;; Hardware stack levels used: 1
  3602 ;; Hardware stack levels required when called: 4
  3603 ;; This function calls:
  3604 ;;		Nothing
  3605 ;; This function is called by:
  3606 ;;		_main
  3607 ;; This function uses a non-reentrant model
  3608 ;;
  3609                           
  3610     05C0                     _LIN_signalTimeoutOccurred:	
  3611                           ;psect for function _LIN_signalTimeoutOccurred
  3612                           
  3613     05C0                     l2282:	
  3614                           ;incstack = 0
  3615                           ; Regs used in _LIN_signalTimeoutOccurred: [wreg+status,2+status,0]
  3616                           
  3617                           
  3618                           ;D:\yiming\00work\FR685_V05.X\mcc_generated_files\LINDrivers\lin_slave.c: 41:   if (LIN_
      +                          signalTimeoutPending) {
  3619     05C0  0020               	movlb	0	; select bank0
  3620     05C1  084D               	movf	_LIN_signalTimeoutPending,w	;volatile
  3621     05C2  1903               	btfsc	3,2
  3622     05C3  2DC5               	goto	u1611
  3623     05C4  2DC6               	goto	u1610
  3624     05C5                     u1611:
  3625     05C5  2DC9               	goto	l2290
  3626     05C6                     u1610:
  3627     05C6                     l2284:
  3628                           
  3629                           ;D:\yiming\00work\FR685_V05.X\mcc_generated_files\LINDrivers\lin_slave.c: 42:     LIN_si
      +                          gnalTimeoutPending = 0;
  3630     05C6  01CD               	clrf	_LIN_signalTimeoutPending	;volatile
  3631     05C7                     l2286:
  3632                           
  3633                           ;D:\yiming\00work\FR685_V05.X\mcc_generated_files\LINDrivers\lin_slave.c: 43:     return
      +                           1;
  3634     05C7  3001               	movlw	1
  3635     05C8  2DCA               	goto	l185
  3636     05C9                     l2290:
  3637                           
  3638                           ;D:\yiming\00work\FR685_V05.X\mcc_generated_files\LINDrivers\lin_slave.c: 46:   return 0
      +                          ;
  3639     05C9  3000               	movlw	0
  3640     05CA                     l185:
  3641     05CA  0008               	return
  3642     05CB                     __end_of_LIN_signalTimeoutOccurred:
  3643                           
  3644                           	psect	text18
  3645     0056                     __ptext18:	
  3646 ;; *************** function _LIN_handler *****************
  3647 ;; Defined at:
  3648 ;;		line 86 in file "D:\yiming\00work\FR685_V05.X\mcc_generated_files\LINDrivers\lin_slave.c"
  3649 ;; Parameters:    Size  Location     Type
  3650 ;;		None
  3651 ;; Auto vars:     Size  Location     Type
  3652 ;;		None
  3653 ;; Return value:  Size  Location     Type
  3654 ;;                  1    wreg      enum E3339
  3655 ;; Registers used:
  3656 ;;		wreg, fsr0l, fsr0h, fsr1l, fsr1h, status,2, status,0, pclath, cstack
  3657 ;; Tracked objects:
  3658 ;;		On entry : 0/0
  3659 ;;		On exit  : 0/0
  3660 ;;		Unchanged: 0/0
  3661 ;; Data sizes:     COMMON   BANK0   BANK1   BANK2   BANK3   BANK4   BANK5   BANK6
  3662 ;;      Params:         0       0       0       0       0       0       0       0
  3663 ;;      Locals:         0       0       0       0       0       0       0       0
  3664 ;;      Temps:          0       5       0       0       0       0       0       0
  3665 ;;      Totals:         0       5       0       0       0       0       0       0
  3666 ;;Total ram usage:        5 bytes
  3667 ;; Hardware stack levels used: 1
  3668 ;; Hardware stack levels required when called: 7
  3669 ;; This function calls:
  3670 ;;		NULL
  3671 ;;		_EUSART_Read
  3672 ;;		_EUSART_is_rx_ready
  3673 ;;		_LIN_breakCheck
  3674 ;;		_LIN_checkPID
  3675 ;;		_LIN_disableRx
  3676 ;;		_LIN_enableRx
  3677 ;;		_LIN_getChecksum
  3678 ;;		_LIN_getFromTable
  3679 ;;		_LIN_queuePacket
  3680 ;;		_LIN_startTimer
  3681 ;;		_memset
  3682 ;;		_processLIN
  3683 ;; This function is called by:
  3684 ;;		_main
  3685 ;; This function uses a non-reentrant model
  3686 ;;
  3687                           
  3688     0056                     _LIN_handler:	
  3689                           ;psect for function _LIN_handler
  3690                           
  3691     0056                     l2566:	
  3692                           ;incstack = 0
  3693                           ; Regs used in _LIN_handler: [wreg-fsr1h+status,2+status,0+pclath+cstack]
  3694                           
  3695                           
  3696                           ;D:\yiming\00work\FR685_V05.X\mcc_generated_files\LINDrivers\lin_slave.c: 88:     static
      +                           lin_rx_state_t LIN_rxState = LIN_RX_IDLE;;D:\yiming\00work\FR685_V05.X\mcc_generated_fi
      +                          les\LINDrivers\lin_slave.c: 89:     static uint8_t rxDataIndex = 0;;D:\yiming\00work\FR6
      +                          85_V05.X\mcc_generated_files\LINDrivers\lin_slave.c: 91:     if (LIN_rxInProgress == 1)
  3697     0056  0020               	movlb	0	; select bank0
  3698     0057  0353               	decf	_LIN_rxInProgress,w
  3699     0058  1D03               	btfss	3,2
  3700     0059  285B               	goto	u1911
  3701     005A  285C               	goto	u1910
  3702     005B                     u1911:
  3703     005B  2951               	goto	l2650
  3704     005C                     u1910:
  3705     005C                     l2568:
  3706                           
  3707                           ;D:\yiming\00work\FR685_V05.X\mcc_generated_files\LINDrivers\lin_slave.c: 92:     {;D:\y
      +                          iming\00work\FR685_V05.X\mcc_generated_files\LINDrivers\lin_slave.c: 93:         if (LIN
      +                          _timerRunning == 0)
  3708     005C  0851               	movf	_LIN_timerRunning,w
  3709     005D  1D03               	btfss	3,2
  3710     005E  2860               	goto	u1921
  3711     005F  2861               	goto	u1920
  3712     0060                     u1921:
  3713     0060  2951               	goto	l2650
  3714     0061                     u1920:
  3715     0061                     l2570:
  3716                           
  3717                           ;D:\yiming\00work\FR685_V05.X\mcc_generated_files\LINDrivers\lin_slave.c: 94:         {;
      +                          D:\yiming\00work\FR685_V05.X\mcc_generated_files\LINDrivers\lin_slave.c: 96:            
      +                           LIN_rxState = LIN_RX_ERROR;
  3718     0061  3008               	movlw	8
  3719     0062  00CC               	movwf	LIN_handler@LIN_rxState
  3720     0063  2951               	goto	l2650
  3721     0064                     l2572:
  3722                           
  3723                           ;D:\yiming\00work\FR685_V05.X\mcc_generated_files\LINDrivers\lin_slave.c: 103:         i
      +                          f (EUSART_is_rx_ready() > 0)
  3724     0064  3185  25CB  3180   	fcall	_EUSART_is_rx_ready
  3725     0067  3A00               	xorlw	0
  3726     0068  1903               	skipnz
  3727     0069  286B               	goto	u1931
  3728     006A  286C               	goto	u1930
  3729     006B                     u1931:
  3730     006B  2979               	goto	l234
  3731     006C                     u1930:
  3732     006C                     l2574:
  3733                           
  3734                           ;D:\yiming\00work\FR685_V05.X\mcc_generated_files\LINDrivers\lin_slave.c: 104:         {
      +                          ;D:\yiming\00work\FR685_V05.X\mcc_generated_files\LINDrivers\lin_slave.c: 106:          
      +                             LIN_startTimer(20);
  3735     006C  3014               	movlw	20
  3736     006D  3185  2599  3180   	fcall	_LIN_startTimer
  3737     0070                     l2576:
  3738                           
  3739                           ;D:\yiming\00work\FR685_V05.X\mcc_generated_files\LINDrivers\lin_slave.c: 107:          
      +                             LIN_rxInProgress = 1;
  3740     0070  3001               	movlw	1
  3741     0071  0020               	movlb	0	; select bank0
  3742     0072  00D3               	movwf	_LIN_rxInProgress
  3743     0073                     l2578:
  3744                           
  3745                           ;D:\yiming\00work\FR685_V05.X\mcc_generated_files\LINDrivers\lin_slave.c: 108:          
      +                             LIN_rxState = LIN_RX_BREAK;
  3746     0073  3001               	movlw	1
  3747     0074  00CC               	movwf	LIN_handler@LIN_rxState
  3748     0075  2979               	goto	l234
  3749     0076                     l2580:
  3750                           
  3751                           ;D:\yiming\00work\FR685_V05.X\mcc_generated_files\LINDrivers\lin_slave.c: 112:         i
      +                          f (EUSART_is_rx_ready() > 0)
  3752     0076  3185  25CB  3180   	fcall	_EUSART_is_rx_ready
  3753     0079  3A00               	xorlw	0
  3754     007A  1903               	skipnz
  3755     007B  287D               	goto	u1941
  3756     007C  287E               	goto	u1940
  3757     007D                     u1941:
  3758     007D  2979               	goto	l234
  3759     007E                     u1940:
  3760     007E                     l2582:
  3761                           
  3762                           ;D:\yiming\00work\FR685_V05.X\mcc_generated_files\LINDrivers\lin_slave.c: 113:         {
      +                          ;D:\yiming\00work\FR685_V05.X\mcc_generated_files\LINDrivers\lin_slave.c: 114:          
      +                             if (LIN_breakCheck() == 1)
  3763     007E  3185  2576  3180   	fcall	_LIN_breakCheck
  3764     0081  3A01               	xorlw	1
  3765     0082  1D03               	skipz
  3766     0083  2885               	goto	u1951
  3767     0084  2886               	goto	u1950
  3768     0085                     u1951:
  3769     0085  288A               	goto	l210
  3770     0086                     u1950:
  3771     0086                     l2584:
  3772                           
  3773                           ;D:\yiming\00work\FR685_V05.X\mcc_generated_files\LINDrivers\lin_slave.c: 115:          
      +                             {;D:\yiming\00work\FR685_V05.X\mcc_generated_files\LINDrivers\lin_slave.c: 116:      
      +                                     LIN_rxState = LIN_RX_SYNC;
  3774     0086  3002               	movlw	2
  3775     0087  0020               	movlb	0	; select bank0
  3776     0088  00CC               	movwf	LIN_handler@LIN_rxState
  3777                           
  3778                           ;D:\yiming\00work\FR685_V05.X\mcc_generated_files\LINDrivers\lin_slave.c: 117:          
      +                             }
  3779     0089  2979               	goto	l234
  3780     008A                     l210:	
  3781                           ;D:\yiming\00work\FR685_V05.X\mcc_generated_files\LINDrivers\lin_slave.c: 118:          
      +                             else
  3782                           
  3783                           
  3784                           ;D:\yiming\00work\FR685_V05.X\mcc_generated_files\LINDrivers\lin_slave.c: 119:          
      +                             {;D:\yiming\00work\FR685_V05.X\mcc_generated_files\LINDrivers\lin_slave.c: 120:      
      +                                     LIN_rxState = LIN_RX_ERROR;
  3785     008A  3008               	movlw	8
  3786     008B  0020               	movlb	0	; select bank0
  3787     008C  00CC               	movwf	LIN_handler@LIN_rxState
  3788     008D  2979               	goto	l234
  3789     008E                     l2586:
  3790                           
  3791                           ;D:\yiming\00work\FR685_V05.X\mcc_generated_files\LINDrivers\lin_slave.c: 125:         i
      +                          f (EUSART_is_rx_ready() > 0)
  3792     008E  3185  25CB  3180   	fcall	_EUSART_is_rx_ready
  3793     0091  3A00               	xorlw	0
  3794     0092  1903               	skipnz
  3795     0093  2895               	goto	u1961
  3796     0094  2896               	goto	u1960
  3797     0095                     u1961:
  3798     0095  2979               	goto	l234
  3799     0096                     u1960:
  3800     0096                     l2588:
  3801                           
  3802                           ;D:\yiming\00work\FR685_V05.X\mcc_generated_files\LINDrivers\lin_slave.c: 126:         {
      +                          ;D:\yiming\00work\FR685_V05.X\mcc_generated_files\LINDrivers\lin_slave.c: 127:          
      +                             if (EUSART_Read() == 0x55)
  3803     0096  3184  2460  3180   	fcall	_EUSART_Read
  3804     0099  3A55               	xorlw	85
  3805     009A  1D03               	skipz
  3806     009B  289D               	goto	u1971
  3807     009C  289E               	goto	u1970
  3808     009D                     u1971:
  3809     009D  288A               	goto	l210
  3810     009E                     u1970:
  3811     009E                     l2590:
  3812                           
  3813                           ;D:\yiming\00work\FR685_V05.X\mcc_generated_files\LINDrivers\lin_slave.c: 128:          
      +                             {;D:\yiming\00work\FR685_V05.X\mcc_generated_files\LINDrivers\lin_slave.c: 129:      
      +                                     LIN_rxState = LIN_RX_PID;
  3814     009E  3003               	movlw	3
  3815     009F  0020               	movlb	0	; select bank0
  3816     00A0  00CC               	movwf	LIN_handler@LIN_rxState
  3817                           
  3818                           ;D:\yiming\00work\FR685_V05.X\mcc_generated_files\LINDrivers\lin_slave.c: 130:          
      +                             }
  3819     00A1  2979               	goto	l234
  3820     00A2                     l2592:
  3821                           
  3822                           ;D:\yiming\00work\FR685_V05.X\mcc_generated_files\LINDrivers\lin_slave.c: 138:         i
      +                          f (EUSART_is_rx_ready() > 0)
  3823     00A2  3185  25CB  3180   	fcall	_EUSART_is_rx_ready
  3824     00A5  3A00               	xorlw	0
  3825     00A6  1903               	skipnz
  3826     00A7  28A9               	goto	u1981
  3827     00A8  28AA               	goto	u1980
  3828     00A9                     u1981:
  3829     00A9  2979               	goto	l234
  3830     00AA                     u1980:
  3831     00AA                     l2594:
  3832                           
  3833                           ;D:\yiming\00work\FR685_V05.X\mcc_generated_files\LINDrivers\lin_slave.c: 139:         {
      +                          ;D:\yiming\00work\FR685_V05.X\mcc_generated_files\LINDrivers\lin_slave.c: 140:          
      +                             LIN_packet.PID = EUSART_Read();
  3834     00AA  3184  2460  3180   	fcall	_EUSART_Read
  3835     00AD  0020               	movlb	0	; select bank0
  3836     00AE  00D4               	movwf	_LIN_packet
  3837     00AF                     l2596:
  3838                           
  3839                           ;D:\yiming\00work\FR685_V05.X\mcc_generated_files\LINDrivers\lin_slave.c: 143:          
      +                             if (LIN_checkPID(LIN_packet.PID) == 0)
  3840     00AF  0854               	movf	_LIN_packet,w
  3841     00B0  3184  24DC  3180   	fcall	_LIN_checkPID
  3842     00B3  3A00               	xorlw	0
  3843     00B4  1D03               	skipz
  3844     00B5  28B7               	goto	u1991
  3845     00B6  28B8               	goto	u1990
  3846     00B7                     u1991:
  3847     00B7  28B9               	goto	l2600
  3848     00B8                     u1990:
  3849     00B8  288A               	goto	l210
  3850     00B9                     l2600:
  3851                           
  3852                           ;D:\yiming\00work\FR685_V05.X\mcc_generated_files\LINDrivers\lin_slave.c: 148:          
      +                             LIN_packet.type = LIN_getFromTable(LIN_packet.PID, TYPE);
  3853     00B9  01F0               	clrf	LIN_getFromTable@param
  3854     00BA  0AF0               	incf	LIN_getFromTable@param,f
  3855     00BB  0020               	movlb	0	; select bank0
  3856     00BC  0854               	movf	_LIN_packet,w
  3857     00BD  3182  2264  3180   	fcall	_LIN_getFromTable
  3858     00C0  0020               	movlb	0	; select bank0
  3859     00C1  00DE               	movwf	_LIN_packet+10
  3860     00C2                     l2602:
  3861                           
  3862                           ;D:\yiming\00work\FR685_V05.X\mcc_generated_files\LINDrivers\lin_slave.c: 149:          
      +                             if (LIN_packet.type == RECEIVE)
  3863     00C2  035E               	decf	_LIN_packet+10,w
  3864     00C3  1D03               	btfss	3,2
  3865     00C4  28C6               	goto	u2001
  3866     00C5  28C7               	goto	u2000
  3867     00C6                     u2001:
  3868     00C6  28D2               	goto	l2608
  3869     00C7                     u2000:
  3870     00C7                     l2604:
  3871                           
  3872                           ;D:\yiming\00work\FR685_V05.X\mcc_generated_files\LINDrivers\lin_slave.c: 150:          
      +                             {;D:\yiming\00work\FR685_V05.X\mcc_generated_files\LINDrivers\lin_slave.c: 151:      
      +                                     LIN_packet.length = LIN_getFromTable(LIN_packet.PID, LENGTH);
  3873     00C7  3002               	movlw	2
  3874     00C8  00F0               	movwf	LIN_getFromTable@param
  3875     00C9  0854               	movf	_LIN_packet,w
  3876     00CA  3182  2264  3180   	fcall	_LIN_getFromTable
  3877     00CD  0020               	movlb	0	; select bank0
  3878     00CE  00DF               	movwf	_LIN_packet+11
  3879     00CF                     l2606:
  3880                           
  3881                           ;D:\yiming\00work\FR685_V05.X\mcc_generated_files\LINDrivers\lin_slave.c: 152:          
      +                                 LIN_rxState = LIN_RX_DATA;
  3882     00CF  3004               	movlw	4
  3883     00D0  00CC               	movwf	LIN_handler@LIN_rxState
  3884                           
  3885                           ;D:\yiming\00work\FR685_V05.X\mcc_generated_files\LINDrivers\lin_slave.c: 153:          
      +                             }
  3886     00D1  2979               	goto	l234
  3887     00D2                     l2608:
  3888                           
  3889                           ;D:\yiming\00work\FR685_V05.X\mcc_generated_files\LINDrivers\lin_slave.c: 155:          
      +                             {;D:\yiming\00work\FR685_V05.X\mcc_generated_files\LINDrivers\lin_slave.c: 156:      
      +                                     LIN_disableRx();
  3890     00D2  3186  2615  3180   	fcall	_LIN_disableRx
  3891     00D5                     l2610:
  3892                           
  3893                           ;D:\yiming\00work\FR685_V05.X\mcc_generated_files\LINDrivers\lin_slave.c: 157:          
      +                                 LIN_rxState = LIN_RX_TX_DATA;
  3894     00D5  3006               	movlw	6
  3895     00D6  0020               	movlb	0	; select bank0
  3896     00D7  00CC               	movwf	LIN_handler@LIN_rxState
  3897     00D8  2979               	goto	l234
  3898     00D9                     l2612:
  3899                           
  3900                           ;D:\yiming\00work\FR685_V05.X\mcc_generated_files\LINDrivers\lin_slave.c: 162:         i
      +                          f (EUSART_is_rx_ready() > 0)
  3901     00D9  3185  25CB  3180   	fcall	_EUSART_is_rx_ready
  3902     00DC  3A00               	xorlw	0
  3903     00DD  1903               	skipnz
  3904     00DE  28E0               	goto	u2011
  3905     00DF  28E1               	goto	u2010
  3906     00E0                     u2011:
  3907     00E0  2979               	goto	l234
  3908     00E1                     u2010:
  3909     00E1                     l2614:
  3910                           
  3911                           ;D:\yiming\00work\FR685_V05.X\mcc_generated_files\LINDrivers\lin_slave.c: 163:         {
      +                          ;D:\yiming\00work\FR685_V05.X\mcc_generated_files\LINDrivers\lin_slave.c: 164:          
      +                             LIN_packet.data[rxDataIndex] = EUSART_Read();
  3912     00E1  3184  2460  3180   	fcall	_EUSART_Read
  3913     00E4  0020               	movlb	0	; select bank0
  3914     00E5  00EA               	movwf	??_LIN_handler
  3915     00E6  3055               	movlw	low (_LIN_packet+1)
  3916     00E7  00EB               	movwf	??_LIN_handler+1
  3917     00E8  3000               	movlw	high (_LIN_packet+1)
  3918     00E9  00EC               	movwf	??_LIN_handler+2
  3919     00EA  084B               	movf	LIN_handler@rxDataIndex,w
  3920     00EB  076B               	addwf	??_LIN_handler+1,w
  3921     00EC  00ED               	movwf	??_LIN_handler+3
  3922     00ED  3000               	movlw	0
  3923     00EE  3D6C               	addwfc	??_LIN_handler+2,w
  3924     00EF  00EE               	movwf	??_LIN_handler+4
  3925     00F0  086D               	movf	??_LIN_handler+3,w
  3926     00F1  0086               	movwf	6
  3927     00F2  086E               	movf	??_LIN_handler+4,w
  3928     00F3  0087               	movwf	7
  3929     00F4  086A               	movf	??_LIN_handler,w
  3930     00F5  0081               	movwf	1
  3931     00F6                     l2616:
  3932                           
  3933                           ;D:\yiming\00work\FR685_V05.X\mcc_generated_files\LINDrivers\lin_slave.c: 165:          
      +                             if (++rxDataIndex >= LIN_packet.length)
  3934     00F6  3001               	movlw	1
  3935     00F7  07CB               	addwf	LIN_handler@rxDataIndex,f
  3936     00F8  085F               	movf	_LIN_packet+11,w
  3937     00F9  024B               	subwf	LIN_handler@rxDataIndex,w
  3938     00FA  1C03               	skipc
  3939     00FB  28FD               	goto	u2021
  3940     00FC  28FE               	goto	u2020
  3941     00FD                     u2021:
  3942     00FD  2979               	goto	l234
  3943     00FE                     u2020:
  3944     00FE                     l2618:
  3945                           
  3946                           ;D:\yiming\00work\FR685_V05.X\mcc_generated_files\LINDrivers\lin_slave.c: 166:          
      +                             {;D:\yiming\00work\FR685_V05.X\mcc_generated_files\LINDrivers\lin_slave.c: 168:      
      +                                     rxDataIndex = 0;
  3947     00FE  01CB               	clrf	LIN_handler@rxDataIndex
  3948     00FF                     l2620:
  3949                           
  3950                           ;D:\yiming\00work\FR685_V05.X\mcc_generated_files\LINDrivers\lin_slave.c: 169:          
      +                                 LIN_rxState = LIN_RX_CHECKSUM;
  3951     00FF  3005               	movlw	5
  3952     0100  00CC               	movwf	LIN_handler@LIN_rxState
  3953     0101  2979               	goto	l234
  3954     0102                     l2622:
  3955                           
  3956                           ;D:\yiming\00work\FR685_V05.X\mcc_generated_files\LINDrivers\lin_slave.c: 174:         i
      +                          f (EUSART_is_rx_ready() > 0)
  3957     0102  3185  25CB  3180   	fcall	_EUSART_is_rx_ready
  3958     0105  3A00               	xorlw	0
  3959     0106  1903               	skipnz
  3960     0107  2909               	goto	u2031
  3961     0108  290A               	goto	u2030
  3962     0109                     u2031:
  3963     0109  2979               	goto	l234
  3964     010A                     u2030:
  3965     010A                     l2624:
  3966                           
  3967                           ;D:\yiming\00work\FR685_V05.X\mcc_generated_files\LINDrivers\lin_slave.c: 175:         {
      +                          ;D:\yiming\00work\FR685_V05.X\mcc_generated_files\LINDrivers\lin_slave.c: 176:          
      +                             LIN_packet.checksum = EUSART_Read();
  3968     010A  3184  2460  3180   	fcall	_EUSART_Read
  3969     010D  0020               	movlb	0	; select bank0
  3970     010E  00DD               	movwf	_LIN_packet+9
  3971                           
  3972                           ;D:\yiming\00work\FR685_V05.X\mcc_generated_files\LINDrivers\lin_slave.c: 177:          
      +                             if (LIN_packet.checksum != LIN_getChecksum(LIN_packet.length, LIN_packet.PID, LIN_pac
      +                          ket.data))
  3973     010F  0854               	movf	_LIN_packet,w
  3974     0110  00F0               	movwf	LIN_getChecksum@pid
  3975     0111  3055               	movlw	low (_LIN_packet+1)
  3976     0112  00F1               	movwf	LIN_getChecksum@data
  3977     0113  3000               	movlw	high (_LIN_packet+1)
  3978     0114  00F2               	movwf	LIN_getChecksum@data+1
  3979     0115  085F               	movf	_LIN_packet+11,w
  3980     0116  3183  2391  3180   	fcall	_LIN_getChecksum
  3981     0119  0020               	movlb	0	; select bank0
  3982     011A  065D               	xorwf	_LIN_packet+9,w
  3983     011B  1903               	skipnz
  3984     011C  291E               	goto	u2041
  3985     011D  291F               	goto	u2040
  3986     011E                     u2041:
  3987     011E  2920               	goto	l226
  3988     011F                     u2040:
  3989     011F  288A               	goto	l210
  3990     0120                     l226:	
  3991                           ;D:\yiming\00work\FR685_V05.X\mcc_generated_files\LINDrivers\lin_slave.c: 181:          
      +                             else
  3992                           
  3993                           
  3994                           ;D:\yiming\00work\FR685_V05.X\mcc_generated_files\LINDrivers\lin_slave.c: 182:          
      +                             {;D:\yiming\00work\FR685_V05.X\mcc_generated_files\LINDrivers\lin_slave.c: 183:      
      +                                     LIN_rxState = LIN_RX_RDY;
  3995     0120  3007               	movlw	7
  3996     0121  00CC               	movwf	LIN_handler@LIN_rxState
  3997     0122  2979               	goto	l234
  3998     0123                     l2628:
  3999                           
  4000                           ;D:\yiming\00work\FR685_V05.X\mcc_generated_files\LINDrivers\lin_slave.c: 188:         L
      +                          IN_queuePacket(LIN_packet.PID);
  4001     0123  0854               	movf	_LIN_packet,w
  4002     0124  3182  2200  3180   	fcall	_LIN_queuePacket
  4003     0127                     l2630:
  4004                           
  4005                           ;D:\yiming\00work\FR685_V05.X\mcc_generated_files\LINDrivers\lin_slave.c: 189:         L
      +                          IN_rxState = LIN_RX_RDY;
  4006     0127  3007               	movlw	7
  4007     0128  0020               	movlb	0	; select bank0
  4008     0129  00CC               	movwf	LIN_handler@LIN_rxState
  4009     012A                     l229:	
  4010                           ;D:\yiming\00work\FR685_V05.X\mcc_generated_files\LINDrivers\lin_slave.c: 190:     case 
      +                          LIN_RX_RDY:
  4011                           
  4012                           
  4013                           ;D:\yiming\00work\FR685_V05.X\mcc_generated_files\LINDrivers\lin_slave.c: 191:         L
      +                          IN_processData();
  4014     012A  0841               	movf	_LIN_processData+1,w
  4015     012B  008A               	movwf	10
  4016     012C  0840               	movf	_LIN_processData,w
  4017     012D  000A               	callw
  4018     012E  3180               	pagesel	$
  4019     012F                     l2632:
  4020                           
  4021                           ;D:\yiming\00work\FR685_V05.X\mcc_generated_files\LINDrivers\lin_slave.c: 195:         C
      +                          ountCallBack = 0;
  4022     012F  0020               	movlb	0	; select bank0
  4023     0130  01D0               	clrf	_CountCallBack	;volatile
  4024     0131                     l2634:
  4025                           
  4026                           ;D:\yiming\00work\FR685_V05.X\mcc_generated_files\LINDrivers\lin_slave.c: 196:         L
      +                          IN_timerRunning = 0;
  4027     0131  01D1               	clrf	_LIN_timerRunning
  4028     0132                     l2636:
  4029                           
  4030                           ;D:\yiming\00work\FR685_V05.X\mcc_generated_files\LINDrivers\lin_slave.c: 198:         r
      +                          xDataIndex = 0;
  4031     0132  01CB               	clrf	LIN_handler@rxDataIndex
  4032     0133                     l2638:
  4033                           
  4034                           ;D:\yiming\00work\FR685_V05.X\mcc_generated_files\LINDrivers\lin_slave.c: 199:         L
      +                          IN_rxInProgress = 0;
  4035     0133  01D3               	clrf	_LIN_rxInProgress
  4036     0134                     l2640:
  4037                           
  4038                           ;D:\yiming\00work\FR685_V05.X\mcc_generated_files\LINDrivers\lin_slave.c: 200:         m
      +                          emset(LIN_packet.rawPacket, 0, sizeof(LIN_packet.rawPacket));
  4039     0134  3054               	movlw	low _LIN_packet
  4040     0135  00F0               	movwf	memset@dest
  4041     0136  3000               	movlw	high _LIN_packet
  4042     0137  00F1               	movwf	memset@dest+1
  4043     0138  3000               	movlw	0
  4044     0139  00F2               	movwf	memset@c
  4045     013A  00F3               	movwf	memset@c+1
  4046     013B  300D               	movlw	13
  4047     013C  00F4               	movwf	memset@n
  4048     013D  3000               	movlw	0
  4049     013E  00F5               	movwf	memset@n+1
  4050     013F  3185  250E  3180   	fcall	_memset
  4051     0142                     l2642:
  4052                           
  4053                           ;D:\yiming\00work\FR685_V05.X\mcc_generated_files\LINDrivers\lin_slave.c: 202:         i
      +                          f (TXSTAbits.TRMT)
  4054     0142  0023               	movlb	3	; select bank3
  4055     0143  1C9E               	btfss	30,1	;volatile
  4056     0144  2946               	goto	u2051
  4057     0145  2947               	goto	u2050
  4058     0146                     u2051:
  4059     0146  294D               	goto	l232
  4060     0147                     u2050:
  4061     0147                     l2644:
  4062                           
  4063                           ;D:\yiming\00work\FR685_V05.X\mcc_generated_files\LINDrivers\lin_slave.c: 203:         {
      +                          ;D:\yiming\00work\FR685_V05.X\mcc_generated_files\LINDrivers\lin_slave.c: 204:          
      +                             LIN_enableRx();
  4064     0147  3186  2610  3180   	fcall	_LIN_enableRx
  4065     014A                     l2646:
  4066                           
  4067                           ;D:\yiming\00work\FR685_V05.X\mcc_generated_files\LINDrivers\lin_slave.c: 205:          
      +                             LIN_rxState = LIN_RX_IDLE;
  4068     014A  0020               	movlb	0	; select bank0
  4069     014B  01CC               	clrf	LIN_handler@LIN_rxState
  4070                           
  4071                           ;D:\yiming\00work\FR685_V05.X\mcc_generated_files\LINDrivers\lin_slave.c: 206:         }
  4072     014C  2979               	goto	l234
  4073     014D                     l232:	
  4074                           ;D:\yiming\00work\FR685_V05.X\mcc_generated_files\LINDrivers\lin_slave.c: 207:         e
      +                          lse
  4075                           
  4076                           
  4077                           ;D:\yiming\00work\FR685_V05.X\mcc_generated_files\LINDrivers\lin_slave.c: 208:         {
      +                          ;D:\yiming\00work\FR685_V05.X\mcc_generated_files\LINDrivers\lin_slave.c: 209:          
      +                             LIN_rxState = LIN_RX_WAIT;
  4078     014D  3009               	movlw	9
  4079     014E  0020               	movlb	0	; select bank0
  4080     014F  00CC               	movwf	LIN_handler@LIN_rxState
  4081     0150  2979               	goto	l234
  4082     0151                     l2650:
  4083     0151  084C               	movf	LIN_handler@LIN_rxState,w
  4084     0152  00EA               	movwf	??_LIN_handler
  4085     0153  01EB               	clrf	??_LIN_handler+1
  4086                           
  4087                           ; Switch on 2 bytes has been partitioned into a top level switch of size 1, and 1 sub-sw
      +                          itches
  4088                           ; Switch size 1, requested type "simple"
  4089                           ; Number of cases is 1, Range of values is 0 to 0
  4090                           ; switch strategies available:
  4091                           ; Name         Instructions Cycles
  4092                           ; simple_byte            4     3 (average)
  4093                           ; direct_byte            8     6 (fixed)
  4094                           ; jumptable            260     6 (fixed)
  4095                           ;	Chosen strategy is simple_byte
  4096     0154  086B               	movf	??_LIN_handler+1,w
  4097     0155  3A00               	xorlw	0	; case 0
  4098     0156  1903               	skipnz
  4099     0157  2959               	goto	l2730
  4100     0158  2979               	goto	l234
  4101     0159                     l2730:
  4102                           
  4103                           ; Switch size 1, requested type "simple"
  4104                           ; Number of cases is 10, Range of values is 0 to 9
  4105                           ; switch strategies available:
  4106                           ; Name         Instructions Cycles
  4107                           ; direct_byte           26     6 (fixed)
  4108                           ; simple_byte           31    16 (average)
  4109                           ; jumptable            260     6 (fixed)
  4110                           ;	Chosen strategy is simple_byte
  4111     0159  086A               	movf	??_LIN_handler,w
  4112     015A  3A00               	xorlw	0	; case 0
  4113     015B  1903               	skipnz
  4114     015C  2864               	goto	l2572
  4115     015D  3A01               	xorlw	1	; case 1
  4116     015E  1903               	skipnz
  4117     015F  2876               	goto	l2580
  4118     0160  3A03               	xorlw	3	; case 2
  4119     0161  1903               	skipnz
  4120     0162  288E               	goto	l2586
  4121     0163  3A01               	xorlw	1	; case 3
  4122     0164  1903               	skipnz
  4123     0165  28A2               	goto	l2592
  4124     0166  3A07               	xorlw	7	; case 4
  4125     0167  1903               	skipnz
  4126     0168  28D9               	goto	l2612
  4127     0169  3A01               	xorlw	1	; case 5
  4128     016A  1903               	skipnz
  4129     016B  2902               	goto	l2622
  4130     016C  3A03               	xorlw	3	; case 6
  4131     016D  1903               	skipnz
  4132     016E  2923               	goto	l2628
  4133     016F  3A01               	xorlw	1	; case 7
  4134     0170  1903               	skipnz
  4135     0171  292A               	goto	l229
  4136     0172  3A0F               	xorlw	15	; case 8
  4137     0173  1903               	skipnz
  4138     0174  292F               	goto	l2632
  4139     0175  3A01               	xorlw	1	; case 9
  4140     0176  1903               	skipnz
  4141     0177  2942               	goto	l2642
  4142     0178  2979               	goto	l234
  4143     0179                     l234:
  4144     0179  0008               	return
  4145     017A                     __end_of_LIN_handler:
  4146                           
  4147                           	psect	text19
  4148     02C2                     __ptext19:	
  4149 ;; *************** function _processLIN *****************
  4150 ;; Defined at:
  4151 ;;		line 69 in file "D:\yiming\00work\FR685_V05.X\mcc_generated_files\LINDrivers\lin_app.c"
  4152 ;; Parameters:    Size  Location     Type
  4153 ;;		None
  4154 ;; Auto vars:     Size  Location     Type
  4155 ;;  tempRxData      8    0[BANK0 ] unsigned char [8]
  4156 ;;  cmd             1    8[BANK0 ] unsigned char 
  4157 ;;  mode            1    0        enum E3442
  4158 ;; Return value:  Size  Location     Type
  4159 ;;                  1    wreg      void 
  4160 ;; Registers used:
  4161 ;;		wreg, fsr0l, fsr0h, fsr1l, fsr1h, status,2, status,0, pclath, cstack
  4162 ;; Tracked objects:
  4163 ;;		On entry : 0/0
  4164 ;;		On exit  : 0/0
  4165 ;;		Unchanged: 0/0
  4166 ;; Data sizes:     COMMON   BANK0   BANK1   BANK2   BANK3   BANK4   BANK5   BANK6
  4167 ;;      Params:         0       0       0       0       0       0       0       0
  4168 ;;      Locals:         0       9       0       0       0       0       0       0
  4169 ;;      Temps:          0       0       0       0       0       0       0       0
  4170 ;;      Totals:         0       9       0       0       0       0       0       0
  4171 ;;Total ram usage:        9 bytes
  4172 ;; Hardware stack levels used: 1
  4173 ;; Hardware stack levels required when called: 6
  4174 ;; This function calls:
  4175 ;;		_HIBEAM_OFF
  4176 ;;		_HIBEAM_ON
  4177 ;;		_LIN_getPacket
  4178 ;; This function is called by:
  4179 ;;		_LIN_Slave_Initialize
  4180 ;;		_LIN_handler
  4181 ;; This function uses a non-reentrant model
  4182 ;;
  4183                           
  4184     02C2                     _processLIN:	
  4185                           ;psect for function _processLIN
  4186                           
  4187     02C2                     l2502:	
  4188                           ;incstack = 0
  4189                           ; Regs used in _processLIN: [wreg-fsr1h+status,2+status,0+pclath+cstack]
  4190                           
  4191                           
  4192                           ;D:\yiming\00work\FR685_V05.X\mcc_generated_files\LINDrivers\lin_app.c: 71:   uint8_t te
      +                          mpRxData[8];;D:\yiming\00work\FR685_V05.X\mcc_generated_files\LINDrivers\lin_app.c: 72: 
      +                            uint8_t cmd;;D:\yiming\00work\FR685_V05.X\mcc_generated_files\LINDrivers\lin_app.c: 73
      +                          :   ControlCode mode;;D:\yiming\00work\FR685_V05.X\mcc_generated_files\LINDrivers\lin_ap
      +                          p.c: 75:   cmd = LIN_getPacket(tempRxData);
  4193     02C2  3061               	movlw	(low (processLIN@tempRxData| 0))& (0+255)
  4194     02C3  00F9               	movwf	LIN_getPacket@data
  4195     02C4  3184  2416  3182   	fcall	_LIN_getPacket
  4196     02C7  0020               	movlb	0	; select bank0
  4197     02C8  00E9               	movwf	processLIN@cmd
  4198     02C9                     l2504:
  4199                           
  4200                           ;D:\yiming\00work\FR685_V05.X\mcc_generated_files\LINDrivers\lin_app.c: 78:   if (cmd !=
      +                           SIGNAL)
  4201     02C9  0369               	decf	processLIN@cmd,w
  4202     02CA  1903               	btfsc	3,2
  4203     02CB  2ACD               	goto	u1841
  4204     02CC  2ACE               	goto	u1840
  4205     02CD                     u1841:
  4206     02CD  2ACF               	goto	l2508
  4207     02CE                     u1840:
  4208     02CE  2B19               	goto	l87
  4209     02CF                     l2508:
  4210                           
  4211                           ;D:\yiming\00work\FR685_V05.X\mcc_generated_files\LINDrivers\lin_app.c: 83:   if (tempRx
      +                          Data[0] == 0x24)
  4212     02CF  3024               	movlw	36
  4213     02D0  0661               	xorwf	processLIN@tempRxData,w
  4214     02D1  1D03               	btfss	3,2
  4215     02D2  2AD4               	goto	u1851
  4216     02D3  2AD5               	goto	u1850
  4217     02D4                     u1851:
  4218     02D4  2B0C               	goto	l2522
  4219     02D5                     u1850:
  4220     02D5                     l2514:
  4221     02D5  0863               	movf	processLIN@tempRxData+2,w
  4222                           
  4223                           ; Switch size 1, requested type "simple"
  4224                           ; Number of cases is 13, Range of values is 41 to 180
  4225                           ; switch strategies available:
  4226                           ; Name         Instructions Cycles
  4227                           ; simple_byte           40    21 (average)
  4228                           ; jumptable            263     9 (fixed)
  4229                           ;	Chosen strategy is simple_byte
  4230     02D6  3A29               	xorlw	41	; case 41
  4231     02D7  1903               	skipnz
  4232     02D8  2AFE               	goto	l2516
  4233     02D9  3A03               	xorlw	3	; case 42
  4234     02DA  1903               	skipnz
  4235     02DB  2AFE               	goto	l2516
  4236     02DC  3A01               	xorlw	1	; case 43
  4237     02DD  1903               	skipnz
  4238     02DE  2AFE               	goto	l2516
  4239     02DF  3A07               	xorlw	7	; case 44
  4240     02E0  1903               	skipnz
  4241     02E1  2AFE               	goto	l2516
  4242     02E2  3A1D               	xorlw	29	; case 49
  4243     02E3  1903               	skipnz
  4244     02E4  2AFE               	goto	l2516
  4245     02E5  3A03               	xorlw	3	; case 50
  4246     02E6  1903               	skipnz
  4247     02E7  2AFE               	goto	l2516
  4248     02E8  3A01               	xorlw	1	; case 51
  4249     02E9  1903               	skipnz
  4250     02EA  2AFE               	goto	l2516
  4251     02EB  3A5A               	xorlw	90	; case 105
  4252     02EC  1903               	skipnz
  4253     02ED  2AFE               	goto	l2516
  4254     02EE  3A03               	xorlw	3	; case 106
  4255     02EF  1903               	skipnz
  4256     02F0  2AFE               	goto	l2516
  4257     02F1  3A06               	xorlw	6	; case 108
  4258     02F2  1903               	skipnz
  4259     02F3  2AFE               	goto	l2516
  4260     02F4  3A1D               	xorlw	29	; case 113
  4261     02F5  1903               	skipnz
  4262     02F6  2AFE               	goto	l2516
  4263     02F7  3A03               	xorlw	3	; case 114
  4264     02F8  1903               	skipnz
  4265     02F9  2AFE               	goto	l2516
  4266     02FA  3AC6               	xorlw	198	; case 180
  4267     02FB  1903               	skipnz
  4268     02FC  2AFE               	goto	l2516
  4269     02FD  2AFE               	goto	l2516
  4270     02FE                     l2516:
  4271                           
  4272                           ;D:\yiming\00work\FR685_V05.X\mcc_generated_files\LINDrivers\lin_app.c: 134:     if (tem
      +                          pRxData[1] & 0xC0)
  4273     02FE  0862               	movf	processLIN@tempRxData+1,w
  4274     02FF  39C0               	andlw	192
  4275     0300  1903               	btfsc	3,2
  4276     0301  2B03               	goto	u1861
  4277     0302  2B04               	goto	u1860
  4278     0303                     u1861:
  4279     0303  2B08               	goto	l2520
  4280     0304                     u1860:
  4281     0304                     l2518:
  4282                           
  4283                           ;D:\yiming\00work\FR685_V05.X\mcc_generated_files\LINDrivers\lin_app.c: 135:     {;D:\yi
      +                          ming\00work\FR685_V05.X\mcc_generated_files\LINDrivers\lin_app.c: 136:       HIBEAM_ON()
      +                          ;
  4284     0304  3186  262E  3182   	fcall	_HIBEAM_ON
  4285                           
  4286                           ;D:\yiming\00work\FR685_V05.X\mcc_generated_files\LINDrivers\lin_app.c: 137:     }
  4287     0307  2B19               	goto	l87
  4288     0308                     l2520:
  4289                           
  4290                           ;D:\yiming\00work\FR685_V05.X\mcc_generated_files\LINDrivers\lin_app.c: 139:     {;D:\yi
      +                          ming\00work\FR685_V05.X\mcc_generated_files\LINDrivers\lin_app.c: 140:       HIBEAM_OFF(
      +                          );
  4291     0308  3186  2631  3182   	fcall	_HIBEAM_OFF
  4292     030B  2B19               	goto	l87
  4293     030C                     l2522:
  4294     030C  3031               	movlw	49
  4295     030D  0661               	xorwf	processLIN@tempRxData,w
  4296     030E  1D03               	btfss	3,2
  4297     030F  2B11               	goto	u1871
  4298     0310  2B12               	goto	u1870
  4299     0311                     u1871:
  4300     0311  2B19               	goto	l87
  4301     0312                     u1870:
  4302     0312                     l2524:
  4303     0312  3008               	movlw	8
  4304     0313  0662               	xorwf	processLIN@tempRxData+1,w
  4305     0314  1D03               	btfss	3,2
  4306     0315  2B17               	goto	u1881
  4307     0316  2B18               	goto	u1880
  4308     0317                     u1881:
  4309     0317  2B19               	goto	l87
  4310     0318                     u1880:
  4311     0318  2B08               	goto	l2520
  4312     0319                     l87:
  4313     0319  0008               	return
  4314     031A                     __end_of_processLIN:
  4315                           
  4316                           	psect	text20
  4317     0416                     __ptext20:	
  4318 ;; *************** function _LIN_getPacket *****************
  4319 ;; Defined at:
  4320 ;;		line 228 in file "D:\yiming\00work\FR685_V05.X\mcc_generated_files\LINDrivers\lin_slave.c"
  4321 ;; Parameters:    Size  Location     Type
  4322 ;;  data            1    9[COMMON] PTR unsigned char 
  4323 ;;		 -> processLIN@tempRxData(8), 
  4324 ;; Auto vars:     Size  Location     Type
  4325 ;;  cmd             1   10[COMMON] unsigned char 
  4326 ;; Return value:  Size  Location     Type
  4327 ;;                  1    wreg      unsigned char 
  4328 ;; Registers used:
  4329 ;;		wreg, fsr1l, fsr1h, status,2, status,0, pclath, cstack
  4330 ;; Tracked objects:
  4331 ;;		On entry : 0/0
  4332 ;;		On exit  : 0/0
  4333 ;;		Unchanged: 0/0
  4334 ;; Data sizes:     COMMON   BANK0   BANK1   BANK2   BANK3   BANK4   BANK5   BANK6
  4335 ;;      Params:         1       0       0       0       0       0       0       0
  4336 ;;      Locals:         1       0       0       0       0       0       0       0
  4337 ;;      Temps:          0       0       0       0       0       0       0       0
  4338 ;;      Totals:         2       0       0       0       0       0       0       0
  4339 ;;Total ram usage:        2 bytes
  4340 ;; Hardware stack levels used: 1
  4341 ;; Hardware stack levels required when called: 5
  4342 ;; This function calls:
  4343 ;;		_memcpy
  4344 ;;		_memset
  4345 ;; This function is called by:
  4346 ;;		_processLIN
  4347 ;; This function uses a non-reentrant model
  4348 ;;
  4349                           
  4350     0416                     _LIN_getPacket:	
  4351                           ;psect for function _LIN_getPacket
  4352                           
  4353     0416                     l2478:	
  4354                           ;incstack = 0
  4355                           ; Regs used in _LIN_getPacket: [wreg+fsr1l+fsr1h+status,2+status,0+pclath+cstack]
  4356                           
  4357                           
  4358                           ;D:\yiming\00work\FR685_V05.X\mcc_generated_files\LINDrivers\lin_slave.c: 228: uint8_t L
      +                          IN_getPacket(uint8_t *data);D:\yiming\00work\FR685_V05.X\mcc_generated_files\LINDrivers\
      +                          lin_slave.c: 229: {;D:\yiming\00work\FR685_V05.X\mcc_generated_files\LINDrivers\lin_slav
      +                          e.c: 230:     uint8_t cmd = LIN_packet.PID & 0x3F;
  4359     0416  0020               	movlb	0	; select bank0
  4360     0417  0854               	movf	_LIN_packet,w
  4361     0418  393F               	andlw	63
  4362     0419  00FA               	movwf	LIN_getPacket@cmd
  4363     041A                     l2480:
  4364                           
  4365                           ;D:\yiming\00work\FR685_V05.X\mcc_generated_files\LINDrivers\lin_slave.c: 232:     memcp
      +                          y(data, LIN_packet.data, sizeof(LIN_packet.data));
  4366     041A  0879               	movf	LIN_getPacket@data,w
  4367     041B  00F0               	movwf	memcpy@d1
  4368     041C  01F1               	clrf	memcpy@d1+1
  4369     041D  3055               	movlw	low (_LIN_packet+1)
  4370     041E  00F2               	movwf	memcpy@s1
  4371     041F  3000               	movlw	high (_LIN_packet+1)
  4372     0420  00F3               	movwf	memcpy@s1+1
  4373     0421  3008               	movlw	8
  4374     0422  00F4               	movwf	memcpy@n
  4375     0423  3000               	movlw	0
  4376     0424  00F5               	movwf	memcpy@n+1
  4377     0425  3184  2484  3184   	fcall	_memcpy
  4378     0428                     l2482:
  4379                           
  4380                           ;D:\yiming\00work\FR685_V05.X\mcc_generated_files\LINDrivers\lin_slave.c: 233:     memse
      +                          t(LIN_packet.rawPacket, 0, sizeof(LIN_packet.rawPacket));
  4381     0428  3054               	movlw	low _LIN_packet
  4382     0429  00F0               	movwf	memset@dest
  4383     042A  3000               	movlw	high _LIN_packet
  4384     042B  00F1               	movwf	memset@dest+1
  4385     042C  3000               	movlw	0
  4386     042D  00F2               	movwf	memset@c
  4387     042E  00F3               	movwf	memset@c+1
  4388     042F  300D               	movlw	13
  4389     0430  00F4               	movwf	memset@n
  4390     0431  3000               	movlw	0
  4391     0432  00F5               	movwf	memset@n+1
  4392     0433  3185  250E  3184   	fcall	_memset
  4393     0436                     l2484:
  4394                           
  4395                           ;D:\yiming\00work\FR685_V05.X\mcc_generated_files\LINDrivers\lin_slave.c: 234:     LIN_v
      +                          alidSignalReceived = 1;
  4396     0436  3001               	movlw	1
  4397     0437  0020               	movlb	0	; select bank0
  4398     0438  00CF               	movwf	_LIN_validSignalReceived	;volatile
  4399     0439                     l2486:
  4400                           
  4401                           ;D:\yiming\00work\FR685_V05.X\mcc_generated_files\LINDrivers\lin_slave.c: 235:     retur
      +                          n cmd;
  4402     0439  087A               	movf	LIN_getPacket@cmd,w
  4403     043A                     l243:
  4404     043A  0008               	return
  4405     043B                     __end_of_LIN_getPacket:
  4406                           
  4407                           	psect	text21
  4408     050E                     __ptext21:	
  4409 ;; *************** function _memset *****************
  4410 ;; Defined at:
  4411 ;;		line 3 in file "c:\PROGRA~1\MICROC~1\xc8\v3.10\pic\sources\c99\common\memset.c"
  4412 ;; Parameters:    Size  Location     Type
  4413 ;;  dest            2    0[COMMON] PTR void 
  4414 ;;		 -> LIN_packet(13), 
  4415 ;;  c               2    2[COMMON] int 
  4416 ;;  n               2    4[COMMON] unsigned int 
  4417 ;; Auto vars:     Size  Location     Type
  4418 ;;  p               1    6[COMMON] PTR unsigned char 
  4419 ;;		 -> LIN_packet(13), 
  4420 ;; Return value:  Size  Location     Type
  4421 ;;                  2    0[COMMON] PTR void 
  4422 ;; Registers used:
  4423 ;;		wreg, fsr1l, fsr1h, status,2, status,0
  4424 ;; Tracked objects:
  4425 ;;		On entry : 0/0
  4426 ;;		On exit  : 0/0
  4427 ;;		Unchanged: 0/0
  4428 ;; Data sizes:     COMMON   BANK0   BANK1   BANK2   BANK3   BANK4   BANK5   BANK6
  4429 ;;      Params:         6       0       0       0       0       0       0       0
  4430 ;;      Locals:         1       0       0       0       0       0       0       0
  4431 ;;      Temps:          0       0       0       0       0       0       0       0
  4432 ;;      Totals:         7       0       0       0       0       0       0       0
  4433 ;;Total ram usage:        7 bytes
  4434 ;; Hardware stack levels used: 1
  4435 ;; Hardware stack levels required when called: 4
  4436 ;; This function calls:
  4437 ;;		Nothing
  4438 ;; This function is called by:
  4439 ;;		_LIN_handler
  4440 ;;		_LIN_getPacket
  4441 ;; This function uses a non-reentrant model
  4442 ;;
  4443                           
  4444     050E                     _memset:	
  4445                           ;psect for function _memset
  4446                           
  4447     050E                     l2452:	
  4448                           ;incstack = 0
  4449                           ; Regs used in _memset: [wreg+fsr1l+fsr1h+status,2+status,0]
  4450                           
  4451     050E  0870               	movf	memset@dest,w
  4452     050F  00F6               	movwf	memset@p
  4453     0510  2D18               	goto	l2458
  4454     0511                     l2454:
  4455     0511  0876               	movf	memset@p,w
  4456     0512  0086               	movwf	6
  4457     0513  0187               	clrf	7
  4458     0514  0872               	movf	memset@c,w
  4459     0515  0081               	movwf	1
  4460     0516                     l2456:
  4461     0516  3001               	movlw	1
  4462     0517  07F6               	addwf	memset@p,f
  4463     0518                     l2458:
  4464     0518  3001               	movlw	1
  4465     0519  02F4               	subwf	memset@n,f
  4466     051A  3000               	movlw	0
  4467     051B  3BF5               	subwfb	memset@n+1,f
  4468     051C  0A74               	incf	memset@n,w
  4469     051D  1D03               	skipz
  4470     051E  2D23               	goto	u1791
  4471     051F  0A75               	incf	memset@n+1,w
  4472     0520  1D03               	btfss	3,2
  4473     0521  2D23               	goto	u1791
  4474     0522  2D24               	goto	u1790
  4475     0523                     u1791:
  4476     0523  2D11               	goto	l2454
  4477     0524                     u1790:
  4478     0524                     l1146:
  4479     0524  0008               	return
  4480     0525                     __end_of_memset:
  4481                           
  4482                           	psect	text22
  4483     062E                     __ptext22:	
  4484 ;; *************** function _HIBEAM_ON *****************
  4485 ;; Defined at:
  4486 ;;		line 24 in file "D:\yiming\00work\FR685_V05.X\gpio.c"
  4487 ;; Parameters:    Size  Location     Type
  4488 ;;		None
  4489 ;; Auto vars:     Size  Location     Type
  4490 ;;		None
  4491 ;; Return value:  Size  Location     Type
  4492 ;;                  1    wreg      void 
  4493 ;; Registers used:
  4494 ;;		None
  4495 ;; Tracked objects:
  4496 ;;		On entry : 0/0
  4497 ;;		On exit  : 0/0
  4498 ;;		Unchanged: 0/0
  4499 ;; Data sizes:     COMMON   BANK0   BANK1   BANK2   BANK3   BANK4   BANK5   BANK6
  4500 ;;      Params:         0       0       0       0       0       0       0       0
  4501 ;;      Locals:         0       0       0       0       0       0       0       0
  4502 ;;      Temps:          0       0       0       0       0       0       0       0
  4503 ;;      Totals:         0       0       0       0       0       0       0       0
  4504 ;;Total ram usage:        0 bytes
  4505 ;; Hardware stack levels used: 1
  4506 ;; Hardware stack levels required when called: 4
  4507 ;; This function calls:
  4508 ;;		Nothing
  4509 ;; This function is called by:
  4510 ;;		_processLIN
  4511 ;; This function uses a non-reentrant model
  4512 ;;
  4513                           
  4514     062E                     _HIBEAM_ON:	
  4515                           ;psect for function _HIBEAM_ON
  4516                           
  4517     062E                     l1854:	
  4518                           ;incstack = 0
  4519                           ; Regs used in _HIBEAM_ON: []
  4520                           
  4521     062E  0022               	movlb	2	; select bank2
  4522     062F  150D               	bsf	13,2	;volatile
  4523     0630                     l5:
  4524     0630  0008               	return
  4525     0631                     __end_of_HIBEAM_ON:
  4526                           
  4527                           	psect	text23
  4528     0631                     __ptext23:	
  4529 ;; *************** function _HIBEAM_OFF *****************
  4530 ;; Defined at:
  4531 ;;		line 25 in file "D:\yiming\00work\FR685_V05.X\gpio.c"
  4532 ;; Parameters:    Size  Location     Type
  4533 ;;		None
  4534 ;; Auto vars:     Size  Location     Type
  4535 ;;		None
  4536 ;; Return value:  Size  Location     Type
  4537 ;;                  1    wreg      void 
  4538 ;; Registers used:
  4539 ;;		None
  4540 ;; Tracked objects:
  4541 ;;		On entry : 0/0
  4542 ;;		On exit  : 0/0
  4543 ;;		Unchanged: 0/0
  4544 ;; Data sizes:     COMMON   BANK0   BANK1   BANK2   BANK3   BANK4   BANK5   BANK6
  4545 ;;      Params:         0       0       0       0       0       0       0       0
  4546 ;;      Locals:         0       0       0       0       0       0       0       0
  4547 ;;      Temps:          0       0       0       0       0       0       0       0
  4548 ;;      Totals:         0       0       0       0       0       0       0       0
  4549 ;;Total ram usage:        0 bytes
  4550 ;; Hardware stack levels used: 1
  4551 ;; Hardware stack levels required when called: 4
  4552 ;; This function calls:
  4553 ;;		Nothing
  4554 ;; This function is called by:
  4555 ;;		_processLIN
  4556 ;; This function uses a non-reentrant model
  4557 ;;
  4558                           
  4559     0631                     _HIBEAM_OFF:	
  4560                           ;psect for function _HIBEAM_OFF
  4561                           
  4562     0631                     l1856:	
  4563                           ;incstack = 0
  4564                           ; Regs used in _HIBEAM_OFF: []
  4565                           
  4566     0631  0022               	movlb	2	; select bank2
  4567     0632  110D               	bcf	13,2	;volatile
  4568     0633                     l8:
  4569     0633  0008               	return
  4570     0634                     __end_of_HIBEAM_OFF:
  4571                           
  4572                           	psect	text24
  4573     0599                     __ptext24:	
  4574 ;; *************** function _LIN_startTimer *****************
  4575 ;; Defined at:
  4576 ;;		line 318 in file "D:\yiming\00work\FR685_V05.X\mcc_generated_files\LINDrivers\lin_slave.c"
  4577 ;; Parameters:    Size  Location     Type
  4578 ;;  timeout         1    wreg     unsigned char 
  4579 ;; Auto vars:     Size  Location     Type
  4580 ;;  timeout         1    1[COMMON] unsigned char 
  4581 ;; Return value:  Size  Location     Type
  4582 ;;                  1    wreg      void 
  4583 ;; Registers used:
  4584 ;;		wreg, status,2, status,0, pclath, cstack
  4585 ;; Tracked objects:
  4586 ;;		On entry : 0/0
  4587 ;;		On exit  : 0/0
  4588 ;;		Unchanged: 0/0
  4589 ;; Data sizes:     COMMON   BANK0   BANK1   BANK2   BANK3   BANK4   BANK5   BANK6
  4590 ;;      Params:         0       0       0       0       0       0       0       0
  4591 ;;      Locals:         1       0       0       0       0       0       0       0
  4592 ;;      Temps:          0       0       0       0       0       0       0       0
  4593 ;;      Totals:         1       0       0       0       0       0       0       0
  4594 ;;Total ram usage:        1 bytes
  4595 ;; Hardware stack levels used: 1
  4596 ;; Hardware stack levels required when called: 5
  4597 ;; This function calls:
  4598 ;;		_TMR0_WriteTimer
  4599 ;; This function is called by:
  4600 ;;		_LIN_handler
  4601 ;; This function uses a non-reentrant model
  4602 ;;
  4603                           
  4604     0599                     _LIN_startTimer:	
  4605                           ;psect for function _LIN_startTimer
  4606                           
  4607                           
  4608                           ;incstack = 0
  4609                           ; Regs used in _LIN_startTimer: [wreg+status,2+status,0+pclath+cstack]
  4610                           ;LIN_startTimer@timeout stored from wreg
  4611     0599  00F1               	movwf	LIN_startTimer@timeout
  4612     059A                     l2058:
  4613                           
  4614                           ;D:\yiming\00work\FR685_V05.X\mcc_generated_files\LINDrivers\lin_slave.c: 318: void LIN_
      +                          startTimer(uint8_t timeout);D:\yiming\00work\FR685_V05.X\mcc_generated_files\LINDrivers\
      +                          lin_slave.c: 319: {;D:\yiming\00work\FR685_V05.X\mcc_generated_files\LINDrivers\lin_slav
      +                          e.c: 320:     LIN_timeout = timeout;
  4615     059A  0871               	movf	LIN_startTimer@timeout,w
  4616     059B  0020               	movlb	0	; select bank0
  4617     059C  00EF               	movwf	_LIN_timeout
  4618     059D                     l2060:
  4619                           
  4620                           ;D:\yiming\00work\FR685_V05.X\mcc_generated_files\LINDrivers\lin_slave.c: 321:     TMR0_
      +                          WriteTimer(0);
  4621     059D  3000               	movlw	0
  4622     059E  3186  260B  3185   	fcall	_TMR0_WriteTimer
  4623     05A1                     l2062:
  4624                           
  4625                           ;D:\yiming\00work\FR685_V05.X\mcc_generated_files\LINDrivers\lin_slave.c: 322:     __nop
      +                          ();
  4626     05A1  0000               	nop
  4627     05A2                     l2064:
  4628                           
  4629                           ;D:\yiming\00work\FR685_V05.X\mcc_generated_files\LINDrivers\lin_slave.c: 323:     LIN_t
      +                          imerRunning = 1;
  4630     05A2  3001               	movlw	1
  4631     05A3  0020               	movlb	0	; select bank0
  4632     05A4  00D1               	movwf	_LIN_timerRunning
  4633     05A5                     l2066:
  4634                           
  4635                           ;D:\yiming\00work\FR685_V05.X\mcc_generated_files\LINDrivers\lin_slave.c: 324:     Count
      +                          CallBack = 0;
  4636     05A5  01D0               	clrf	_CountCallBack	;volatile
  4637     05A6                     l275:
  4638     05A6  0008               	return
  4639     05A7                     __end_of_LIN_startTimer:
  4640                           
  4641                           	psect	text25
  4642     060B                     __ptext25:	
  4643 ;; *************** function _TMR0_WriteTimer *****************
  4644 ;; Defined at:
  4645 ;;		line 96 in file "D:\yiming\00work\FR685_V05.X\mcc_generated_files\tmr0.c"
  4646 ;; Parameters:    Size  Location     Type
  4647 ;;  timerVal        1    wreg     unsigned char 
  4648 ;; Auto vars:     Size  Location     Type
  4649 ;;  timerVal        1    0[COMMON] unsigned char 
  4650 ;; Return value:  Size  Location     Type
  4651 ;;                  1    wreg      void 
  4652 ;; Registers used:
  4653 ;;		wreg
  4654 ;; Tracked objects:
  4655 ;;		On entry : 0/0
  4656 ;;		On exit  : 0/0
  4657 ;;		Unchanged: 0/0
  4658 ;; Data sizes:     COMMON   BANK0   BANK1   BANK2   BANK3   BANK4   BANK5   BANK6
  4659 ;;      Params:         0       0       0       0       0       0       0       0
  4660 ;;      Locals:         1       0       0       0       0       0       0       0
  4661 ;;      Temps:          0       0       0       0       0       0       0       0
  4662 ;;      Totals:         1       0       0       0       0       0       0       0
  4663 ;;Total ram usage:        1 bytes
  4664 ;; Hardware stack levels used: 1
  4665 ;; Hardware stack levels required when called: 4
  4666 ;; This function calls:
  4667 ;;		Nothing
  4668 ;; This function is called by:
  4669 ;;		_LIN_startTimer
  4670 ;; This function uses a non-reentrant model
  4671 ;;
  4672                           
  4673     060B                     _TMR0_WriteTimer:	
  4674                           ;psect for function _TMR0_WriteTimer
  4675                           
  4676                           
  4677                           ;incstack = 0
  4678                           ; Regs used in _TMR0_WriteTimer: [wreg]
  4679                           ;TMR0_WriteTimer@timerVal stored from wreg
  4680     060B  00F0               	movwf	TMR0_WriteTimer@timerVal
  4681     060C                     l1970:
  4682                           
  4683                           ;D:\yiming\00work\FR685_V05.X\mcc_generated_files\tmr0.c: 96: void TMR0_WriteTimer(uint8
      +                          _t timerVal);D:\yiming\00work\FR685_V05.X\mcc_generated_files\tmr0.c: 97: {;D:\yiming\00
      +                          work\FR685_V05.X\mcc_generated_files\tmr0.c: 99:     TMR0 = timerVal;
  4684     060C  0870               	movf	TMR0_WriteTimer@timerVal,w
  4685     060D  0020               	movlb	0	; select bank0
  4686     060E  0095               	movwf	21	;volatile
  4687     060F                     l567:
  4688     060F  0008               	return
  4689     0610                     __end_of_TMR0_WriteTimer:
  4690                           
  4691                           	psect	text26
  4692     0200                     __ptext26:	
  4693 ;; *************** function _LIN_queuePacket *****************
  4694 ;; Defined at:
  4695 ;;		line 60 in file "D:\yiming\00work\FR685_V05.X\mcc_generated_files\LINDrivers\lin_slave.c"
  4696 ;; Parameters:    Size  Location     Type
  4697 ;;  cmd             1    wreg     unsigned char 
  4698 ;; Auto vars:     Size  Location     Type
  4699 ;;  cmd             1    5[BANK0 ] unsigned char 
  4700 ;;  i               1    6[BANK0 ] unsigned char 
  4701 ;;  tempSchedule    2    7[BANK0 ] PTR const struct .
  4702 ;;		 -> NULL(0), scheduleTable(5), 
  4703 ;; Return value:  Size  Location     Type
  4704 ;;                  1    wreg      void 
  4705 ;; Registers used:
  4706 ;;		wreg, fsr0l, fsr0h, fsr1l, fsr1h, status,2, status,0, pclath, cstack
  4707 ;; Tracked objects:
  4708 ;;		On entry : 0/0
  4709 ;;		On exit  : 0/0
  4710 ;;		Unchanged: 0/0
  4711 ;; Data sizes:     COMMON   BANK0   BANK1   BANK2   BANK3   BANK4   BANK5   BANK6
  4712 ;;      Params:         0       0       0       0       0       0       0       0
  4713 ;;      Locals:         0       4       0       0       0       0       0       0
  4714 ;;      Temps:          0       3       0       0       0       0       0       0
  4715 ;;      Totals:         0       7       0       0       0       0       0       0
  4716 ;;Total ram usage:        7 bytes
  4717 ;; Hardware stack levels used: 1
  4718 ;; Hardware stack levels required when called: 6
  4719 ;; This function calls:
  4720 ;;		_LIN_getChecksum
  4721 ;;		_LIN_sendPacket
  4722 ;;		_memcpy
  4723 ;; This function is called by:
  4724 ;;		_LIN_handler
  4725 ;; This function uses a non-reentrant model
  4726 ;;
  4727                           
  4728     0200                     _LIN_queuePacket:	
  4729                           ;psect for function _LIN_queuePacket
  4730                           
  4731                           
  4732                           ;incstack = 0
  4733                           ; Regs used in _LIN_queuePacket: [wreg-fsr1h+status,2+status,0+pclath+cstack]
  4734                           ;LIN_queuePacket@cmd stored from wreg
  4735     0200  0020               	movlb	0	; select bank0
  4736     0201  00E6               	movwf	LIN_queuePacket@cmd
  4737     0202                     l2534:
  4738                           
  4739                           ;D:\yiming\00work\FR685_V05.X\mcc_generated_files\LINDrivers\lin_slave.c: 60: void LIN_q
      +                          ueuePacket(uint8_t cmd);D:\yiming\00work\FR685_V05.X\mcc_generated_files\LINDrivers\lin_
      +                          slave.c: 61: {;D:\yiming\00work\FR685_V05.X\mcc_generated_files\LINDrivers\lin_slave.c: 
      +                          62:     const lin_rx_cmd_t *tempSchedule = LIN_rxCommand;
  4740     0202  083F               	movf	_LIN_rxCommand+1,w
  4741     0203  00E9               	movwf	LIN_queuePacket@tempSchedule+1
  4742     0204  083E               	movf	_LIN_rxCommand,w
  4743     0205  00E8               	movwf	LIN_queuePacket@tempSchedule
  4744     0206                     l2536:
  4745                           
  4746                           ;D:\yiming\00work\FR685_V05.X\mcc_generated_files\LINDrivers\lin_slave.c: 64:     cmd &=
      +                           0x3F;
  4747     0206  303F               	movlw	63
  4748     0207  05E6               	andwf	LIN_queuePacket@cmd,f
  4749     0208                     l2538:
  4750                           
  4751                           ;D:\yiming\00work\FR685_V05.X\mcc_generated_files\LINDrivers\lin_slave.c: 65:     for (u
      +                          int8_t i = 0; i < LIN_rxCommandLength; i++)
  4752     0208  01E7               	clrf	LIN_queuePacket@i
  4753     0209  2A1B               	goto	l2548
  4754     020A                     l2540:
  4755                           
  4756                           ;D:\yiming\00work\FR685_V05.X\mcc_generated_files\LINDrivers\lin_slave.c: 66:     {;D:\y
      +                          iming\00work\FR685_V05.X\mcc_generated_files\LINDrivers\lin_slave.c: 67:         if (cmd
      +                           == tempSchedule->cmd)
  4757     020A  0868               	movf	LIN_queuePacket@tempSchedule,w
  4758     020B  0084               	movwf	4
  4759     020C  0869               	movf	LIN_queuePacket@tempSchedule+1,w
  4760     020D  0085               	movwf	5
  4761     020E  0800               	movf	0,w	;code access
  4762     020F  0666               	xorwf	LIN_queuePacket@cmd,w
  4763     0210  1D03               	skipz
  4764     0211  2A13               	goto	u1891
  4765     0212  2A14               	goto	u1890
  4766     0213                     u1891:
  4767     0213  2A15               	goto	l2544
  4768     0214                     u1890:
  4769     0214  2A21               	goto	l2550
  4770     0215                     l2544:
  4771                           
  4772                           ;D:\yiming\00work\FR685_V05.X\mcc_generated_files\LINDrivers\lin_slave.c: 71:         te
      +                          mpSchedule++;
  4773     0215  3005               	movlw	5
  4774     0216  07E8               	addwf	LIN_queuePacket@tempSchedule,f
  4775     0217  3000               	movlw	0
  4776     0218  3DE9               	addwfc	LIN_queuePacket@tempSchedule+1,f
  4777     0219                     l2546:
  4778                           
  4779                           ;D:\yiming\00work\FR685_V05.X\mcc_generated_files\LINDrivers\lin_slave.c: 72:     }
  4780     0219  3001               	movlw	1
  4781     021A  07E7               	addwf	LIN_queuePacket@i,f
  4782     021B                     l2548:
  4783     021B  0852               	movf	_LIN_rxCommandLength,w
  4784     021C  0267               	subwf	LIN_queuePacket@i,w
  4785     021D  1C03               	skipc
  4786     021E  2A20               	goto	u1901
  4787     021F  2A21               	goto	u1900
  4788     0220                     u1901:
  4789     0220  2A0A               	goto	l2540
  4790     0221                     u1900:
  4791     0221                     l2550:
  4792                           
  4793                           ;D:\yiming\00work\FR685_V05.X\mcc_generated_files\LINDrivers\lin_slave.c: 74:     LIN_pa
      +                          cket.type = tempSchedule->type;
  4794     0221  3001               	movlw	1
  4795     0222  0768               	addwf	LIN_queuePacket@tempSchedule,w
  4796     0223  0084               	movwf	4
  4797     0224  0869               	movf	LIN_queuePacket@tempSchedule+1,w
  4798     0225  1803               	skipnc
  4799     0226  3E01               	addlw	1
  4800     0227  0085               	movwf	5
  4801     0228  0800               	movf	0,w	;code access
  4802     0229  00DE               	movwf	_LIN_packet+10
  4803                           
  4804                           ;D:\yiming\00work\FR685_V05.X\mcc_generated_files\LINDrivers\lin_slave.c: 75:     LIN_pa
      +                          cket.length = tempSchedule->length;
  4805     022A  3002               	movlw	2
  4806     022B  0768               	addwf	LIN_queuePacket@tempSchedule,w
  4807     022C  0084               	movwf	4
  4808     022D  0869               	movf	LIN_queuePacket@tempSchedule+1,w
  4809     022E  1803               	skipnc
  4810     022F  3E01               	addlw	1
  4811     0230  0085               	movwf	5
  4812     0231  0800               	movf	0,w	;code access
  4813     0232  00DF               	movwf	_LIN_packet+11
  4814     0233                     l2552:
  4815                           
  4816                           ;D:\yiming\00work\FR685_V05.X\mcc_generated_files\LINDrivers\lin_slave.c: 79:     memcpy
      +                          (LIN_packet.data, tempSchedule->data, LIN_packet.length);
  4817     0233  3055               	movlw	low (_LIN_packet+1)
  4818     0234  00F0               	movwf	memcpy@d1
  4819     0235  3000               	movlw	high (_LIN_packet+1)
  4820     0236  00F1               	movwf	memcpy@d1+1
  4821     0237  3003               	movlw	3
  4822     0238  0768               	addwf	LIN_queuePacket@tempSchedule,w
  4823     0239  0084               	movwf	4
  4824     023A  0869               	movf	LIN_queuePacket@tempSchedule+1,w
  4825     023B  1803               	skipnc
  4826     023C  3E01               	addlw	1
  4827     023D  0085               	movwf	5
  4828     023E  3F00               	moviw [0]fsr0
  4829     023F  00F2               	movwf	memcpy@s1
  4830     0240  3F01               	moviw [1]fsr0
  4831     0241  00F3               	movwf	memcpy@s1+1
  4832     0242  085F               	movf	_LIN_packet+11,w
  4833     0243  00E4               	movwf	??_LIN_queuePacket+1
  4834     0244  01E5               	clrf	??_LIN_queuePacket+2
  4835     0245  0864               	movf	??_LIN_queuePacket+1,w
  4836     0246  00F4               	movwf	memcpy@n
  4837     0247  0865               	movf	??_LIN_queuePacket+2,w
  4838     0248  00F5               	movwf	memcpy@n+1
  4839     0249  3184  2484  3182   	fcall	_memcpy
  4840     024C                     l2554:
  4841                           
  4842                           ;D:\yiming\00work\FR685_V05.X\mcc_generated_files\LINDrivers\lin_slave.c: 82:     LIN_pa
      +                          cket.checksum = LIN_getChecksum(LIN_packet.length, LIN_packet.PID, LIN_packet.data);
  4843     024C  0020               	movlb	0	; select bank0
  4844     024D  0854               	movf	_LIN_packet,w
  4845     024E  00F0               	movwf	LIN_getChecksum@pid
  4846     024F  3055               	movlw	low (_LIN_packet+1)
  4847     0250  00F1               	movwf	LIN_getChecksum@data
  4848     0251  3000               	movlw	high (_LIN_packet+1)
  4849     0252  00F2               	movwf	LIN_getChecksum@data+1
  4850     0253  085F               	movf	_LIN_packet+11,w
  4851     0254  3183  2391  3182   	fcall	_LIN_getChecksum
  4852     0257  0020               	movlb	0	; select bank0
  4853     0258  00DD               	movwf	_LIN_packet+9
  4854     0259                     l2556:
  4855                           
  4856                           ;D:\yiming\00work\FR685_V05.X\mcc_generated_files\LINDrivers\lin_slave.c: 83:     LIN_se
      +                          ndPacket(LIN_packet.length, LIN_packet.PID, LIN_packet.data);
  4857     0259  0854               	movf	_LIN_packet,w
  4858     025A  00FA               	movwf	LIN_sendPacket@pid
  4859     025B  3055               	movlw	low (_LIN_packet+1)
  4860     025C  00FB               	movwf	LIN_sendPacket@data
  4861     025D  3000               	movlw	high (_LIN_packet+1)
  4862     025E  00FC               	movwf	LIN_sendPacket@data+1
  4863     025F  085F               	movf	_LIN_packet+11,w
  4864     0260  3184  243B  3182   	fcall	_LIN_sendPacket
  4865     0263                     l195:
  4866     0263  0008               	return
  4867     0264                     __end_of_LIN_queuePacket:
  4868                           
  4869                           	psect	text27
  4870     0484                     __ptext27:	
  4871 ;; *************** function _memcpy *****************
  4872 ;; Defined at:
  4873 ;;		line 4 in file "c:\PROGRA~1\MICROC~1\xc8\v3.10\pic\sources\c99\common\memcpy.c"
  4874 ;; Parameters:    Size  Location     Type
  4875 ;;  d1              2    0[COMMON] PTR void 
  4876 ;;		 -> LIN_packet(13), processLIN@tempRxData(8), 
  4877 ;;  s1              2    2[COMMON] PTR const void 
  4878 ;;		 -> LIN_packet$data(8), LIN_packet(13), SIGNAL_Data(8), 
  4879 ;;  n               2    4[COMMON] unsigned int 
  4880 ;; Auto vars:     Size  Location     Type
  4881 ;;  s               1    8[COMMON] PTR const unsigned char 
  4882 ;;		 -> LIN_packet$data(8), LIN_packet(13), SIGNAL_Data(8), 
  4883 ;;  d               1    7[COMMON] PTR unsigned char 
  4884 ;;		 -> LIN_packet(13), processLIN@tempRxData(8), 
  4885 ;;  tmp             1    6[COMMON] unsigned char 
  4886 ;; Return value:  Size  Location     Type
  4887 ;;                  2    0[COMMON] PTR void 
  4888 ;; Registers used:
  4889 ;;		wreg, fsr1l, fsr1h, status,2, status,0
  4890 ;; Tracked objects:
  4891 ;;		On entry : 0/0
  4892 ;;		On exit  : 0/0
  4893 ;;		Unchanged: 0/0
  4894 ;; Data sizes:     COMMON   BANK0   BANK1   BANK2   BANK3   BANK4   BANK5   BANK6
  4895 ;;      Params:         6       0       0       0       0       0       0       0
  4896 ;;      Locals:         3       0       0       0       0       0       0       0
  4897 ;;      Temps:          0       0       0       0       0       0       0       0
  4898 ;;      Totals:         9       0       0       0       0       0       0       0
  4899 ;;Total ram usage:        9 bytes
  4900 ;; Hardware stack levels used: 1
  4901 ;; Hardware stack levels required when called: 4
  4902 ;; This function calls:
  4903 ;;		Nothing
  4904 ;; This function is called by:
  4905 ;;		_LIN_queuePacket
  4906 ;;		_LIN_getPacket
  4907 ;; This function uses a non-reentrant model
  4908 ;;
  4909                           
  4910     0484                     _memcpy:	
  4911                           ;psect for function _memcpy
  4912                           
  4913     0484                     l2424:	
  4914                           ;incstack = 0
  4915                           ; Regs used in _memcpy: [wreg+fsr1l+fsr1h+status,2+status,0]
  4916                           
  4917     0484  0872               	movf	memcpy@s1,w
  4918     0485  00F8               	movwf	memcpy@s
  4919     0486  0870               	movf	memcpy@d1,w
  4920     0487  00F7               	movwf	memcpy@d
  4921     0488  2C97               	goto	l1137
  4922     0489                     l2426:
  4923     0489  0878               	movf	memcpy@s,w
  4924     048A  0086               	movwf	6
  4925     048B  0187               	clrf	7
  4926     048C  0801               	movf	1,w
  4927     048D  00F6               	movwf	memcpy@tmp
  4928     048E                     l2428:
  4929     048E  3001               	movlw	1
  4930     048F  07F8               	addwf	memcpy@s,f
  4931     0490                     l2430:
  4932     0490  0877               	movf	memcpy@d,w
  4933     0491  0086               	movwf	6
  4934     0492  0187               	clrf	7
  4935     0493  0876               	movf	memcpy@tmp,w
  4936     0494  0081               	movwf	1
  4937     0495  3001               	movlw	1
  4938     0496  07F7               	addwf	memcpy@d,f
  4939     0497                     l1137:
  4940     0497  3001               	movlw	1
  4941     0498  02F4               	subwf	memcpy@n,f
  4942     0499  3000               	movlw	0
  4943     049A  3BF5               	subwfb	memcpy@n+1,f
  4944     049B  0A74               	incf	memcpy@n,w
  4945     049C  1D03               	skipz
  4946     049D  2CA2               	goto	u1761
  4947     049E  0A75               	incf	memcpy@n+1,w
  4948     049F  1D03               	btfss	3,2
  4949     04A0  2CA2               	goto	u1761
  4950     04A1  2CA3               	goto	u1760
  4951     04A2                     u1761:
  4952     04A2  2C89               	goto	l2426
  4953     04A3                     u1760:
  4954     04A3                     l1140:
  4955     04A3  0008               	return
  4956     04A4                     __end_of_memcpy:
  4957                           
  4958                           	psect	text28
  4959     043B                     __ptext28:	
  4960 ;; *************** function _LIN_sendPacket *****************
  4961 ;; Defined at:
  4962 ;;		line 216 in file "D:\yiming\00work\FR685_V05.X\mcc_generated_files\LINDrivers\lin_slave.c"
  4963 ;; Parameters:    Size  Location     Type
  4964 ;;  length          1    wreg     unsigned char 
  4965 ;;  pid             1   10[COMMON] unsigned char 
  4966 ;;  data            2   11[COMMON] PTR unsigned char 
  4967 ;;		 -> LIN_packet(13), 
  4968 ;; Auto vars:     Size  Location     Type
  4969 ;;  length          1    0[BANK0 ] unsigned char 
  4970 ;;  i               1    1[BANK0 ] unsigned char 
  4971 ;; Return value:  Size  Location     Type
  4972 ;;                  1    wreg      void 
  4973 ;; Registers used:
  4974 ;;		wreg, fsr1l, fsr1h, status,2, status,0, pclath, cstack
  4975 ;; Tracked objects:
  4976 ;;		On entry : 0/0
  4977 ;;		On exit  : 0/0
  4978 ;;		Unchanged: 0/0
  4979 ;; Data sizes:     COMMON   BANK0   BANK1   BANK2   BANK3   BANK4   BANK5   BANK6
  4980 ;;      Params:         3       0       0       0       0       0       0       0
  4981 ;;      Locals:         0       2       0       0       0       0       0       0
  4982 ;;      Temps:          0       0       0       0       0       0       0       0
  4983 ;;      Totals:         3       2       0       0       0       0       0       0
  4984 ;;Total ram usage:        5 bytes
  4985 ;; Hardware stack levels used: 1
  4986 ;; Hardware stack levels required when called: 5
  4987 ;; This function calls:
  4988 ;;		_EUSART_Write
  4989 ;;		_LIN_getChecksum
  4990 ;; This function is called by:
  4991 ;;		_LIN_queuePacket
  4992 ;; This function uses a non-reentrant model
  4993 ;;
  4994                           
  4995     043B                     _LIN_sendPacket:	
  4996                           ;psect for function _LIN_sendPacket
  4997                           
  4998                           
  4999                           ;incstack = 0
  5000                           ; Regs used in _LIN_sendPacket: [wreg+fsr1l+fsr1h+status,2+status,0+pclath+cstack]
  5001                           ;LIN_sendPacket@length stored from wreg
  5002     043B  0020               	movlb	0	; select bank0
  5003     043C  00E1               	movwf	LIN_sendPacket@length
  5004     043D                     l2490:
  5005                           
  5006                           ;D:\yiming\00work\FR685_V05.X\mcc_generated_files\LINDrivers\lin_slave.c: 216: void LIN_
      +                          sendPacket(uint8_t length, uint8_t pid, uint8_t *data);D:\yiming\00work\FR685_V05.X\mcc_
      +                          generated_files\LINDrivers\lin_slave.c: 217: {;D:\yiming\00work\FR685_V05.X\mcc_generate
      +                          d_files\LINDrivers\lin_slave.c: 220:     for (uint8_t i = 0; i < length; i++)
  5007     043D  01E2               	clrf	LIN_sendPacket@i
  5008     043E  2C4C               	goto	l2496
  5009     043F                     l2492:
  5010                           
  5011                           ;D:\yiming\00work\FR685_V05.X\mcc_generated_files\LINDrivers\lin_slave.c: 221:     {;D:\
      +                          yiming\00work\FR685_V05.X\mcc_generated_files\LINDrivers\lin_slave.c: 222:         EUSAR
      +                          T_Write(*(data + i));
  5012     043F  0862               	movf	LIN_sendPacket@i,w
  5013     0440  077B               	addwf	LIN_sendPacket@data,w
  5014     0441  0086               	movwf	6
  5015     0442  3000               	movlw	0
  5016     0443  3D7C               	addwfc	LIN_sendPacket@data+1,w
  5017     0444  0087               	movwf	7
  5018     0445  0801               	movf	1,w
  5019     0446  3183  23F0  3184   	fcall	_EUSART_Write
  5020     0449                     l2494:
  5021                           
  5022                           ;D:\yiming\00work\FR685_V05.X\mcc_generated_files\LINDrivers\lin_slave.c: 223:     }
  5023     0449  3001               	movlw	1
  5024     044A  0020               	movlb	0	; select bank0
  5025     044B  07E2               	addwf	LIN_sendPacket@i,f
  5026     044C                     l2496:
  5027     044C  0861               	movf	LIN_sendPacket@length,w
  5028     044D  0262               	subwf	LIN_sendPacket@i,w
  5029     044E  1C03               	skipc
  5030     044F  2C51               	goto	u1831
  5031     0450  2C52               	goto	u1830
  5032     0451                     u1831:
  5033     0451  2C3F               	goto	l2492
  5034     0452                     u1830:
  5035     0452                     l2498:
  5036                           
  5037                           ;D:\yiming\00work\FR685_V05.X\mcc_generated_files\LINDrivers\lin_slave.c: 225:     EUSAR
      +                          T_Write(LIN_getChecksum(length, pid, data));
  5038     0452  087A               	movf	LIN_sendPacket@pid,w
  5039     0453  00F0               	movwf	LIN_getChecksum@pid
  5040     0454  087C               	movf	LIN_sendPacket@data+1,w
  5041     0455  00F2               	movwf	LIN_getChecksum@data+1
  5042     0456  087B               	movf	LIN_sendPacket@data,w
  5043     0457  00F1               	movwf	LIN_getChecksum@data
  5044     0458  0861               	movf	LIN_sendPacket@length,w
  5045     0459  3183  2391  3184   	fcall	_LIN_getChecksum
  5046     045C  3183  23F0  3184   	fcall	_EUSART_Write
  5047     045F                     l240:
  5048     045F  0008               	return
  5049     0460                     __end_of_LIN_sendPacket:
  5050                           
  5051                           	psect	text29
  5052     0391                     __ptext29:	
  5053 ;; *************** function _LIN_getChecksum *****************
  5054 ;; Defined at:
  5055 ;;		line 303 in file "D:\yiming\00work\FR685_V05.X\mcc_generated_files\LINDrivers\lin_slave.c"
  5056 ;; Parameters:    Size  Location     Type
  5057 ;;  length          1    wreg     unsigned char 
  5058 ;;  pid             1    0[COMMON] unsigned char 
  5059 ;;  data            2    1[COMMON] PTR unsigned char 
  5060 ;;		 -> LIN_packet(13), 
  5061 ;; Auto vars:     Size  Location     Type
  5062 ;;  length          1    5[COMMON] unsigned char 
  5063 ;;  i               1    6[COMMON] unsigned char 
  5064 ;;  checksum        2    7[COMMON] unsigned short 
  5065 ;; Return value:  Size  Location     Type
  5066 ;;                  1    wreg      unsigned char 
  5067 ;; Registers used:
  5068 ;;		wreg, fsr1l, fsr1h, status,2, status,0
  5069 ;; Tracked objects:
  5070 ;;		On entry : 0/0
  5071 ;;		On exit  : 0/0
  5072 ;;		Unchanged: 0/0
  5073 ;; Data sizes:     COMMON   BANK0   BANK1   BANK2   BANK3   BANK4   BANK5   BANK6
  5074 ;;      Params:         3       0       0       0       0       0       0       0
  5075 ;;      Locals:         4       0       0       0       0       0       0       0
  5076 ;;      Temps:          2       0       0       0       0       0       0       0
  5077 ;;      Totals:         9       0       0       0       0       0       0       0
  5078 ;;Total ram usage:        9 bytes
  5079 ;; Hardware stack levels used: 1
  5080 ;; Hardware stack levels required when called: 4
  5081 ;; This function calls:
  5082 ;;		Nothing
  5083 ;; This function is called by:
  5084 ;;		_LIN_queuePacket
  5085 ;;		_LIN_handler
  5086 ;;		_LIN_sendPacket
  5087 ;; This function uses a non-reentrant model
  5088 ;;
  5089                           
  5090     0391                     _LIN_getChecksum:	
  5091                           ;psect for function _LIN_getChecksum
  5092                           
  5093                           
  5094                           ;incstack = 0
  5095                           ; Regs used in _LIN_getChecksum: [wreg+fsr1l+fsr1h+status,2+status,0]
  5096                           ;LIN_getChecksum@length stored from wreg
  5097     0391  00F5               	movwf	LIN_getChecksum@length
  5098     0392                     l2432:
  5099                           
  5100                           ;D:\yiming\00work\FR685_V05.X\mcc_generated_files\LINDrivers\lin_slave.c: 303: uint8_t L
      +                          IN_getChecksum(uint8_t length, uint8_t pid, uint8_t *data);D:\yiming\00work\FR685_V05.X\
      +                          mcc_generated_files\LINDrivers\lin_slave.c: 304: {;D:\yiming\00work\FR685_V05.X\mcc_gene
      +                          rated_files\LINDrivers\lin_slave.c: 305:     uint16_t checksum = pid;
  5101     0392  0870               	movf	LIN_getChecksum@pid,w
  5102     0393  00F3               	movwf	??_LIN_getChecksum
  5103     0394  01F4               	clrf	??_LIN_getChecksum+1
  5104     0395  0873               	movf	??_LIN_getChecksum,w
  5105     0396  00F7               	movwf	LIN_getChecksum@checksum
  5106     0397  0874               	movf	??_LIN_getChecksum+1,w
  5107     0398  00F8               	movwf	LIN_getChecksum@checksum+1
  5108     0399                     l2434:
  5109                           
  5110                           ;D:\yiming\00work\FR685_V05.X\mcc_generated_files\LINDrivers\lin_slave.c: 307:     for (
      +                          uint8_t i = 0; i < length; i++)
  5111     0399  01F6               	clrf	LIN_getChecksum@i
  5112     039A  2BB9               	goto	l2446
  5113     039B                     l2436:
  5114                           
  5115                           ;D:\yiming\00work\FR685_V05.X\mcc_generated_files\LINDrivers\lin_slave.c: 308:     {;D:\
      +                          yiming\00work\FR685_V05.X\mcc_generated_files\LINDrivers\lin_slave.c: 309:         check
      +                          sum = checksum + *data++;
  5116     039B  0871               	movf	LIN_getChecksum@data,w
  5117     039C  0086               	movwf	6
  5118     039D  0872               	movf	LIN_getChecksum@data+1,w
  5119     039E  0087               	movwf	7
  5120     039F  0801               	movf	1,w
  5121     03A0  0777               	addwf	LIN_getChecksum@checksum,w
  5122     03A1  00F7               	movwf	LIN_getChecksum@checksum
  5123     03A2  0878               	movf	LIN_getChecksum@checksum+1,w
  5124     03A3  1803               	skipnc
  5125     03A4  0A78               	incf	LIN_getChecksum@checksum+1,w
  5126     03A5  00F8               	movwf	LIN_getChecksum@checksum+1
  5127     03A6                     l2438:
  5128     03A6  3001               	movlw	1
  5129     03A7  07F1               	addwf	LIN_getChecksum@data,f
  5130     03A8  3000               	movlw	0
  5131     03A9  3DF2               	addwfc	LIN_getChecksum@data+1,f
  5132     03AA                     l2440:
  5133                           
  5134                           ;D:\yiming\00work\FR685_V05.X\mcc_generated_files\LINDrivers\lin_slave.c: 310:         i
      +                          f (checksum > 0xFF)
  5135     03AA  3001               	movlw	1
  5136     03AB  0278               	subwf	LIN_getChecksum@checksum+1,w
  5137     03AC  3000               	movlw	0
  5138     03AD  1903               	skipnz
  5139     03AE  0277               	subwf	LIN_getChecksum@checksum,w
  5140     03AF  1C03               	skipc
  5141     03B0  2BB2               	goto	u1771
  5142     03B1  2BB3               	goto	u1770
  5143     03B2                     u1771:
  5144     03B2  2BB7               	goto	l2444
  5145     03B3                     u1770:
  5146     03B3                     l2442:
  5147                           
  5148                           ;D:\yiming\00work\FR685_V05.X\mcc_generated_files\LINDrivers\lin_slave.c: 311:          
      +                             checksum -= 0xFF;
  5149     03B3  30FF               	movlw	255
  5150     03B4  02F7               	subwf	LIN_getChecksum@checksum,f
  5151     03B5  3000               	movlw	0
  5152     03B6  3BF8               	subwfb	LIN_getChecksum@checksum+1,f
  5153     03B7                     l2444:
  5154                           
  5155                           ;D:\yiming\00work\FR685_V05.X\mcc_generated_files\LINDrivers\lin_slave.c: 312:     }
  5156     03B7  3001               	movlw	1
  5157     03B8  07F6               	addwf	LIN_getChecksum@i,f
  5158     03B9                     l2446:
  5159     03B9  0875               	movf	LIN_getChecksum@length,w
  5160     03BA  0276               	subwf	LIN_getChecksum@i,w
  5161     03BB  1C03               	skipc
  5162     03BC  2BBE               	goto	u1781
  5163     03BD  2BBF               	goto	u1780
  5164     03BE                     u1781:
  5165     03BE  2B9B               	goto	l2436
  5166     03BF                     u1780:
  5167     03BF                     l271:
  5168                           
  5169                           ;D:\yiming\00work\FR685_V05.X\mcc_generated_files\LINDrivers\lin_slave.c: 313:     check
      +                          sum = ~checksum;
  5170     03BF  09F7               	comf	LIN_getChecksum@checksum,f
  5171     03C0  09F8               	comf	LIN_getChecksum@checksum+1,f
  5172     03C1                     l2448:
  5173                           
  5174                           ;D:\yiming\00work\FR685_V05.X\mcc_generated_files\LINDrivers\lin_slave.c: 315:     retur
      +                          n (uint8_t)checksum;
  5175     03C1  0877               	movf	LIN_getChecksum@checksum,w
  5176     03C2                     l272:
  5177     03C2  0008               	return
  5178     03C3                     __end_of_LIN_getChecksum:
  5179                           
  5180                           	psect	text30
  5181     03F0                     __ptext30:	
  5182 ;; *************** function _EUSART_Write *****************
  5183 ;; Defined at:
  5184 ;;		line 173 in file "D:\yiming\00work\FR685_V05.X\mcc_generated_files\eusart.c"
  5185 ;; Parameters:    Size  Location     Type
  5186 ;;  txData          1    wreg     unsigned char 
  5187 ;; Auto vars:     Size  Location     Type
  5188 ;;  txData          1    9[COMMON] unsigned char 
  5189 ;; Return value:  Size  Location     Type
  5190 ;;                  1    wreg      void 
  5191 ;; Registers used:
  5192 ;;		wreg, fsr1l, fsr1h, status,2, status,0
  5193 ;; Tracked objects:
  5194 ;;		On entry : 0/0
  5195 ;;		On exit  : 0/0
  5196 ;;		Unchanged: 0/0
  5197 ;; Data sizes:     COMMON   BANK0   BANK1   BANK2   BANK3   BANK4   BANK5   BANK6
  5198 ;;      Params:         0       0       0       0       0       0       0       0
  5199 ;;      Locals:         1       0       0       0       0       0       0       0
  5200 ;;      Temps:          0       0       0       0       0       0       0       0
  5201 ;;      Totals:         1       0       0       0       0       0       0       0
  5202 ;;Total ram usage:        1 bytes
  5203 ;; Hardware stack levels used: 1
  5204 ;; Hardware stack levels required when called: 4
  5205 ;; This function calls:
  5206 ;;		Nothing
  5207 ;; This function is called by:
  5208 ;;		_LIN_sendPacket
  5209 ;; This function uses a non-reentrant model
  5210 ;;
  5211                           
  5212     03F0                     _EUSART_Write:	
  5213                           ;psect for function _EUSART_Write
  5214                           
  5215                           
  5216                           ;incstack = 0
  5217                           ; Regs used in _EUSART_Write: [wreg+fsr1l+fsr1h+status,2+status,0]
  5218                           ;EUSART_Write@txData stored from wreg
  5219     03F0  00F9               	movwf	EUSART_Write@txData
  5220     03F1                     l2460:
  5221     03F1                     l2462:	
  5222                           ;D:\yiming\00work\FR685_V05.X\mcc_generated_files\eusart.c: 173: void EUSART_Write(uint8
      +                          _t txData);D:\yiming\00work\FR685_V05.X\mcc_generated_files\eusart.c: 174: {;D:\yiming\0
      +                          0work\FR685_V05.X\mcc_generated_files\eusart.c: 175:     while(0 == eusartTxBufferRemain
      +                          ing)
  5223                           
  5224                           
  5225                           ;D:\yiming\00work\FR685_V05.X\mcc_generated_files\eusart.c: 175:     while(0 == eusartTx
      +                          BufferRemaining)
  5226     03F1  0020               	movlb	0	; select bank0
  5227     03F2  0848               	movf	_eusartTxBufferRemaining,w	;volatile
  5228     03F3  1903               	btfsc	3,2
  5229     03F4  2BF6               	goto	u1801
  5230     03F5  2BF7               	goto	u1800
  5231     03F6                     u1801:
  5232     03F6  2BF1               	goto	l2462
  5233     03F7                     u1800:
  5234     03F7                     l398:
  5235                           
  5236                           ;D:\yiming\00work\FR685_V05.X\mcc_generated_files\eusart.c: 179:     if(0 == PIE1bits.TX
      +                          IE)
  5237     03F7  0021               	movlb	1	; select bank1
  5238     03F8  1A11               	btfsc	17,4	;volatile
  5239     03F9  2BFB               	goto	u1811
  5240     03FA  2BFC               	goto	u1810
  5241     03FB                     u1811:
  5242     03FB  2C00               	goto	l399
  5243     03FC                     u1810:
  5244     03FC                     l2464:
  5245                           
  5246                           ;D:\yiming\00work\FR685_V05.X\mcc_generated_files\eusart.c: 180:     {;D:\yiming\00work\
      +                          FR685_V05.X\mcc_generated_files\eusart.c: 181:         TXREG = txData;
  5247     03FC  0879               	movf	EUSART_Write@txData,w
  5248     03FD  0023               	movlb	3	; select bank3
  5249     03FE  009A               	movwf	26	;volatile
  5250                           
  5251                           ;D:\yiming\00work\FR685_V05.X\mcc_generated_files\eusart.c: 182:     }
  5252     03FF  2C13               	goto	l2476
  5253     0400                     l399:	
  5254                           ;D:\yiming\00work\FR685_V05.X\mcc_generated_files\eusart.c: 183:     else
  5255                           
  5256                           
  5257                           ;D:\yiming\00work\FR685_V05.X\mcc_generated_files\eusart.c: 184:     {;D:\yiming\00work\
      +                          FR685_V05.X\mcc_generated_files\eusart.c: 185:         PIE1bits.TXIE = 0;
  5258     0400  1211               	bcf	17,4	;volatile
  5259     0401                     l2466:
  5260                           
  5261                           ;D:\yiming\00work\FR685_V05.X\mcc_generated_files\eusart.c: 186:         eusartTxBuffer[
      +                          eusartTxHead++] = txData;
  5262     0401  0020               	movlb	0	; select bank0
  5263     0402  084A               	movf	_eusartTxHead,w
  5264     0403  3E28               	addlw	(low (_eusartTxBuffer| 0))& (0+255)
  5265     0404  0086               	movwf	6
  5266     0405  0187               	clrf	7
  5267     0406  0879               	movf	EUSART_Write@txData,w
  5268     0407  0081               	movwf	1
  5269     0408                     l2468:
  5270     0408  3001               	movlw	1
  5271     0409  07CA               	addwf	_eusartTxHead,f	;volatile
  5272     040A                     l2470:
  5273                           
  5274                           ;D:\yiming\00work\FR685_V05.X\mcc_generated_files\eusart.c: 187:         if(sizeof(eusar
      +                          tTxBuffer) <= eusartTxHead)
  5275     040A  3008               	movlw	8
  5276     040B  024A               	subwf	_eusartTxHead,w	;volatile
  5277     040C  1C03               	skipc
  5278     040D  2C0F               	goto	u1821
  5279     040E  2C10               	goto	u1820
  5280     040F                     u1821:
  5281     040F  2C11               	goto	l2474
  5282     0410                     u1820:
  5283     0410                     l2472:
  5284                           
  5285                           ;D:\yiming\00work\FR685_V05.X\mcc_generated_files\eusart.c: 188:         {;D:\yiming\00w
      +                          ork\FR685_V05.X\mcc_generated_files\eusart.c: 189:             eusartTxHead = 0;
  5286     0410  01CA               	clrf	_eusartTxHead	;volatile
  5287     0411                     l2474:
  5288                           
  5289                           ;D:\yiming\00work\FR685_V05.X\mcc_generated_files\eusart.c: 191:         eusartTxBufferR
      +                          emaining--;
  5290     0411  3001               	movlw	1
  5291     0412  02C8               	subwf	_eusartTxBufferRemaining,f	;volatile
  5292     0413                     l2476:
  5293                           
  5294                           ;D:\yiming\00work\FR685_V05.X\mcc_generated_files\eusart.c: 193:     PIE1bits.TXIE = 1;
  5295     0413  0021               	movlb	1	; select bank1
  5296     0414  1611               	bsf	17,4	;volatile
  5297     0415                     l402:
  5298     0415  0008               	return
  5299     0416                     __end_of_EUSART_Write:
  5300                           
  5301                           	psect	text31
  5302     0610                     __ptext31:	
  5303 ;; *************** function _LIN_enableRx *****************
  5304 ;; Defined at:
  5305 ;;		line 368 in file "D:\yiming\00work\FR685_V05.X\mcc_generated_files\LINDrivers\lin_slave.c"
  5306 ;; Parameters:    Size  Location     Type
  5307 ;;		None
  5308 ;; Auto vars:     Size  Location     Type
  5309 ;;		None
  5310 ;; Return value:  Size  Location     Type
  5311 ;;                  1    wreg      void 
  5312 ;; Registers used:
  5313 ;;		None
  5314 ;; Tracked objects:
  5315 ;;		On entry : 0/0
  5316 ;;		On exit  : 0/0
  5317 ;;		Unchanged: 0/0
  5318 ;; Data sizes:     COMMON   BANK0   BANK1   BANK2   BANK3   BANK4   BANK5   BANK6
  5319 ;;      Params:         0       0       0       0       0       0       0       0
  5320 ;;      Locals:         0       0       0       0       0       0       0       0
  5321 ;;      Temps:          0       0       0       0       0       0       0       0
  5322 ;;      Totals:         0       0       0       0       0       0       0       0
  5323 ;;Total ram usage:        0 bytes
  5324 ;; Hardware stack levels used: 1
  5325 ;; Hardware stack levels required when called: 4
  5326 ;; This function calls:
  5327 ;;		Nothing
  5328 ;; This function is called by:
  5329 ;;		_LIN_init
  5330 ;;		_LIN_handler
  5331 ;; This function uses a non-reentrant model
  5332 ;;
  5333                           
  5334     0610                     _LIN_enableRx:	
  5335                           ;psect for function _LIN_enableRx
  5336                           
  5337     0610                     l1796:	
  5338                           ;incstack = 0
  5339                           ; Regs used in _LIN_enableRx: []
  5340                           
  5341                           
  5342                           ;D:\yiming\00work\FR685_V05.X\mcc_generated_files\LINDrivers\lin_slave.c: 370:     RCSTA
      +                          bits.CREN = 1;
  5343     0610  0023               	movlb	3	; select bank3
  5344     0611  161D               	bsf	29,4	;volatile
  5345                           
  5346                           ;D:\yiming\00work\FR685_V05.X\mcc_generated_files\LINDrivers\lin_slave.c: 371:     PIE1b
      +                          its.RCIE = 1;
  5347     0612  0021               	movlb	1	; select bank1
  5348     0613  1691               	bsf	17,5	;volatile
  5349     0614                     l292:
  5350     0614  0008               	return
  5351     0615                     __end_of_LIN_enableRx:
  5352                           
  5353                           	psect	text32
  5354     0615                     __ptext32:	
  5355 ;; *************** function _LIN_disableRx *****************
  5356 ;; Defined at:
  5357 ;;		line 374 in file "D:\yiming\00work\FR685_V05.X\mcc_generated_files\LINDrivers\lin_slave.c"
  5358 ;; Parameters:    Size  Location     Type
  5359 ;;		None
  5360 ;; Auto vars:     Size  Location     Type
  5361 ;;		None
  5362 ;; Return value:  Size  Location     Type
  5363 ;;                  1    wreg      void 
  5364 ;; Registers used:
  5365 ;;		None
  5366 ;; Tracked objects:
  5367 ;;		On entry : 0/0
  5368 ;;		On exit  : 0/0
  5369 ;;		Unchanged: 0/0
  5370 ;; Data sizes:     COMMON   BANK0   BANK1   BANK2   BANK3   BANK4   BANK5   BANK6
  5371 ;;      Params:         0       0       0       0       0       0       0       0
  5372 ;;      Locals:         0       0       0       0       0       0       0       0
  5373 ;;      Temps:          0       0       0       0       0       0       0       0
  5374 ;;      Totals:         0       0       0       0       0       0       0       0
  5375 ;;Total ram usage:        0 bytes
  5376 ;; Hardware stack levels used: 1
  5377 ;; Hardware stack levels required when called: 4
  5378 ;; This function calls:
  5379 ;;		Nothing
  5380 ;; This function is called by:
  5381 ;;		_LIN_handler
  5382 ;; This function uses a non-reentrant model
  5383 ;;
  5384                           
  5385     0615                     _LIN_disableRx:	
  5386                           ;psect for function _LIN_disableRx
  5387                           
  5388     0615                     l2096:	
  5389                           ;incstack = 0
  5390                           ; Regs used in _LIN_disableRx: []
  5391                           
  5392                           
  5393                           ;D:\yiming\00work\FR685_V05.X\mcc_generated_files\LINDrivers\lin_slave.c: 376:     RCSTA
      +                          bits.CREN = 0;
  5394     0615  0023               	movlb	3	; select bank3
  5395     0616  121D               	bcf	29,4	;volatile
  5396                           
  5397                           ;D:\yiming\00work\FR685_V05.X\mcc_generated_files\LINDrivers\lin_slave.c: 377:     PIE1b
      +                          its.RCIE = 0;
  5398     0617  0021               	movlb	1	; select bank1
  5399     0618  1291               	bcf	17,5	;volatile
  5400     0619                     l295:
  5401     0619  0008               	return
  5402     061A                     __end_of_LIN_disableRx:
  5403                           
  5404                           	psect	text33
  5405     04DC                     __ptext33:	
  5406 ;; *************** function _LIN_checkPID *****************
  5407 ;; Defined at:
  5408 ;;		line 273 in file "D:\yiming\00work\FR685_V05.X\mcc_generated_files\LINDrivers\lin_slave.c"
  5409 ;; Parameters:    Size  Location     Type
  5410 ;;  pid             1    wreg     unsigned char 
  5411 ;; Auto vars:     Size  Location     Type
  5412 ;;  pid             1    7[COMMON] unsigned char 
  5413 ;; Return value:  Size  Location     Type
  5414 ;;                  1    wreg      _Bool 
  5415 ;; Registers used:
  5416 ;;		wreg, fsr0l, fsr0h, status,2, status,0, pclath, cstack
  5417 ;; Tracked objects:
  5418 ;;		On entry : 0/0
  5419 ;;		On exit  : 0/0
  5420 ;;		Unchanged: 0/0
  5421 ;; Data sizes:     COMMON   BANK0   BANK1   BANK2   BANK3   BANK4   BANK5   BANK6
  5422 ;;      Params:         0       0       0       0       0       0       0       0
  5423 ;;      Locals:         1       0       0       0       0       0       0       0
  5424 ;;      Temps:          0       0       0       0       0       0       0       0
  5425 ;;      Totals:         1       0       0       0       0       0       0       0
  5426 ;;Total ram usage:        1 bytes
  5427 ;; Hardware stack levels used: 1
  5428 ;; Hardware stack levels required when called: 5
  5429 ;; This function calls:
  5430 ;;		_LIN_calcParity
  5431 ;;		_LIN_getFromTable
  5432 ;; This function is called by:
  5433 ;;		_LIN_handler
  5434 ;; This function uses a non-reentrant model
  5435 ;;
  5436                           
  5437     04DC                     _LIN_checkPID:	
  5438                           ;psect for function _LIN_checkPID
  5439                           
  5440                           
  5441                           ;incstack = 0
  5442                           ; Regs used in _LIN_checkPID: [wreg-fsr0h+status,2+status,0+pclath+cstack]
  5443                           ;LIN_checkPID@pid stored from wreg
  5444     04DC  00F7               	movwf	LIN_checkPID@pid
  5445     04DD                     l2080:
  5446                           
  5447                           ;D:\yiming\00work\FR685_V05.X\mcc_generated_files\LINDrivers\lin_slave.c: 273: _Bool LIN
      +                          _checkPID(uint8_t pid);D:\yiming\00work\FR685_V05.X\mcc_generated_files\LINDrivers\lin_s
      +                          lave.c: 274: {;D:\yiming\00work\FR685_V05.X\mcc_generated_files\LINDrivers\lin_slave.c: 
      +                          275:     if (LIN_getFromTable(pid, TYPE) == ERROR)
  5448     04DD  01F0               	clrf	LIN_getFromTable@param
  5449     04DE  0AF0               	incf	LIN_getFromTable@param,f
  5450     04DF  0877               	movf	LIN_checkPID@pid,w
  5451     04E0  3182  2264  3184   	fcall	_LIN_getFromTable
  5452     04E3  3A02               	xorlw	2
  5453     04E4  1D03               	skipz
  5454     04E5  2CE7               	goto	u1401
  5455     04E6  2CE8               	goto	u1400
  5456     04E7                     u1401:
  5457     04E7  2CEA               	goto	l2086
  5458     04E8                     u1400:
  5459     04E8                     l2082:
  5460                           
  5461                           ;D:\yiming\00work\FR685_V05.X\mcc_generated_files\LINDrivers\lin_slave.c: 276:         r
      +                          eturn 0;
  5462     04E8  3000               	movlw	0
  5463     04E9  2CF5               	goto	l261
  5464     04EA                     l2086:
  5465                           
  5466                           ;D:\yiming\00work\FR685_V05.X\mcc_generated_files\LINDrivers\lin_slave.c: 278:     if (p
      +                          id == LIN_calcParity(pid & 0x3F))
  5467     04EA  0877               	movf	LIN_checkPID@pid,w
  5468     04EB  393F               	andlw	63
  5469     04EC  3181  217A  3184   	fcall	_LIN_calcParity
  5470     04EF  0677               	xorwf	LIN_checkPID@pid,w
  5471     04F0  1D03               	skipz
  5472     04F1  2CF3               	goto	u1411
  5473     04F2  2CF4               	goto	u1410
  5474     04F3                     u1411:
  5475     04F3  2CE8               	goto	l2082
  5476     04F4                     u1410:
  5477     04F4                     l2088:
  5478                           
  5479                           ;D:\yiming\00work\FR685_V05.X\mcc_generated_files\LINDrivers\lin_slave.c: 279:         r
      +                          eturn 1;
  5480     04F4  3001               	movlw	1
  5481     04F5                     l261:
  5482     04F5  0008               	return
  5483     04F6                     __end_of_LIN_checkPID:
  5484                           
  5485                           	psect	text34
  5486     0264                     __ptext34:	
  5487 ;; *************** function _LIN_getFromTable *****************
  5488 ;; Defined at:
  5489 ;;		line 238 in file "D:\yiming\00work\FR685_V05.X\mcc_generated_files\LINDrivers\lin_slave.c"
  5490 ;; Parameters:    Size  Location     Type
  5491 ;;  cmd             1    wreg     unsigned char 
  5492 ;;  param           1    0[COMMON] enum E221
  5493 ;; Auto vars:     Size  Location     Type
  5494 ;;  cmd             1    3[COMMON] unsigned char 
  5495 ;;  length          1    4[COMMON] unsigned char 
  5496 ;;  rxCommand       2    5[COMMON] PTR const struct .
  5497 ;;		 -> NULL(0), scheduleTable(5), 
  5498 ;; Return value:  Size  Location     Type
  5499 ;;                  1    wreg      unsigned char 
  5500 ;; Registers used:
  5501 ;;		wreg, fsr0l, fsr0h, status,2, status,0, pclath
  5502 ;; Tracked objects:
  5503 ;;		On entry : 0/0
  5504 ;;		On exit  : 0/0
  5505 ;;		Unchanged: 0/0
  5506 ;; Data sizes:     COMMON   BANK0   BANK1   BANK2   BANK3   BANK4   BANK5   BANK6
  5507 ;;      Params:         1       0       0       0       0       0       0       0
  5508 ;;      Locals:         4       0       0       0       0       0       0       0
  5509 ;;      Temps:          2       0       0       0       0       0       0       0
  5510 ;;      Totals:         7       0       0       0       0       0       0       0
  5511 ;;Total ram usage:        7 bytes
  5512 ;; Hardware stack levels used: 1
  5513 ;; Hardware stack levels required when called: 4
  5514 ;; This function calls:
  5515 ;;		Nothing
  5516 ;; This function is called by:
  5517 ;;		_LIN_handler
  5518 ;;		_LIN_checkPID
  5519 ;; This function uses a non-reentrant model
  5520 ;;
  5521                           
  5522     0264                     _LIN_getFromTable:	
  5523                           ;psect for function _LIN_getFromTable
  5524                           
  5525                           
  5526                           ;incstack = 0
  5527                           ; Regs used in _LIN_getFromTable: [wreg-fsr0h+status,2+status,0+pclath]
  5528                           ;LIN_getFromTable@cmd stored from wreg
  5529     0264  00F3               	movwf	LIN_getFromTable@cmd
  5530     0265                     l1914:
  5531                           
  5532                           ;D:\yiming\00work\FR685_V05.X\mcc_generated_files\LINDrivers\lin_slave.c: 238: uint8_t L
      +                          IN_getFromTable(uint8_t cmd, lin_sch_param_t param);D:\yiming\00work\FR685_V05.X\mcc_gen
      +                          erated_files\LINDrivers\lin_slave.c: 239: {;D:\yiming\00work\FR685_V05.X\mcc_generated_f
      +                          iles\LINDrivers\lin_slave.c: 240:     const lin_rx_cmd_t *rxCommand = LIN_rxCommand;
  5533     0265  0020               	movlb	0	; select bank0
  5534     0266  083F               	movf	_LIN_rxCommand+1,w
  5535     0267  00F6               	movwf	LIN_getFromTable@rxCommand+1
  5536     0268  083E               	movf	_LIN_rxCommand,w
  5537     0269  00F5               	movwf	LIN_getFromTable@rxCommand
  5538     026A                     l1916:
  5539                           
  5540                           ;D:\yiming\00work\FR685_V05.X\mcc_generated_files\LINDrivers\lin_slave.c: 242:     cmd &
      +                          = 0x3F;
  5541     026A  303F               	movlw	63
  5542     026B  05F3               	andwf	LIN_getFromTable@cmd,f
  5543     026C                     l1918:
  5544                           
  5545                           ;D:\yiming\00work\FR685_V05.X\mcc_generated_files\LINDrivers\lin_slave.c: 244:     for (
      +                          uint8_t length = 0; length < LIN_rxCommandLength; length++)
  5546     026C  01F4               	clrf	LIN_getFromTable@length
  5547     026D  2A8F               	goto	l1932
  5548     026E                     l1920:
  5549                           
  5550                           ;D:\yiming\00work\FR685_V05.X\mcc_generated_files\LINDrivers\lin_slave.c: 245:     {;D:\
      +                          yiming\00work\FR685_V05.X\mcc_generated_files\LINDrivers\lin_slave.c: 246:         if (c
      +                          md == rxCommand->cmd)
  5551     026E  0875               	movf	LIN_getFromTable@rxCommand,w
  5552     026F  0084               	movwf	4
  5553     0270  0876               	movf	LIN_getFromTable@rxCommand+1,w
  5554     0271  0085               	movwf	5
  5555     0272  0800               	movf	0,w	;code access
  5556     0273  0673               	xorwf	LIN_getFromTable@cmd,w
  5557     0274  1D03               	skipz
  5558     0275  2A77               	goto	u991
  5559     0276  2A78               	goto	u990
  5560     0277                     u991:
  5561     0277  2A79               	goto	l1924
  5562     0278                     u990:
  5563     0278  2AAE               	goto	l1948
  5564     0279                     l1924:
  5565                           
  5566                           ;D:\yiming\00work\FR685_V05.X\mcc_generated_files\LINDrivers\lin_slave.c: 250:         r
      +                          xCommand++;
  5567     0279  3005               	movlw	5
  5568     027A  07F5               	addwf	LIN_getFromTable@rxCommand,f
  5569     027B  3000               	movlw	0
  5570     027C  3DF6               	addwfc	LIN_getFromTable@rxCommand+1,f
  5571                           
  5572                           ;D:\yiming\00work\FR685_V05.X\mcc_generated_files\LINDrivers\lin_slave.c: 252:         i
      +                          f (length == (LIN_rxCommandLength - 1))
  5573     027D  0852               	movf	_LIN_rxCommandLength,w
  5574     027E  3EFF               	addlw	255
  5575     027F  00F1               	movwf	??_LIN_getFromTable
  5576     0280  30FF               	movlw	255
  5577     0281  1803               	skipnc
  5578     0282  3000               	movlw	0
  5579     0283  00F2               	movwf	??_LIN_getFromTable+1
  5580     0284  0874               	movf	LIN_getFromTable@length,w
  5581     0285  0671               	xorwf	??_LIN_getFromTable,w
  5582     0286  0472               	iorwf	??_LIN_getFromTable+1,w
  5583     0287  1D03               	skipz
  5584     0288  2A8A               	goto	u1001
  5585     0289  2A8B               	goto	u1000
  5586     028A                     u1001:
  5587     028A  2A8D               	goto	l1930
  5588     028B                     u1000:
  5589     028B                     l1926:
  5590                           
  5591                           ;D:\yiming\00work\FR685_V05.X\mcc_generated_files\LINDrivers\lin_slave.c: 253:         {
      +                          ;D:\yiming\00work\FR685_V05.X\mcc_generated_files\LINDrivers\lin_slave.c: 254:          
      +                             return ERROR;
  5592     028B  3002               	movlw	2
  5593     028C  2AC1               	goto	l251
  5594     028D                     l1930:
  5595                           
  5596                           ;D:\yiming\00work\FR685_V05.X\mcc_generated_files\LINDrivers\lin_slave.c: 256:     }
  5597     028D  3001               	movlw	1
  5598     028E  07F4               	addwf	LIN_getFromTable@length,f
  5599     028F                     l1932:
  5600     028F  0852               	movf	_LIN_rxCommandLength,w
  5601     0290  0274               	subwf	LIN_getFromTable@length,w
  5602     0291  1C03               	skipc
  5603     0292  2A94               	goto	u1011
  5604     0293  2A95               	goto	u1010
  5605     0294                     u1011:
  5606     0294  2A6E               	goto	l1920
  5607     0295                     u1010:
  5608     0295  2AAE               	goto	l1948
  5609     0296                     l1934:
  5610                           
  5611                           ;D:\yiming\00work\FR685_V05.X\mcc_generated_files\LINDrivers\lin_slave.c: 261:         r
      +                          eturn (uint8_t)rxCommand->cmd;
  5612     0296  0875               	movf	LIN_getFromTable@rxCommand,w
  5613     0297  0084               	movwf	4
  5614     0298  0876               	movf	LIN_getFromTable@rxCommand+1,w
  5615     0299  0085               	movwf	5
  5616     029A  0800               	movf	0,w	;code access
  5617     029B  2AC1               	goto	l251
  5618     029C                     l1938:
  5619                           
  5620                           ;D:\yiming\00work\FR685_V05.X\mcc_generated_files\LINDrivers\lin_slave.c: 263:         r
      +                          eturn (uint8_t)rxCommand->type;
  5621     029C  3001               	movlw	1
  5622     029D  0775               	addwf	LIN_getFromTable@rxCommand,w
  5623     029E  0084               	movwf	4
  5624     029F  0876               	movf	LIN_getFromTable@rxCommand+1,w
  5625     02A0  1803               	skipnc
  5626     02A1  3E01               	addlw	1
  5627     02A2  0085               	movwf	5
  5628     02A3  0800               	movf	0,w	;code access
  5629     02A4  2AC1               	goto	l251
  5630     02A5                     l1942:
  5631                           
  5632                           ;D:\yiming\00work\FR685_V05.X\mcc_generated_files\LINDrivers\lin_slave.c: 265:         r
      +                          eturn (uint8_t)rxCommand->length;
  5633     02A5  3002               	movlw	2
  5634     02A6  0775               	addwf	LIN_getFromTable@rxCommand,w
  5635     02A7  0084               	movwf	4
  5636     02A8  0876               	movf	LIN_getFromTable@rxCommand+1,w
  5637     02A9  1803               	skipnc
  5638     02AA  3E01               	addlw	1
  5639     02AB  0085               	movwf	5
  5640     02AC  0800               	movf	0,w	;code access
  5641     02AD  2AC1               	goto	l251
  5642     02AE                     l1948:
  5643     02AE  0870               	movf	LIN_getFromTable@param,w
  5644     02AF  00F1               	movwf	??_LIN_getFromTable
  5645     02B0  01F2               	clrf	??_LIN_getFromTable+1
  5646                           
  5647                           ; Switch on 2 bytes has been partitioned into a top level switch of size 1, and 1 sub-sw
      +                          itches
  5648                           ; Switch size 1, requested type "simple"
  5649                           ; Number of cases is 1, Range of values is 0 to 0
  5650                           ; switch strategies available:
  5651                           ; Name         Instructions Cycles
  5652                           ; simple_byte            4     3 (average)
  5653                           ; direct_byte            8     6 (fixed)
  5654                           ; jumptable            260     6 (fixed)
  5655                           ;	Chosen strategy is simple_byte
  5656     02B1  0872               	movf	??_LIN_getFromTable+1,w
  5657     02B2  3A00               	xorlw	0	; case 0
  5658     02B3  1903               	skipnz
  5659     02B4  2AB6               	goto	l2732
  5660     02B5  2A8B               	goto	l1926
  5661     02B6                     l2732:
  5662                           
  5663                           ; Switch size 1, requested type "simple"
  5664                           ; Number of cases is 3, Range of values is 0 to 2
  5665                           ; switch strategies available:
  5666                           ; Name         Instructions Cycles
  5667                           ; simple_byte           10     6 (average)
  5668                           ; direct_byte           12     6 (fixed)
  5669                           ; jumptable            260     6 (fixed)
  5670                           ;	Chosen strategy is simple_byte
  5671     02B6  0871               	movf	??_LIN_getFromTable,w
  5672     02B7  3A00               	xorlw	0	; case 0
  5673     02B8  1903               	skipnz
  5674     02B9  2A96               	goto	l1934
  5675     02BA  3A01               	xorlw	1	; case 1
  5676     02BB  1903               	skipnz
  5677     02BC  2A9C               	goto	l1938
  5678     02BD  3A03               	xorlw	3	; case 2
  5679     02BE  1903               	skipnz
  5680     02BF  2AA5               	goto	l1942
  5681     02C0  2A8B               	goto	l1926
  5682     02C1                     l251:
  5683     02C1  0008               	return
  5684     02C2                     __end_of_LIN_getFromTable:
  5685                           
  5686                           	psect	text35
  5687     017A                     __ptext35:	
  5688 ;; *************** function _LIN_calcParity *****************
  5689 ;; Defined at:
  5690 ;;		line 284 in file "D:\yiming\00work\FR685_V05.X\mcc_generated_files\LINDrivers\lin_slave.c"
  5691 ;; Parameters:    Size  Location     Type
  5692 ;;  CMD             1    wreg     unsigned char 
  5693 ;; Auto vars:     Size  Location     Type
  5694 ;;  CMD             1    1[COMMON] unsigned char 
  5695 ;;  PID             1    2[COMMON] struct .
  5696 ;; Return value:  Size  Location     Type
  5697 ;;                  1    wreg      unsigned char 
  5698 ;; Registers used:
  5699 ;;		wreg, status,0
  5700 ;; Tracked objects:
  5701 ;;		On entry : 0/0
  5702 ;;		On exit  : 0/0
  5703 ;;		Unchanged: 0/0
  5704 ;; Data sizes:     COMMON   BANK0   BANK1   BANK2   BANK3   BANK4   BANK5   BANK6
  5705 ;;      Params:         0       0       0       0       0       0       0       0
  5706 ;;      Locals:         2       0       0       0       0       0       0       0
  5707 ;;      Temps:          1       0       0       0       0       0       0       0
  5708 ;;      Totals:         3       0       0       0       0       0       0       0
  5709 ;;Total ram usage:        3 bytes
  5710 ;; Hardware stack levels used: 1
  5711 ;; Hardware stack levels required when called: 4
  5712 ;; This function calls:
  5713 ;;		Nothing
  5714 ;; This function is called by:
  5715 ;;		_LIN_checkPID
  5716 ;; This function uses a non-reentrant model
  5717 ;;
  5718                           
  5719     017A                     _LIN_calcParity:	
  5720                           ;psect for function _LIN_calcParity
  5721                           
  5722                           
  5723                           ;incstack = 0
  5724                           ; Regs used in _LIN_calcParity: [wreg+status,0]
  5725                           ;LIN_calcParity@CMD stored from wreg
  5726     017A  00F1               	movwf	LIN_calcParity@CMD
  5727     017B                     l1962:
  5728                           
  5729                           ;D:\yiming\00work\FR685_V05.X\mcc_generated_files\LINDrivers\lin_slave.c: 284: uint8_t L
      +                          IN_calcParity(uint8_t CMD);D:\yiming\00work\FR685_V05.X\mcc_generated_files\LINDrivers\l
      +                          in_slave.c: 285: {;D:\yiming\00work\FR685_V05.X\mcc_generated_files\LINDrivers\lin_slave
      +                          .c: 286:     lin_pid_t PID;;D:\yiming\00work\FR685_V05.X\mcc_generated_files\LINDrivers\
      +                          lin_slave.c: 287:     PID.rawPID = CMD;
  5730     017B  0871               	movf	LIN_calcParity@CMD,w
  5731     017C  00F2               	movwf	LIN_calcParity@PID
  5732                           
  5733                           ;D:\yiming\00work\FR685_V05.X\mcc_generated_files\LINDrivers\lin_slave.c: 292:     PID.P
      +                          0 = PID.ID0 ^ PID.ID1;
  5734     017D  18F2               	btfsc	LIN_calcParity@PID,1
  5735     017E  2980               	goto	u1021
  5736     017F  2982               	goto	u1020
  5737     0180                     u1021:
  5738     0180  3001               	movlw	1
  5739     0181  2983               	goto	u1022
  5740     0182                     u1020:
  5741     0182  3000               	movlw	0
  5742     0183                     u1022:
  5743     0183  00F0               	movwf	??_LIN_calcParity
  5744     0184  1872               	btfsc	LIN_calcParity@PID,0
  5745     0185  2987               	goto	u1031
  5746     0186  2989               	goto	u1030
  5747     0187                     u1031:
  5748     0187  3001               	movlw	1
  5749     0188  298A               	goto	u1032
  5750     0189                     u1030:
  5751     0189  3000               	movlw	0
  5752     018A                     u1032:
  5753     018A  0670               	xorwf	??_LIN_calcParity,w
  5754     018B  1D03               	skipz
  5755     018C  298E               	goto	u1041
  5756     018D  2990               	goto	u1040
  5757     018E                     u1041:
  5758     018E  1772               	bsf	LIN_calcParity@PID,6
  5759     018F  2991               	goto	u1054
  5760     0190                     u1040:
  5761     0190  1372               	bcf	LIN_calcParity@PID,6
  5762     0191                     u1054:
  5763                           
  5764                           ;D:\yiming\00work\FR685_V05.X\mcc_generated_files\LINDrivers\lin_slave.c: 293:     PID.P
      +                          0 = PID.P0 ^ PID.ID2;
  5765     0191  1972               	btfsc	LIN_calcParity@PID,2
  5766     0192  2994               	goto	u1061
  5767     0193  2996               	goto	u1060
  5768     0194                     u1061:
  5769     0194  3001               	movlw	1
  5770     0195  2997               	goto	u1062
  5771     0196                     u1060:
  5772     0196  3000               	movlw	0
  5773     0197                     u1062:
  5774     0197  00F0               	movwf	??_LIN_calcParity
  5775     0198  1B72               	btfsc	LIN_calcParity@PID,6
  5776     0199  299B               	goto	u1071
  5777     019A  299D               	goto	u1070
  5778     019B                     u1071:
  5779     019B  3001               	movlw	1
  5780     019C  299E               	goto	u1072
  5781     019D                     u1070:
  5782     019D  3000               	movlw	0
  5783     019E                     u1072:
  5784     019E  0670               	xorwf	??_LIN_calcParity,w
  5785     019F  1D03               	skipz
  5786     01A0  29A2               	goto	u1081
  5787     01A1  29A4               	goto	u1080
  5788     01A2                     u1081:
  5789     01A2  1772               	bsf	LIN_calcParity@PID,6
  5790     01A3  29A5               	goto	u1094
  5791     01A4                     u1080:
  5792     01A4  1372               	bcf	LIN_calcParity@PID,6
  5793     01A5                     u1094:
  5794                           
  5795                           ;D:\yiming\00work\FR685_V05.X\mcc_generated_files\LINDrivers\lin_slave.c: 294:     PID.P
      +                          0 = PID.P0 ^ PID.ID4;
  5796     01A5  1A72               	btfsc	LIN_calcParity@PID,4
  5797     01A6  29A8               	goto	u1101
  5798     01A7  29AA               	goto	u1100
  5799     01A8                     u1101:
  5800     01A8  3001               	movlw	1
  5801     01A9  29AB               	goto	u1102
  5802     01AA                     u1100:
  5803     01AA  3000               	movlw	0
  5804     01AB                     u1102:
  5805     01AB  00F0               	movwf	??_LIN_calcParity
  5806     01AC  1B72               	btfsc	LIN_calcParity@PID,6
  5807     01AD  29AF               	goto	u1111
  5808     01AE  29B1               	goto	u1110
  5809     01AF                     u1111:
  5810     01AF  3001               	movlw	1
  5811     01B0  29B2               	goto	u1112
  5812     01B1                     u1110:
  5813     01B1  3000               	movlw	0
  5814     01B2                     u1112:
  5815     01B2  0670               	xorwf	??_LIN_calcParity,w
  5816     01B3  1D03               	skipz
  5817     01B4  29B6               	goto	u1121
  5818     01B5  29B8               	goto	u1120
  5819     01B6                     u1121:
  5820     01B6  1772               	bsf	LIN_calcParity@PID,6
  5821     01B7  29B9               	goto	u1134
  5822     01B8                     u1120:
  5823     01B8  1372               	bcf	LIN_calcParity@PID,6
  5824     01B9                     u1134:
  5825                           
  5826                           ;D:\yiming\00work\FR685_V05.X\mcc_generated_files\LINDrivers\lin_slave.c: 295:     PID.P
      +                          1 = PID.ID1 ^ PID.ID3;
  5827     01B9  19F2               	btfsc	LIN_calcParity@PID,3
  5828     01BA  29BC               	goto	u1141
  5829     01BB  29BE               	goto	u1140
  5830     01BC                     u1141:
  5831     01BC  3001               	movlw	1
  5832     01BD  29BF               	goto	u1142
  5833     01BE                     u1140:
  5834     01BE  3000               	movlw	0
  5835     01BF                     u1142:
  5836     01BF  00F0               	movwf	??_LIN_calcParity
  5837     01C0  18F2               	btfsc	LIN_calcParity@PID,1
  5838     01C1  29C3               	goto	u1151
  5839     01C2  29C5               	goto	u1150
  5840     01C3                     u1151:
  5841     01C3  3001               	movlw	1
  5842     01C4  29C6               	goto	u1152
  5843     01C5                     u1150:
  5844     01C5  3000               	movlw	0
  5845     01C6                     u1152:
  5846     01C6  0670               	xorwf	??_LIN_calcParity,w
  5847     01C7  1D03               	skipz
  5848     01C8  29CA               	goto	u1161
  5849     01C9  29CC               	goto	u1160
  5850     01CA                     u1161:
  5851     01CA  17F2               	bsf	LIN_calcParity@PID,7
  5852     01CB  29CD               	goto	u1174
  5853     01CC                     u1160:
  5854     01CC  13F2               	bcf	LIN_calcParity@PID,7
  5855     01CD                     u1174:
  5856                           
  5857                           ;D:\yiming\00work\FR685_V05.X\mcc_generated_files\LINDrivers\lin_slave.c: 296:     PID.P
      +                          1 = PID.P1 ^ PID.ID4;
  5858     01CD  1A72               	btfsc	LIN_calcParity@PID,4
  5859     01CE  29D0               	goto	u1181
  5860     01CF  29D2               	goto	u1180
  5861     01D0                     u1181:
  5862     01D0  3001               	movlw	1
  5863     01D1  29D3               	goto	u1182
  5864     01D2                     u1180:
  5865     01D2  3000               	movlw	0
  5866     01D3                     u1182:
  5867     01D3  00F0               	movwf	??_LIN_calcParity
  5868     01D4  1BF2               	btfsc	LIN_calcParity@PID,7
  5869     01D5  29D7               	goto	u1191
  5870     01D6  29D9               	goto	u1190
  5871     01D7                     u1191:
  5872     01D7  3001               	movlw	1
  5873     01D8  29DA               	goto	u1192
  5874     01D9                     u1190:
  5875     01D9  3000               	movlw	0
  5876     01DA                     u1192:
  5877     01DA  0670               	xorwf	??_LIN_calcParity,w
  5878     01DB  1D03               	skipz
  5879     01DC  29DE               	goto	u1201
  5880     01DD  29E0               	goto	u1200
  5881     01DE                     u1201:
  5882     01DE  17F2               	bsf	LIN_calcParity@PID,7
  5883     01DF  29E1               	goto	u1214
  5884     01E0                     u1200:
  5885     01E0  13F2               	bcf	LIN_calcParity@PID,7
  5886     01E1                     u1214:
  5887                           
  5888                           ;D:\yiming\00work\FR685_V05.X\mcc_generated_files\LINDrivers\lin_slave.c: 297:     PID.P
      +                          1 = PID.P1 ^ PID.ID5;
  5889     01E1  1AF2               	btfsc	LIN_calcParity@PID,5
  5890     01E2  29E4               	goto	u1221
  5891     01E3  29E6               	goto	u1220
  5892     01E4                     u1221:
  5893     01E4  3001               	movlw	1
  5894     01E5  29E7               	goto	u1222
  5895     01E6                     u1220:
  5896     01E6  3000               	movlw	0
  5897     01E7                     u1222:
  5898     01E7  00F0               	movwf	??_LIN_calcParity
  5899     01E8  1BF2               	btfsc	LIN_calcParity@PID,7
  5900     01E9  29EB               	goto	u1231
  5901     01EA  29ED               	goto	u1230
  5902     01EB                     u1231:
  5903     01EB  3001               	movlw	1
  5904     01EC  29EE               	goto	u1232
  5905     01ED                     u1230:
  5906     01ED  3000               	movlw	0
  5907     01EE                     u1232:
  5908     01EE  0670               	xorwf	??_LIN_calcParity,w
  5909     01EF  1D03               	skipz
  5910     01F0  29F2               	goto	u1241
  5911     01F1  29F4               	goto	u1240
  5912     01F2                     u1241:
  5913     01F2  17F2               	bsf	LIN_calcParity@PID,7
  5914     01F3  29F5               	goto	u1254
  5915     01F4                     u1240:
  5916     01F4  13F2               	bcf	LIN_calcParity@PID,7
  5917     01F5                     u1254:
  5918     01F5                     l1964:
  5919                           
  5920                           ;D:\yiming\00work\FR685_V05.X\mcc_generated_files\LINDrivers\lin_slave.c: 298:     PID.P
      +                          1 = ~PID.P1;
  5921     01F5  1003               	clrc
  5922     01F6  1FF2               	btfss	LIN_calcParity@PID,7
  5923     01F7  1403               	setc
  5924     01F8  1803               	btfsc	3,0
  5925     01F9  29FB               	goto	u1261
  5926     01FA  29FD               	goto	u1260
  5927     01FB                     u1261:
  5928     01FB  17F2               	bsf	LIN_calcParity@PID,7
  5929     01FC  29FE               	goto	u1274
  5930     01FD                     u1260:
  5931     01FD  13F2               	bcf	LIN_calcParity@PID,7
  5932     01FE                     u1274:
  5933     01FE                     l1966:
  5934                           
  5935                           ;D:\yiming\00work\FR685_V05.X\mcc_generated_files\LINDrivers\lin_slave.c: 300:     retur
      +                          n PID.rawPID;
  5936     01FE  0872               	movf	LIN_calcParity@PID,w
  5937     01FF                     l265:
  5938     01FF  0008               	return
  5939     0200                     __end_of_LIN_calcParity:
  5940                           
  5941                           	psect	text36
  5942     0576                     __ptext36:	
  5943 ;; *************** function _LIN_breakCheck *****************
  5944 ;; Defined at:
  5945 ;;		line 380 in file "D:\yiming\00work\FR685_V05.X\mcc_generated_files\LINDrivers\lin_slave.c"
  5946 ;; Parameters:    Size  Location     Type
  5947 ;;		None
  5948 ;; Auto vars:     Size  Location     Type
  5949 ;;		None
  5950 ;; Return value:  Size  Location     Type
  5951 ;;                  1    wreg      _Bool 
  5952 ;; Registers used:
  5953 ;;		wreg, fsr1l, fsr1h, status,2, status,0, pclath, cstack
  5954 ;; Tracked objects:
  5955 ;;		On entry : 0/0
  5956 ;;		On exit  : 0/0
  5957 ;;		Unchanged: 0/0
  5958 ;; Data sizes:     COMMON   BANK0   BANK1   BANK2   BANK3   BANK4   BANK5   BANK6
  5959 ;;      Params:         0       0       0       0       0       0       0       0
  5960 ;;      Locals:         0       0       0       0       0       0       0       0
  5961 ;;      Temps:          0       0       0       0       0       0       0       0
  5962 ;;      Totals:         0       0       0       0       0       0       0       0
  5963 ;;Total ram usage:        0 bytes
  5964 ;; Hardware stack levels used: 1
  5965 ;; Hardware stack levels required when called: 5
  5966 ;; This function calls:
  5967 ;;		_EUSART_Read
  5968 ;;		_EUSART_get_last_status
  5969 ;; This function is called by:
  5970 ;;		_LIN_handler
  5971 ;; This function uses a non-reentrant model
  5972 ;;
  5973                           
  5974     0576                     _LIN_breakCheck:	
  5975                           ;psect for function _LIN_breakCheck
  5976                           
  5977     0576                     l2068:	
  5978                           ;incstack = 0
  5979                           ; Regs used in _LIN_breakCheck: [wreg+fsr1l+fsr1h+status,2+status,0+pclath+cstack]
  5980                           
  5981                           
  5982                           ;D:\yiming\00work\FR685_V05.X\mcc_generated_files\LINDrivers\lin_slave.c: 383:     if ((
      +                          EUSART_Read() == 0x00) && (EUSART_get_last_status().ferr == 1))
  5983     0576  3184  2460  3185   	fcall	_EUSART_Read
  5984     0579  3A00               	xorlw	0
  5985     057A  1D03               	skipz
  5986     057B  2D7D               	goto	u1381
  5987     057C  2D7E               	goto	u1380
  5988     057D                     u1381:
  5989     057D  2D87               	goto	l2076
  5990     057E                     u1380:
  5991     057E                     l2070:
  5992     057E  3186  263A  3185   	fcall	_EUSART_get_last_status
  5993     0581  1C89               	btfss	9,1
  5994     0582  2D84               	goto	u1391
  5995     0583  2D85               	goto	u1390
  5996     0584                     u1391:
  5997     0584  2D87               	goto	l2076
  5998     0585                     u1390:
  5999     0585                     l2072:
  6000                           
  6001                           ;D:\yiming\00work\FR685_V05.X\mcc_generated_files\LINDrivers\lin_slave.c: 384:     {;D:\
      +                          yiming\00work\FR685_V05.X\mcc_generated_files\LINDrivers\lin_slave.c: 385:         retur
      +                          n 1;
  6002     0585  3001               	movlw	1
  6003     0586  2D88               	goto	l299
  6004     0587                     l2076:
  6005                           
  6006                           ;D:\yiming\00work\FR685_V05.X\mcc_generated_files\LINDrivers\lin_slave.c: 388:     retur
      +                          n 0;
  6007     0587  3000               	movlw	0
  6008     0588                     l299:
  6009     0588  0008               	return
  6010     0589                     __end_of_LIN_breakCheck:
  6011                           
  6012                           	psect	text37
  6013     0460                     __ptext37:	
  6014 ;; *************** function _EUSART_Read *****************
  6015 ;; Defined at:
  6016 ;;		line 151 in file "D:\yiming\00work\FR685_V05.X\mcc_generated_files\eusart.c"
  6017 ;; Parameters:    Size  Location     Type
  6018 ;;		None
  6019 ;; Auto vars:     Size  Location     Type
  6020 ;;  readValue       1    0[COMMON] unsigned char 
  6021 ;; Return value:  Size  Location     Type
  6022 ;;                  1    wreg      unsigned char 
  6023 ;; Registers used:
  6024 ;;		wreg, fsr1l, fsr1h, status,2, status,0
  6025 ;; Tracked objects:
  6026 ;;		On entry : 0/0
  6027 ;;		On exit  : 0/0
  6028 ;;		Unchanged: 0/0
  6029 ;; Data sizes:     COMMON   BANK0   BANK1   BANK2   BANK3   BANK4   BANK5   BANK6
  6030 ;;      Params:         0       0       0       0       0       0       0       0
  6031 ;;      Locals:         1       0       0       0       0       0       0       0
  6032 ;;      Temps:          0       0       0       0       0       0       0       0
  6033 ;;      Totals:         1       0       0       0       0       0       0       0
  6034 ;;Total ram usage:        1 bytes
  6035 ;; Hardware stack levels used: 1
  6036 ;; Hardware stack levels required when called: 4
  6037 ;; This function calls:
  6038 ;;		Nothing
  6039 ;; This function is called by:
  6040 ;;		_LIN_handler
  6041 ;;		_LIN_breakCheck
  6042 ;; This function uses a non-reentrant model
  6043 ;;
  6044                           
  6045     0460                     _EUSART_Read:	
  6046                           ;psect for function _EUSART_Read
  6047                           
  6048     0460                     l1892:	
  6049                           ;incstack = 0
  6050                           ; Regs used in _EUSART_Read: [wreg+fsr1l+fsr1h+status,2+status,0]
  6051                           
  6052     0460                     l1894:	
  6053                           ;D:\yiming\00work\FR685_V05.X\mcc_generated_files\eusart.c: 155:     while(0 == eusartRx
      +                          Count)
  6054                           
  6055                           
  6056                           ;D:\yiming\00work\FR685_V05.X\mcc_generated_files\eusart.c: 155:     while(0 == eusartRx
      +                          Count)
  6057     0460  0020               	movlb	0	; select bank0
  6058     0461  0846               	movf	_eusartRxCount,w	;volatile
  6059     0462  1903               	btfsc	3,2
  6060     0463  2C65               	goto	u971
  6061     0464  2C66               	goto	u970
  6062     0465                     u971:
  6063     0465  2C60               	goto	l1894
  6064     0466                     u970:
  6065     0466                     l1896:
  6066                           
  6067                           ;D:\yiming\00work\FR685_V05.X\mcc_generated_files\eusart.c: 159:     eusartRxLastError =
      +                           eusartRxStatusBuffer[eusartRxTail];
  6068     0466  0847               	movf	_eusartRxTail,w	;volatile
  6069     0467  3E20               	addlw	(low (_eusartRxStatusBuffer| 0))& (0+255)
  6070     0468  0086               	movwf	6
  6071     0469  0187               	clrf	7
  6072     046A  0801               	movf	1,w
  6073     046B  00C5               	movwf	_eusartRxLastError	;volatile
  6074                           
  6075                           ;D:\yiming\00work\FR685_V05.X\mcc_generated_files\eusart.c: 161:     readValue = eusartR
      +                          xBuffer[eusartRxTail++];
  6076     046C  0847               	movf	_eusartRxTail,w
  6077     046D  3EA0               	addlw	(low (_eusartRxBuffer| 0))& (0+255)
  6078     046E  0086               	movwf	6
  6079     046F  0187               	clrf	7
  6080     0470  0801               	movf	1,w
  6081     0471  00F0               	movwf	EUSART_Read@readValue
  6082     0472                     l1898:
  6083     0472  3001               	movlw	1
  6084     0473  07C7               	addwf	_eusartRxTail,f	;volatile
  6085     0474                     l1900:
  6086                           
  6087                           ;D:\yiming\00work\FR685_V05.X\mcc_generated_files\eusart.c: 162:     if(sizeof(eusartRxB
      +                          uffer) <= eusartRxTail)
  6088     0474  3008               	movlw	8
  6089     0475  0247               	subwf	_eusartRxTail,w	;volatile
  6090     0476  1C03               	skipc
  6091     0477  2C79               	goto	u981
  6092     0478  2C7A               	goto	u980
  6093     0479                     u981:
  6094     0479  2C7B               	goto	l1904
  6095     047A                     u980:
  6096     047A                     l1902:
  6097                           
  6098                           ;D:\yiming\00work\FR685_V05.X\mcc_generated_files\eusart.c: 163:     {;D:\yiming\00work\
      +                          FR685_V05.X\mcc_generated_files\eusart.c: 164:         eusartRxTail = 0;
  6099     047A  01C7               	clrf	_eusartRxTail	;volatile
  6100     047B                     l1904:
  6101                           
  6102                           ;D:\yiming\00work\FR685_V05.X\mcc_generated_files\eusart.c: 166:     PIE1bits.RCIE = 0;
  6103     047B  0021               	movlb	1	; select bank1
  6104     047C  1291               	bcf	17,5	;volatile
  6105     047D                     l1906:
  6106                           
  6107                           ;D:\yiming\00work\FR685_V05.X\mcc_generated_files\eusart.c: 167:     eusartRxCount--;
  6108     047D  3001               	movlw	1
  6109     047E  0020               	movlb	0	; select bank0
  6110     047F  02C6               	subwf	_eusartRxCount,f	;volatile
  6111     0480                     l1908:
  6112                           
  6113                           ;D:\yiming\00work\FR685_V05.X\mcc_generated_files\eusart.c: 168:     PIE1bits.RCIE = 1;
  6114     0480  0021               	movlb	1	; select bank1
  6115     0481  1691               	bsf	17,5	;volatile
  6116     0482                     l1910:
  6117                           
  6118                           ;D:\yiming\00work\FR685_V05.X\mcc_generated_files\eusart.c: 170:     return readValue;
  6119     0482  0870               	movf	EUSART_Read@readValue,w
  6120     0483                     l393:
  6121     0483  0008               	return
  6122     0484                     __end_of_EUSART_Read:
  6123                           
  6124                           	psect	text38
  6125     05CB                     __ptext38:	
  6126 ;; *************** function _EUSART_is_rx_ready *****************
  6127 ;; Defined at:
  6128 ;;		line 137 in file "D:\yiming\00work\FR685_V05.X\mcc_generated_files\eusart.c"
  6129 ;; Parameters:    Size  Location     Type
  6130 ;;		None
  6131 ;; Auto vars:     Size  Location     Type
  6132 ;;		None
  6133 ;; Return value:  Size  Location     Type
  6134 ;;                  1    wreg      _Bool 
  6135 ;; Registers used:
  6136 ;;		wreg, status,2, status,0
  6137 ;; Tracked objects:
  6138 ;;		On entry : 0/0
  6139 ;;		On exit  : 0/0
  6140 ;;		Unchanged: 0/0
  6141 ;; Data sizes:     COMMON   BANK0   BANK1   BANK2   BANK3   BANK4   BANK5   BANK6
  6142 ;;      Params:         0       0       0       0       0       0       0       0
  6143 ;;      Locals:         0       0       0       0       0       0       0       0
  6144 ;;      Temps:          0       0       0       0       0       0       0       0
  6145 ;;      Totals:         0       0       0       0       0       0       0       0
  6146 ;;Total ram usage:        0 bytes
  6147 ;; Hardware stack levels used: 1
  6148 ;; Hardware stack levels required when called: 4
  6149 ;; This function calls:
  6150 ;;		Nothing
  6151 ;; This function is called by:
  6152 ;;		_LIN_handler
  6153 ;; This function uses a non-reentrant model
  6154 ;;
  6155                           
  6156     05CB                     _EUSART_is_rx_ready:	
  6157                           ;psect for function _EUSART_is_rx_ready
  6158                           
  6159     05CB                     l2054:	
  6160                           ;incstack = 0
  6161                           ; Regs used in _EUSART_is_rx_ready: [wreg+status,2+status,0]
  6162                           
  6163                           
  6164                           ;D:\yiming\00work\FR685_V05.X\mcc_generated_files\eusart.c: 139:     return (eusartRxCou
      +                          nt ? 1 : 0);
  6165     05CB  0020               	movlb	0	; select bank0
  6166     05CC  0846               	movf	_eusartRxCount,w	;volatile
  6167     05CD  1D03               	btfss	3,2
  6168     05CE  2DD0               	goto	u1361
  6169     05CF  2DD2               	goto	u1360
  6170     05D0                     u1361:
  6171     05D0  3001               	movlw	1
  6172     05D1  2DD3               	goto	u1370
  6173     05D2                     u1360:
  6174     05D2  3000               	movlw	0
  6175     05D3                     u1370:
  6176     05D3                     l380:
  6177     05D3  0008               	return
  6178     05D4                     __end_of_EUSART_is_rx_ready:
  6179                           
  6180                           	psect	text39
  6181     063E                     __ptext39:	
  6182 ;; *************** function _Clear_No_Call_Warning *****************
  6183 ;; Defined at:
  6184 ;;		line 47 in file "D:\yiming\00work\FR685_V05.X\main.c"
  6185 ;; Parameters:    Size  Location     Type
  6186 ;;		None
  6187 ;; Auto vars:     Size  Location     Type
  6188 ;;  i               1    0        unsigned char 
  6189 ;; Return value:  Size  Location     Type
  6190 ;;                  1    wreg      void 
  6191 ;; Registers used:
  6192 ;;		status,2, status,0, pclath, cstack
  6193 ;; Tracked objects:
  6194 ;;		On entry : 0/0
  6195 ;;		On exit  : 0/0
  6196 ;;		Unchanged: 0/0
  6197 ;; Data sizes:     COMMON   BANK0   BANK1   BANK2   BANK3   BANK4   BANK5   BANK6
  6198 ;;      Params:         0       0       0       0       0       0       0       0
  6199 ;;      Locals:         0       0       0       0       0       0       0       0
  6200 ;;      Temps:          0       0       0       0       0       0       0       0
  6201 ;;      Totals:         0       0       0       0       0       0       0       0
  6202 ;;Total ram usage:        0 bytes
  6203 ;; Hardware stack levels used: 1
  6204 ;; Hardware stack levels required when called: 5
  6205 ;; This function calls:
  6206 ;;		_EUSART_get_last_status
  6207 ;;		_EUSART_is_tx_done
  6208 ;;		_EUSART_is_tx_ready
  6209 ;;		_PIN_MANAGER_IOC
  6210 ;;		_TMR0_ReadTimer
  6211 ;;		_TMR0_Reload
  6212 ;; This function is called by:
  6213 ;;		_main
  6214 ;; This function uses a non-reentrant model
  6215 ;;
  6216                           
  6217     063E                     _Clear_No_Call_Warning:	
  6218                           ;psect for function _Clear_No_Call_Warning
  6219                           
  6220     063E                     l2160:	
  6221                           ;incstack = 0
  6222                           ; Regs used in _Clear_No_Call_Warning: [status,2+status,0+pclath+cstack]
  6223                           
  6224     063E                     l55:
  6225     063E  0008               	return
  6226     063F                     __end_of_Clear_No_Call_Warning:
  6227                           
  6228                           	psect	text40
  6229     0622                     __ptext40:	
  6230 ;; *************** function _TMR0_Reload *****************
  6231 ;; Defined at:
  6232 ;;		line 102 in file "D:\yiming\00work\FR685_V05.X\mcc_generated_files\tmr0.c"
  6233 ;; Parameters:    Size  Location     Type
  6234 ;;		None
  6235 ;; Auto vars:     Size  Location     Type
  6236 ;;		None
  6237 ;; Return value:  Size  Location     Type
  6238 ;;                  1    wreg      void 
  6239 ;; Registers used:
  6240 ;;		wreg
  6241 ;; Tracked objects:
  6242 ;;		On entry : 0/0
  6243 ;;		On exit  : 0/0
  6244 ;;		Unchanged: 0/0
  6245 ;; Data sizes:     COMMON   BANK0   BANK1   BANK2   BANK3   BANK4   BANK5   BANK6
  6246 ;;      Params:         0       0       0       0       0       0       0       0
  6247 ;;      Locals:         0       0       0       0       0       0       0       0
  6248 ;;      Temps:          0       0       0       0       0       0       0       0
  6249 ;;      Totals:         0       0       0       0       0       0       0       0
  6250 ;;Total ram usage:        0 bytes
  6251 ;; Hardware stack levels used: 1
  6252 ;; Hardware stack levels required when called: 4
  6253 ;; This function calls:
  6254 ;;		Nothing
  6255 ;; This function is called by:
  6256 ;;		_Clear_No_Call_Warning
  6257 ;; This function uses a non-reentrant model
  6258 ;;
  6259                           
  6260     0622                     _TMR0_Reload:	
  6261                           ;psect for function _TMR0_Reload
  6262                           
  6263     0622                     l1992:	
  6264                           ;incstack = 0
  6265                           ; Regs used in _TMR0_Reload: [wreg]
  6266                           
  6267                           
  6268                           ;D:\yiming\00work\FR685_V05.X\mcc_generated_files\tmr0.c: 105:     TMR0 = timer0ReloadVa
      +                          l;
  6269     0622  0020               	movlb	0	; select bank0
  6270     0623  0844               	movf	_timer0ReloadVal,w	;volatile
  6271     0624  0095               	movwf	21	;volatile
  6272     0625                     l570:
  6273     0625  0008               	return
  6274     0626                     __end_of_TMR0_Reload:
  6275                           
  6276                           	psect	text41
  6277     0634                     __ptext41:	
  6278 ;; *************** function _TMR0_ReadTimer *****************
  6279 ;; Defined at:
  6280 ;;		line 87 in file "D:\yiming\00work\FR685_V05.X\mcc_generated_files\tmr0.c"
  6281 ;; Parameters:    Size  Location     Type
  6282 ;;		None
  6283 ;; Auto vars:     Size  Location     Type
  6284 ;;  readVal         1    0        unsigned char 
  6285 ;; Return value:  Size  Location     Type
  6286 ;;                  1    wreg      unsigned char 
  6287 ;; Registers used:
  6288 ;;		wreg
  6289 ;; Tracked objects:
  6290 ;;		On entry : 0/0
  6291 ;;		On exit  : 0/0
  6292 ;;		Unchanged: 0/0
  6293 ;; Data sizes:     COMMON   BANK0   BANK1   BANK2   BANK3   BANK4   BANK5   BANK6
  6294 ;;      Params:         0       0       0       0       0       0       0       0
  6295 ;;      Locals:         0       0       0       0       0       0       0       0
  6296 ;;      Temps:          0       0       0       0       0       0       0       0
  6297 ;;      Totals:         0       0       0       0       0       0       0       0
  6298 ;;Total ram usage:        0 bytes
  6299 ;; Hardware stack levels used: 1
  6300 ;; Hardware stack levels required when called: 4
  6301 ;; This function calls:
  6302 ;;		Nothing
  6303 ;; This function is called by:
  6304 ;;		_Clear_No_Call_Warning
  6305 ;; This function uses a non-reentrant model
  6306 ;;
  6307                           
  6308     0634                     _TMR0_ReadTimer:	
  6309                           ;psect for function _TMR0_ReadTimer
  6310                           
  6311     0634                     l1348:	
  6312                           ;incstack = 0
  6313                           ; Regs used in _TMR0_ReadTimer: [wreg]
  6314                           
  6315     0634  0020               	movlb	0	; select bank0
  6316     0635  0815               	movf	21,w	;volatile
  6317     0636                     l564:
  6318     0636  0008               	return
  6319     0637                     __end_of_TMR0_ReadTimer:
  6320                           
  6321                           	psect	text42
  6322     063F                     __ptext42:	
  6323 ;; *************** function _PIN_MANAGER_IOC *****************
  6324 ;; Defined at:
  6325 ;;		line 99 in file "D:\yiming\00work\FR685_V05.X\mcc_generated_files\pin_manager.c"
  6326 ;; Parameters:    Size  Location     Type
  6327 ;;		None
  6328 ;; Auto vars:     Size  Location     Type
  6329 ;;		None
  6330 ;; Return value:  Size  Location     Type
  6331 ;;                  1    wreg      void 
  6332 ;; Registers used:
  6333 ;;		None
  6334 ;; Tracked objects:
  6335 ;;		On entry : 0/0
  6336 ;;		On exit  : 0/0
  6337 ;;		Unchanged: 0/0
  6338 ;; Data sizes:     COMMON   BANK0   BANK1   BANK2   BANK3   BANK4   BANK5   BANK6
  6339 ;;      Params:         0       0       0       0       0       0       0       0
  6340 ;;      Locals:         0       0       0       0       0       0       0       0
  6341 ;;      Temps:          0       0       0       0       0       0       0       0
  6342 ;;      Totals:         0       0       0       0       0       0       0       0
  6343 ;;Total ram usage:        0 bytes
  6344 ;; Hardware stack levels used: 1
  6345 ;; Hardware stack levels required when called: 4
  6346 ;; This function calls:
  6347 ;;		Nothing
  6348 ;; This function is called by:
  6349 ;;		_Clear_No_Call_Warning
  6350 ;; This function uses a non-reentrant model
  6351 ;;
  6352                           
  6353     063F                     _PIN_MANAGER_IOC:	
  6354                           ;psect for function _PIN_MANAGER_IOC
  6355                           
  6356     063F                     l544:	
  6357                           ;incstack = 0
  6358                           ; Regs used in _PIN_MANAGER_IOC: []
  6359                           
  6360     063F  0008               	return
  6361     0640                     __end_of_PIN_MANAGER_IOC:
  6362                           
  6363                           	psect	text43
  6364     0640                     __ptext43:	
  6365 ;; *************** function _EUSART_is_tx_ready *****************
  6366 ;; Defined at:
  6367 ;;		line 132 in file "D:\yiming\00work\FR685_V05.X\mcc_generated_files\eusart.c"
  6368 ;; Parameters:    Size  Location     Type
  6369 ;;		None
  6370 ;; Auto vars:     Size  Location     Type
  6371 ;;		None
  6372 ;; Return value:  Size  Location     Type
  6373 ;;                  1    wreg      _Bool 
  6374 ;; Registers used:
  6375 ;;		None
  6376 ;; Tracked objects:
  6377 ;;		On entry : 0/0
  6378 ;;		On exit  : 0/0
  6379 ;;		Unchanged: 0/0
  6380 ;; Data sizes:     COMMON   BANK0   BANK1   BANK2   BANK3   BANK4   BANK5   BANK6
  6381 ;;      Params:         0       0       0       0       0       0       0       0
  6382 ;;      Locals:         0       0       0       0       0       0       0       0
  6383 ;;      Temps:          0       0       0       0       0       0       0       0
  6384 ;;      Totals:         0       0       0       0       0       0       0       0
  6385 ;;Total ram usage:        0 bytes
  6386 ;; Hardware stack levels used: 1
  6387 ;; Hardware stack levels required when called: 4
  6388 ;; This function calls:
  6389 ;;		Nothing
  6390 ;; This function is called by:
  6391 ;;		_Clear_No_Call_Warning
  6392 ;; This function uses a non-reentrant model
  6393 ;;
  6394                           
  6395     0640                     _EUSART_is_tx_ready:	
  6396                           ;psect for function _EUSART_is_tx_ready
  6397                           
  6398     0640                     l1994:	
  6399                           ;incstack = 0
  6400                           ; Regs used in _EUSART_is_tx_ready: []
  6401                           
  6402     0640                     l377:	
  6403                           ;D:\yiming\00work\FR685_V05.X\mcc_generated_files\eusart.c: 134:     return (eusartTxBuf
      +                          ferRemaining ? 1 : 0);;	Return value of _EUSART_is_tx_ready is never used
  6404                           
  6405     0640  0008               	return
  6406     0641                     __end_of_EUSART_is_tx_ready:
  6407                           
  6408                           	psect	text44
  6409     0637                     __ptext44:	
  6410 ;; *************** function _EUSART_is_tx_done *****************
  6411 ;; Defined at:
  6412 ;;		line 142 in file "D:\yiming\00work\FR685_V05.X\mcc_generated_files\eusart.c"
  6413 ;; Parameters:    Size  Location     Type
  6414 ;;		None
  6415 ;; Auto vars:     Size  Location     Type
  6416 ;;		None
  6417 ;; Return value:  Size  Location     Type
  6418 ;;                  1    wreg      _Bool 
  6419 ;; Registers used:
  6420 ;;		wreg
  6421 ;; Tracked objects:
  6422 ;;		On entry : 0/0
  6423 ;;		On exit  : 0/0
  6424 ;;		Unchanged: 0/0
  6425 ;; Data sizes:     COMMON   BANK0   BANK1   BANK2   BANK3   BANK4   BANK5   BANK6
  6426 ;;      Params:         0       0       0       0       0       0       0       0
  6427 ;;      Locals:         0       0       0       0       0       0       0       0
  6428 ;;      Temps:          0       0       0       0       0       0       0       0
  6429 ;;      Totals:         0       0       0       0       0       0       0       0
  6430 ;;Total ram usage:        0 bytes
  6431 ;; Hardware stack levels used: 1
  6432 ;; Hardware stack levels required when called: 4
  6433 ;; This function calls:
  6434 ;;		Nothing
  6435 ;; This function is called by:
  6436 ;;		_Clear_No_Call_Warning
  6437 ;; This function uses a non-reentrant model
  6438 ;;
  6439                           
  6440     0637                     _EUSART_is_tx_done:	
  6441                           ;psect for function _EUSART_is_tx_done
  6442                           
  6443     0637                     l1352:	
  6444                           ;incstack = 0
  6445                           ; Regs used in _EUSART_is_tx_done: [wreg]
  6446                           
  6447                           
  6448                           ;D:\yiming\00work\FR685_V05.X\mcc_generated_files\eusart.c: 144:     return TXSTAbits.TR
      +                          MT;;	Return value of _EUSART_is_tx_done is never used
  6449     0637  0023               	movlb	3	; select bank3
  6450     0638  081E               	movf	30,w	;volatile
  6451     0639                     l383:
  6452     0639  0008               	return
  6453     063A                     __end_of_EUSART_is_tx_done:
  6454                           
  6455                           	psect	text45
  6456     063A                     __ptext45:	
  6457 ;; *************** function _EUSART_get_last_status *****************
  6458 ;; Defined at:
  6459 ;;		line 147 in file "D:\yiming\00work\FR685_V05.X\mcc_generated_files\eusart.c"
  6460 ;; Parameters:    Size  Location     Type
  6461 ;;		None
  6462 ;; Auto vars:     Size  Location     Type
  6463 ;;		None
  6464 ;; Return value:  Size  Location     Type
  6465 ;;                  1    wreg      struct .
  6466 ;; Registers used:
  6467 ;;		wreg
  6468 ;; Tracked objects:
  6469 ;;		On entry : 0/0
  6470 ;;		On exit  : 0/0
  6471 ;;		Unchanged: 0/0
  6472 ;; Data sizes:     COMMON   BANK0   BANK1   BANK2   BANK3   BANK4   BANK5   BANK6
  6473 ;;      Params:         0       0       0       0       0       0       0       0
  6474 ;;      Locals:         0       0       0       0       0       0       0       0
  6475 ;;      Temps:          0       0       0       0       0       0       0       0
  6476 ;;      Totals:         0       0       0       0       0       0       0       0
  6477 ;;Total ram usage:        0 bytes
  6478 ;; Hardware stack levels used: 1
  6479 ;; Hardware stack levels required when called: 4
  6480 ;; This function calls:
  6481 ;;		Nothing
  6482 ;; This function is called by:
  6483 ;;		_Clear_No_Call_Warning
  6484 ;;		_LIN_breakCheck
  6485 ;; This function uses a non-reentrant model
  6486 ;;
  6487                           
  6488     063A                     _EUSART_get_last_status:	
  6489                           ;psect for function _EUSART_get_last_status
  6490                           
  6491     063A                     l1858:	
  6492                           ;incstack = 0
  6493                           ; Regs used in _EUSART_get_last_status: [wreg]
  6494                           
  6495                           
  6496                           ;D:\yiming\00work\FR685_V05.X\mcc_generated_files\eusart.c: 148:     return eusartRxLast
      +                          Error;
  6497     063A  0020               	movlb	0	; select bank0
  6498     063B  0845               	movf	_eusartRxLastError,w	;volatile
  6499     063C                     l386:
  6500     063C  0008               	return
  6501     063D                     __end_of_EUSART_get_last_status:
  6502                           
  6503                           	psect	intentry
  6504     0004                     __pintentry:	
  6505 ;; *************** function _INTERRUPT_InterruptManager *****************
  6506 ;; Defined at:
  6507 ;;		line 52 in file "D:\yiming\00work\FR685_V05.X\mcc_generated_files\interrupt_manager.c"
  6508 ;; Parameters:    Size  Location     Type
  6509 ;;		None
  6510 ;; Auto vars:     Size  Location     Type
  6511 ;;		None
  6512 ;; Return value:  Size  Location     Type
  6513 ;;                  1    wreg      void 
  6514 ;; Registers used:
  6515 ;;		wreg, fsr1l, fsr1h, status,2, status,0, pclath, cstack
  6516 ;; Tracked objects:
  6517 ;;		On entry : 0/0
  6518 ;;		On exit  : 0/0
  6519 ;;		Unchanged: 0/0
  6520 ;; Data sizes:     COMMON   BANK0   BANK1   BANK2   BANK3   BANK4   BANK5   BANK6
  6521 ;;      Params:         0       0       0       0       0       0       0       0
  6522 ;;      Locals:         0       0       0       0       0       0       0       0
  6523 ;;      Temps:          0       0       0       0       0       0       0       0
  6524 ;;      Totals:         0       0       0       0       0       0       0       0
  6525 ;;Total ram usage:        0 bytes
  6526 ;; Hardware stack levels used: 1
  6527 ;; Hardware stack levels required when called: 3
  6528 ;; This function calls:
  6529 ;;		NULL
  6530 ;;		_EUSART_Receive_ISR
  6531 ;;		_EUSART_Transmit_ISR
  6532 ;;		_TMR0_ISR
  6533 ;; This function is called by:
  6534 ;;		Interrupt level 1
  6535 ;; This function uses a non-reentrant model
  6536 ;;
  6537                           
  6538     0004                     _INTERRUPT_InterruptManager:
  6539                           
  6540                           ;incstack = 0
  6541     0004  147E               	bsf	int$flags,0	;set compiler interrupt flag (level 1)
  6542                           
  6543                           ; Regs used in _INTERRUPT_InterruptManager: [wreg+fsr1l+fsr1h+status,2+status,0+pclath+c
      +                          stack]
  6544     0005  3180               	pagesel	$
  6545     0006  3000               	movlw	low ___int_sp
  6546     0007  0086               	movwf	6
  6547     0008  3000               	movlw	high ___int_sp
  6548     0009  0087               	movwf	7
  6549     000A                     i1l2348:
  6550                           
  6551                           ;D:\yiming\00work\FR685_V05.X\mcc_generated_files\interrupt_manager.c: 55:     if(INTCON
      +                          bits.TMR0IE == 1 && INTCONbits.TMR0IF == 1)
  6552     000A  1E8B               	btfss	11,5	;volatile
  6553     000B  280D               	goto	u169_21
  6554     000C  280E               	goto	u169_20
  6555     000D                     u169_21:
  6556     000D  2816               	goto	i1l464
  6557     000E                     u169_20:
  6558     000E                     i1l2350:
  6559     000E  1D0B               	btfss	11,2	;volatile
  6560     000F  2811               	goto	u170_21
  6561     0010  2812               	goto	u170_20
  6562     0011                     u170_21:
  6563     0011  2816               	goto	i1l464
  6564     0012                     u170_20:
  6565     0012                     i1l2352:
  6566                           
  6567                           ;D:\yiming\00work\FR685_V05.X\mcc_generated_files\interrupt_manager.c: 56:     {;D:\yimi
      +                          ng\00work\FR685_V05.X\mcc_generated_files\interrupt_manager.c: 57:         TMR0_ISR();
  6568     0012  3185  2589  3180   	fcall	_TMR0_ISR
  6569                           
  6570                           ;D:\yiming\00work\FR685_V05.X\mcc_generated_files\interrupt_manager.c: 58:     }
  6571     0015  2839               	goto	i1l472
  6572     0016                     i1l464:	
  6573                           ;D:\yiming\00work\FR685_V05.X\mcc_generated_files\interrupt_manager.c: 59:     else if(I
      +                          NTCONbits.PEIE == 1)
  6574                           
  6575     0016  1F0B               	btfss	11,6	;volatile
  6576     0017  2819               	goto	u171_21
  6577     0018  281A               	goto	u171_20
  6578     0019                     u171_21:
  6579     0019  2839               	goto	i1l472
  6580     001A                     u171_20:
  6581     001A                     i1l2354:
  6582                           
  6583                           ;D:\yiming\00work\FR685_V05.X\mcc_generated_files\interrupt_manager.c: 60:     {;D:\yimi
      +                          ng\00work\FR685_V05.X\mcc_generated_files\interrupt_manager.c: 61:         if(PIE1bits.T
      +                          XIE == 1 && PIR1bits.TXIF == 1)
  6584     001A  0021               	movlb	1	; select bank1
  6585     001B  1E11               	btfss	17,4	;volatile
  6586     001C  281E               	goto	u172_21
  6587     001D  281F               	goto	u172_20
  6588     001E                     u172_21:
  6589     001E  282A               	goto	i1l467
  6590     001F                     u172_20:
  6591     001F                     i1l2356:
  6592     001F  0020               	movlb	0	; select bank0
  6593     0020  1E11               	btfss	17,4	;volatile
  6594     0021  2823               	goto	u173_21
  6595     0022  2824               	goto	u173_20
  6596     0023                     u173_21:
  6597     0023  282A               	goto	i1l467
  6598     0024                     u173_20:
  6599     0024                     i1l2358:
  6600                           
  6601                           ;D:\yiming\00work\FR685_V05.X\mcc_generated_files\interrupt_manager.c: 62:         {;D:\
      +                          yiming\00work\FR685_V05.X\mcc_generated_files\interrupt_manager.c: 63:             EUSAR
      +                          T_TxDefaultInterruptHandler();
  6602     0024  083B               	movf	_EUSART_TxDefaultInterruptHandler+1,w
  6603     0025  008A               	movwf	10
  6604     0026  083A               	movf	_EUSART_TxDefaultInterruptHandler,w
  6605     0027  000A               	callw
  6606     0028  3180               	pagesel	$
  6607                           
  6608                           ;D:\yiming\00work\FR685_V05.X\mcc_generated_files\interrupt_manager.c: 64:         }
  6609     0029  2839               	goto	i1l472
  6610     002A                     i1l467:	
  6611                           ;D:\yiming\00work\FR685_V05.X\mcc_generated_files\interrupt_manager.c: 65:         else 
      +                          if(PIE1bits.RCIE == 1 && PIR1bits.RCIF == 1)
  6612                           
  6613     002A  0021               	movlb	1	; select bank1
  6614     002B  1E91               	btfss	17,5	;volatile
  6615     002C  282E               	goto	u174_21
  6616     002D  282F               	goto	u174_20
  6617     002E                     u174_21:
  6618     002E  2839               	goto	i1l472
  6619     002F                     u174_20:
  6620     002F                     i1l2360:
  6621     002F  0020               	movlb	0	; select bank0
  6622     0030  1E91               	btfss	17,5	;volatile
  6623     0031  2833               	goto	u175_21
  6624     0032  2834               	goto	u175_20
  6625     0033                     u175_21:
  6626     0033  2839               	goto	i1l472
  6627     0034                     u175_20:
  6628     0034                     i1l2362:
  6629                           
  6630                           ;D:\yiming\00work\FR685_V05.X\mcc_generated_files\interrupt_manager.c: 66:         {;D:\
      +                          yiming\00work\FR685_V05.X\mcc_generated_files\interrupt_manager.c: 67:             EUSAR
      +                          T_RxDefaultInterruptHandler();
  6631     0034  0839               	movf	_EUSART_RxDefaultInterruptHandler+1,w
  6632     0035  008A               	movwf	10
  6633     0036  0838               	movf	_EUSART_RxDefaultInterruptHandler,w
  6634     0037  000A               	callw
  6635     0038  3180               	pagesel	$
  6636     0039                     i1l472:	
  6637                           ;D:\yiming\00work\FR685_V05.X\mcc_generated_files\interrupt_manager.c: 68:         }
  6638                           
  6639     0039  107E               	bcf	int$flags,0	;clear compiler interrupt flag (level 1)
  6640     003A  0009               	retfie
  6641     003B                     __end_of_INTERRUPT_InterruptManager:
  6642                           
  6643                           	psect	text47
  6644     0589                     __ptext47:	
  6645 ;; *************** function _TMR0_ISR *****************
  6646 ;; Defined at:
  6647 ;;		line 108 in file "D:\yiming\00work\FR685_V05.X\mcc_generated_files\tmr0.c"
  6648 ;; Parameters:    Size  Location     Type
  6649 ;;		None
  6650 ;; Auto vars:     Size  Location     Type
  6651 ;;		None
  6652 ;; Return value:  Size  Location     Type
  6653 ;;                  1    wreg      void 
  6654 ;; Registers used:
  6655 ;;		wreg, status,2, status,0, pclath, cstack
  6656 ;; Tracked objects:
  6657 ;;		On entry : 0/0
  6658 ;;		On exit  : 0/0
  6659 ;;		Unchanged: 0/0
  6660 ;; Data sizes:     COMMON   BANK0   BANK1   BANK2   BANK3   BANK4   BANK5   BANK6
  6661 ;;      Params:         0       0       0       0       0       0       0       0
  6662 ;;      Locals:         0       0       0       0       0       0       0       0
  6663 ;;      Temps:          0       0       0       0       0       0       0       0
  6664 ;;      Totals:         0       0       0       0       0       0       0       0
  6665 ;;Total ram usage:        0 bytes
  6666 ;; Hardware stack levels used: 1
  6667 ;; Hardware stack levels required when called: 1
  6668 ;; This function calls:
  6669 ;;		NULL
  6670 ;;		_LIN_timerHandler
  6671 ;;		_TMR0_DefaultInterruptHandler
  6672 ;; This function is called by:
  6673 ;;		_INTERRUPT_InterruptManager
  6674 ;; This function uses a non-reentrant model
  6675 ;;
  6676                           
  6677     0589                     _TMR0_ISR:	
  6678                           ;psect for function _TMR0_ISR
  6679                           
  6680     0589                     i1l2326:	
  6681                           ;incstack = 0
  6682                           ; Regs used in _TMR0_ISR: [wreg+status,2+status,0+pclath+cstack]
  6683                           
  6684                           
  6685                           ;D:\yiming\00work\FR685_V05.X\mcc_generated_files\tmr0.c: 112:     INTCONbits.TMR0IF = 0
      +                          ;
  6686     0589  110B               	bcf	11,2	;volatile
  6687     058A                     i1l2328:
  6688                           
  6689                           ;D:\yiming\00work\FR685_V05.X\mcc_generated_files\tmr0.c: 114:     TMR0 = timer0ReloadVa
      +                          l;
  6690     058A  0020               	movlb	0	; select bank0
  6691     058B  0844               	movf	_timer0ReloadVal,w	;volatile
  6692     058C  0095               	movwf	21	;volatile
  6693     058D                     i1l2330:
  6694                           
  6695                           ;D:\yiming\00work\FR685_V05.X\mcc_generated_files\tmr0.c: 116:     if(TMR0_InterruptHand
      +                          ler)
  6696     058D  0830               	movf	_TMR0_InterruptHandler,w
  6697     058E  0431               	iorwf	_TMR0_InterruptHandler+1,w
  6698     058F  1903               	btfsc	3,2
  6699     0590  2D92               	goto	u167_21
  6700     0591  2D93               	goto	u167_20
  6701     0592                     u167_21:
  6702     0592  2D98               	goto	i1l574
  6703     0593                     u167_20:
  6704     0593                     i1l2332:
  6705                           
  6706                           ;D:\yiming\00work\FR685_V05.X\mcc_generated_files\tmr0.c: 117:     {;D:\yiming\00work\FR
      +                          685_V05.X\mcc_generated_files\tmr0.c: 118:         TMR0_InterruptHandler();
  6707     0593  0831               	movf	_TMR0_InterruptHandler+1,w
  6708     0594  008A               	movwf	10
  6709     0595  0830               	movf	_TMR0_InterruptHandler,w
  6710     0596  000A               	callw
  6711     0597  3185               	pagesel	$
  6712     0598                     i1l574:
  6713     0598  0008               	return
  6714     0599                     __end_of_TMR0_ISR:
  6715                           
  6716                           	psect	text48
  6717     03C3                     __ptext48:	
  6718 ;; *************** function _LIN_timerHandler *****************
  6719 ;; Defined at:
  6720 ;;		line 327 in file "D:\yiming\00work\FR685_V05.X\mcc_generated_files\LINDrivers\lin_slave.c"
  6721 ;; Parameters:    Size  Location     Type
  6722 ;;		None
  6723 ;; Auto vars:     Size  Location     Type
  6724 ;;		None
  6725 ;; Return value:  Size  Location     Type
  6726 ;;                  1    wreg      void 
  6727 ;; Registers used:
  6728 ;;		wreg, status,2, status,0
  6729 ;; Tracked objects:
  6730 ;;		On entry : 0/0
  6731 ;;		On exit  : 0/0
  6732 ;;		Unchanged: 0/0
  6733 ;; Data sizes:     COMMON   BANK0   BANK1   BANK2   BANK3   BANK4   BANK5   BANK6
  6734 ;;      Params:         0       0       0       0       0       0       0       0
  6735 ;;      Locals:         0       0       0       0       0       0       0       0
  6736 ;;      Temps:          0       0       0       0       0       0       0       0
  6737 ;;      Totals:         0       0       0       0       0       0       0       0
  6738 ;;Total ram usage:        0 bytes
  6739 ;; Hardware stack levels used: 1
  6740 ;; This function calls:
  6741 ;;		Nothing
  6742 ;; This function is called by:
  6743 ;;		_LIN_setTimerHandler
  6744 ;;		_TMR0_ISR
  6745 ;; This function uses a non-reentrant model
  6746 ;;
  6747                           
  6748     03C3                     _LIN_timerHandler:	
  6749                           ;psect for function _LIN_timerHandler
  6750                           
  6751     03C3                     i1l2098:	
  6752                           ;incstack = 0
  6753                           ; Regs used in _LIN_timerHandler: [wreg+status,2+status,0]
  6754                           
  6755                           
  6756                           ;D:\yiming\00work\FR685_V05.X\mcc_generated_files\LINDrivers\lin_slave.c: 330:     if (L
      +                          IN_validSignalReceived)
  6757     03C3  0020               	movlb	0	; select bank0
  6758     03C4  084F               	movf	_LIN_validSignalReceived,w	;volatile
  6759     03C5  1903               	btfsc	3,2
  6760     03C6  2BC8               	goto	u142_21
  6761     03C7  2BC9               	goto	u142_20
  6762     03C8                     u142_21:
  6763     03C8  2BCF               	goto	i1l2102
  6764     03C9                     u142_20:
  6765     03C9                     i1l2100:
  6766                           
  6767                           ;D:\yiming\00work\FR685_V05.X\mcc_generated_files\LINDrivers\lin_slave.c: 331:     {;D:\
      +                          yiming\00work\FR685_V05.X\mcc_generated_files\LINDrivers\lin_slave.c: 332:         LIN_v
      +                          alidSignalReceived = 0;
  6768     03C9  01CF               	clrf	_LIN_validSignalReceived	;volatile
  6769                           
  6770                           ;D:\yiming\00work\FR685_V05.X\mcc_generated_files\LINDrivers\lin_slave.c: 333:         L
      +                          IN_signalElapsedMs = 0;
  6771     03CA  01BC               	clrf	_LIN_signalElapsedMs	;volatile
  6772     03CB  01BD               	clrf	_LIN_signalElapsedMs+1	;volatile
  6773                           
  6774                           ;D:\yiming\00work\FR685_V05.X\mcc_generated_files\LINDrivers\lin_slave.c: 334:         L
      +                          IN_signalTimedOut = 0;
  6775     03CC  01CE               	clrf	_LIN_signalTimedOut	;volatile
  6776                           
  6777                           ;D:\yiming\00work\FR685_V05.X\mcc_generated_files\LINDrivers\lin_slave.c: 335:         L
      +                          IN_signalTimeoutPending = 0;
  6778     03CD  01CD               	clrf	_LIN_signalTimeoutPending	;volatile
  6779                           
  6780                           ;D:\yiming\00work\FR685_V05.X\mcc_generated_files\LINDrivers\lin_slave.c: 336:     }
  6781     03CE  2BE5               	goto	i1l2108
  6782     03CF                     i1l2102:
  6783     03CF  084E               	movf	_LIN_signalTimedOut,w	;volatile
  6784     03D0  1D03               	btfss	3,2
  6785     03D1  2BD3               	goto	u143_21
  6786     03D2  2BD4               	goto	u143_20
  6787     03D3                     u143_21:
  6788     03D3  2BE5               	goto	i1l2108
  6789     03D4                     u143_20:
  6790     03D4                     i1l2104:
  6791                           
  6792                           ;D:\yiming\00work\FR685_V05.X\mcc_generated_files\LINDrivers\lin_slave.c: 338:     {;D:\
      +                          yiming\00work\FR685_V05.X\mcc_generated_files\LINDrivers\lin_slave.c: 339:         if (+
      +                          +LIN_signalElapsedMs >= 2000U)
  6793     03D4  3001               	movlw	1
  6794     03D5  07BC               	addwf	_LIN_signalElapsedMs,f	;volatile
  6795     03D6  3000               	movlw	0
  6796     03D7  3DBD               	addwfc	_LIN_signalElapsedMs+1,f	;volatile
  6797     03D8  3007               	movlw	7
  6798     03D9  023D               	subwf	_LIN_signalElapsedMs+1,w	;volatile
  6799     03DA  30D0               	movlw	208
  6800     03DB  1903               	skipnz
  6801     03DC  023C               	subwf	_LIN_signalElapsedMs,w	;volatile
  6802     03DD  1C03               	skipc
  6803     03DE  2BE0               	goto	u144_21
  6804     03DF  2BE1               	goto	u144_20
  6805     03E0                     u144_21:
  6806     03E0  2BE5               	goto	i1l2108
  6807     03E1                     u144_20:
  6808     03E1                     i1l2106:
  6809                           
  6810                           ;D:\yiming\00work\FR685_V05.X\mcc_generated_files\LINDrivers\lin_slave.c: 340:         {
      +                          ;D:\yiming\00work\FR685_V05.X\mcc_generated_files\LINDrivers\lin_slave.c: 341:          
      +                             LIN_signalTimedOut = 1;
  6811     03E1  3001               	movlw	1
  6812     03E2  00CE               	movwf	_LIN_signalTimedOut	;volatile
  6813                           
  6814                           ;D:\yiming\00work\FR685_V05.X\mcc_generated_files\LINDrivers\lin_slave.c: 342:          
      +                             LIN_signalTimeoutPending = 1;
  6815     03E3  3001               	movlw	1
  6816     03E4  00CD               	movwf	_LIN_signalTimeoutPending	;volatile
  6817     03E5                     i1l2108:
  6818                           
  6819                           ;D:\yiming\00work\FR685_V05.X\mcc_generated_files\LINDrivers\lin_slave.c: 347:     if (+
      +                          +CountCallBack >= LIN_timeout)
  6820     03E5  3001               	movlw	1
  6821     03E6  07D0               	addwf	_CountCallBack,f	;volatile
  6822     03E7  086F               	movf	_LIN_timeout,w
  6823     03E8  0250               	subwf	_CountCallBack,w	;volatile
  6824     03E9  1C03               	skipc
  6825     03EA  2BEC               	goto	u145_21
  6826     03EB  2BED               	goto	u145_20
  6827     03EC                     u145_21:
  6828     03EC  2BEF               	goto	i1l283
  6829     03ED                     u145_20:
  6830     03ED                     i1l2110:
  6831                           
  6832                           ;D:\yiming\00work\FR685_V05.X\mcc_generated_files\LINDrivers\lin_slave.c: 348:     {;D:\
      +                          yiming\00work\FR685_V05.X\mcc_generated_files\LINDrivers\lin_slave.c: 351:         Count
      +                          CallBack = 0;
  6833     03ED  01D0               	clrf	_CountCallBack	;volatile
  6834                           
  6835                           ;D:\yiming\00work\FR685_V05.X\mcc_generated_files\LINDrivers\lin_slave.c: 352:         L
      +                          IN_timerRunning = 0;
  6836     03EE  01D1               	clrf	_LIN_timerRunning
  6837     03EF                     i1l283:
  6838     03EF  0008               	return
  6839     03F0                     __end_of_LIN_timerHandler:
  6840                           
  6841                           	psect	text49
  6842     0641                     __ptext49:	
  6843 ;; *************** function _TMR0_DefaultInterruptHandler *****************
  6844 ;; Defined at:
  6845 ;;		line 129 in file "D:\yiming\00work\FR685_V05.X\mcc_generated_files\tmr0.c"
  6846 ;; Parameters:    Size  Location     Type
  6847 ;;		None
  6848 ;; Auto vars:     Size  Location     Type
  6849 ;;		None
  6850 ;; Return value:  Size  Location     Type
  6851 ;;                  1    wreg      void 
  6852 ;; Registers used:
  6853 ;;		None
  6854 ;; Tracked objects:
  6855 ;;		On entry : 0/0
  6856 ;;		On exit  : 0/0
  6857 ;;		Unchanged: 0/0
  6858 ;; Data sizes:     COMMON   BANK0   BANK1   BANK2   BANK3   BANK4   BANK5   BANK6
  6859 ;;      Params:         0       0       0       0       0       0       0       0
  6860 ;;      Locals:         0       0       0       0       0       0       0       0
  6861 ;;      Temps:          0       0       0       0       0       0       0       0
  6862 ;;      Totals:         0       0       0       0       0       0       0       0
  6863 ;;Total ram usage:        0 bytes
  6864 ;; Hardware stack levels used: 1
  6865 ;; This function calls:
  6866 ;;		Nothing
  6867 ;; This function is called by:
  6868 ;;		_TMR0_Initialize
  6869 ;;		_TMR0_ISR
  6870 ;; This function uses a non-reentrant model
  6871 ;;
  6872                           
  6873     0641                     _TMR0_DefaultInterruptHandler:	
  6874                           ;psect for function _TMR0_DefaultInterruptHandler
  6875                           
  6876     0641                     i1l580:	
  6877                           ;incstack = 0
  6878                           ; Regs used in _TMR0_DefaultInterruptHandler: []
  6879                           
  6880     0641  0008               	return
  6881     0642                     __end_of_TMR0_DefaultInterruptHandler:
  6882                           
  6883                           	psect	text50
  6884     04A4                     __ptext50:	
  6885 ;; *************** function _EUSART_Transmit_ISR *****************
  6886 ;; Defined at:
  6887 ;;		line 197 in file "D:\yiming\00work\FR685_V05.X\mcc_generated_files\eusart.c"
  6888 ;; Parameters:    Size  Location     Type
  6889 ;;		None
  6890 ;; Auto vars:     Size  Location     Type
  6891 ;;		None
  6892 ;; Return value:  Size  Location     Type
  6893 ;;                  1    wreg      void 
  6894 ;; Registers used:
  6895 ;;		wreg, fsr1l, fsr1h, status,2, status,0
  6896 ;; Tracked objects:
  6897 ;;		On entry : 0/0
  6898 ;;		On exit  : 0/0
  6899 ;;		Unchanged: 0/0
  6900 ;; Data sizes:     COMMON   BANK0   BANK1   BANK2   BANK3   BANK4   BANK5   BANK6
  6901 ;;      Params:         0       0       0       0       0       0       0       0
  6902 ;;      Locals:         0       0       0       0       0       0       0       0
  6903 ;;      Temps:          0       0       0       0       0       0       0       0
  6904 ;;      Totals:         0       0       0       0       0       0       0       0
  6905 ;;Total ram usage:        0 bytes
  6906 ;; Hardware stack levels used: 1
  6907 ;; This function calls:
  6908 ;;		Nothing
  6909 ;; This function is called by:
  6910 ;;		_EUSART_Initialize
  6911 ;;		_INTERRUPT_InterruptManager
  6912 ;; This function uses a non-reentrant model
  6913 ;;
  6914                           
  6915     04A4                     _EUSART_Transmit_ISR:	
  6916                           ;psect for function _EUSART_Transmit_ISR
  6917                           
  6918     04A4                     i1l2294:	
  6919                           ;incstack = 0
  6920                           ; Regs used in _EUSART_Transmit_ISR: [wreg+fsr1l+fsr1h+status,2+status,0]
  6921                           
  6922                           
  6923                           ;D:\yiming\00work\FR685_V05.X\mcc_generated_files\eusart.c: 201:     if(sizeof(eusartTxB
      +                          uffer) > eusartTxBufferRemaining)
  6924     04A4  3008               	movlw	8
  6925     04A5  0020               	movlb	0	; select bank0
  6926     04A6  0248               	subwf	_eusartTxBufferRemaining,w	;volatile
  6927     04A7  1803               	skipnc
  6928     04A8  2CAA               	goto	u162_21
  6929     04A9  2CAB               	goto	u162_20
  6930     04AA                     u162_21:
  6931     04AA  2CBF               	goto	i1l405
  6932     04AB                     u162_20:
  6933     04AB                     i1l2296:
  6934                           
  6935                           ;D:\yiming\00work\FR685_V05.X\mcc_generated_files\eusart.c: 202:     {;D:\yiming\00work\
      +                          FR685_V05.X\mcc_generated_files\eusart.c: 203:         TXREG = eusartTxBuffer[eusartTxTa
      +                          il++];
  6936     04AB  0849               	movf	_eusartTxTail,w
  6937     04AC  3E28               	addlw	(low (_eusartTxBuffer| 0))& (0+255)
  6938     04AD  0086               	movwf	6
  6939     04AE  0187               	clrf	7
  6940     04AF  0801               	movf	1,w
  6941     04B0  0023               	movlb	3	; select bank3
  6942     04B1  009A               	movwf	26	;volatile
  6943     04B2                     i1l2298:
  6944     04B2  3001               	movlw	1
  6945     04B3  0020               	movlb	0	; select bank0
  6946     04B4  07C9               	addwf	_eusartTxTail,f	;volatile
  6947     04B5                     i1l2300:
  6948                           
  6949                           ;D:\yiming\00work\FR685_V05.X\mcc_generated_files\eusart.c: 204:         if(sizeof(eusar
      +                          tTxBuffer) <= eusartTxTail)
  6950     04B5  3008               	movlw	8
  6951     04B6  0249               	subwf	_eusartTxTail,w	;volatile
  6952     04B7  1C03               	skipc
  6953     04B8  2CBA               	goto	u163_21
  6954     04B9  2CBB               	goto	u163_20
  6955     04BA                     u163_21:
  6956     04BA  2CBC               	goto	i1l2304
  6957     04BB                     u163_20:
  6958     04BB                     i1l2302:
  6959                           
  6960                           ;D:\yiming\00work\FR685_V05.X\mcc_generated_files\eusart.c: 205:         {;D:\yiming\00w
      +                          ork\FR685_V05.X\mcc_generated_files\eusart.c: 206:             eusartTxTail = 0;
  6961     04BB  01C9               	clrf	_eusartTxTail	;volatile
  6962     04BC                     i1l2304:
  6963                           
  6964                           ;D:\yiming\00work\FR685_V05.X\mcc_generated_files\eusart.c: 208:         eusartTxBufferR
      +                          emaining++;
  6965     04BC  3001               	movlw	1
  6966     04BD  07C8               	addwf	_eusartTxBufferRemaining,f	;volatile
  6967                           
  6968                           ;D:\yiming\00work\FR685_V05.X\mcc_generated_files\eusart.c: 209:     }
  6969     04BE  2CC1               	goto	i1l408
  6970     04BF                     i1l405:	
  6971                           ;D:\yiming\00work\FR685_V05.X\mcc_generated_files\eusart.c: 210:     else
  6972                           
  6973                           
  6974                           ;D:\yiming\00work\FR685_V05.X\mcc_generated_files\eusart.c: 211:     {;D:\yiming\00work\
      +                          FR685_V05.X\mcc_generated_files\eusart.c: 212:         PIE1bits.TXIE = 0;
  6975     04BF  0021               	movlb	1	; select bank1
  6976     04C0  1211               	bcf	17,4	;volatile
  6977     04C1                     i1l408:
  6978     04C1  0008               	return
  6979     04C2                     __end_of_EUSART_Transmit_ISR:
  6980                           
  6981                           	psect	text51
  6982     0358                     __ptext51:	
  6983 ;; *************** function _EUSART_Receive_ISR *****************
  6984 ;; Defined at:
  6985 ;;		line 216 in file "D:\yiming\00work\FR685_V05.X\mcc_generated_files\eusart.c"
  6986 ;; Parameters:    Size  Location     Type
  6987 ;;		None
  6988 ;; Auto vars:     Size  Location     Type
  6989 ;;		None
  6990 ;; Return value:  Size  Location     Type
  6991 ;;                  1    wreg      void 
  6992 ;; Registers used:
  6993 ;;		wreg, fsr1l, fsr1h, status,2, status,0, pclath, cstack
  6994 ;; Tracked objects:
  6995 ;;		On entry : 0/0
  6996 ;;		On exit  : 0/0
  6997 ;;		Unchanged: 0/0
  6998 ;; Data sizes:     COMMON   BANK0   BANK1   BANK2   BANK3   BANK4   BANK5   BANK6
  6999 ;;      Params:         0       0       0       0       0       0       0       0
  7000 ;;      Locals:         0       0       0       0       0       0       0       0
  7001 ;;      Temps:          0       0       0       0       0       0       0       0
  7002 ;;      Totals:         0       0       0       0       0       0       0       0
  7003 ;;Total ram usage:        0 bytes
  7004 ;; Hardware stack levels used: 1
  7005 ;; Hardware stack levels required when called: 2
  7006 ;; This function calls:
  7007 ;;		NULL
  7008 ;;		_EUSART_DefaultErrorHandler
  7009 ;;		_EUSART_DefaultFramingErrorHandler
  7010 ;;		_EUSART_DefaultOverrunErrorHandler
  7011 ;;		_EUSART_RxDataHandler
  7012 ;; This function is called by:
  7013 ;;		_EUSART_Initialize
  7014 ;;		_INTERRUPT_InterruptManager
  7015 ;; This function uses a non-reentrant model
  7016 ;;
  7017                           
  7018     0358                     _EUSART_Receive_ISR:	
  7019                           ;psect for function _EUSART_Receive_ISR
  7020                           
  7021     0358                     i1l2306:	
  7022                           ;incstack = 0
  7023                           ; Regs used in _EUSART_Receive_ISR: [wreg+fsr1l+fsr1h+status,2+status,0+pclath+cstack]
  7024                           
  7025                           
  7026                           ;D:\yiming\00work\FR685_V05.X\mcc_generated_files\eusart.c: 219:     eusartRxStatusBuffe
      +                          r[eusartRxHead].status = 0;
  7027     0358  087D               	movf	_eusartRxHead,w	;volatile
  7028     0359  3E20               	addlw	(low (_eusartRxStatusBuffer| 0))& (0+255)
  7029     035A  0086               	movwf	6
  7030     035B  0187               	clrf	7
  7031     035C  0181               	clrf	1
  7032     035D                     i1l2308:
  7033                           
  7034                           ;D:\yiming\00work\FR685_V05.X\mcc_generated_files\eusart.c: 221:     if(RCSTAbits.FERR){
  7035     035D  0023               	movlb	3	; select bank3
  7036     035E  1D1D               	btfss	29,2	;volatile
  7037     035F  2B61               	goto	u164_21
  7038     0360  2B62               	goto	u164_20
  7039     0361                     u164_21:
  7040     0361  2B6D               	goto	i1l2314
  7041     0362                     u164_20:
  7042     0362                     i1l2310:
  7043                           
  7044                           ;D:\yiming\00work\FR685_V05.X\mcc_generated_files\eusart.c: 222:         eusartRxStatusB
      +                          uffer[eusartRxHead].ferr = 1;
  7045     0362  087D               	movf	_eusartRxHead,w	;volatile
  7046     0363  3E20               	addlw	(low (_eusartRxStatusBuffer| 0))& (0+255)
  7047     0364  0086               	movwf	6
  7048     0365  0187               	clrf	7
  7049     0366  1481               	bsf	1,1
  7050     0367                     i1l2312:
  7051                           
  7052                           ;D:\yiming\00work\FR685_V05.X\mcc_generated_files\eusart.c: 223:         EUSART_FramingE
      +                          rrorHandler();
  7053     0367  0020               	movlb	0	; select bank0
  7054     0368  0837               	movf	_EUSART_FramingErrorHandler+1,w
  7055     0369  008A               	movwf	10
  7056     036A  0836               	movf	_EUSART_FramingErrorHandler,w
  7057     036B  000A               	callw
  7058     036C  3183               	pagesel	$
  7059     036D                     i1l2314:
  7060                           
  7061                           ;D:\yiming\00work\FR685_V05.X\mcc_generated_files\eusart.c: 226:     if(RCSTAbits.OERR){
  7062     036D  0023               	movlb	3	; select bank3
  7063     036E  1C9D               	btfss	29,1	;volatile
  7064     036F  2B71               	goto	u165_21
  7065     0370  2B72               	goto	u165_20
  7066     0371                     u165_21:
  7067     0371  2B7D               	goto	i1l2320
  7068     0372                     u165_20:
  7069     0372                     i1l2316:
  7070                           
  7071                           ;D:\yiming\00work\FR685_V05.X\mcc_generated_files\eusart.c: 227:         eusartRxStatusB
      +                          uffer[eusartRxHead].oerr = 1;
  7072     0372  087D               	movf	_eusartRxHead,w	;volatile
  7073     0373  3E20               	addlw	(low (_eusartRxStatusBuffer| 0))& (0+255)
  7074     0374  0086               	movwf	6
  7075     0375  0187               	clrf	7
  7076     0376  1501               	bsf	1,2
  7077     0377                     i1l2318:
  7078                           
  7079                           ;D:\yiming\00work\FR685_V05.X\mcc_generated_files\eusart.c: 228:         EUSART_OverrunE
      +                          rrorHandler();
  7080     0377  0020               	movlb	0	; select bank0
  7081     0378  0835               	movf	_EUSART_OverrunErrorHandler+1,w
  7082     0379  008A               	movwf	10
  7083     037A  0834               	movf	_EUSART_OverrunErrorHandler,w
  7084     037B  000A               	callw
  7085     037C  3183               	pagesel	$
  7086     037D                     i1l2320:
  7087                           
  7088                           ;D:\yiming\00work\FR685_V05.X\mcc_generated_files\eusart.c: 231:     if(eusartRxStatusBu
      +                          ffer[eusartRxHead].status){
  7089     037D  087D               	movf	_eusartRxHead,w	;volatile
  7090     037E  3E20               	addlw	(low (_eusartRxStatusBuffer| 0))& (0+255)
  7091     037F  0086               	movwf	6
  7092     0380  0187               	clrf	7
  7093     0381  0801               	movf	1,w
  7094     0382  1903               	btfsc	3,2
  7095     0383  2B85               	goto	u166_21
  7096     0384  2B86               	goto	u166_20
  7097     0385                     u166_21:
  7098     0385  2B8D               	goto	i1l2324
  7099     0386                     u166_20:
  7100     0386                     i1l2322:
  7101                           
  7102                           ;D:\yiming\00work\FR685_V05.X\mcc_generated_files\eusart.c: 232:         EUSART_ErrorHan
      +                          dler();
  7103     0386  0020               	movlb	0	; select bank0
  7104     0387  0833               	movf	_EUSART_ErrorHandler+1,w
  7105     0388  008A               	movwf	10
  7106     0389  0832               	movf	_EUSART_ErrorHandler,w
  7107     038A  000A               	callw
  7108     038B  3183               	pagesel	$
  7109                           
  7110                           ;D:\yiming\00work\FR685_V05.X\mcc_generated_files\eusart.c: 233:     } else {
  7111     038C  2B90               	goto	i1l415
  7112     038D                     i1l2324:
  7113                           
  7114                           ;D:\yiming\00work\FR685_V05.X\mcc_generated_files\eusart.c: 234:         EUSART_RxDataHa
      +                          ndler();
  7115     038D  3185  254F  3183   	fcall	_EUSART_RxDataHandler
  7116     0390                     i1l415:
  7117     0390  0008               	return
  7118     0391                     __end_of_EUSART_Receive_ISR:
  7119                           
  7120                           	psect	text52
  7121     0626                     __ptext52:	
  7122 ;; *************** function _EUSART_DefaultOverrunErrorHandler *****************
  7123 ;; Defined at:
  7124 ;;		line 252 in file "D:\yiming\00work\FR685_V05.X\mcc_generated_files\eusart.c"
  7125 ;; Parameters:    Size  Location     Type
  7126 ;;		None
  7127 ;; Auto vars:     Size  Location     Type
  7128 ;;		None
  7129 ;; Return value:  Size  Location     Type
  7130 ;;                  1    wreg      void 
  7131 ;; Registers used:
  7132 ;;		None
  7133 ;; Tracked objects:
  7134 ;;		On entry : 0/0
  7135 ;;		On exit  : 0/0
  7136 ;;		Unchanged: 0/0
  7137 ;; Data sizes:     COMMON   BANK0   BANK1   BANK2   BANK3   BANK4   BANK5   BANK6
  7138 ;;      Params:         0       0       0       0       0       0       0       0
  7139 ;;      Locals:         0       0       0       0       0       0       0       0
  7140 ;;      Temps:          0       0       0       0       0       0       0       0
  7141 ;;      Totals:         0       0       0       0       0       0       0       0
  7142 ;;Total ram usage:        0 bytes
  7143 ;; Hardware stack levels used: 1
  7144 ;; This function calls:
  7145 ;;		Nothing
  7146 ;; This function is called by:
  7147 ;;		_EUSART_Initialize
  7148 ;;		_EUSART_Receive_ISR
  7149 ;; This function uses a non-reentrant model
  7150 ;;
  7151                           
  7152     0626                     _EUSART_DefaultOverrunErrorHandler:	
  7153                           ;psect for function _EUSART_DefaultOverrunErrorHandler
  7154                           
  7155     0626                     i1l2144:	
  7156                           ;incstack = 0
  7157                           ; Regs used in _EUSART_DefaultOverrunErrorHandler: []
  7158                           
  7159                           
  7160                           ;D:\yiming\00work\FR685_V05.X\mcc_generated_files\eusart.c: 255:     RCSTAbits.CREN = 0;
  7161     0626  0023               	movlb	3	; select bank3
  7162     0627  121D               	bcf	29,4	;volatile
  7163                           
  7164                           ;D:\yiming\00work\FR685_V05.X\mcc_generated_files\eusart.c: 256:     RCSTAbits.CREN = 1;
  7165     0628  161D               	bsf	29,4	;volatile
  7166     0629                     i1l425:
  7167     0629  0008               	return
  7168     062A                     __end_of_EUSART_DefaultOverrunErrorHandler:
  7169                           
  7170                           	psect	text53
  7171     0642                     __ptext53:	
  7172 ;; *************** function _EUSART_DefaultFramingErrorHandler *****************
  7173 ;; Defined at:
  7174 ;;		line 250 in file "D:\yiming\00work\FR685_V05.X\mcc_generated_files\eusart.c"
  7175 ;; Parameters:    Size  Location     Type
  7176 ;;		None
  7177 ;; Auto vars:     Size  Location     Type
  7178 ;;		None
  7179 ;; Return value:  Size  Location     Type
  7180 ;;                  1    wreg      void 
  7181 ;; Registers used:
  7182 ;;		None
  7183 ;; Tracked objects:
  7184 ;;		On entry : 0/0
  7185 ;;		On exit  : 0/0
  7186 ;;		Unchanged: 0/0
  7187 ;; Data sizes:     COMMON   BANK0   BANK1   BANK2   BANK3   BANK4   BANK5   BANK6
  7188 ;;      Params:         0       0       0       0       0       0       0       0
  7189 ;;      Locals:         0       0       0       0       0       0       0       0
  7190 ;;      Temps:          0       0       0       0       0       0       0       0
  7191 ;;      Totals:         0       0       0       0       0       0       0       0
  7192 ;;Total ram usage:        0 bytes
  7193 ;; Hardware stack levels used: 1
  7194 ;; This function calls:
  7195 ;;		Nothing
  7196 ;; This function is called by:
  7197 ;;		_EUSART_Initialize
  7198 ;;		_EUSART_Receive_ISR
  7199 ;; This function uses a non-reentrant model
  7200 ;;
  7201                           
  7202     0642                     _EUSART_DefaultFramingErrorHandler:	
  7203                           ;psect for function _EUSART_DefaultFramingErrorHandler
  7204                           
  7205     0642                     i1l422:	
  7206                           ;incstack = 0
  7207                           ; Regs used in _EUSART_DefaultFramingErrorHandler: []
  7208                           
  7209     0642  0008               	return
  7210     0643                     __end_of_EUSART_DefaultFramingErrorHandler:
  7211                           
  7212                           	psect	text54
  7213     062A                     __ptext54:	
  7214 ;; *************** function _EUSART_DefaultErrorHandler *****************
  7215 ;; Defined at:
  7216 ;;		line 260 in file "D:\yiming\00work\FR685_V05.X\mcc_generated_files\eusart.c"
  7217 ;; Parameters:    Size  Location     Type
  7218 ;;		None
  7219 ;; Auto vars:     Size  Location     Type
  7220 ;;		None
  7221 ;; Return value:  Size  Location     Type
  7222 ;;                  1    wreg      void 
  7223 ;; Registers used:
  7224 ;;		wreg, fsr1l, fsr1h, status,2, status,0, pclath, cstack
  7225 ;; Tracked objects:
  7226 ;;		On entry : 0/0
  7227 ;;		On exit  : 0/0
  7228 ;;		Unchanged: 0/0
  7229 ;; Data sizes:     COMMON   BANK0   BANK1   BANK2   BANK3   BANK4   BANK5   BANK6
  7230 ;;      Params:         0       0       0       0       0       0       0       0
  7231 ;;      Locals:         0       0       0       0       0       0       0       0
  7232 ;;      Temps:          0       0       0       0       0       0       0       0
  7233 ;;      Totals:         0       0       0       0       0       0       0       0
  7234 ;;Total ram usage:        0 bytes
  7235 ;; Hardware stack levels used: 1
  7236 ;; Hardware stack levels required when called: 1
  7237 ;; This function calls:
  7238 ;;		_EUSART_RxDataHandler
  7239 ;; This function is called by:
  7240 ;;		_EUSART_Initialize
  7241 ;;		_EUSART_Receive_ISR
  7242 ;; This function uses a non-reentrant model
  7243 ;;
  7244                           
  7245     062A                     _EUSART_DefaultErrorHandler:	
  7246                           ;psect for function _EUSART_DefaultErrorHandler
  7247                           
  7248     062A                     i1l2146:	
  7249                           ;incstack = 0
  7250                           ; Regs used in _EUSART_DefaultErrorHandler: [wreg+fsr1l+fsr1h+status,2+status,0+pclath+c
      +                          stack]
  7251                           
  7252                           
  7253                           ;D:\yiming\00work\FR685_V05.X\mcc_generated_files\eusart.c: 261:     EUSART_RxDataHandle
      +                          r();
  7254     062A  3185  254F  3186   	fcall	_EUSART_RxDataHandler
  7255     062D                     i1l428:
  7256     062D  0008               	return
  7257     062E                     __end_of_EUSART_DefaultErrorHandler:
  7258                           
  7259                           	psect	text55
  7260     054F                     __ptext55:	
  7261 ;; *************** function _EUSART_RxDataHandler *****************
  7262 ;; Defined at:
  7263 ;;		line 240 in file "D:\yiming\00work\FR685_V05.X\mcc_generated_files\eusart.c"
  7264 ;; Parameters:    Size  Location     Type
  7265 ;;		None
  7266 ;; Auto vars:     Size  Location     Type
  7267 ;;		None
  7268 ;; Return value:  Size  Location     Type
  7269 ;;                  1    wreg      void 
  7270 ;; Registers used:
  7271 ;;		wreg, fsr1l, fsr1h, status,2, status,0
  7272 ;; Tracked objects:
  7273 ;;		On entry : 0/0
  7274 ;;		On exit  : 0/0
  7275 ;;		Unchanged: 0/0
  7276 ;; Data sizes:     COMMON   BANK0   BANK1   BANK2   BANK3   BANK4   BANK5   BANK6
  7277 ;;      Params:         0       0       0       0       0       0       0       0
  7278 ;;      Locals:         0       0       0       0       0       0       0       0
  7279 ;;      Temps:          0       0       0       0       0       0       0       0
  7280 ;;      Totals:         0       0       0       0       0       0       0       0
  7281 ;;Total ram usage:        0 bytes
  7282 ;; Hardware stack levels used: 1
  7283 ;; This function calls:
  7284 ;;		Nothing
  7285 ;; This function is called by:
  7286 ;;		_EUSART_Receive_ISR
  7287 ;;		_EUSART_DefaultErrorHandler
  7288 ;; This function uses a non-reentrant model
  7289 ;;
  7290                           
  7291     054F                     _EUSART_RxDataHandler:	
  7292                           ;psect for function _EUSART_RxDataHandler
  7293                           
  7294     054F                     i1l1982:	
  7295                           ;incstack = 0
  7296                           ; Regs used in _EUSART_RxDataHandler: [wreg+fsr1l+fsr1h+status,2+status,0]
  7297                           
  7298                           
  7299                           ;D:\yiming\00work\FR685_V05.X\mcc_generated_files\eusart.c: 242:     eusartRxBuffer[eusa
      +                          rtRxHead++] = RCREG;
  7300     054F  087D               	movf	_eusartRxHead,w
  7301     0550  3EA0               	addlw	(low (_eusartRxBuffer| 0))& (0+255)
  7302     0551  0086               	movwf	6
  7303     0552  0187               	clrf	7
  7304     0553  0023               	movlb	3	; select bank3
  7305     0554  0819               	movf	25,w	;volatile
  7306     0555  0081               	movwf	1
  7307     0556                     i1l1984:
  7308     0556  3001               	movlw	1
  7309     0557  07FD               	addwf	_eusartRxHead,f	;volatile
  7310     0558                     i1l1986:
  7311                           
  7312                           ;D:\yiming\00work\FR685_V05.X\mcc_generated_files\eusart.c: 243:     if(sizeof(eusartRxB
      +                          uffer) <= eusartRxHead)
  7313     0558  3008               	movlw	8
  7314     0559  027D               	subwf	_eusartRxHead,w	;volatile
  7315     055A  1C03               	skipc
  7316     055B  2D5D               	goto	u128_21
  7317     055C  2D5E               	goto	u128_20
  7318     055D                     u128_21:
  7319     055D  2D5F               	goto	i1l1990
  7320     055E                     u128_20:
  7321     055E                     i1l1988:
  7322                           
  7323                           ;D:\yiming\00work\FR685_V05.X\mcc_generated_files\eusart.c: 244:     {;D:\yiming\00work\
      +                          FR685_V05.X\mcc_generated_files\eusart.c: 245:         eusartRxHead = 0;
  7324     055E  01FD               	clrf	_eusartRxHead	;volatile
  7325     055F                     i1l1990:
  7326                           
  7327                           ;D:\yiming\00work\FR685_V05.X\mcc_generated_files\eusart.c: 247:     eusartRxCount++;
  7328     055F  3001               	movlw	1
  7329     0560  0020               	movlb	0	; select bank0
  7330     0561  07C6               	addwf	_eusartRxCount,f	;volatile
  7331     0562                     i1l419:
  7332     0562  0008               	return
  7333     0563                     __end_of_EUSART_RxDataHandler:
  7334     0002                     ___latbits      equ	2
  7335     007E                     btemp           set	126	;btemp
  7336     007E                     int$flags       set	126
  7337     007E                     btemp0          set	126
  7338     007F                     btemp1          set	127
  7339     007E                     wtemp0          set	126
  7340     007F                     wtemp0a         set	127
  7341     007F                     ttemp0a         set	127
  7342     0080                     ltemp0a         set	128
  7343                           
  7344                           	psect	idloc
  7345                           
  7346                           ;Config register IDLOC0 @ 0x8000
  7347                           ;	unspecified, using default values
  7348     8000                     	org	32768
  7349     8000  3FFF               	dw	16383
  7350                           
  7351                           ;Config register IDLOC1 @ 0x8001
  7352                           ;	unspecified, using default values
  7353     8001                     	org	32769
  7354     8001  3FFF               	dw	16383
  7355                           
  7356                           ;Config register IDLOC2 @ 0x8002
  7357                           ;	unspecified, using default values
  7358     8002                     	org	32770
  7359     8002  3FFF               	dw	16383
  7360                           
  7361                           ;Config register IDLOC3 @ 0x8003
  7362                           ;	unspecified, using default values
  7363     8003                     	org	32771
  7364     8003  3FFF               	dw	16383
  7365                           
  7366                           	psect	config
  7367                           
  7368                           ;Config register CONFIG1 @ 0x8007
  7369                           ;	Oscillator Selection
  7370                           ;	FOSC = INTOSC, INTOSC oscillator: I/O function on CLKIN pin
  7371                           ;	Watchdog Timer Enable
  7372                           ;	WDTE = OFF, WDT disabled
  7373                           ;	Power-up Timer Enable
  7374                           ;	PWRTE = OFF, PWRT disabled
  7375                           ;	MCLR Pin Function Select
  7376                           ;	MCLRE = ON, MCLR/VPP pin function is MCLR
  7377                           ;	Flash Program Memory Code Protection
  7378                           ;	CP = OFF, Program memory code protection is disabled
  7379                           ;	Data Memory Code Protection
  7380                           ;	CPD = OFF, Data memory code protection is disabled
  7381                           ;	Brown-out Reset Enable
  7382                           ;	BOREN = ON, Brown-out Reset enabled
  7383                           ;	Clock Out Enable
  7384                           ;	CLKOUTEN = OFF, CLKOUT function is disabled. I/O or oscillator function on the CLKOUT 
      +                          pin
  7385                           ;	Internal/External Switchover
  7386                           ;	IESO = ON, Internal/External Switchover mode is enabled
  7387                           ;	Fail-Safe Clock Monitor Enable
  7388                           ;	FCMEN = ON, Fail-Safe Clock Monitor is enabled
  7389     8007                     	org	32775
  7390     8007  3FE4               	dw	16356
  7391                           
  7392                           ;Config register CONFIG2 @ 0x8008
  7393                           ;	Flash Memory Self-Write Protection
  7394                           ;	WRT = OFF, Write protection off
  7395                           ;	Voltage Regulator Capacitor Enable
  7396                           ;	VCAPEN = OFF, All VCAP pin functionality is disabled
  7397                           ;	PLL Enable
  7398                           ;	PLLEN = ON, 4x PLL enabled
  7399                           ;	Stack Overflow/Underflow Reset Enable
  7400                           ;	STVREN = ON, Stack Overflow or Underflow will cause a Reset
  7401                           ;	Brown-out Reset Voltage Selection
  7402                           ;	BORV = LO, Brown-out Reset Voltage (Vbor), low trip point selected.
  7403                           ;	Low-Voltage Programming Enable
  7404                           ;	LVP = OFF, High-voltage on MCLR/VPP must be used for programming
  7405     8008                     	org	32776
  7406     8008  1FFF               	dw	8191

Data Sizes:
    Strings     0
    Constant    5
    Data        1
    BSS         82
    Persistent  48
    Stack       0

Auto Spaces:
    Space          Size  Autos    Used
    COMMON           14     13      14
    BANK0            80     14      80
    BANK1            80      0      16
    BANK2            80      0       0
    BANK3            80      0       0
    BANK4            80      0       0
    BANK5            80      0       0
    BANK6            16      0       0

Pointer List with Targets:

    EUSART_ErrorHandler	PTR FTN()void  size(2) Largest target is 1
		 -> EUSART_DefaultErrorHandler(), NULL(), 

    EUSART_FramingErrorHandler	PTR FTN()void  size(2) Largest target is 1
		 -> EUSART_DefaultFramingErrorHandler(), NULL(), 

    EUSART_OverrunErrorHandler	PTR FTN()void  size(2) Largest target is 1
		 -> EUSART_DefaultOverrunErrorHandler(), NULL(), 

    EUSART_RxDefaultInterruptHandler	PTR FTN()void  size(2) Largest target is 1
		 -> EUSART_Receive_ISR(), NULL(), 

    EUSART_SetErrorHandler@interruptHandler	PTR FTN()void  size(2) Largest target is 1
		 -> EUSART_DefaultErrorHandler(), 

    EUSART_SetFramingErrorHandler@interruptHandler	PTR FTN()void  size(2) Largest target is 1
		 -> EUSART_DefaultFramingErrorHandler(), 

    EUSART_SetOverrunErrorHandler@interruptHandler	PTR FTN()void  size(2) Largest target is 1
		 -> EUSART_DefaultOverrunErrorHandler(), 

    EUSART_SetRxInterruptHandler@interruptHandler	PTR FTN()void  size(2) Largest target is 1
		 -> EUSART_Receive_ISR(), 

    EUSART_SetTxInterruptHandler@interruptHandler	PTR FTN()void  size(2) Largest target is 1
		 -> EUSART_Transmit_ISR(), 

    EUSART_TxDefaultInterruptHandler	PTR FTN()void  size(2) Largest target is 1
		 -> EUSART_Transmit_ISR(), NULL(), 

    LIN_getChecksum@data	PTR unsigned char  size(2) Largest target is 13
		 -> LIN_packet(BANK0[13]), 

    LIN_getFromTable@rxCommand	PTR const struct . size(2) Largest target is 5
		 -> scheduleTable(CODE[5]), NULL(NULL[0]), 

    LIN_getFromTable@rxCommand$data	PTR unsigned char  size(2) Largest target is 8
		 -> SIGNAL_Data(BANK1[8]), 

    LIN_getPacket@data	PTR unsigned char  size(1) Largest target is 8
		 -> processLIN@tempRxData(BANK0[8]), 

    LIN_init@command	const PTR const struct . size(2) Largest target is 5
		 -> scheduleTable(CODE[5]), 

    LIN_init@processData	PTR FTN()void  size(2) Largest target is 1
		 -> processLIN(), 

    LIN_processData	PTR FTN()void  size(2) Largest target is 1
		 -> processLIN(), NULL(), 

    LIN_queuePacket@tempSchedule	PTR const struct . size(2) Largest target is 5
		 -> scheduleTable(CODE[5]), NULL(NULL[0]), 

    LIN_queuePacket@tempSchedule$data	PTR unsigned char  size(2) Largest target is 8
		 -> SIGNAL_Data(BANK1[8]), 

    LIN_rxCommand	PTR const struct . size(2) Largest target is 5
		 -> scheduleTable(CODE[5]), NULL(NULL[0]), 

    LIN_rxCommand$data	PTR unsigned char  size(2) Largest target is 8
		 -> SIGNAL_Data(BANK1[8]), 

    LIN_sendPacket@data	PTR unsigned char  size(2) Largest target is 13
		 -> LIN_packet(BANK0[13]), 

    memcpy@d	PTR unsigned char  size(1) Largest target is 13
		 -> LIN_packet(BANK0[13]), processLIN@tempRxData(BANK0[8]), 

    memcpy@d1	PTR void  size(2) Largest target is 13
		 -> LIN_packet(BANK0[13]), processLIN@tempRxData(BANK0[8]), 

    memcpy@s	PTR const unsigned char  size(1) Largest target is 13
		 -> LIN_packet(BANK0[13]), LIN_packet$data(BANK0[8]), SIGNAL_Data(BANK1[8]), 

    memcpy@s1	PTR const void  size(2) Largest target is 13
		 -> LIN_packet(BANK0[13]), LIN_packet$data(BANK0[8]), SIGNAL_Data(BANK1[8]), 

    memset@dest	PTR void  size(2) Largest target is 13
		 -> LIN_packet(BANK0[13]), 

    memset@p	PTR unsigned char  size(1) Largest target is 13
		 -> LIN_packet(BANK0[13]), 

    S60$data	PTR unsigned char  size(2) Largest target is 8
		 -> SIGNAL_Data(BANK1[8]), 

    scheduleTable$data	PTR unsigned char  size(2) Largest target is 8
		 -> SIGNAL_Data(BANK1[8]), 

    sp__memcpy	PTR void  size(2) Largest target is 13
		 -> LIN_packet(BANK0[13]), processLIN@tempRxData(BANK0[8]), 

    sp__memset	PTR void  size(2) Largest target is 13
		 -> LIN_packet(BANK0[13]), 

    TMR0_InterruptHandler	PTR FTN()void  size(2) Largest target is 1
		 -> LIN_timerHandler(), TMR0_DefaultInterruptHandler(), NULL(), 

    TMR0_SetInterruptHandler@InterruptHandler	PTR FTN()void  size(2) Largest target is 1
		 -> LIN_timerHandler(), TMR0_DefaultInterruptHandler(), 


Critical Paths under _main in COMMON

    _TMR0_Initialize->_TMR0_SetInterruptHandler
    _LIN_Slave_Initialize->_LIN_init
    _LIN_setTimerHandler->_TMR0_SetInterruptHandler
    _EUSART_Initialize->_EUSART_SetErrorHandler
    _EUSART_Initialize->_EUSART_SetFramingErrorHandler
    _EUSART_Initialize->_EUSART_SetOverrunErrorHandler
    _EUSART_Initialize->_EUSART_SetRxInterruptHandler
    _EUSART_Initialize->_EUSART_SetTxInterruptHandler
    _processLIN->_LIN_getPacket
    _LIN_getPacket->_memcpy
    _LIN_startTimer->_TMR0_WriteTimer
    _LIN_queuePacket->_LIN_sendPacket
    _LIN_sendPacket->_EUSART_Write
    _EUSART_Write->_LIN_getChecksum
    _LIN_checkPID->_LIN_getFromTable
    _LIN_breakCheck->_EUSART_Read

Critical Paths under _INTERRUPT_InterruptManager in COMMON

    None.

Critical Paths under _main in BANK0

    _main->_LIN_handler
    _LIN_handler->_LIN_queuePacket
    _LIN_handler->_processLIN
    _LIN_queuePacket->_LIN_sendPacket

Critical Paths under _INTERRUPT_InterruptManager in BANK0

    None.

Critical Paths under _main in BANK1

    None.

Critical Paths under _INTERRUPT_InterruptManager in BANK1

    None.

Critical Paths under _main in BANK2

    None.

Critical Paths under _INTERRUPT_InterruptManager in BANK2

    None.

Critical Paths under _main in BANK3

    None.

Critical Paths under _INTERRUPT_InterruptManager in BANK3

    None.

Critical Paths under _main in BANK4

    None.

Critical Paths under _INTERRUPT_InterruptManager in BANK4

    None.

Critical Paths under _main in BANK5

    None.

Critical Paths under _INTERRUPT_InterruptManager in BANK5

    None.

Critical Paths under _main in BANK6

    None.

Critical Paths under _INTERRUPT_InterruptManager in BANK6

    None.

Call Graph Tables:

 ---------------------------------------------------------------------------------
 (Depth) Function   	        Calls       Base Space   Used Autos Params    Refs
 ---------------------------------------------------------------------------------
 (0) _main                                                 0     0      0    3893
              _Clear_No_Call_Warning
                        _LIN_handler
          _LIN_signalTimeoutOccurred
                  _SYSTEM_Initialize
 ---------------------------------------------------------------------------------
 (1) _SYSTEM_Initialize                                    0     0      0     238
                  _EUSART_Initialize
               _LIN_Slave_Initialize
              _OSCILLATOR_Initialize
             _PIN_MANAGER_Initialize
                    _TMR0_Initialize
                     _WDT_Initialize
 ---------------------------------------------------------------------------------
 (2) _WDT_Initialize                                       0     0      0       0
 ---------------------------------------------------------------------------------
 (2) _TMR0_Initialize                                      0     0      0      24
           _TMR0_SetInterruptHandler
 ---------------------------------------------------------------------------------
 (2) _PIN_MANAGER_Initialize                               0     0      0       0
 ---------------------------------------------------------------------------------
 (2) _OSCILLATOR_Initialize                                0     0      0       0
 ---------------------------------------------------------------------------------
 (2) _LIN_Slave_Initialize                                 0     0      0      99
                           _LIN_init
 ---------------------------------------------------------------------------------
 (3) _LIN_init                                             5     1      4      99
                                              2 COMMON     5     1      4
                       _LIN_enableRx
                _LIN_setTimerHandler
                      _LIN_stopTimer
 ---------------------------------------------------------------------------------
 (4) _LIN_stopTimer                                        0     0      0       0
 ---------------------------------------------------------------------------------
 (4) _LIN_setTimerHandler                                  0     0      0      24
           _TMR0_SetInterruptHandler
 ---------------------------------------------------------------------------------
 (5) _TMR0_SetInterruptHandler                             2     0      2      24
                                              0 COMMON     2     0      2
 ---------------------------------------------------------------------------------
 (2) _EUSART_Initialize                                    0     0      0     115
             _EUSART_SetErrorHandler
      _EUSART_SetFramingErrorHandler
      _EUSART_SetOverrunErrorHandler
       _EUSART_SetRxInterruptHandler
       _EUSART_SetTxInterruptHandler
 ---------------------------------------------------------------------------------
 (3) _EUSART_SetTxInterruptHandler                         2     0      2      23
                                              0 COMMON     2     0      2
 ---------------------------------------------------------------------------------
 (3) _EUSART_SetRxInterruptHandler                         2     0      2      23
                                              0 COMMON     2     0      2
 ---------------------------------------------------------------------------------
 (3) _EUSART_SetOverrunErrorHandler                        2     0      2      23
                                              0 COMMON     2     0      2
 ---------------------------------------------------------------------------------
 (3) _EUSART_SetFramingErrorHandler                        2     0      2      23
                                              0 COMMON     2     0      2
 ---------------------------------------------------------------------------------
 (3) _EUSART_SetErrorHandler                               2     0      2      23
                                              0 COMMON     2     0      2
 ---------------------------------------------------------------------------------
 (1) _LIN_signalTimeoutOccurred                            0     0      0       0
 ---------------------------------------------------------------------------------
 (1) _LIN_handler                                          5     5      0    3539
                                              9 BANK0      5     5      0
                                NULL *
                        _EUSART_Read
                 _EUSART_is_rx_ready
                     _LIN_breakCheck
                       _LIN_checkPID
                      _LIN_disableRx
                       _LIN_enableRx
                    _LIN_getChecksum
                   _LIN_getFromTable
                    _LIN_queuePacket
                     _LIN_startTimer
                             _memset
                         _processLIN *
 ---------------------------------------------------------------------------------
 (2) _processLIN                                          10    10      0     752
                                              0 BANK0      9     9      0
                         _HIBEAM_OFF
                          _HIBEAM_ON
                      _LIN_getPacket
 ---------------------------------------------------------------------------------
 (3) _LIN_getPacket                                        2     1      1     449
                                              9 COMMON     2     1      1
                             _memcpy
                             _memset
 ---------------------------------------------------------------------------------
 (4) _memset                                               7     1      6     155
                                              0 COMMON     7     1      6
 ---------------------------------------------------------------------------------
 (3) _HIBEAM_ON                                            0     0      0       0
 ---------------------------------------------------------------------------------
 (3) _HIBEAM_OFF                                           0     0      0       0
 ---------------------------------------------------------------------------------
 (2) _LIN_startTimer                                       1     1      0      58
                                              1 COMMON     1     1      0
                    _TMR0_WriteTimer
 ---------------------------------------------------------------------------------
 (3) _TMR0_WriteTimer                                      1     1      0      29
                                              0 COMMON     1     1      0
 ---------------------------------------------------------------------------------
 (2) _LIN_queuePacket                                      7     7      0    1407
                                              2 BANK0      7     7      0
                    _LIN_getChecksum
                     _LIN_sendPacket
                             _memcpy
 ---------------------------------------------------------------------------------
 (4) _memcpy                                               9     3      6     226
                                              0 COMMON     9     3      6
 ---------------------------------------------------------------------------------
 (3) _LIN_sendPacket                                       5     2      3     658
                                             10 COMMON     3     0      3
                                              0 BANK0      2     2      0
                       _EUSART_Write
                    _LIN_getChecksum
 ---------------------------------------------------------------------------------
 (4) _LIN_getChecksum                                      9     6      3     303
                                              0 COMMON     9     6      3
 ---------------------------------------------------------------------------------
 (4) _EUSART_Write                                         1     1      0      94
                                              9 COMMON     1     1      0
                    _LIN_getChecksum (ARG)
 ---------------------------------------------------------------------------------
 (4) _LIN_enableRx                                         0     0      0       0
 ---------------------------------------------------------------------------------
 (2) _LIN_disableRx                                        0     0      0       0
 ---------------------------------------------------------------------------------
 (2) _LIN_checkPID                                         1     1      0     624
                                              7 COMMON     1     1      0
                     _LIN_calcParity
                   _LIN_getFromTable
 ---------------------------------------------------------------------------------
 (3) _LIN_getFromTable                                     7     6      1     192
                                              0 COMMON     7     6      1
 ---------------------------------------------------------------------------------
 (3) _LIN_calcParity                                       3     3      0     345
                                              0 COMMON     3     3      0
 ---------------------------------------------------------------------------------
 (2) _LIN_breakCheck                                       0     0      0      24
                        _EUSART_Read
             _EUSART_get_last_status
 ---------------------------------------------------------------------------------
 (3) _EUSART_Read                                          1     1      0      24
                                              0 COMMON     1     1      0
 ---------------------------------------------------------------------------------
 (2) _EUSART_is_rx_ready                                   0     0      0       0
 ---------------------------------------------------------------------------------
 (8) NULL(Fake)                                            0     0      0       0
 ---------------------------------------------------------------------------------
 (1) _Clear_No_Call_Warning                                1     1      0     116
             _EUSART_get_last_status
                  _EUSART_is_tx_done
                 _EUSART_is_tx_ready
                    _PIN_MANAGER_IOC
                     _TMR0_ReadTimer
                        _TMR0_Reload
 ---------------------------------------------------------------------------------
 (2) _TMR0_Reload                                          0     0      0       0
 ---------------------------------------------------------------------------------
 (2) _TMR0_ReadTimer                                       1     1      0       5
 ---------------------------------------------------------------------------------
 (2) _PIN_MANAGER_IOC                                      0     0      0       0
 ---------------------------------------------------------------------------------
 (2) _EUSART_is_tx_ready                                   0     0      0       0
 ---------------------------------------------------------------------------------
 (2) _EUSART_is_tx_done                                    0     0      0       0
 ---------------------------------------------------------------------------------
 (3) _EUSART_get_last_status                               0     0      0       0
 ---------------------------------------------------------------------------------
 Estimated maximum stack depth 8
 ---------------------------------------------------------------------------------
 (Depth) Function   	        Calls       Base Space   Used Autos Params    Refs
 ---------------------------------------------------------------------------------
 (6) _INTERRUPT_InterruptManager                           0     0      0       0
                                NULL *
                 _EUSART_Receive_ISR *
                _EUSART_Transmit_ISR *
                           _TMR0_ISR
 ---------------------------------------------------------------------------------
 (7) _TMR0_ISR                                             0     0      0       0
                                NULL *
                   _LIN_timerHandler *
       _TMR0_DefaultInterruptHandler *
 ---------------------------------------------------------------------------------
 (8) _TMR0_DefaultInterruptHandler                         0     0      0       0
 ---------------------------------------------------------------------------------
 (8) _LIN_timerHandler                                     0     0      0       0
 ---------------------------------------------------------------------------------
 (7) _EUSART_Transmit_ISR                                  0     0      0       0
 ---------------------------------------------------------------------------------
 (7) _EUSART_Receive_ISR                                   0     0      0       0
                                NULL *
         _EUSART_DefaultErrorHandler *
  _EUSART_DefaultFramingErrorHandler *
  _EUSART_DefaultOverrunErrorHandler *
               _EUSART_RxDataHandler
 ---------------------------------------------------------------------------------
 (8) _EUSART_DefaultOverrunErrorHandler                    0     0      0       0
 ---------------------------------------------------------------------------------
 (8) _EUSART_DefaultFramingErrorHandler                    0     0      0       0
 ---------------------------------------------------------------------------------
 (8) _EUSART_DefaultErrorHandler                           0     0      0       0
               _EUSART_RxDataHandler
 ---------------------------------------------------------------------------------
 (9) _EUSART_RxDataHandler                                 0     0      0       0
 ---------------------------------------------------------------------------------
 (8) NULL(Fake)                                            0     0      0       0
 ---------------------------------------------------------------------------------
 Estimated maximum stack depth 9
 ---------------------------------------------------------------------------------

 Call Graph Graphs:

 _main (ROOT)
   _Clear_No_Call_Warning
     _EUSART_get_last_status
     _EUSART_is_tx_done
     _EUSART_is_tx_ready
     _PIN_MANAGER_IOC
     _TMR0_ReadTimer
     _TMR0_Reload
   _LIN_handler
     NULL(Fake) *
     _EUSART_Read *
     _EUSART_is_rx_ready *
     _LIN_breakCheck *
       _EUSART_Read
       _EUSART_get_last_status
     _LIN_checkPID *
       _LIN_calcParity
       _LIN_getFromTable
     _LIN_disableRx *
     _LIN_enableRx *
     _LIN_getChecksum *
     _LIN_getFromTable *
     _LIN_queuePacket *
       _LIN_getChecksum
       _LIN_sendPacket
         _EUSART_Write
           _LIN_getChecksum (ARG)
         _LIN_getChecksum
       _memcpy
     _LIN_startTimer *
       _TMR0_WriteTimer
     _memset *
     _processLIN *
       _HIBEAM_OFF
       _HIBEAM_ON
       _LIN_getPacket
         _memcpy
         _memset
   _LIN_signalTimeoutOccurred
   _SYSTEM_Initialize
     _EUSART_Initialize
       _EUSART_SetErrorHandler
       _EUSART_SetFramingErrorHandler
       _EUSART_SetOverrunErrorHandler
       _EUSART_SetRxInterruptHandler
       _EUSART_SetTxInterruptHandler
     _LIN_Slave_Initialize
       _LIN_init
         _LIN_enableRx
         _LIN_setTimerHandler
           _TMR0_SetInterruptHandler
         _LIN_stopTimer
     _OSCILLATOR_Initialize
     _PIN_MANAGER_Initialize
     _TMR0_Initialize
       _TMR0_SetInterruptHandler
     _WDT_Initialize

 _INTERRUPT_InterruptManager (ROOT)
   NULL(Fake) *
   _EUSART_Receive_ISR *
     NULL(Fake) *
     _EUSART_DefaultErrorHandler *
       _EUSART_RxDataHandler
     _EUSART_DefaultFramingErrorHandler *
     _EUSART_DefaultOverrunErrorHandler *
     _EUSART_RxDataHandler *
   _EUSART_Transmit_ISR *
   _TMR0_ISR *
     NULL(Fake) *
     _LIN_timerHandler *
     _TMR0_DefaultInterruptHandler *

Address spaces:
Name               Size   Autos  Total    Usage
BITCOMMON           14      0       0      0.0%
BITBANK0            80      0       0      0.0%
BITBANK1            80      0       0      0.0%
BITBANK2            80      0       0      0.0%
BITBANK3            80      0       0      0.0%
BITBANK4            80      0       0      0.0%
BITBANK5            80      0       0      0.0%
BITBANK6            16      0       0      0.0%
BIGRAM             496      0       0      0.0%
COMMON              14     13      14    100.0%
BANK0               80     14      80    100.0%
BANK1               80      0      16     20.0%
BANK2               80      0       0      0.0%
BANK3               80      0       0      0.0%
BANK4               80      0       0      0.0%
BANK5               80      0       0      0.0%
BANK6               16      0       0      0.0%
STACK                0      0       0      0.0%
DATA                 0      0     107      0.0%


Microchip Technology PIC Macro Assembler V3.10 build 20250813170317 
Symbol Table                                                                                   Wed Sep 16 11:18:47 2026

                       __end_of_LIN_breakCheck 0589                  ?_EUSART_SetRxInterruptHandler 0070  
                        __end_of_LIN_getPacket 043B                          ??_LIN_setTimerHandler 0072  
                                            l5 0630                                              l8 0633  
                        __end_of_LIN_disableRx 061A                                             l55 063E  
                                           l83 05B3                                             l87 0319  
                              _timer0ReloadVal 0044                                ?_LIN_calcParity 0070  
                                          l210 008A                                            l240 045F  
                                          l232 014D                                            l402 0415  
                                          l226 0120                                            l234 0179  
                                          l251 02C1                                            l243 043A  
                                          l261 04F5                                            l229 012A  
                                          l501 0575                                            l510 061D  
                                          l271 03BF                                            l431 05FF  
                                          l272 03C2                                            l440 05ED  
                                          l504 05BA                                            l265 01FF  
                                          l185 05CA                                            l434 05F9  
                                          l195 0263                                            l275 05A6  
                                          l443 05F3                                            l507 05BF  
                                          l380 05D3                                            l292 0614  
                                          l188 053A                                            l437 0605  
                                          l541 04DB                                            l374 0357  
                                          l286 05DB                                            l383 0639  
                                          l295 0619                                            l544 063F  
                                          l377 0640                                            l393 0483  
                                          l289 0621                                            l561 054E  
                                          l386 063C                                            l570 0625  
                                          l299 0588                                            l564 0636  
                                          l398 03F7                                            l399 0400  
                                          l567 060F                                            l577 05E7  
                                          u580 05BF                                            u581 05BE  
                                          u970 0466                                            u971 0465  
                                          u980 047A                                            u981 0479  
                                          u990 0278                                            u991 0277  
                       ??_EUSART_RxDataHandler 0070                                            _cnt 0042  
               ?_EUSART_SetFramingErrorHandler 0070                       __end_of_LIN_getFromTable 02C2  
                                          wreg 0009                 __end_of_EUSART_get_last_status 063D  
                        __end_of_scheduleTable 060B                                   ?_EUSART_Read 0070  
                       ?_Clear_No_Call_Warning 0070                                           l1140 04A3  
                                         l2120 032F                                           l2112 031A  
                                         l1137 0497                                           l1146 0524  
                                         l2130 034E                                           l2122 0331  
                                         l2114 031C                                           l2060 059D  
                                         l2140 0354                                           l2132 034F  
                                         l2124 0333                                           l2116 0323  
                                         l2054 05CB                                           l2070 057E  
                                         l2062 05A1                                           l2142 0355  
                                         l2134 0350                                           l2126 0335  
                                         l2118 032C                                           l1510 04C2  
                                         l2150 0540                                           l1352 0637  
                                         l2160 063E                                           l2072 0585  
                                         l2080 04DD                                           l2064 05A2  
                                         l2136 0352                                           l2128 034C  
                                         l1520 04D2                                           l1512 04C7  
                                         l2152 0543                                           l2082 04E8  
                                         l2066 05A5                                           l2058 059A  
                                         l2138 0353                                           l1522 04D7  
                                         l1514 04CA                                           l2154 0545  
                                         l1348 0634                                           l2076 0587  
                                         l2068 0576                                           l2500 05A7  
                                         l1524 05B4                                           l1516 04CC  
                                         l2156 0546                                           l2148 053B  
                                         l2086 04EA                                           l2430 0490  
                                         l2502 02C2                                           l1526 05B7  
                                         l1518 04CE                                           l2158 0547  
                                         l2088 04F4                                           l2096 0615  
                                         l2440 03AA                                           l2432 0392  
                                         l2424 0484                                           l2520 0308  
                                         l2504 02C9                                           l2600 00B9  
                                         l1528 061A                                           l2442 03B3  
                                         l2434 0399                                           l2426 0489  
                                         l2514 02D5                                           l2522 030C  
                                         l2610 00D5                                           l2602 00C2  
                                         l2290 05C9                                           l2282 05C0  
                                         l1900 0474                                           l2460 03F1  
                                         l2444 03B7                                           l2436 039B  
                                         l2428 048E                                           l2540 020A  
                                         l2452 050E                                           l2524 0312  
                                         l2516 02FE                                           l2508 02CF  
                                         l2620 00FF                                           l2612 00D9  
                                         l2604 00C7                                           l2284 05C6  
                                         l1910 0482                                           l1902 047A  
                                         l2470 040A                                           l2462 03F1  
                                         l2438 03A6                                           l2446 03B9  
                                         l2550 0221                                           l2534 0202  
                                         l2454 0511                                           l2518 0304  
                                         l2630 0127                                           l2622 0102  
                                         l2614 00E1                                           l2606 00CF  
                                         l2286 05C7                                           l1904 047B  
                                         l1920 026E                                           l2472 0410  
                                         l2464 03FC                                           l2448 03C1  
                                         l2552 0233                                           l2544 0215  
                                         l2536 0206                                           l2456 0516  
                                         l2480 041A                                           l2640 0134  
                                         l2632 012F                                           l2624 010A  
                                         l2616 00F6                                           l2608 00D2  
                                         l2560 056C                                           l1906 047D  
                                         l1930 028D                                           l1914 0265  
                                         l2474 0411                                           l2466 0401  
                                         l2490 043D                                           l2554 024C  
                                         l2546 0219                                           l2538 0208  
                                         l2458 0518                                           l2482 0428  
                                         l2730 0159                                           l2642 0142  
                                         l2634 0131                                           l2618 00FE  
                                         l2570 0061                                           l2650 0151  
                                         l2562 056F                                           l1908 0480  
                                         l2732 02B6                                           l1924 0279  
                                         l1932 028F                                           l1916 026A  
                                         l2468 0408                                           l2476 0413  
                                         l2492 043F                                           l2556 0259  
                                         l2548 021B                                           l2484 0436  
                                         l2644 0147                                           l2636 0132  
                                         l2628 0123                                           l2580 0076  
                                         l2572 0064                                           l2564 0572  
                                         l2660 04FA                                           l1942 02A5  
                                         l1934 0296                                           l1926 028B  
                                         l1918 026C                                           l2494 0449  
                                         l1854 062E                                           l2486 0439  
                                         l2478 0416                                           l2646 014A  
                                         l2638 0133                                           l2590 009E  
                                         l2582 007E                                           l2574 006C  
                                         l2566 0056                                           l1862 0526  
                                         l2558 0563                                           l2662 04FB  
                                         l2496 044C                                           l1856 0631  
                                         l2592 00A2                                           l2584 0086  
                                         l2576 0070                                           l2568 005C  
                                         l1792 05E2                                           l1864 0531  
                                         l2664 04FE                                           l2656 04F6  
                                         l1858 063A                                           l1962 017B  
                                         l1938 029C                                           l2498 0452  
                                         l1970 060C                                           l2594 00AA  
                                         l2586 008E                                           l2578 0073  
                                         l1794 061E                                           l1866 0534  
                                         l2666 0501                                           l2658 04F9  
                                         l1892 0460                                           l1964 01F5  
                                         l1948 02AE                                           l1796 0610  
                                         l2596 00AF                                           l2588 0096  
                                         l1980 0600                                           l1972 05EE  
                                         l1868 0537                                           l2668 0509  
                                         l1894 0460                                           l1966 01FE  
                                         l1974 05E8                                           l1798 05D4  
                                         l1992 0622                                           l1896 0466  
                                         l1976 05FA                                           l1994 0640  
                                         l1898 0472                                           l1978 05F4  
                                         u1000 028B                                           u1001 028A  
                                         u1010 0295                                           u1011 0294  
                                         u1100 01AA                                           u1020 0182  
                                         u1101 01A8                                           u1021 0180  
                                         u1110 01B1                                           u1102 01AB  
                                         u1030 0189                                           u1022 0183  
                                         u1111 01AF                                           u1031 0187  
                                         u1200 01E0                                           u1120 01B8  
                                         u1112 01B2                                           u1040 0190  
                                         u1032 018A                                           u2000 00C7  
                                         u1201 01DE                                           u1121 01B6  
                                         u1041 018E                                           u2001 00C6  
                                         u2010 00E1                                           u2011 00E0  
                                         u1220 01E6                                           u1140 01BE  
                                         u1060 0196                                           u2020 00FE  
                                         u1221 01E4                                           u1141 01BC  
                                         u1061 0194                                           u2021 00FD  
                                         u1230 01ED                                           u1222 01E7  
                                         u1214 01E1                                           u1150 01C5  
                                         u1142 01BF                                           u1134 01B9  
                                         u1070 019D                                           u1062 0197  
                                         u1054 0191                                           u2030 010A  
                                         u1231 01EB                                           u1151 01C3  
                                         u1071 019B                                           u2031 0109  
                                         u1240 01F4                                           u1232 01EE  
                                         u1160 01CC                                           u1152 01C6  
                                         u1080 01A4                                           u1072 019E  
                                         u1400 04E8                                           u2040 011F  
                                         u1241 01F2                                           u1161 01CA  
                                         u1081 01A2                                           u1401 04E7  
                                         u2041 011E                                           u1410 04F4  
                                         u2050 0147                                           u1411 04F3  
                                         u2051 0146                                           u1260 01FD  
                                         u1180 01D2                                           u2060 0509  
                                         u1261 01FB                                           u1181 01D0  
                                         u2061 0508                                           _LATA 010C  
                                         u1254 01F5                                           u1190 01D9  
                                         u1182 01D3                                           u1174 01CD  
                                         u1094 01A5                                           _LATB 010D  
                                         u1191 01D7                                           _LATC 010E  
                                         u1360 05D2                                           u1192 01DA  
                                         u1361 05D0                                           _LATE 0110  
                                         u1370 05D3                                           u1274 01FE  
                                         u1610 05C6                                           u1611 05C5  
                                         u1380 057E                                           u1381 057D  
                                         u1390 0585                                           u1391 0584  
                                         u1800 03F7                                           u1801 03F6  
                                         u1810 03FC                                           u1811 03FB  
                                         u1820 0410                                           u1900 0221  
                                         u1821 040F                                           u1901 0220  
                                         u1830 0452                                           u1910 005C  
                                         u1831 0451                                           u1911 005B  
                                         u1760 04A3                                           u1840 02CE  
                                         u1920 0061                                           u1761 04A2  
                                         u1841 02CD                                           u1921 0060  
                                         u1770 03B3                                           u1850 02D5  
                                         u1930 006C                                           u1771 03B2  
                                         u1851 02D4                                           u1931 006B  
                                         u1780 03BF                                           u1860 0304  
                                         u1940 007E                                           u1781 03BE  
                                         u1861 0303                                           u1941 007D  
                                         u1790 0524                                           u1870 0312  
                                         u1950 0086                                           u1791 0523  
                                         u1871 0311                                           u1951 0085  
                                         u1880 0318                                           u1960 0096  
                                         u1881 0317                                           u1961 0095  
                                         u1890 0214                                           u1970 009E  
                                         u1891 0213                                           u1971 009D  
                                         u1980 00AA                                           u1981 00A9  
                                         u1990 00B8                                           u1991 00B7  
                                         _PLLR 04D6                                           _TMR0 0015  
                                         _WPUB 020D                                           _WPUE 0210  
                               _LIN_sendPacket 043B                                           _main 04F6  
                                         fsr0h 0005                                           fsr1h 0007  
                                         indf0 0000                                           fsr0l 0004  
                                         indf1 0001                                           fsr1l 0006  
                                         btemp 007E                                           start 003B  
                                processLIN@cmd 0069                                ?_LIN_breakCheck 0070  
                  ??_LIN_signalTimeoutOccurred 0070                        __end_of_TMR0_Initialize 054F  
               ??_TMR0_DefaultInterruptHandler 0070                                  ?_EUSART_Write 0070  
                __end_of_OSCILLATOR_Initialize 05C0                              LIN_sendPacket@pid 007A  
                                        ?_main 0070                                LIN_init@command 0072  
                                        i1l405 04BF                                          i1l422 0642  
                                        i1l415 0390                                          i1l408 04C1  
                                        i1l425 0629                                          i1l419 0562  
                                        i1l283 03EF                                          i1l428 062D  
                                        i1l472 0039                                          i1l464 0016  
                                        i1l467 002A                                          i1l580 0641  
                              _TMR0_WriteTimer 060B                                          i1l574 0598  
                                        _RCREG 0199                                          _RCSTA 019D  
                                        _TRISA 008C                                          _TRISB 008D  
                                        _TRISC 008E                                          _TRISE 0090  
                                        _TXREG 019A                               __end_of_LIN_init 053B  
                        __end_of_LIN_stopTimer 0622                                          _TXSTA 019E  
                    ?_TMR0_SetInterruptHandler 0070                               __end_of_TMR0_ISR 0599  
                      __end_of_PIN_MANAGER_IOC 0640                                 _WDT_Initialize 061A  
                       __end_of_LIN_sendPacket 0460                                          btemp0 007E  
                                        btemp1 007F                                          pclath 000A  
                               _LIN_startTimer 0599                                          status 0003  
                                        wtemp0 007E                             _LIN_signalTimedOut 004E  
                             ?_LIN_getChecksum 0070                              __end_of_HIBEAM_ON 0631  
                  LIN_queuePacket@tempSchedule 0068                                __initialization 003D  
                                 ?_LIN_handler 0070                                   __end_of_main 050E  
                               ??_EUSART_Write 0079                    ?_INTERRUPT_InterruptManager 0070  
               ??_EUSART_SetRxInterruptHandler 0072                                         ??_main 007D  
                       __end_of_WDT_Initialize 061E                             LIN_sendPacket@data 007B  
    __end_of_EUSART_DefaultFramingErrorHandler 0643            ??_EUSART_DefaultFramingErrorHandler 0070  
           ?_EUSART_DefaultFramingErrorHandler 0070              _EUSART_DefaultFramingErrorHandler 0642  
                    _LIN_signalTimeoutOccurred 05C0                     _EUSART_OverrunErrorHandler 0034  
                       __end_of_LIN_startTimer 05A7                                ?_LIN_sendPacket 007A  
                                       _APFCON 011D                                         _ANSELA 018C  
                                       _ANSELB 018D                     __end_of_EUSART_is_rx_ready 05D4  
                                       _BORCON 0116                                         i1l2100 03C9  
                                       i1l2110 03ED                                         i1l2102 03CF  
                                       i1l2104 03D4                                         i1l2106 03E1  
                                       i1l2300 04B5                                         i1l2108 03E5  
                                       i1l2310 0362                                         i1l2302 04BB  
                                       i1l2144 0626                                         i1l2320 037D  
                                       i1l2312 0367                                         i1l2304 04BC  
                                       i1l2146 062A                                         i1l2322 0386  
                                       i1l2314 036D                                         i1l2306 0358  
                                       i1l2330 058D                                         i1l2324 038D  
                                       i1l2316 0372                                         i1l2308 035D  
                                       i1l2332 0593                                         i1l2318 0377  
                                       i1l2326 0589                                         i1l2350 000E  
                                       i1l2328 058A                                         i1l2360 002F  
                                       i1l2352 0012                                         i1l2098 03C3  
                                       i1l2362 0034                                         i1l2354 001A  
                                       i1l2356 001F                                         i1l2348 000A  
                                       i1l2294 04A4                                         i1l2358 0024  
                                       i1l2296 04AB                                         i1l2298 04B2  
                                       i1l1990 055F                                         i1l1982 054F  
                                       i1l1984 0556                                         i1l1986 0558  
                                       i1l1988 055E                                         u142_20 03C9  
                                       u142_21 03C8                                         u143_20 03D4  
                                       u143_21 03D3                                         u128_20 055E  
                                       u144_20 03E1                                         u128_21 055D  
                                       u144_21 03E0                                         u145_20 03ED  
                                       u145_21 03EC                                         u162_20 04AB  
                                       u170_20 0012                                         u162_21 04AA  
                                       u170_21 0011                                         u163_20 04BB  
                                       u171_20 001A                                         u163_21 04BA  
                                       u171_21 0019                                         u164_20 0362  
                                       u172_20 001F                                         u164_21 0361  
                                       u172_21 001E                     __end_of_EUSART_is_tx_ready 0641  
                                       u165_20 0372                                         u173_20 0024  
                                       u165_21 0371                                         u173_21 0023  
                                       u166_20 0386                                         u174_20 002F  
                                       u166_21 0385                                         u174_21 002E  
                                       u167_20 0593                                         u175_20 0034  
                                       u167_21 0592                                         u175_21 0033  
                                       u169_20 000E                                         u169_21 000D  
                                       _OSCCON 0099                                         _SPBRGH 019C  
                                       _SPBRGL 019B                                         _WDTCON 0097  
                              _LIN_processData 0040                            _LIN_signalElapsedMs 003C  
                      _LIN_validSignalReceived 004F                                   ?_TMR0_Reload 0070  
                              _LIN_queuePacket 0200                        __end_of_TMR0_WriteTimer 0610  
                          _EUSART_Transmit_ISR 04A4                                         _memcpy 0484  
                             ?_TMR0_Initialize 0070                                         _memset 050E  
                                 ??_HIBEAM_OFF 0070                                         ltemp0a 0080  
                              ?_WDT_Initialize 0070                               _LIN_rxInProgress 0053  
                                       ttemp0a 007F       TMR0_SetInterruptHandler@InterruptHandler 0070  
                             ?_PIN_MANAGER_IOC 0070                                         wtemp0a 007F  
                              ?_LIN_startTimer 0070                           ?_EUSART_Transmit_ISR 0070  
                            _SYSTEM_Initialize 0563                        __end_of__initialization 0052  
                           ?_SYSTEM_Initialize 0070                             __end_of_HIBEAM_OFF 0634  
                                ?_LIN_checkPID 0070           __end_of_EUSART_SetTxInterruptHandler 05EE  
                 _EUSART_SetTxInterruptHandler 05E8                                      ?_LIN_init 0072  
                               __pcstackCOMMON 0070                                  ?_LIN_enableRx 0070  
                             ??_LIN_calcParity 0070                                LIN_sendPacket@i 0062  
                                 __pidataBANK0 063D                            ??_SYSTEM_Initialize 0077  
                                    ?_TMR0_ISR 0070                         LIN_handler@rxDataIndex 004B  
                     _LIN_signalTimeoutPending 004D                                 _OPTION_REGbits 0095  
                         _eusartRxStatusBuffer 0020                        ??_Clear_No_Call_Warning 0070  
                            ?_LIN_getFromTable 0070                         LIN_handler@LIN_rxState 004C  
              ??_EUSART_SetOverrunErrorHandler 0072                             ??_LIN_getFromTable 0071  
                    __end_of_SYSTEM_Initialize 0576                          ??_EUSART_Transmit_ISR 0070  
                                   __pbssBANK0 0020                                     __pbssBANK1 00A0  
                         __end_of_EUSART_Write 0416                               ??_LIN_breakCheck 0071  
                               ??_LIN_checkPID 0077                    __end_of_LIN_setTimerHandler 05DC  
                      __end_of_LIN_queuePacket 0264                                 ??_LIN_enableRx 0070  
                                   __pmaintext 04F6                               _LIN_timerHandler 03C3  
                                   ??_LIN_init 0076                            LIN_getChecksum@data 0071  
                ?_EUSART_SetTxInterruptHandler 0070               _EUSART_TxDefaultInterruptHandler 003A  
             __end_of_TMR0_SetInterruptHandler 05E8                                     ??_TMR0_ISR 0070  
                                   __pintentry 0004                               ?_TMR0_WriteTimer 0070  
                                      ?_memcpy 0070                                        _BAUDCON 019F  
                                      ?_memset 0070                   ??_EUSART_DefaultErrorHandler 0070  
                        LIN_getChecksum@length 0075                               _LIN_timerRunning 0051  
                                _eusartRxCount 0046                                        _OSCTUNE 0098  
                     ??_EUSART_SetErrorHandler 0072                        LIN_getChecksum@checksum 0077  
                 __end_of_LIN_Slave_Initialize 05B4                                      _HIBEAM_ON 062E  
                                      __ptext1 0563                                        __ptext2 061A  
                                      __ptext3 053B                                        __ptext4 04C2  
                                      __ptext5 05B4                                        __ptext6 05A7  
                                      __ptext7 0525                                        __ptext8 061E  
                                      __ptext9 05D4                          _OSCILLATOR_Initialize 05B4  
                             ??_LIN_sendPacket 007D                       ??_PIN_MANAGER_Initialize 0070  
                                      clrloop0 05DD                      LIN_getFromTable@rxCommand 0075  
                         end_of_initialization 0052          __end_of_EUSART_SetOverrunErrorHandler 05FA  
                _EUSART_SetOverrunErrorHandler 05F4                                        memcpy@d 0077  
                                      memcpy@n 0074                                        memcpy@s 0078  
                                      memset@c 0072                                        memset@n 0074  
                                      memset@p 0076                              _EUSART_Initialize 031A  
                             ?_LIN_queuePacket 0070                             ?_EUSART_Initialize 0070  
                                    _RCSTAbits 019D                             _EUSART_is_rx_ready 05CB  
                           _EUSART_is_tx_ready 0640                                  _LIN_getPacket 0416  
                                   ?_HIBEAM_ON 0070                                 _TMR0_ReadTimer 0634  
                                _LIN_disableRx 0615                       ??_EUSART_get_last_status 0070  
                          ??_EUSART_Initialize 0072                               ??_WDT_Initialize 0070  
               ??_EUSART_SetTxInterruptHandler 0072                              LIN_getPacket@data 0079  
                     _TMR0_SetInterruptHandler 05E2                            ?_EUSART_is_rx_ready 0070  
                                   _processLIN 02C2                            ?_EUSART_is_tx_ready 0070  
                         __end_of_LIN_checkPID 04F6                            LIN_init@tableLength 0076  
                             ??_LIN_startTimer 0071                           __end_of_LIN_enableRx 0615  
                                _scheduleTable 0606                      __end_of_EUSART_Initialize 0358  
                         ??_EUSART_is_rx_ready 0070                           ??_EUSART_is_tx_ready 0070  
                                    _TXSTAbits 019E                                  _LIN_rxCommand 003E  
                       __end_of_TMR0_ReadTimer 0637                                 ?_LIN_getPacket 0079  
                               ?_LIN_disableRx 0070             __end_of_EUSART_DefaultErrorHandler 062E  
                   _EUSART_DefaultErrorHandler 062A                                   _EUSART_Write 03F0  
                               __end_of_memcpy 04A4                         ?_OSCILLATOR_Initialize 0070  
                               __end_of_memset 0525                            start_initialization 003D  
                                _LIN_stopTimer 061E                       __end_of_LIN_timerHandler 03F0  
                         _LIN_Slave_Initialize 05A7                                  ??_EUSART_Read 0070  
                __end_of_Clear_No_Call_Warning 063F   EUSART_SetRxInterruptHandler@interruptHandler 0070  
 EUSART_SetTxInterruptHandler@interruptHandler 0070                          LIN_startTimer@timeout 0071  
                            LIN_calcParity@CMD 0071                 ?_EUSART_SetOverrunErrorHandler 0070  
                            LIN_calcParity@PID 0072                     _EUSART_FramingErrorHandler 0036  
                              ?_TMR0_ReadTimer 0070                         _EUSART_SetErrorHandler 0600  
                                  ??_HIBEAM_ON 0070                                    __pdataBANK0 006F  
                                     ??_memcpy 0076                                       ??_memset 0076  
                         processLIN@tempRxData 0061                                     memset@dest 0070  
                                  ?_processLIN 0070                            LIN_init@processData 0074  
                  __end_of_EUSART_Transmit_ISR 04C2                                 ?_LIN_stopTimer 0070  
                                  __pbssCOMMON 007D                                      ___latbits 0002  
                                __pcstackBANK0 0061                              ??_LIN_getChecksum 0073  
                        ?_LIN_Slave_Initialize 0070                     __end_of_EUSART_Receive_ISR 0391  
             _EUSART_RxDefaultInterruptHandler 0038                            __end_of_EUSART_Read 0484  
                        _TMR0_InterruptHandler 0030                   __end_of_EUSART_RxDataHandler 0563  
                              ??_LIN_getPacket 007A                         _PIN_MANAGER_Initialize 04C2  
                                ??_LIN_handler 006A                               LIN_getChecksum@i 0076  
                              ??_LIN_disableRx 0070                           EUSART_Read@readValue 0070  
                           LIN_getChecksum@pid 0070                           LIN_sendPacket@length 0061  
                                 _eusartRxHead 007D                                   _eusartTxHead 004A  
                                 _eusartRxTail 0047                                   _eusartTxTail 0049  
                 ??_INTERRUPT_InterruptManager 0070                        _eusartTxBufferRemaining 0048  
                              LIN_checkPID@pid 0077                                 _eusartRxBuffer 00A0  
                       _EUSART_get_last_status 063A                              ??_TMR0_Initialize 0072  
                               _eusartTxBuffer 0028         EUSART_SetErrorHandler@interruptHandler 0070  
                                     _LATBbits 010D                                      clear_ram0 05DC  
                                     _PIE1bits 0091                              _eusartRxLastError 0045  
                                 _LIN_checkPID 04DC                     ??_TMR0_SetInterruptHandler 0072  
                                     _PIR1bits 0011                ??_EUSART_SetFramingErrorHandler 0072  
                                ??_TMR0_Reload 0070                                       _LIN_init 0525  
                            _EUSART_is_tx_done 0637                                   _LIN_enableRx 0610  
                                     _TMR0_ISR 0589      __end_of_EUSART_DefaultOverrunErrorHandler 062A  
          ??_EUSART_DefaultOverrunErrorHandler 0070             ?_EUSART_DefaultOverrunErrorHandler 0070  
            _EUSART_DefaultOverrunErrorHandler 0626                               LIN_getPacket@cmd 007A  
                            ??_PIN_MANAGER_IOC 0070                             ?_EUSART_is_tx_done 0070  
                          __end_of_LIN_handler 017A                                ??_LIN_stopTimer 0070  
                          ??_EUSART_is_tx_done 0070                         ??_LIN_Slave_Initialize 0077  
                                  _EUSART_Read 0460                               _LIN_getFromTable 0264  
                    __end_of_EUSART_is_tx_done 063A                                      memcpy@tmp 0076  
                   ?_LIN_signalTimeoutOccurred 0070                        ??_OSCILLATOR_Initialize 0070  
                          _EUSART_ErrorHandler 0032                    ?_EUSART_DefaultErrorHandler 0070  
                                   _HIBEAM_OFF 0631                                       ___int_sp 0000  
                          __end_of_TMR0_Reload 0626                           _EUSART_RxDataHandler 054F  
                                     __ptext10 05E2                                       __ptext11 031A  
                                     __ptext20 0416                                       __ptext12 05E8  
                                     __ptext21 050E                                       __ptext13 05EE  
                                     __ptext30 03F0                                       __ptext22 062E  
                                     __ptext14 05F4                                       __ptext31 0610  
                                     __ptext23 0631                                       __ptext15 05FA  
                                     __ptext40 0622                                       __ptext32 0615  
                                     __ptext24 0599                                       __ptext16 0600  
                                     __ptext41 0634                                       __ptext33 04DC  
                                     __ptext25 060B                                       __ptext17 05C0  
                                     __ptext50 04A4                                       __ptext42 063F  
                                     __ptext34 0264                                       __ptext26 0200  
                                     __ptext18 0056                                       __ptext51 0358  
                                     __ptext43 0640                                       __ptext35 017A  
                                     __ptext27 0484                                       __ptext19 02C2  
                                     __ptext52 0626                                       __ptext44 0637  
                                     __ptext36 0576                                       __ptext28 043B  
                                     __ptext53 0642                                       __ptext45 063A  
                                     __ptext37 0460                                       __ptext29 0391  
                                     __ptext54 062A                                       __ptext38 05CB  
                                     __ptext55 054F                                       __ptext47 0589  
                                     __ptext39 063E                                       __ptext48 03C3  
                                     __ptext49 0641                              ?_LIN_timerHandler 0070  
                      TMR0_WriteTimer@timerVal 0070                             ??_LIN_timerHandler 0070  
                            ??_TMR0_WriteTimer 0070                         LIN_getFromTable@length 0074  
                             ??_TMR0_ReadTimer 0070           __end_of_TMR0_DefaultInterruptHandler 0642  
                 _TMR0_DefaultInterruptHandler 0641                                    _SIGNAL_Data 00A8  
                      ?_EUSART_SetErrorHandler 0070                            _LIN_rxCommandLength 0052  
EUSART_SetOverrunErrorHandler@interruptHandler 0070                                    _LIN_handler 0056  
                                     int$flags 007E                                _LIN_getChecksum 0391  
            __end_of_LIN_signalTimeoutOccurred 05CB             __end_of_INTERRUPT_InterruptManager 003B  
                   _INTERRUPT_InterruptManager 0004          __end_of_EUSART_SetFramingErrorHandler 0600  
                _EUSART_SetFramingErrorHandler 05FA                                   ??_processLIN 007B  
                                  _LIN_timeout 006F                                 _LIN_calcParity 017A  
                                   _INTCONbits 000B                          ?_EUSART_RxDataHandler 0070  
                                     memcpy@d1 0070                                       memcpy@s1 0072  
                          _LIN_setTimerHandler 05D4                                       intlevel1 0000  
                                _CountCallBack 0050                          _Clear_No_Call_Warning 063E  
                      ?_PIN_MANAGER_Initialize 0070                 __end_of_EUSART_SetErrorHandler 0606  
                        LIN_getFromTable@param 0070                             __end_of_processLIN 031A  
         __end_of_EUSART_SetRxInterruptHandler 05F4                   _EUSART_SetRxInterruptHandler 05EE  
                ?_TMR0_DefaultInterruptHandler 0070                                    _TMR0_Reload 0622  
                                   _LIN_packet 0054                             _EUSART_Receive_ISR 0358  
                         ?_LIN_setTimerHandler 0070  EUSART_SetFramingErrorHandler@interruptHandler 0070  
                               _LIN_breakCheck 0576                                    ?_HIBEAM_OFF 0070  
                       __end_of_LIN_calcParity 0200                                  __pstringtext1 0606  
                           LIN_queuePacket@cmd 0066                                     _OPTION_REG 0095  
                          ?_EUSART_Receive_ISR 0070                                _TMR0_Initialize 053B  
                            ??_LIN_queuePacket 0063                        ?_EUSART_get_last_status 0070  
                           EUSART_Write@txData 0079                 __end_of_PIN_MANAGER_Initialize 04DC  
                          LIN_getFromTable@cmd 0073                                _PIN_MANAGER_IOC 063F  
                             LIN_queuePacket@i 0067                           ??_EUSART_Receive_ISR 0070  
                      __end_of_LIN_getChecksum 03C3  
