

Microchip MPLAB XC8 Assembler V3.10 build 20250813170317 
                                                                                               Wed Sep 16 16:07:50 2026

Microchip MPLAB XC8 C Compiler v3.10 (Free license) build 20250813170317 Og1 
     1                           	processor	16F1936
     2                           	pagewidth 120
     3                           	opt	flic
     4                           	psect	idataBANK0,global,class=CODE,space=0,delta=2,noexec
     5                           	psect	stringtext1,global,class=STRCODE,space=0,delta=2,noexec
     6                           	psect	cinit,global,class=CODE,space=0,merge=1,delta=2
     7                           	psect	bssCOMMON,global,class=COMMON,space=1,delta=1,noexec
     8                           	psect	bssBANK0,global,class=BANK0,space=1,delta=1,noexec
     9                           	psect	dataBANK0,global,class=BANK0,space=1,delta=1,noexec
    10                           	psect	bssBANK1,global,class=BANK1,space=1,delta=1,noexec
    11                           	psect	clrtext,global,class=CODE,space=0,delta=2
    12                           	psect	cstackCOMMON,global,class=COMMON,space=1,delta=1,noexec
    13                           	psect	cstackBANK0,global,class=BANK0,space=1,delta=1,noexec
    14                           	psect	maintext,global,class=CODE,space=0,merge=1,split=1,delta=2
    15                           	psect	text1,local,class=CODE,space=0,merge=1,delta=2
    16                           	psect	text2,local,class=CODE,space=0,merge=1,delta=2
    17                           	psect	text3,local,class=CODE,space=0,merge=1,delta=2
    18                           	psect	text4,local,class=CODE,space=0,merge=1,delta=2
    19                           	psect	text5,local,class=CODE,space=0,merge=1,delta=2
    20                           	psect	text6,local,class=CODE,space=0,merge=1,delta=2
    21                           	psect	text7,local,class=CODE,space=0,merge=1,delta=2
    22                           	psect	text8,local,class=CODE,space=0,merge=1,delta=2
    23                           	psect	text9,local,class=CODE,space=0,merge=1,delta=2
    24                           	psect	text10,local,class=CODE,space=0,merge=1,delta=2
    25                           	psect	text11,local,class=CODE,space=0,merge=1,delta=2
    26                           	psect	text12,local,class=CODE,space=0,merge=1,delta=2
    27                           	psect	text13,local,class=CODE,space=0,merge=1,delta=2
    28                           	psect	text14,local,class=CODE,space=0,merge=1,delta=2
    29                           	psect	text15,local,class=CODE,space=0,merge=1,delta=2
    30                           	psect	text16,local,class=CODE,space=0,merge=1,delta=2
    31                           	psect	text17,local,class=CODE,space=0,merge=1,delta=2
    32                           	psect	text18,local,class=CODE,space=0,merge=1,delta=2
    33                           	psect	text19,local,class=CODE,space=0,merge=1,delta=2
    34                           	psect	text20,local,class=CODE,space=0,merge=1,delta=2
    35                           	psect	text21,local,class=CODE,space=0,merge=1,delta=2
    36                           	psect	text22,local,class=CODE,space=0,merge=1,delta=2
    37                           	psect	text23,local,class=CODE,space=0,merge=1,delta=2
    38                           	psect	text24,local,class=CODE,space=0,merge=1,delta=2,group=2
    39                           	psect	text25,local,class=CODE,space=0,merge=1,delta=2
    40                           	psect	text26,local,class=CODE,space=0,merge=1,delta=2
    41                           	psect	text27,local,class=CODE,space=0,merge=1,delta=2
    42                           	psect	text28,local,class=CODE,space=0,merge=1,delta=2
    43                           	psect	text29,local,class=CODE,space=0,merge=1,delta=2
    44                           	psect	text30,local,class=CODE,space=0,merge=1,delta=2
    45                           	psect	text31,local,class=CODE,space=0,merge=1,delta=2
    46                           	psect	text32,local,class=CODE,space=0,merge=1,delta=2,group=2
    47                           	psect	text33,local,class=CODE,space=0,merge=1,delta=2
    48                           	psect	text34,local,class=CODE,space=0,merge=1,delta=2
    49                           	psect	text35,local,class=CODE,space=0,merge=1,delta=2
    50                           	psect	text36,local,class=CODE,space=0,merge=1,delta=2
    51                           	psect	text37,local,class=CODE,space=0,merge=1,delta=2
    52                           	psect	text38,local,class=CODE,space=0,merge=1,delta=2
    53                           	psect	text39,local,class=CODE,space=0,merge=1,delta=2
    54                           	psect	text40,local,class=CODE,space=0,merge=1,delta=2
    55                           	psect	text41,local,class=CODE,space=0,merge=1,delta=2
    56                           	psect	text42,local,class=CODE,space=0,merge=1,delta=2
    57                           	psect	text43,local,class=CODE,space=0,merge=1,delta=2
    58                           	psect	text44,local,class=CODE,space=0,merge=1,delta=2
    59                           	psect	text45,local,class=CODE,space=0,merge=1,delta=2
    60                           	psect	text46,local,class=CODE,space=0,merge=1,delta=2
    61                           	psect	text47,local,class=CODE,space=0,merge=1,delta=2
    62                           	psect	text48,local,class=CODE,space=0,merge=1,delta=2
    63                           	psect	text49,local,class=CODE,space=0,merge=1,delta=2
    64                           	psect	text50,local,class=CODE,space=0,merge=1,delta=2
    65                           	psect	intentry,global,class=CODE,space=0,delta=2
    66                           	psect	text52,local,class=CODE,space=0,merge=1,delta=2
    67                           	psect	text53,local,class=CODE,space=0,merge=1,delta=2
    68                           	psect	text54,local,class=CODE,space=0,merge=1,delta=2
    69                           	psect	text55,local,class=CODE,space=0,merge=1,delta=2
    70                           	psect	text56,local,class=CODE,space=0,merge=1,delta=2
    71                           	psect	text57,local,class=CODE,space=0,merge=1,delta=2
    72                           	psect	text58,local,class=CODE,space=0,merge=1,delta=2
    73                           	psect	text59,local,class=CODE,space=0,merge=1,delta=2
    74                           	psect	text60,local,class=CODE,space=0,merge=1,delta=2
    75                           	psect	config,global,abs,ovrld,class=CONFIG,space=4,delta=2,noexec
    76                           	dabs	1,0x7E,2
    77     0000                     
    78                           ; Generated 22/04/2026 GMT
    79                           ; 
    80                           ; Copyright (c) 2026 Microchip Technology Inc. and its subsidiaries.
    81                           ; 
    82                           ; Licensed under the Apache License, Version 2.0 (the "License");
    83                           ; you may not use this file except in compliance with the License.
    84                           ; You may obtain a copy of the License at
    85                           ; 
    86                           ;   http://www.apache.org/licenses/LICENSE-2.0
    87                           ; 
    88                           ; Unless required by applicable law or agreed to in writing, software
    89                           ; distributed under the License is distributed on an "AS IS" BASIS,
    90                           ; WITHOUT WARRANTIES OR CONDITIONS OF ANY KIND, either express or implied.
    91                           ; See the License for the specific language governing permissions and
    92                           ; limitations under the License.
    93                           ; 
    94                           ; 
    95                           ; Code-generator required, PIC16F1936 Definitions
    96                           ; 
    97                           ; SFR Addresses
    98     0008                     bsr             equ	8
    99     0005                     fsr0h           equ	5
   100     0004                     fsr0l           equ	4
   101     0007                     fsr1h           equ	7
   102     0006                     fsr1l           equ	6
   103     0000                     indf            equ	0
   104     0000                     indf0           equ	0
   105     0001                     indf1           equ	1
   106     000B                     intcon          equ	11
   107     0002                     pc              equ	2
   108     0002                     pcl             equ	2
   109     000A                     pclath          equ	10
   110     0003                     status          equ	3
   111     0009                     wreg            equ	9
   112     0000                     INDF0           equ	0	;# 
   113     0001                     INDF1           equ	1	;# 
   114     0002                     PCL             equ	2	;# 
   115     0003                     STATUS          equ	3	;# 
   116     0004                     FSR0L           equ	4	;# 
   117     0005                     FSR0H           equ	5	;# 
   118     0006                     FSR1L           equ	6	;# 
   119     0007                     FSR1H           equ	7	;# 
   120     0008                     BSR             equ	8	;# 
   121     0009                     WREG            equ	9	;# 
   122     000A                     PCLATH          equ	10	;# 
   123     000B                     INTCON          equ	11	;# 
   124     000C                     PORTA           equ	12	;# 
   125     000D                     PORTB           equ	13	;# 
   126     000E                     PORTC           equ	14	;# 
   127     0010                     PORTE           equ	16	;# 
   128     0011                     PIR1            equ	17	;# 
   129     0012                     PIR2            equ	18	;# 
   130     0013                     PIR3            equ	19	;# 
   131     0015                     TMR0            equ	21	;# 
   132     0016                     TMR1            equ	22	;# 
   133     0016                     TMR1L           equ	22	;# 
   134     0017                     TMR1H           equ	23	;# 
   135     0018                     T1CON           equ	24	;# 
   136     0019                     T1GCON          equ	25	;# 
   137     001A                     TMR2            equ	26	;# 
   138     001B                     PR2             equ	27	;# 
   139     001C                     T2CON           equ	28	;# 
   140     001E                     CPSCON0         equ	30	;# 
   141     001F                     CPSCON1         equ	31	;# 
   142     008C                     TRISA           equ	140	;# 
   143     008D                     TRISB           equ	141	;# 
   144     008E                     TRISC           equ	142	;# 
   145     0090                     TRISE           equ	144	;# 
   146     0091                     PIE1            equ	145	;# 
   147     0092                     PIE2            equ	146	;# 
   148     0093                     PIE3            equ	147	;# 
   149     0095                     OPTION_REG      equ	149	;# 
   150     0096                     PCON            equ	150	;# 
   151     0097                     WDTCON          equ	151	;# 
   152     0098                     OSCTUNE         equ	152	;# 
   153     0099                     OSCCON          equ	153	;# 
   154     009A                     OSCSTAT         equ	154	;# 
   155     009B                     ADRES           equ	155	;# 
   156     009B                     ADRESL          equ	155	;# 
   157     009C                     ADRESH          equ	156	;# 
   158     009D                     ADCON0          equ	157	;# 
   159     009E                     ADCON1          equ	158	;# 
   160     010C                     LATA            equ	268	;# 
   161     010D                     LATB            equ	269	;# 
   162     010E                     LATC            equ	270	;# 
   163     0110                     LATE            equ	272	;# 
   164     0111                     CM1CON0         equ	273	;# 
   165     0112                     CM1CON1         equ	274	;# 
   166     0113                     CM2CON0         equ	275	;# 
   167     0114                     CM2CON1         equ	276	;# 
   168     0115                     CMOUT           equ	277	;# 
   169     0116                     BORCON          equ	278	;# 
   170     0117                     FVRCON          equ	279	;# 
   171     0118                     DACCON0         equ	280	;# 
   172     0119                     DACCON1         equ	281	;# 
   173     011A                     SRCON0          equ	282	;# 
   174     011B                     SRCON1          equ	283	;# 
   175     011D                     APFCON          equ	285	;# 
   176     018C                     ANSELA          equ	396	;# 
   177     018D                     ANSELB          equ	397	;# 
   178     0191                     EEADR           equ	401	;# 
   179     0191                     EEADRL          equ	401	;# 
   180     0192                     EEADRH          equ	402	;# 
   181     0193                     EEDAT           equ	403	;# 
   182     0193                     EEDATL          equ	403	;# 
   183     0193                     EEDATA          equ	403	;# 
   184     0194                     EEDATH          equ	404	;# 
   185     0195                     EECON1          equ	405	;# 
   186     0196                     EECON2          equ	406	;# 
   187     0199                     RCREG           equ	409	;# 
   188     019A                     TXREG           equ	410	;# 
   189     019B                     SP1BRG          equ	411	;# 
   190     019B                     SP1BRGL         equ	411	;# 
   191     019B                     SPBRG           equ	411	;# 
   192     019B                     SPBRGL          equ	411	;# 
   193     019C                     SP1BRGH         equ	412	;# 
   194     019C                     SPBRGH          equ	412	;# 
   195     019D                     RCSTA           equ	413	;# 
   196     019E                     TXSTA           equ	414	;# 
   197     019F                     BAUDCON         equ	415	;# 
   198     020D                     WPUB            equ	525	;# 
   199     0210                     WPUE            equ	528	;# 
   200     0211                     SSPBUF          equ	529	;# 
   201     0212                     SSPADD          equ	530	;# 
   202     0213                     SSPMSK          equ	531	;# 
   203     0214                     SSPSTAT         equ	532	;# 
   204     0215                     SSPCON1         equ	533	;# 
   205     0215                     SSPCON          equ	533	;# 
   206     0216                     SSPCON2         equ	534	;# 
   207     0217                     SSPCON3         equ	535	;# 
   208     0291                     CCPR1           equ	657	;# 
   209     0291                     CCPR1L          equ	657	;# 
   210     0292                     CCPR1H          equ	658	;# 
   211     0293                     CCP1CON         equ	659	;# 
   212     0294                     PWM1CON         equ	660	;# 
   213     0295                     CCP1AS          equ	661	;# 
   214     0295                     ECCP1AS         equ	661	;# 
   215     0296                     PSTR1CON        equ	662	;# 
   216     0298                     CCPR2           equ	664	;# 
   217     0298                     CCPR2L          equ	664	;# 
   218     0299                     CCPR2H          equ	665	;# 
   219     029A                     CCP2CON         equ	666	;# 
   220     029B                     PWM2CON         equ	667	;# 
   221     029C                     CCP2AS          equ	668	;# 
   222     029C                     ECCP2AS         equ	668	;# 
   223     029D                     PSTR2CON        equ	669	;# 
   224     029E                     CCPTMRS0        equ	670	;# 
   225     029F                     CCPTMRS1        equ	671	;# 
   226     0311                     CCPR3           equ	785	;# 
   227     0311                     CCPR3L          equ	785	;# 
   228     0312                     CCPR3H          equ	786	;# 
   229     0313                     CCP3CON         equ	787	;# 
   230     0314                     PWM3CON         equ	788	;# 
   231     0315                     CCP3AS          equ	789	;# 
   232     0315                     ECCP3AS         equ	789	;# 
   233     0316                     PSTR3CON        equ	790	;# 
   234     0318                     CCPR4           equ	792	;# 
   235     0318                     CCPR4L          equ	792	;# 
   236     0319                     CCPR4H          equ	793	;# 
   237     031A                     CCP4CON         equ	794	;# 
   238     031C                     CCPR5           equ	796	;# 
   239     031C                     CCPR5L          equ	796	;# 
   240     031D                     CCPR5H          equ	797	;# 
   241     031E                     CCP5CON         equ	798	;# 
   242     0394                     IOCBP           equ	916	;# 
   243     0395                     IOCBN           equ	917	;# 
   244     0396                     IOCBF           equ	918	;# 
   245     0415                     TMR4            equ	1045	;# 
   246     0416                     PR4             equ	1046	;# 
   247     0417                     T4CON           equ	1047	;# 
   248     041C                     TMR6            equ	1052	;# 
   249     041D                     PR6             equ	1053	;# 
   250     041E                     T6CON           equ	1054	;# 
   251     0791                     LCDCON          equ	1937	;# 
   252     0792                     LCDPS           equ	1938	;# 
   253     0793                     LCDREF          equ	1939	;# 
   254     0794                     LCDCST          equ	1940	;# 
   255     0795                     LCDRL           equ	1941	;# 
   256     0798                     LCDSE0          equ	1944	;# 
   257     0799                     LCDSE1          equ	1945	;# 
   258     07A0                     LCDDATA0        equ	1952	;# 
   259     07A1                     LCDDATA1        equ	1953	;# 
   260     07A3                     LCDDATA3        equ	1955	;# 
   261     07A4                     LCDDATA4        equ	1956	;# 
   262     07A6                     LCDDATA6        equ	1958	;# 
   263     07A7                     LCDDATA7        equ	1959	;# 
   264     07A9                     LCDDATA9        equ	1961	;# 
   265     07AA                     LCDDATA10       equ	1962	;# 
   266     0FE4                     STATUS_SHAD     equ	4068	;# 
   267     0FE5                     WREG_SHAD       equ	4069	;# 
   268     0FE6                     BSR_SHAD        equ	4070	;# 
   269     0FE7                     PCLATH_SHAD     equ	4071	;# 
   270     0FE8                     FSR0L_SHAD      equ	4072	;# 
   271     0FE9                     FSR0H_SHAD      equ	4073	;# 
   272     0FEA                     FSR1L_SHAD      equ	4074	;# 
   273     0FEB                     FSR1H_SHAD      equ	4075	;# 
   274     0FED                     STKPTR          equ	4077	;# 
   275     0FEE                     TOSL            equ	4078	;# 
   276     0FEF                     TOSH            equ	4079	;# 
   277     0000                     INDF0           equ	0	;# 
   278     0001                     INDF1           equ	1	;# 
   279     0002                     PCL             equ	2	;# 
   280     0003                     STATUS          equ	3	;# 
   281     0004                     FSR0L           equ	4	;# 
   282     0005                     FSR0H           equ	5	;# 
   283     0006                     FSR1L           equ	6	;# 
   284     0007                     FSR1H           equ	7	;# 
   285     0008                     BSR             equ	8	;# 
   286     0009                     WREG            equ	9	;# 
   287     000A                     PCLATH          equ	10	;# 
   288     000B                     INTCON          equ	11	;# 
   289     000C                     PORTA           equ	12	;# 
   290     000D                     PORTB           equ	13	;# 
   291     000E                     PORTC           equ	14	;# 
   292     0010                     PORTE           equ	16	;# 
   293     0011                     PIR1            equ	17	;# 
   294     0012                     PIR2            equ	18	;# 
   295     0013                     PIR3            equ	19	;# 
   296     0015                     TMR0            equ	21	;# 
   297     0016                     TMR1            equ	22	;# 
   298     0016                     TMR1L           equ	22	;# 
   299     0017                     TMR1H           equ	23	;# 
   300     0018                     T1CON           equ	24	;# 
   301     0019                     T1GCON          equ	25	;# 
   302     001A                     TMR2            equ	26	;# 
   303     001B                     PR2             equ	27	;# 
   304     001C                     T2CON           equ	28	;# 
   305     001E                     CPSCON0         equ	30	;# 
   306     001F                     CPSCON1         equ	31	;# 
   307     008C                     TRISA           equ	140	;# 
   308     008D                     TRISB           equ	141	;# 
   309     008E                     TRISC           equ	142	;# 
   310     0090                     TRISE           equ	144	;# 
   311     0091                     PIE1            equ	145	;# 
   312     0092                     PIE2            equ	146	;# 
   313     0093                     PIE3            equ	147	;# 
   314     0095                     OPTION_REG      equ	149	;# 
   315     0096                     PCON            equ	150	;# 
   316     0097                     WDTCON          equ	151	;# 
   317     0098                     OSCTUNE         equ	152	;# 
   318     0099                     OSCCON          equ	153	;# 
   319     009A                     OSCSTAT         equ	154	;# 
   320     009B                     ADRES           equ	155	;# 
   321     009B                     ADRESL          equ	155	;# 
   322     009C                     ADRESH          equ	156	;# 
   323     009D                     ADCON0          equ	157	;# 
   324     009E                     ADCON1          equ	158	;# 
   325     010C                     LATA            equ	268	;# 
   326     010D                     LATB            equ	269	;# 
   327     010E                     LATC            equ	270	;# 
   328     0110                     LATE            equ	272	;# 
   329     0111                     CM1CON0         equ	273	;# 
   330     0112                     CM1CON1         equ	274	;# 
   331     0113                     CM2CON0         equ	275	;# 
   332     0114                     CM2CON1         equ	276	;# 
   333     0115                     CMOUT           equ	277	;# 
   334     0116                     BORCON          equ	278	;# 
   335     0117                     FVRCON          equ	279	;# 
   336     0118                     DACCON0         equ	280	;# 
   337     0119                     DACCON1         equ	281	;# 
   338     011A                     SRCON0          equ	282	;# 
   339     011B                     SRCON1          equ	283	;# 
   340     011D                     APFCON          equ	285	;# 
   341     018C                     ANSELA          equ	396	;# 
   342     018D                     ANSELB          equ	397	;# 
   343     0191                     EEADR           equ	401	;# 
   344     0191                     EEADRL          equ	401	;# 
   345     0192                     EEADRH          equ	402	;# 
   346     0193                     EEDAT           equ	403	;# 
   347     0193                     EEDATL          equ	403	;# 
   348     0193                     EEDATA          equ	403	;# 
   349     0194                     EEDATH          equ	404	;# 
   350     0195                     EECON1          equ	405	;# 
   351     0196                     EECON2          equ	406	;# 
   352     0199                     RCREG           equ	409	;# 
   353     019A                     TXREG           equ	410	;# 
   354     019B                     SP1BRG          equ	411	;# 
   355     019B                     SP1BRGL         equ	411	;# 
   356     019B                     SPBRG           equ	411	;# 
   357     019B                     SPBRGL          equ	411	;# 
   358     019C                     SP1BRGH         equ	412	;# 
   359     019C                     SPBRGH          equ	412	;# 
   360     019D                     RCSTA           equ	413	;# 
   361     019E                     TXSTA           equ	414	;# 
   362     019F                     BAUDCON         equ	415	;# 
   363     020D                     WPUB            equ	525	;# 
   364     0210                     WPUE            equ	528	;# 
   365     0211                     SSPBUF          equ	529	;# 
   366     0212                     SSPADD          equ	530	;# 
   367     0213                     SSPMSK          equ	531	;# 
   368     0214                     SSPSTAT         equ	532	;# 
   369     0215                     SSPCON1         equ	533	;# 
   370     0215                     SSPCON          equ	533	;# 
   371     0216                     SSPCON2         equ	534	;# 
   372     0217                     SSPCON3         equ	535	;# 
   373     0291                     CCPR1           equ	657	;# 
   374     0291                     CCPR1L          equ	657	;# 
   375     0292                     CCPR1H          equ	658	;# 
   376     0293                     CCP1CON         equ	659	;# 
   377     0294                     PWM1CON         equ	660	;# 
   378     0295                     CCP1AS          equ	661	;# 
   379     0295                     ECCP1AS         equ	661	;# 
   380     0296                     PSTR1CON        equ	662	;# 
   381     0298                     CCPR2           equ	664	;# 
   382     0298                     CCPR2L          equ	664	;# 
   383     0299                     CCPR2H          equ	665	;# 
   384     029A                     CCP2CON         equ	666	;# 
   385     029B                     PWM2CON         equ	667	;# 
   386     029C                     CCP2AS          equ	668	;# 
   387     029C                     ECCP2AS         equ	668	;# 
   388     029D                     PSTR2CON        equ	669	;# 
   389     029E                     CCPTMRS0        equ	670	;# 
   390     029F                     CCPTMRS1        equ	671	;# 
   391     0311                     CCPR3           equ	785	;# 
   392     0311                     CCPR3L          equ	785	;# 
   393     0312                     CCPR3H          equ	786	;# 
   394     0313                     CCP3CON         equ	787	;# 
   395     0314                     PWM3CON         equ	788	;# 
   396     0315                     CCP3AS          equ	789	;# 
   397     0315                     ECCP3AS         equ	789	;# 
   398     0316                     PSTR3CON        equ	790	;# 
   399     0318                     CCPR4           equ	792	;# 
   400     0318                     CCPR4L          equ	792	;# 
   401     0319                     CCPR4H          equ	793	;# 
   402     031A                     CCP4CON         equ	794	;# 
   403     031C                     CCPR5           equ	796	;# 
   404     031C                     CCPR5L          equ	796	;# 
   405     031D                     CCPR5H          equ	797	;# 
   406     031E                     CCP5CON         equ	798	;# 
   407     0394                     IOCBP           equ	916	;# 
   408     0395                     IOCBN           equ	917	;# 
   409     0396                     IOCBF           equ	918	;# 
   410     0415                     TMR4            equ	1045	;# 
   411     0416                     PR4             equ	1046	;# 
   412     0417                     T4CON           equ	1047	;# 
   413     041C                     TMR6            equ	1052	;# 
   414     041D                     PR6             equ	1053	;# 
   415     041E                     T6CON           equ	1054	;# 
   416     0791                     LCDCON          equ	1937	;# 
   417     0792                     LCDPS           equ	1938	;# 
   418     0793                     LCDREF          equ	1939	;# 
   419     0794                     LCDCST          equ	1940	;# 
   420     0795                     LCDRL           equ	1941	;# 
   421     0798                     LCDSE0          equ	1944	;# 
   422     0799                     LCDSE1          equ	1945	;# 
   423     07A0                     LCDDATA0        equ	1952	;# 
   424     07A1                     LCDDATA1        equ	1953	;# 
   425     07A3                     LCDDATA3        equ	1955	;# 
   426     07A4                     LCDDATA4        equ	1956	;# 
   427     07A6                     LCDDATA6        equ	1958	;# 
   428     07A7                     LCDDATA7        equ	1959	;# 
   429     07A9                     LCDDATA9        equ	1961	;# 
   430     07AA                     LCDDATA10       equ	1962	;# 
   431     0FE4                     STATUS_SHAD     equ	4068	;# 
   432     0FE5                     WREG_SHAD       equ	4069	;# 
   433     0FE6                     BSR_SHAD        equ	4070	;# 
   434     0FE7                     PCLATH_SHAD     equ	4071	;# 
   435     0FE8                     FSR0L_SHAD      equ	4072	;# 
   436     0FE9                     FSR0H_SHAD      equ	4073	;# 
   437     0FEA                     FSR1L_SHAD      equ	4074	;# 
   438     0FEB                     FSR1H_SHAD      equ	4075	;# 
   439     0FED                     STKPTR          equ	4077	;# 
   440     0FEE                     TOSL            equ	4078	;# 
   441     0FEF                     TOSH            equ	4079	;# 
   442     0000                     INDF0           equ	0	;# 
   443     0001                     INDF1           equ	1	;# 
   444     0002                     PCL             equ	2	;# 
   445     0003                     STATUS          equ	3	;# 
   446     0004                     FSR0L           equ	4	;# 
   447     0005                     FSR0H           equ	5	;# 
   448     0006                     FSR1L           equ	6	;# 
   449     0007                     FSR1H           equ	7	;# 
   450     0008                     BSR             equ	8	;# 
   451     0009                     WREG            equ	9	;# 
   452     000A                     PCLATH          equ	10	;# 
   453     000B                     INTCON          equ	11	;# 
   454     000C                     PORTA           equ	12	;# 
   455     000D                     PORTB           equ	13	;# 
   456     000E                     PORTC           equ	14	;# 
   457     0010                     PORTE           equ	16	;# 
   458     0011                     PIR1            equ	17	;# 
   459     0012                     PIR2            equ	18	;# 
   460     0013                     PIR3            equ	19	;# 
   461     0015                     TMR0            equ	21	;# 
   462     0016                     TMR1            equ	22	;# 
   463     0016                     TMR1L           equ	22	;# 
   464     0017                     TMR1H           equ	23	;# 
   465     0018                     T1CON           equ	24	;# 
   466     0019                     T1GCON          equ	25	;# 
   467     001A                     TMR2            equ	26	;# 
   468     001B                     PR2             equ	27	;# 
   469     001C                     T2CON           equ	28	;# 
   470     001E                     CPSCON0         equ	30	;# 
   471     001F                     CPSCON1         equ	31	;# 
   472     008C                     TRISA           equ	140	;# 
   473     008D                     TRISB           equ	141	;# 
   474     008E                     TRISC           equ	142	;# 
   475     0090                     TRISE           equ	144	;# 
   476     0091                     PIE1            equ	145	;# 
   477     0092                     PIE2            equ	146	;# 
   478     0093                     PIE3            equ	147	;# 
   479     0095                     OPTION_REG      equ	149	;# 
   480     0096                     PCON            equ	150	;# 
   481     0097                     WDTCON          equ	151	;# 
   482     0098                     OSCTUNE         equ	152	;# 
   483     0099                     OSCCON          equ	153	;# 
   484     009A                     OSCSTAT         equ	154	;# 
   485     009B                     ADRES           equ	155	;# 
   486     009B                     ADRESL          equ	155	;# 
   487     009C                     ADRESH          equ	156	;# 
   488     009D                     ADCON0          equ	157	;# 
   489     009E                     ADCON1          equ	158	;# 
   490     010C                     LATA            equ	268	;# 
   491     010D                     LATB            equ	269	;# 
   492     010E                     LATC            equ	270	;# 
   493     0110                     LATE            equ	272	;# 
   494     0111                     CM1CON0         equ	273	;# 
   495     0112                     CM1CON1         equ	274	;# 
   496     0113                     CM2CON0         equ	275	;# 
   497     0114                     CM2CON1         equ	276	;# 
   498     0115                     CMOUT           equ	277	;# 
   499     0116                     BORCON          equ	278	;# 
   500     0117                     FVRCON          equ	279	;# 
   501     0118                     DACCON0         equ	280	;# 
   502     0119                     DACCON1         equ	281	;# 
   503     011A                     SRCON0          equ	282	;# 
   504     011B                     SRCON1          equ	283	;# 
   505     011D                     APFCON          equ	285	;# 
   506     018C                     ANSELA          equ	396	;# 
   507     018D                     ANSELB          equ	397	;# 
   508     0191                     EEADR           equ	401	;# 
   509     0191                     EEADRL          equ	401	;# 
   510     0192                     EEADRH          equ	402	;# 
   511     0193                     EEDAT           equ	403	;# 
   512     0193                     EEDATL          equ	403	;# 
   513     0193                     EEDATA          equ	403	;# 
   514     0194                     EEDATH          equ	404	;# 
   515     0195                     EECON1          equ	405	;# 
   516     0196                     EECON2          equ	406	;# 
   517     0199                     RCREG           equ	409	;# 
   518     019A                     TXREG           equ	410	;# 
   519     019B                     SP1BRG          equ	411	;# 
   520     019B                     SP1BRGL         equ	411	;# 
   521     019B                     SPBRG           equ	411	;# 
   522     019B                     SPBRGL          equ	411	;# 
   523     019C                     SP1BRGH         equ	412	;# 
   524     019C                     SPBRGH          equ	412	;# 
   525     019D                     RCSTA           equ	413	;# 
   526     019E                     TXSTA           equ	414	;# 
   527     019F                     BAUDCON         equ	415	;# 
   528     020D                     WPUB            equ	525	;# 
   529     0210                     WPUE            equ	528	;# 
   530     0211                     SSPBUF          equ	529	;# 
   531     0212                     SSPADD          equ	530	;# 
   532     0213                     SSPMSK          equ	531	;# 
   533     0214                     SSPSTAT         equ	532	;# 
   534     0215                     SSPCON1         equ	533	;# 
   535     0215                     SSPCON          equ	533	;# 
   536     0216                     SSPCON2         equ	534	;# 
   537     0217                     SSPCON3         equ	535	;# 
   538     0291                     CCPR1           equ	657	;# 
   539     0291                     CCPR1L          equ	657	;# 
   540     0292                     CCPR1H          equ	658	;# 
   541     0293                     CCP1CON         equ	659	;# 
   542     0294                     PWM1CON         equ	660	;# 
   543     0295                     CCP1AS          equ	661	;# 
   544     0295                     ECCP1AS         equ	661	;# 
   545     0296                     PSTR1CON        equ	662	;# 
   546     0298                     CCPR2           equ	664	;# 
   547     0298                     CCPR2L          equ	664	;# 
   548     0299                     CCPR2H          equ	665	;# 
   549     029A                     CCP2CON         equ	666	;# 
   550     029B                     PWM2CON         equ	667	;# 
   551     029C                     CCP2AS          equ	668	;# 
   552     029C                     ECCP2AS         equ	668	;# 
   553     029D                     PSTR2CON        equ	669	;# 
   554     029E                     CCPTMRS0        equ	670	;# 
   555     029F                     CCPTMRS1        equ	671	;# 
   556     0311                     CCPR3           equ	785	;# 
   557     0311                     CCPR3L          equ	785	;# 
   558     0312                     CCPR3H          equ	786	;# 
   559     0313                     CCP3CON         equ	787	;# 
   560     0314                     PWM3CON         equ	788	;# 
   561     0315                     CCP3AS          equ	789	;# 
   562     0315                     ECCP3AS         equ	789	;# 
   563     0316                     PSTR3CON        equ	790	;# 
   564     0318                     CCPR4           equ	792	;# 
   565     0318                     CCPR4L          equ	792	;# 
   566     0319                     CCPR4H          equ	793	;# 
   567     031A                     CCP4CON         equ	794	;# 
   568     031C                     CCPR5           equ	796	;# 
   569     031C                     CCPR5L          equ	796	;# 
   570     031D                     CCPR5H          equ	797	;# 
   571     031E                     CCP5CON         equ	798	;# 
   572     0394                     IOCBP           equ	916	;# 
   573     0395                     IOCBN           equ	917	;# 
   574     0396                     IOCBF           equ	918	;# 
   575     0415                     TMR4            equ	1045	;# 
   576     0416                     PR4             equ	1046	;# 
   577     0417                     T4CON           equ	1047	;# 
   578     041C                     TMR6            equ	1052	;# 
   579     041D                     PR6             equ	1053	;# 
   580     041E                     T6CON           equ	1054	;# 
   581     0791                     LCDCON          equ	1937	;# 
   582     0792                     LCDPS           equ	1938	;# 
   583     0793                     LCDREF          equ	1939	;# 
   584     0794                     LCDCST          equ	1940	;# 
   585     0795                     LCDRL           equ	1941	;# 
   586     0798                     LCDSE0          equ	1944	;# 
   587     0799                     LCDSE1          equ	1945	;# 
   588     07A0                     LCDDATA0        equ	1952	;# 
   589     07A1                     LCDDATA1        equ	1953	;# 
   590     07A3                     LCDDATA3        equ	1955	;# 
   591     07A4                     LCDDATA4        equ	1956	;# 
   592     07A6                     LCDDATA6        equ	1958	;# 
   593     07A7                     LCDDATA7        equ	1959	;# 
   594     07A9                     LCDDATA9        equ	1961	;# 
   595     07AA                     LCDDATA10       equ	1962	;# 
   596     0FE4                     STATUS_SHAD     equ	4068	;# 
   597     0FE5                     WREG_SHAD       equ	4069	;# 
   598     0FE6                     BSR_SHAD        equ	4070	;# 
   599     0FE7                     PCLATH_SHAD     equ	4071	;# 
   600     0FE8                     FSR0L_SHAD      equ	4072	;# 
   601     0FE9                     FSR0H_SHAD      equ	4073	;# 
   602     0FEA                     FSR1L_SHAD      equ	4074	;# 
   603     0FEB                     FSR1H_SHAD      equ	4075	;# 
   604     0FED                     STKPTR          equ	4077	;# 
   605     0FEE                     TOSL            equ	4078	;# 
   606     0FEF                     TOSH            equ	4079	;# 
   607     0000                     INDF0           equ	0	;# 
   608     0001                     INDF1           equ	1	;# 
   609     0002                     PCL             equ	2	;# 
   610     0003                     STATUS          equ	3	;# 
   611     0004                     FSR0L           equ	4	;# 
   612     0005                     FSR0H           equ	5	;# 
   613     0006                     FSR1L           equ	6	;# 
   614     0007                     FSR1H           equ	7	;# 
   615     0008                     BSR             equ	8	;# 
   616     0009                     WREG            equ	9	;# 
   617     000A                     PCLATH          equ	10	;# 
   618     000B                     INTCON          equ	11	;# 
   619     000C                     PORTA           equ	12	;# 
   620     000D                     PORTB           equ	13	;# 
   621     000E                     PORTC           equ	14	;# 
   622     0010                     PORTE           equ	16	;# 
   623     0011                     PIR1            equ	17	;# 
   624     0012                     PIR2            equ	18	;# 
   625     0013                     PIR3            equ	19	;# 
   626     0015                     TMR0            equ	21	;# 
   627     0016                     TMR1            equ	22	;# 
   628     0016                     TMR1L           equ	22	;# 
   629     0017                     TMR1H           equ	23	;# 
   630     0018                     T1CON           equ	24	;# 
   631     0019                     T1GCON          equ	25	;# 
   632     001A                     TMR2            equ	26	;# 
   633     001B                     PR2             equ	27	;# 
   634     001C                     T2CON           equ	28	;# 
   635     001E                     CPSCON0         equ	30	;# 
   636     001F                     CPSCON1         equ	31	;# 
   637     008C                     TRISA           equ	140	;# 
   638     008D                     TRISB           equ	141	;# 
   639     008E                     TRISC           equ	142	;# 
   640     0090                     TRISE           equ	144	;# 
   641     0091                     PIE1            equ	145	;# 
   642     0092                     PIE2            equ	146	;# 
   643     0093                     PIE3            equ	147	;# 
   644     0095                     OPTION_REG      equ	149	;# 
   645     0096                     PCON            equ	150	;# 
   646     0097                     WDTCON          equ	151	;# 
   647     0098                     OSCTUNE         equ	152	;# 
   648     0099                     OSCCON          equ	153	;# 
   649     009A                     OSCSTAT         equ	154	;# 
   650     009B                     ADRES           equ	155	;# 
   651     009B                     ADRESL          equ	155	;# 
   652     009C                     ADRESH          equ	156	;# 
   653     009D                     ADCON0          equ	157	;# 
   654     009E                     ADCON1          equ	158	;# 
   655     010C                     LATA            equ	268	;# 
   656     010D                     LATB            equ	269	;# 
   657     010E                     LATC            equ	270	;# 
   658     0110                     LATE            equ	272	;# 
   659     0111                     CM1CON0         equ	273	;# 
   660     0112                     CM1CON1         equ	274	;# 
   661     0113                     CM2CON0         equ	275	;# 
   662     0114                     CM2CON1         equ	276	;# 
   663     0115                     CMOUT           equ	277	;# 
   664     0116                     BORCON          equ	278	;# 
   665     0117                     FVRCON          equ	279	;# 
   666     0118                     DACCON0         equ	280	;# 
   667     0119                     DACCON1         equ	281	;# 
   668     011A                     SRCON0          equ	282	;# 
   669     011B                     SRCON1          equ	283	;# 
   670     011D                     APFCON          equ	285	;# 
   671     018C                     ANSELA          equ	396	;# 
   672     018D                     ANSELB          equ	397	;# 
   673     0191                     EEADR           equ	401	;# 
   674     0191                     EEADRL          equ	401	;# 
   675     0192                     EEADRH          equ	402	;# 
   676     0193                     EEDAT           equ	403	;# 
   677     0193                     EEDATL          equ	403	;# 
   678     0193                     EEDATA          equ	403	;# 
   679     0194                     EEDATH          equ	404	;# 
   680     0195                     EECON1          equ	405	;# 
   681     0196                     EECON2          equ	406	;# 
   682     0199                     RCREG           equ	409	;# 
   683     019A                     TXREG           equ	410	;# 
   684     019B                     SP1BRG          equ	411	;# 
   685     019B                     SP1BRGL         equ	411	;# 
   686     019B                     SPBRG           equ	411	;# 
   687     019B                     SPBRGL          equ	411	;# 
   688     019C                     SP1BRGH         equ	412	;# 
   689     019C                     SPBRGH          equ	412	;# 
   690     019D                     RCSTA           equ	413	;# 
   691     019E                     TXSTA           equ	414	;# 
   692     019F                     BAUDCON         equ	415	;# 
   693     020D                     WPUB            equ	525	;# 
   694     0210                     WPUE            equ	528	;# 
   695     0211                     SSPBUF          equ	529	;# 
   696     0212                     SSPADD          equ	530	;# 
   697     0213                     SSPMSK          equ	531	;# 
   698     0214                     SSPSTAT         equ	532	;# 
   699     0215                     SSPCON1         equ	533	;# 
   700     0215                     SSPCON          equ	533	;# 
   701     0216                     SSPCON2         equ	534	;# 
   702     0217                     SSPCON3         equ	535	;# 
   703     0291                     CCPR1           equ	657	;# 
   704     0291                     CCPR1L          equ	657	;# 
   705     0292                     CCPR1H          equ	658	;# 
   706     0293                     CCP1CON         equ	659	;# 
   707     0294                     PWM1CON         equ	660	;# 
   708     0295                     CCP1AS          equ	661	;# 
   709     0295                     ECCP1AS         equ	661	;# 
   710     0296                     PSTR1CON        equ	662	;# 
   711     0298                     CCPR2           equ	664	;# 
   712     0298                     CCPR2L          equ	664	;# 
   713     0299                     CCPR2H          equ	665	;# 
   714     029A                     CCP2CON         equ	666	;# 
   715     029B                     PWM2CON         equ	667	;# 
   716     029C                     CCP2AS          equ	668	;# 
   717     029C                     ECCP2AS         equ	668	;# 
   718     029D                     PSTR2CON        equ	669	;# 
   719     029E                     CCPTMRS0        equ	670	;# 
   720     029F                     CCPTMRS1        equ	671	;# 
   721     0311                     CCPR3           equ	785	;# 
   722     0311                     CCPR3L          equ	785	;# 
   723     0312                     CCPR3H          equ	786	;# 
   724     0313                     CCP3CON         equ	787	;# 
   725     0314                     PWM3CON         equ	788	;# 
   726     0315                     CCP3AS          equ	789	;# 
   727     0315                     ECCP3AS         equ	789	;# 
   728     0316                     PSTR3CON        equ	790	;# 
   729     0318                     CCPR4           equ	792	;# 
   730     0318                     CCPR4L          equ	792	;# 
   731     0319                     CCPR4H          equ	793	;# 
   732     031A                     CCP4CON         equ	794	;# 
   733     031C                     CCPR5           equ	796	;# 
   734     031C                     CCPR5L          equ	796	;# 
   735     031D                     CCPR5H          equ	797	;# 
   736     031E                     CCP5CON         equ	798	;# 
   737     0394                     IOCBP           equ	916	;# 
   738     0395                     IOCBN           equ	917	;# 
   739     0396                     IOCBF           equ	918	;# 
   740     0415                     TMR4            equ	1045	;# 
   741     0416                     PR4             equ	1046	;# 
   742     0417                     T4CON           equ	1047	;# 
   743     041C                     TMR6            equ	1052	;# 
   744     041D                     PR6             equ	1053	;# 
   745     041E                     T6CON           equ	1054	;# 
   746     0791                     LCDCON          equ	1937	;# 
   747     0792                     LCDPS           equ	1938	;# 
   748     0793                     LCDREF          equ	1939	;# 
   749     0794                     LCDCST          equ	1940	;# 
   750     0795                     LCDRL           equ	1941	;# 
   751     0798                     LCDSE0          equ	1944	;# 
   752     0799                     LCDSE1          equ	1945	;# 
   753     07A0                     LCDDATA0        equ	1952	;# 
   754     07A1                     LCDDATA1        equ	1953	;# 
   755     07A3                     LCDDATA3        equ	1955	;# 
   756     07A4                     LCDDATA4        equ	1956	;# 
   757     07A6                     LCDDATA6        equ	1958	;# 
   758     07A7                     LCDDATA7        equ	1959	;# 
   759     07A9                     LCDDATA9        equ	1961	;# 
   760     07AA                     LCDDATA10       equ	1962	;# 
   761     0FE4                     STATUS_SHAD     equ	4068	;# 
   762     0FE5                     WREG_SHAD       equ	4069	;# 
   763     0FE6                     BSR_SHAD        equ	4070	;# 
   764     0FE7                     PCLATH_SHAD     equ	4071	;# 
   765     0FE8                     FSR0L_SHAD      equ	4072	;# 
   766     0FE9                     FSR0H_SHAD      equ	4073	;# 
   767     0FEA                     FSR1L_SHAD      equ	4074	;# 
   768     0FEB                     FSR1H_SHAD      equ	4075	;# 
   769     0FED                     STKPTR          equ	4077	;# 
   770     0FEE                     TOSL            equ	4078	;# 
   771     0FEF                     TOSH            equ	4079	;# 
   772     0000                     INDF0           equ	0	;# 
   773     0001                     INDF1           equ	1	;# 
   774     0002                     PCL             equ	2	;# 
   775     0003                     STATUS          equ	3	;# 
   776     0004                     FSR0L           equ	4	;# 
   777     0005                     FSR0H           equ	5	;# 
   778     0006                     FSR1L           equ	6	;# 
   779     0007                     FSR1H           equ	7	;# 
   780     0008                     BSR             equ	8	;# 
   781     0009                     WREG            equ	9	;# 
   782     000A                     PCLATH          equ	10	;# 
   783     000B                     INTCON          equ	11	;# 
   784     000C                     PORTA           equ	12	;# 
   785     000D                     PORTB           equ	13	;# 
   786     000E                     PORTC           equ	14	;# 
   787     0010                     PORTE           equ	16	;# 
   788     0011                     PIR1            equ	17	;# 
   789     0012                     PIR2            equ	18	;# 
   790     0013                     PIR3            equ	19	;# 
   791     0015                     TMR0            equ	21	;# 
   792     0016                     TMR1            equ	22	;# 
   793     0016                     TMR1L           equ	22	;# 
   794     0017                     TMR1H           equ	23	;# 
   795     0018                     T1CON           equ	24	;# 
   796     0019                     T1GCON          equ	25	;# 
   797     001A                     TMR2            equ	26	;# 
   798     001B                     PR2             equ	27	;# 
   799     001C                     T2CON           equ	28	;# 
   800     001E                     CPSCON0         equ	30	;# 
   801     001F                     CPSCON1         equ	31	;# 
   802     008C                     TRISA           equ	140	;# 
   803     008D                     TRISB           equ	141	;# 
   804     008E                     TRISC           equ	142	;# 
   805     0090                     TRISE           equ	144	;# 
   806     0091                     PIE1            equ	145	;# 
   807     0092                     PIE2            equ	146	;# 
   808     0093                     PIE3            equ	147	;# 
   809     0095                     OPTION_REG      equ	149	;# 
   810     0096                     PCON            equ	150	;# 
   811     0097                     WDTCON          equ	151	;# 
   812     0098                     OSCTUNE         equ	152	;# 
   813     0099                     OSCCON          equ	153	;# 
   814     009A                     OSCSTAT         equ	154	;# 
   815     009B                     ADRES           equ	155	;# 
   816     009B                     ADRESL          equ	155	;# 
   817     009C                     ADRESH          equ	156	;# 
   818     009D                     ADCON0          equ	157	;# 
   819     009E                     ADCON1          equ	158	;# 
   820     010C                     LATA            equ	268	;# 
   821     010D                     LATB            equ	269	;# 
   822     010E                     LATC            equ	270	;# 
   823     0110                     LATE            equ	272	;# 
   824     0111                     CM1CON0         equ	273	;# 
   825     0112                     CM1CON1         equ	274	;# 
   826     0113                     CM2CON0         equ	275	;# 
   827     0114                     CM2CON1         equ	276	;# 
   828     0115                     CMOUT           equ	277	;# 
   829     0116                     BORCON          equ	278	;# 
   830     0117                     FVRCON          equ	279	;# 
   831     0118                     DACCON0         equ	280	;# 
   832     0119                     DACCON1         equ	281	;# 
   833     011A                     SRCON0          equ	282	;# 
   834     011B                     SRCON1          equ	283	;# 
   835     011D                     APFCON          equ	285	;# 
   836     018C                     ANSELA          equ	396	;# 
   837     018D                     ANSELB          equ	397	;# 
   838     0191                     EEADR           equ	401	;# 
   839     0191                     EEADRL          equ	401	;# 
   840     0192                     EEADRH          equ	402	;# 
   841     0193                     EEDAT           equ	403	;# 
   842     0193                     EEDATL          equ	403	;# 
   843     0193                     EEDATA          equ	403	;# 
   844     0194                     EEDATH          equ	404	;# 
   845     0195                     EECON1          equ	405	;# 
   846     0196                     EECON2          equ	406	;# 
   847     0199                     RCREG           equ	409	;# 
   848     019A                     TXREG           equ	410	;# 
   849     019B                     SP1BRG          equ	411	;# 
   850     019B                     SP1BRGL         equ	411	;# 
   851     019B                     SPBRG           equ	411	;# 
   852     019B                     SPBRGL          equ	411	;# 
   853     019C                     SP1BRGH         equ	412	;# 
   854     019C                     SPBRGH          equ	412	;# 
   855     019D                     RCSTA           equ	413	;# 
   856     019E                     TXSTA           equ	414	;# 
   857     019F                     BAUDCON         equ	415	;# 
   858     020D                     WPUB            equ	525	;# 
   859     0210                     WPUE            equ	528	;# 
   860     0211                     SSPBUF          equ	529	;# 
   861     0212                     SSPADD          equ	530	;# 
   862     0213                     SSPMSK          equ	531	;# 
   863     0214                     SSPSTAT         equ	532	;# 
   864     0215                     SSPCON1         equ	533	;# 
   865     0215                     SSPCON          equ	533	;# 
   866     0216                     SSPCON2         equ	534	;# 
   867     0217                     SSPCON3         equ	535	;# 
   868     0291                     CCPR1           equ	657	;# 
   869     0291                     CCPR1L          equ	657	;# 
   870     0292                     CCPR1H          equ	658	;# 
   871     0293                     CCP1CON         equ	659	;# 
   872     0294                     PWM1CON         equ	660	;# 
   873     0295                     CCP1AS          equ	661	;# 
   874     0295                     ECCP1AS         equ	661	;# 
   875     0296                     PSTR1CON        equ	662	;# 
   876     0298                     CCPR2           equ	664	;# 
   877     0298                     CCPR2L          equ	664	;# 
   878     0299                     CCPR2H          equ	665	;# 
   879     029A                     CCP2CON         equ	666	;# 
   880     029B                     PWM2CON         equ	667	;# 
   881     029C                     CCP2AS          equ	668	;# 
   882     029C                     ECCP2AS         equ	668	;# 
   883     029D                     PSTR2CON        equ	669	;# 
   884     029E                     CCPTMRS0        equ	670	;# 
   885     029F                     CCPTMRS1        equ	671	;# 
   886     0311                     CCPR3           equ	785	;# 
   887     0311                     CCPR3L          equ	785	;# 
   888     0312                     CCPR3H          equ	786	;# 
   889     0313                     CCP3CON         equ	787	;# 
   890     0314                     PWM3CON         equ	788	;# 
   891     0315                     CCP3AS          equ	789	;# 
   892     0315                     ECCP3AS         equ	789	;# 
   893     0316                     PSTR3CON        equ	790	;# 
   894     0318                     CCPR4           equ	792	;# 
   895     0318                     CCPR4L          equ	792	;# 
   896     0319                     CCPR4H          equ	793	;# 
   897     031A                     CCP4CON         equ	794	;# 
   898     031C                     CCPR5           equ	796	;# 
   899     031C                     CCPR5L          equ	796	;# 
   900     031D                     CCPR5H          equ	797	;# 
   901     031E                     CCP5CON         equ	798	;# 
   902     0394                     IOCBP           equ	916	;# 
   903     0395                     IOCBN           equ	917	;# 
   904     0396                     IOCBF           equ	918	;# 
   905     0415                     TMR4            equ	1045	;# 
   906     0416                     PR4             equ	1046	;# 
   907     0417                     T4CON           equ	1047	;# 
   908     041C                     TMR6            equ	1052	;# 
   909     041D                     PR6             equ	1053	;# 
   910     041E                     T6CON           equ	1054	;# 
   911     0791                     LCDCON          equ	1937	;# 
   912     0792                     LCDPS           equ	1938	;# 
   913     0793                     LCDREF          equ	1939	;# 
   914     0794                     LCDCST          equ	1940	;# 
   915     0795                     LCDRL           equ	1941	;# 
   916     0798                     LCDSE0          equ	1944	;# 
   917     0799                     LCDSE1          equ	1945	;# 
   918     07A0                     LCDDATA0        equ	1952	;# 
   919     07A1                     LCDDATA1        equ	1953	;# 
   920     07A3                     LCDDATA3        equ	1955	;# 
   921     07A4                     LCDDATA4        equ	1956	;# 
   922     07A6                     LCDDATA6        equ	1958	;# 
   923     07A7                     LCDDATA7        equ	1959	;# 
   924     07A9                     LCDDATA9        equ	1961	;# 
   925     07AA                     LCDDATA10       equ	1962	;# 
   926     0FE4                     STATUS_SHAD     equ	4068	;# 
   927     0FE5                     WREG_SHAD       equ	4069	;# 
   928     0FE6                     BSR_SHAD        equ	4070	;# 
   929     0FE7                     PCLATH_SHAD     equ	4071	;# 
   930     0FE8                     FSR0L_SHAD      equ	4072	;# 
   931     0FE9                     FSR0H_SHAD      equ	4073	;# 
   932     0FEA                     FSR1L_SHAD      equ	4074	;# 
   933     0FEB                     FSR1H_SHAD      equ	4075	;# 
   934     0FED                     STKPTR          equ	4077	;# 
   935     0FEE                     TOSL            equ	4078	;# 
   936     0FEF                     TOSH            equ	4079	;# 
   937     0000                     INDF0           equ	0	;# 
   938     0001                     INDF1           equ	1	;# 
   939     0002                     PCL             equ	2	;# 
   940     0003                     STATUS          equ	3	;# 
   941     0004                     FSR0L           equ	4	;# 
   942     0005                     FSR0H           equ	5	;# 
   943     0006                     FSR1L           equ	6	;# 
   944     0007                     FSR1H           equ	7	;# 
   945     0008                     BSR             equ	8	;# 
   946     0009                     WREG            equ	9	;# 
   947     000A                     PCLATH          equ	10	;# 
   948     000B                     INTCON          equ	11	;# 
   949     000C                     PORTA           equ	12	;# 
   950     000D                     PORTB           equ	13	;# 
   951     000E                     PORTC           equ	14	;# 
   952     0010                     PORTE           equ	16	;# 
   953     0011                     PIR1            equ	17	;# 
   954     0012                     PIR2            equ	18	;# 
   955     0013                     PIR3            equ	19	;# 
   956     0015                     TMR0            equ	21	;# 
   957     0016                     TMR1            equ	22	;# 
   958     0016                     TMR1L           equ	22	;# 
   959     0017                     TMR1H           equ	23	;# 
   960     0018                     T1CON           equ	24	;# 
   961     0019                     T1GCON          equ	25	;# 
   962     001A                     TMR2            equ	26	;# 
   963     001B                     PR2             equ	27	;# 
   964     001C                     T2CON           equ	28	;# 
   965     001E                     CPSCON0         equ	30	;# 
   966     001F                     CPSCON1         equ	31	;# 
   967     008C                     TRISA           equ	140	;# 
   968     008D                     TRISB           equ	141	;# 
   969     008E                     TRISC           equ	142	;# 
   970     0090                     TRISE           equ	144	;# 
   971     0091                     PIE1            equ	145	;# 
   972     0092                     PIE2            equ	146	;# 
   973     0093                     PIE3            equ	147	;# 
   974     0095                     OPTION_REG      equ	149	;# 
   975     0096                     PCON            equ	150	;# 
   976     0097                     WDTCON          equ	151	;# 
   977     0098                     OSCTUNE         equ	152	;# 
   978     0099                     OSCCON          equ	153	;# 
   979     009A                     OSCSTAT         equ	154	;# 
   980     009B                     ADRES           equ	155	;# 
   981     009B                     ADRESL          equ	155	;# 
   982     009C                     ADRESH          equ	156	;# 
   983     009D                     ADCON0          equ	157	;# 
   984     009E                     ADCON1          equ	158	;# 
   985     010C                     LATA            equ	268	;# 
   986     010D                     LATB            equ	269	;# 
   987     010E                     LATC            equ	270	;# 
   988     0110                     LATE            equ	272	;# 
   989     0111                     CM1CON0         equ	273	;# 
   990     0112                     CM1CON1         equ	274	;# 
   991     0113                     CM2CON0         equ	275	;# 
   992     0114                     CM2CON1         equ	276	;# 
   993     0115                     CMOUT           equ	277	;# 
   994     0116                     BORCON          equ	278	;# 
   995     0117                     FVRCON          equ	279	;# 
   996     0118                     DACCON0         equ	280	;# 
   997     0119                     DACCON1         equ	281	;# 
   998     011A                     SRCON0          equ	282	;# 
   999     011B                     SRCON1          equ	283	;# 
  1000     011D                     APFCON          equ	285	;# 
  1001     018C                     ANSELA          equ	396	;# 
  1002     018D                     ANSELB          equ	397	;# 
  1003     0191                     EEADR           equ	401	;# 
  1004     0191                     EEADRL          equ	401	;# 
  1005     0192                     EEADRH          equ	402	;# 
  1006     0193                     EEDAT           equ	403	;# 
  1007     0193                     EEDATL          equ	403	;# 
  1008     0193                     EEDATA          equ	403	;# 
  1009     0194                     EEDATH          equ	404	;# 
  1010     0195                     EECON1          equ	405	;# 
  1011     0196                     EECON2          equ	406	;# 
  1012     0199                     RCREG           equ	409	;# 
  1013     019A                     TXREG           equ	410	;# 
  1014     019B                     SP1BRG          equ	411	;# 
  1015     019B                     SP1BRGL         equ	411	;# 
  1016     019B                     SPBRG           equ	411	;# 
  1017     019B                     SPBRGL          equ	411	;# 
  1018     019C                     SP1BRGH         equ	412	;# 
  1019     019C                     SPBRGH          equ	412	;# 
  1020     019D                     RCSTA           equ	413	;# 
  1021     019E                     TXSTA           equ	414	;# 
  1022     019F                     BAUDCON         equ	415	;# 
  1023     020D                     WPUB            equ	525	;# 
  1024     0210                     WPUE            equ	528	;# 
  1025     0211                     SSPBUF          equ	529	;# 
  1026     0212                     SSPADD          equ	530	;# 
  1027     0213                     SSPMSK          equ	531	;# 
  1028     0214                     SSPSTAT         equ	532	;# 
  1029     0215                     SSPCON1         equ	533	;# 
  1030     0215                     SSPCON          equ	533	;# 
  1031     0216                     SSPCON2         equ	534	;# 
  1032     0217                     SSPCON3         equ	535	;# 
  1033     0291                     CCPR1           equ	657	;# 
  1034     0291                     CCPR1L          equ	657	;# 
  1035     0292                     CCPR1H          equ	658	;# 
  1036     0293                     CCP1CON         equ	659	;# 
  1037     0294                     PWM1CON         equ	660	;# 
  1038     0295                     CCP1AS          equ	661	;# 
  1039     0295                     ECCP1AS         equ	661	;# 
  1040     0296                     PSTR1CON        equ	662	;# 
  1041     0298                     CCPR2           equ	664	;# 
  1042     0298                     CCPR2L          equ	664	;# 
  1043     0299                     CCPR2H          equ	665	;# 
  1044     029A                     CCP2CON         equ	666	;# 
  1045     029B                     PWM2CON         equ	667	;# 
  1046     029C                     CCP2AS          equ	668	;# 
  1047     029C                     ECCP2AS         equ	668	;# 
  1048     029D                     PSTR2CON        equ	669	;# 
  1049     029E                     CCPTMRS0        equ	670	;# 
  1050     029F                     CCPTMRS1        equ	671	;# 
  1051     0311                     CCPR3           equ	785	;# 
  1052     0311                     CCPR3L          equ	785	;# 
  1053     0312                     CCPR3H          equ	786	;# 
  1054     0313                     CCP3CON         equ	787	;# 
  1055     0314                     PWM3CON         equ	788	;# 
  1056     0315                     CCP3AS          equ	789	;# 
  1057     0315                     ECCP3AS         equ	789	;# 
  1058     0316                     PSTR3CON        equ	790	;# 
  1059     0318                     CCPR4           equ	792	;# 
  1060     0318                     CCPR4L          equ	792	;# 
  1061     0319                     CCPR4H          equ	793	;# 
  1062     031A                     CCP4CON         equ	794	;# 
  1063     031C                     CCPR5           equ	796	;# 
  1064     031C                     CCPR5L          equ	796	;# 
  1065     031D                     CCPR5H          equ	797	;# 
  1066     031E                     CCP5CON         equ	798	;# 
  1067     0394                     IOCBP           equ	916	;# 
  1068     0395                     IOCBN           equ	917	;# 
  1069     0396                     IOCBF           equ	918	;# 
  1070     0415                     TMR4            equ	1045	;# 
  1071     0416                     PR4             equ	1046	;# 
  1072     0417                     T4CON           equ	1047	;# 
  1073     041C                     TMR6            equ	1052	;# 
  1074     041D                     PR6             equ	1053	;# 
  1075     041E                     T6CON           equ	1054	;# 
  1076     0791                     LCDCON          equ	1937	;# 
  1077     0792                     LCDPS           equ	1938	;# 
  1078     0793                     LCDREF          equ	1939	;# 
  1079     0794                     LCDCST          equ	1940	;# 
  1080     0795                     LCDRL           equ	1941	;# 
  1081     0798                     LCDSE0          equ	1944	;# 
  1082     0799                     LCDSE1          equ	1945	;# 
  1083     07A0                     LCDDATA0        equ	1952	;# 
  1084     07A1                     LCDDATA1        equ	1953	;# 
  1085     07A3                     LCDDATA3        equ	1955	;# 
  1086     07A4                     LCDDATA4        equ	1956	;# 
  1087     07A6                     LCDDATA6        equ	1958	;# 
  1088     07A7                     LCDDATA7        equ	1959	;# 
  1089     07A9                     LCDDATA9        equ	1961	;# 
  1090     07AA                     LCDDATA10       equ	1962	;# 
  1091     0FE4                     STATUS_SHAD     equ	4068	;# 
  1092     0FE5                     WREG_SHAD       equ	4069	;# 
  1093     0FE6                     BSR_SHAD        equ	4070	;# 
  1094     0FE7                     PCLATH_SHAD     equ	4071	;# 
  1095     0FE8                     FSR0L_SHAD      equ	4072	;# 
  1096     0FE9                     FSR0H_SHAD      equ	4073	;# 
  1097     0FEA                     FSR1L_SHAD      equ	4074	;# 
  1098     0FEB                     FSR1H_SHAD      equ	4075	;# 
  1099     0FED                     STKPTR          equ	4077	;# 
  1100     0FEE                     TOSL            equ	4078	;# 
  1101     0FEF                     TOSH            equ	4079	;# 
  1102     0000                     INDF0           equ	0	;# 
  1103     0001                     INDF1           equ	1	;# 
  1104     0002                     PCL             equ	2	;# 
  1105     0003                     STATUS          equ	3	;# 
  1106     0004                     FSR0L           equ	4	;# 
  1107     0005                     FSR0H           equ	5	;# 
  1108     0006                     FSR1L           equ	6	;# 
  1109     0007                     FSR1H           equ	7	;# 
  1110     0008                     BSR             equ	8	;# 
  1111     0009                     WREG            equ	9	;# 
  1112     000A                     PCLATH          equ	10	;# 
  1113     000B                     INTCON          equ	11	;# 
  1114     000C                     PORTA           equ	12	;# 
  1115     000D                     PORTB           equ	13	;# 
  1116     000E                     PORTC           equ	14	;# 
  1117     0010                     PORTE           equ	16	;# 
  1118     0011                     PIR1            equ	17	;# 
  1119     0012                     PIR2            equ	18	;# 
  1120     0013                     PIR3            equ	19	;# 
  1121     0015                     TMR0            equ	21	;# 
  1122     0016                     TMR1            equ	22	;# 
  1123     0016                     TMR1L           equ	22	;# 
  1124     0017                     TMR1H           equ	23	;# 
  1125     0018                     T1CON           equ	24	;# 
  1126     0019                     T1GCON          equ	25	;# 
  1127     001A                     TMR2            equ	26	;# 
  1128     001B                     PR2             equ	27	;# 
  1129     001C                     T2CON           equ	28	;# 
  1130     001E                     CPSCON0         equ	30	;# 
  1131     001F                     CPSCON1         equ	31	;# 
  1132     008C                     TRISA           equ	140	;# 
  1133     008D                     TRISB           equ	141	;# 
  1134     008E                     TRISC           equ	142	;# 
  1135     0090                     TRISE           equ	144	;# 
  1136     0091                     PIE1            equ	145	;# 
  1137     0092                     PIE2            equ	146	;# 
  1138     0093                     PIE3            equ	147	;# 
  1139     0095                     OPTION_REG      equ	149	;# 
  1140     0096                     PCON            equ	150	;# 
  1141     0097                     WDTCON          equ	151	;# 
  1142     0098                     OSCTUNE         equ	152	;# 
  1143     0099                     OSCCON          equ	153	;# 
  1144     009A                     OSCSTAT         equ	154	;# 
  1145     009B                     ADRES           equ	155	;# 
  1146     009B                     ADRESL          equ	155	;# 
  1147     009C                     ADRESH          equ	156	;# 
  1148     009D                     ADCON0          equ	157	;# 
  1149     009E                     ADCON1          equ	158	;# 
  1150     010C                     LATA            equ	268	;# 
  1151     010D                     LATB            equ	269	;# 
  1152     010E                     LATC            equ	270	;# 
  1153     0110                     LATE            equ	272	;# 
  1154     0111                     CM1CON0         equ	273	;# 
  1155     0112                     CM1CON1         equ	274	;# 
  1156     0113                     CM2CON0         equ	275	;# 
  1157     0114                     CM2CON1         equ	276	;# 
  1158     0115                     CMOUT           equ	277	;# 
  1159     0116                     BORCON          equ	278	;# 
  1160     0117                     FVRCON          equ	279	;# 
  1161     0118                     DACCON0         equ	280	;# 
  1162     0119                     DACCON1         equ	281	;# 
  1163     011A                     SRCON0          equ	282	;# 
  1164     011B                     SRCON1          equ	283	;# 
  1165     011D                     APFCON          equ	285	;# 
  1166     018C                     ANSELA          equ	396	;# 
  1167     018D                     ANSELB          equ	397	;# 
  1168     0191                     EEADR           equ	401	;# 
  1169     0191                     EEADRL          equ	401	;# 
  1170     0192                     EEADRH          equ	402	;# 
  1171     0193                     EEDAT           equ	403	;# 
  1172     0193                     EEDATL          equ	403	;# 
  1173     0193                     EEDATA          equ	403	;# 
  1174     0194                     EEDATH          equ	404	;# 
  1175     0195                     EECON1          equ	405	;# 
  1176     0196                     EECON2          equ	406	;# 
  1177     0199                     RCREG           equ	409	;# 
  1178     019A                     TXREG           equ	410	;# 
  1179     019B                     SP1BRG          equ	411	;# 
  1180     019B                     SP1BRGL         equ	411	;# 
  1181     019B                     SPBRG           equ	411	;# 
  1182     019B                     SPBRGL          equ	411	;# 
  1183     019C                     SP1BRGH         equ	412	;# 
  1184     019C                     SPBRGH          equ	412	;# 
  1185     019D                     RCSTA           equ	413	;# 
  1186     019E                     TXSTA           equ	414	;# 
  1187     019F                     BAUDCON         equ	415	;# 
  1188     020D                     WPUB            equ	525	;# 
  1189     0210                     WPUE            equ	528	;# 
  1190     0211                     SSPBUF          equ	529	;# 
  1191     0212                     SSPADD          equ	530	;# 
  1192     0213                     SSPMSK          equ	531	;# 
  1193     0214                     SSPSTAT         equ	532	;# 
  1194     0215                     SSPCON1         equ	533	;# 
  1195     0215                     SSPCON          equ	533	;# 
  1196     0216                     SSPCON2         equ	534	;# 
  1197     0217                     SSPCON3         equ	535	;# 
  1198     0291                     CCPR1           equ	657	;# 
  1199     0291                     CCPR1L          equ	657	;# 
  1200     0292                     CCPR1H          equ	658	;# 
  1201     0293                     CCP1CON         equ	659	;# 
  1202     0294                     PWM1CON         equ	660	;# 
  1203     0295                     CCP1AS          equ	661	;# 
  1204     0295                     ECCP1AS         equ	661	;# 
  1205     0296                     PSTR1CON        equ	662	;# 
  1206     0298                     CCPR2           equ	664	;# 
  1207     0298                     CCPR2L          equ	664	;# 
  1208     0299                     CCPR2H          equ	665	;# 
  1209     029A                     CCP2CON         equ	666	;# 
  1210     029B                     PWM2CON         equ	667	;# 
  1211     029C                     CCP2AS          equ	668	;# 
  1212     029C                     ECCP2AS         equ	668	;# 
  1213     029D                     PSTR2CON        equ	669	;# 
  1214     029E                     CCPTMRS0        equ	670	;# 
  1215     029F                     CCPTMRS1        equ	671	;# 
  1216     0311                     CCPR3           equ	785	;# 
  1217     0311                     CCPR3L          equ	785	;# 
  1218     0312                     CCPR3H          equ	786	;# 
  1219     0313                     CCP3CON         equ	787	;# 
  1220     0314                     PWM3CON         equ	788	;# 
  1221     0315                     CCP3AS          equ	789	;# 
  1222     0315                     ECCP3AS         equ	789	;# 
  1223     0316                     PSTR3CON        equ	790	;# 
  1224     0318                     CCPR4           equ	792	;# 
  1225     0318                     CCPR4L          equ	792	;# 
  1226     0319                     CCPR4H          equ	793	;# 
  1227     031A                     CCP4CON         equ	794	;# 
  1228     031C                     CCPR5           equ	796	;# 
  1229     031C                     CCPR5L          equ	796	;# 
  1230     031D                     CCPR5H          equ	797	;# 
  1231     031E                     CCP5CON         equ	798	;# 
  1232     0394                     IOCBP           equ	916	;# 
  1233     0395                     IOCBN           equ	917	;# 
  1234     0396                     IOCBF           equ	918	;# 
  1235     0415                     TMR4            equ	1045	;# 
  1236     0416                     PR4             equ	1046	;# 
  1237     0417                     T4CON           equ	1047	;# 
  1238     041C                     TMR6            equ	1052	;# 
  1239     041D                     PR6             equ	1053	;# 
  1240     041E                     T6CON           equ	1054	;# 
  1241     0791                     LCDCON          equ	1937	;# 
  1242     0792                     LCDPS           equ	1938	;# 
  1243     0793                     LCDREF          equ	1939	;# 
  1244     0794                     LCDCST          equ	1940	;# 
  1245     0795                     LCDRL           equ	1941	;# 
  1246     0798                     LCDSE0          equ	1944	;# 
  1247     0799                     LCDSE1          equ	1945	;# 
  1248     07A0                     LCDDATA0        equ	1952	;# 
  1249     07A1                     LCDDATA1        equ	1953	;# 
  1250     07A3                     LCDDATA3        equ	1955	;# 
  1251     07A4                     LCDDATA4        equ	1956	;# 
  1252     07A6                     LCDDATA6        equ	1958	;# 
  1253     07A7                     LCDDATA7        equ	1959	;# 
  1254     07A9                     LCDDATA9        equ	1961	;# 
  1255     07AA                     LCDDATA10       equ	1962	;# 
  1256     0FE4                     STATUS_SHAD     equ	4068	;# 
  1257     0FE5                     WREG_SHAD       equ	4069	;# 
  1258     0FE6                     BSR_SHAD        equ	4070	;# 
  1259     0FE7                     PCLATH_SHAD     equ	4071	;# 
  1260     0FE8                     FSR0L_SHAD      equ	4072	;# 
  1261     0FE9                     FSR0H_SHAD      equ	4073	;# 
  1262     0FEA                     FSR1L_SHAD      equ	4074	;# 
  1263     0FEB                     FSR1H_SHAD      equ	4075	;# 
  1264     0FED                     STKPTR          equ	4077	;# 
  1265     0FEE                     TOSL            equ	4078	;# 
  1266     0FEF                     TOSH            equ	4079	;# 
  1267     0000                     INDF0           equ	0	;# 
  1268     0001                     INDF1           equ	1	;# 
  1269     0002                     PCL             equ	2	;# 
  1270     0003                     STATUS          equ	3	;# 
  1271     0004                     FSR0L           equ	4	;# 
  1272     0005                     FSR0H           equ	5	;# 
  1273     0006                     FSR1L           equ	6	;# 
  1274     0007                     FSR1H           equ	7	;# 
  1275     0008                     BSR             equ	8	;# 
  1276     0009                     WREG            equ	9	;# 
  1277     000A                     PCLATH          equ	10	;# 
  1278     000B                     INTCON          equ	11	;# 
  1279     000C                     PORTA           equ	12	;# 
  1280     000D                     PORTB           equ	13	;# 
  1281     000E                     PORTC           equ	14	;# 
  1282     0010                     PORTE           equ	16	;# 
  1283     0011                     PIR1            equ	17	;# 
  1284     0012                     PIR2            equ	18	;# 
  1285     0013                     PIR3            equ	19	;# 
  1286     0015                     TMR0            equ	21	;# 
  1287     0016                     TMR1            equ	22	;# 
  1288     0016                     TMR1L           equ	22	;# 
  1289     0017                     TMR1H           equ	23	;# 
  1290     0018                     T1CON           equ	24	;# 
  1291     0019                     T1GCON          equ	25	;# 
  1292     001A                     TMR2            equ	26	;# 
  1293     001B                     PR2             equ	27	;# 
  1294     001C                     T2CON           equ	28	;# 
  1295     001E                     CPSCON0         equ	30	;# 
  1296     001F                     CPSCON1         equ	31	;# 
  1297     008C                     TRISA           equ	140	;# 
  1298     008D                     TRISB           equ	141	;# 
  1299     008E                     TRISC           equ	142	;# 
  1300     0090                     TRISE           equ	144	;# 
  1301     0091                     PIE1            equ	145	;# 
  1302     0092                     PIE2            equ	146	;# 
  1303     0093                     PIE3            equ	147	;# 
  1304     0095                     OPTION_REG      equ	149	;# 
  1305     0096                     PCON            equ	150	;# 
  1306     0097                     WDTCON          equ	151	;# 
  1307     0098                     OSCTUNE         equ	152	;# 
  1308     0099                     OSCCON          equ	153	;# 
  1309     009A                     OSCSTAT         equ	154	;# 
  1310     009B                     ADRES           equ	155	;# 
  1311     009B                     ADRESL          equ	155	;# 
  1312     009C                     ADRESH          equ	156	;# 
  1313     009D                     ADCON0          equ	157	;# 
  1314     009E                     ADCON1          equ	158	;# 
  1315     010C                     LATA            equ	268	;# 
  1316     010D                     LATB            equ	269	;# 
  1317     010E                     LATC            equ	270	;# 
  1318     0110                     LATE            equ	272	;# 
  1319     0111                     CM1CON0         equ	273	;# 
  1320     0112                     CM1CON1         equ	274	;# 
  1321     0113                     CM2CON0         equ	275	;# 
  1322     0114                     CM2CON1         equ	276	;# 
  1323     0115                     CMOUT           equ	277	;# 
  1324     0116                     BORCON          equ	278	;# 
  1325     0117                     FVRCON          equ	279	;# 
  1326     0118                     DACCON0         equ	280	;# 
  1327     0119                     DACCON1         equ	281	;# 
  1328     011A                     SRCON0          equ	282	;# 
  1329     011B                     SRCON1          equ	283	;# 
  1330     011D                     APFCON          equ	285	;# 
  1331     018C                     ANSELA          equ	396	;# 
  1332     018D                     ANSELB          equ	397	;# 
  1333     0191                     EEADR           equ	401	;# 
  1334     0191                     EEADRL          equ	401	;# 
  1335     0192                     EEADRH          equ	402	;# 
  1336     0193                     EEDAT           equ	403	;# 
  1337     0193                     EEDATL          equ	403	;# 
  1338     0193                     EEDATA          equ	403	;# 
  1339     0194                     EEDATH          equ	404	;# 
  1340     0195                     EECON1          equ	405	;# 
  1341     0196                     EECON2          equ	406	;# 
  1342     0199                     RCREG           equ	409	;# 
  1343     019A                     TXREG           equ	410	;# 
  1344     019B                     SP1BRG          equ	411	;# 
  1345     019B                     SP1BRGL         equ	411	;# 
  1346     019B                     SPBRG           equ	411	;# 
  1347     019B                     SPBRGL          equ	411	;# 
  1348     019C                     SP1BRGH         equ	412	;# 
  1349     019C                     SPBRGH          equ	412	;# 
  1350     019D                     RCSTA           equ	413	;# 
  1351     019E                     TXSTA           equ	414	;# 
  1352     019F                     BAUDCON         equ	415	;# 
  1353     020D                     WPUB            equ	525	;# 
  1354     0210                     WPUE            equ	528	;# 
  1355     0211                     SSPBUF          equ	529	;# 
  1356     0212                     SSPADD          equ	530	;# 
  1357     0213                     SSPMSK          equ	531	;# 
  1358     0214                     SSPSTAT         equ	532	;# 
  1359     0215                     SSPCON1         equ	533	;# 
  1360     0215                     SSPCON          equ	533	;# 
  1361     0216                     SSPCON2         equ	534	;# 
  1362     0217                     SSPCON3         equ	535	;# 
  1363     0291                     CCPR1           equ	657	;# 
  1364     0291                     CCPR1L          equ	657	;# 
  1365     0292                     CCPR1H          equ	658	;# 
  1366     0293                     CCP1CON         equ	659	;# 
  1367     0294                     PWM1CON         equ	660	;# 
  1368     0295                     CCP1AS          equ	661	;# 
  1369     0295                     ECCP1AS         equ	661	;# 
  1370     0296                     PSTR1CON        equ	662	;# 
  1371     0298                     CCPR2           equ	664	;# 
  1372     0298                     CCPR2L          equ	664	;# 
  1373     0299                     CCPR2H          equ	665	;# 
  1374     029A                     CCP2CON         equ	666	;# 
  1375     029B                     PWM2CON         equ	667	;# 
  1376     029C                     CCP2AS          equ	668	;# 
  1377     029C                     ECCP2AS         equ	668	;# 
  1378     029D                     PSTR2CON        equ	669	;# 
  1379     029E                     CCPTMRS0        equ	670	;# 
  1380     029F                     CCPTMRS1        equ	671	;# 
  1381     0311                     CCPR3           equ	785	;# 
  1382     0311                     CCPR3L          equ	785	;# 
  1383     0312                     CCPR3H          equ	786	;# 
  1384     0313                     CCP3CON         equ	787	;# 
  1385     0314                     PWM3CON         equ	788	;# 
  1386     0315                     CCP3AS          equ	789	;# 
  1387     0315                     ECCP3AS         equ	789	;# 
  1388     0316                     PSTR3CON        equ	790	;# 
  1389     0318                     CCPR4           equ	792	;# 
  1390     0318                     CCPR4L          equ	792	;# 
  1391     0319                     CCPR4H          equ	793	;# 
  1392     031A                     CCP4CON         equ	794	;# 
  1393     031C                     CCPR5           equ	796	;# 
  1394     031C                     CCPR5L          equ	796	;# 
  1395     031D                     CCPR5H          equ	797	;# 
  1396     031E                     CCP5CON         equ	798	;# 
  1397     0394                     IOCBP           equ	916	;# 
  1398     0395                     IOCBN           equ	917	;# 
  1399     0396                     IOCBF           equ	918	;# 
  1400     0415                     TMR4            equ	1045	;# 
  1401     0416                     PR4             equ	1046	;# 
  1402     0417                     T4CON           equ	1047	;# 
  1403     041C                     TMR6            equ	1052	;# 
  1404     041D                     PR6             equ	1053	;# 
  1405     041E                     T6CON           equ	1054	;# 
  1406     0791                     LCDCON          equ	1937	;# 
  1407     0792                     LCDPS           equ	1938	;# 
  1408     0793                     LCDREF          equ	1939	;# 
  1409     0794                     LCDCST          equ	1940	;# 
  1410     0795                     LCDRL           equ	1941	;# 
  1411     0798                     LCDSE0          equ	1944	;# 
  1412     0799                     LCDSE1          equ	1945	;# 
  1413     07A0                     LCDDATA0        equ	1952	;# 
  1414     07A1                     LCDDATA1        equ	1953	;# 
  1415     07A3                     LCDDATA3        equ	1955	;# 
  1416     07A4                     LCDDATA4        equ	1956	;# 
  1417     07A6                     LCDDATA6        equ	1958	;# 
  1418     07A7                     LCDDATA7        equ	1959	;# 
  1419     07A9                     LCDDATA9        equ	1961	;# 
  1420     07AA                     LCDDATA10       equ	1962	;# 
  1421     0FE4                     STATUS_SHAD     equ	4068	;# 
  1422     0FE5                     WREG_SHAD       equ	4069	;# 
  1423     0FE6                     BSR_SHAD        equ	4070	;# 
  1424     0FE7                     PCLATH_SHAD     equ	4071	;# 
  1425     0FE8                     FSR0L_SHAD      equ	4072	;# 
  1426     0FE9                     FSR0H_SHAD      equ	4073	;# 
  1427     0FEA                     FSR1L_SHAD      equ	4074	;# 
  1428     0FEB                     FSR1H_SHAD      equ	4075	;# 
  1429     0FED                     STKPTR          equ	4077	;# 
  1430     0FEE                     TOSL            equ	4078	;# 
  1431     0FEF                     TOSH            equ	4079	;# 
  1432     0000                     INDF0           equ	0	;# 
  1433     0001                     INDF1           equ	1	;# 
  1434     0002                     PCL             equ	2	;# 
  1435     0003                     STATUS          equ	3	;# 
  1436     0004                     FSR0L           equ	4	;# 
  1437     0005                     FSR0H           equ	5	;# 
  1438     0006                     FSR1L           equ	6	;# 
  1439     0007                     FSR1H           equ	7	;# 
  1440     0008                     BSR             equ	8	;# 
  1441     0009                     WREG            equ	9	;# 
  1442     000A                     PCLATH          equ	10	;# 
  1443     000B                     INTCON          equ	11	;# 
  1444     000C                     PORTA           equ	12	;# 
  1445     000D                     PORTB           equ	13	;# 
  1446     000E                     PORTC           equ	14	;# 
  1447     0010                     PORTE           equ	16	;# 
  1448     0011                     PIR1            equ	17	;# 
  1449     0012                     PIR2            equ	18	;# 
  1450     0013                     PIR3            equ	19	;# 
  1451     0015                     TMR0            equ	21	;# 
  1452     0016                     TMR1            equ	22	;# 
  1453     0016                     TMR1L           equ	22	;# 
  1454     0017                     TMR1H           equ	23	;# 
  1455     0018                     T1CON           equ	24	;# 
  1456     0019                     T1GCON          equ	25	;# 
  1457     001A                     TMR2            equ	26	;# 
  1458     001B                     PR2             equ	27	;# 
  1459     001C                     T2CON           equ	28	;# 
  1460     001E                     CPSCON0         equ	30	;# 
  1461     001F                     CPSCON1         equ	31	;# 
  1462     008C                     TRISA           equ	140	;# 
  1463     008D                     TRISB           equ	141	;# 
  1464     008E                     TRISC           equ	142	;# 
  1465     0090                     TRISE           equ	144	;# 
  1466     0091                     PIE1            equ	145	;# 
  1467     0092                     PIE2            equ	146	;# 
  1468     0093                     PIE3            equ	147	;# 
  1469     0095                     OPTION_REG      equ	149	;# 
  1470     0096                     PCON            equ	150	;# 
  1471     0097                     WDTCON          equ	151	;# 
  1472     0098                     OSCTUNE         equ	152	;# 
  1473     0099                     OSCCON          equ	153	;# 
  1474     009A                     OSCSTAT         equ	154	;# 
  1475     009B                     ADRES           equ	155	;# 
  1476     009B                     ADRESL          equ	155	;# 
  1477     009C                     ADRESH          equ	156	;# 
  1478     009D                     ADCON0          equ	157	;# 
  1479     009E                     ADCON1          equ	158	;# 
  1480     010C                     LATA            equ	268	;# 
  1481     010D                     LATB            equ	269	;# 
  1482     010E                     LATC            equ	270	;# 
  1483     0110                     LATE            equ	272	;# 
  1484     0111                     CM1CON0         equ	273	;# 
  1485     0112                     CM1CON1         equ	274	;# 
  1486     0113                     CM2CON0         equ	275	;# 
  1487     0114                     CM2CON1         equ	276	;# 
  1488     0115                     CMOUT           equ	277	;# 
  1489     0116                     BORCON          equ	278	;# 
  1490     0117                     FVRCON          equ	279	;# 
  1491     0118                     DACCON0         equ	280	;# 
  1492     0119                     DACCON1         equ	281	;# 
  1493     011A                     SRCON0          equ	282	;# 
  1494     011B                     SRCON1          equ	283	;# 
  1495     011D                     APFCON          equ	285	;# 
  1496     018C                     ANSELA          equ	396	;# 
  1497     018D                     ANSELB          equ	397	;# 
  1498     0191                     EEADR           equ	401	;# 
  1499     0191                     EEADRL          equ	401	;# 
  1500     0192                     EEADRH          equ	402	;# 
  1501     0193                     EEDAT           equ	403	;# 
  1502     0193                     EEDATL          equ	403	;# 
  1503     0193                     EEDATA          equ	403	;# 
  1504     0194                     EEDATH          equ	404	;# 
  1505     0195                     EECON1          equ	405	;# 
  1506     0196                     EECON2          equ	406	;# 
  1507     0199                     RCREG           equ	409	;# 
  1508     019A                     TXREG           equ	410	;# 
  1509     019B                     SP1BRG          equ	411	;# 
  1510     019B                     SP1BRGL         equ	411	;# 
  1511     019B                     SPBRG           equ	411	;# 
  1512     019B                     SPBRGL          equ	411	;# 
  1513     019C                     SP1BRGH         equ	412	;# 
  1514     019C                     SPBRGH          equ	412	;# 
  1515     019D                     RCSTA           equ	413	;# 
  1516     019E                     TXSTA           equ	414	;# 
  1517     019F                     BAUDCON         equ	415	;# 
  1518     020D                     WPUB            equ	525	;# 
  1519     0210                     WPUE            equ	528	;# 
  1520     0211                     SSPBUF          equ	529	;# 
  1521     0212                     SSPADD          equ	530	;# 
  1522     0213                     SSPMSK          equ	531	;# 
  1523     0214                     SSPSTAT         equ	532	;# 
  1524     0215                     SSPCON1         equ	533	;# 
  1525     0215                     SSPCON          equ	533	;# 
  1526     0216                     SSPCON2         equ	534	;# 
  1527     0217                     SSPCON3         equ	535	;# 
  1528     0291                     CCPR1           equ	657	;# 
  1529     0291                     CCPR1L          equ	657	;# 
  1530     0292                     CCPR1H          equ	658	;# 
  1531     0293                     CCP1CON         equ	659	;# 
  1532     0294                     PWM1CON         equ	660	;# 
  1533     0295                     CCP1AS          equ	661	;# 
  1534     0295                     ECCP1AS         equ	661	;# 
  1535     0296                     PSTR1CON        equ	662	;# 
  1536     0298                     CCPR2           equ	664	;# 
  1537     0298                     CCPR2L          equ	664	;# 
  1538     0299                     CCPR2H          equ	665	;# 
  1539     029A                     CCP2CON         equ	666	;# 
  1540     029B                     PWM2CON         equ	667	;# 
  1541     029C                     CCP2AS          equ	668	;# 
  1542     029C                     ECCP2AS         equ	668	;# 
  1543     029D                     PSTR2CON        equ	669	;# 
  1544     029E                     CCPTMRS0        equ	670	;# 
  1545     029F                     CCPTMRS1        equ	671	;# 
  1546     0311                     CCPR3           equ	785	;# 
  1547     0311                     CCPR3L          equ	785	;# 
  1548     0312                     CCPR3H          equ	786	;# 
  1549     0313                     CCP3CON         equ	787	;# 
  1550     0314                     PWM3CON         equ	788	;# 
  1551     0315                     CCP3AS          equ	789	;# 
  1552     0315                     ECCP3AS         equ	789	;# 
  1553     0316                     PSTR3CON        equ	790	;# 
  1554     0318                     CCPR4           equ	792	;# 
  1555     0318                     CCPR4L          equ	792	;# 
  1556     0319                     CCPR4H          equ	793	;# 
  1557     031A                     CCP4CON         equ	794	;# 
  1558     031C                     CCPR5           equ	796	;# 
  1559     031C                     CCPR5L          equ	796	;# 
  1560     031D                     CCPR5H          equ	797	;# 
  1561     031E                     CCP5CON         equ	798	;# 
  1562     0394                     IOCBP           equ	916	;# 
  1563     0395                     IOCBN           equ	917	;# 
  1564     0396                     IOCBF           equ	918	;# 
  1565     0415                     TMR4            equ	1045	;# 
  1566     0416                     PR4             equ	1046	;# 
  1567     0417                     T4CON           equ	1047	;# 
  1568     041C                     TMR6            equ	1052	;# 
  1569     041D                     PR6             equ	1053	;# 
  1570     041E                     T6CON           equ	1054	;# 
  1571     0791                     LCDCON          equ	1937	;# 
  1572     0792                     LCDPS           equ	1938	;# 
  1573     0793                     LCDREF          equ	1939	;# 
  1574     0794                     LCDCST          equ	1940	;# 
  1575     0795                     LCDRL           equ	1941	;# 
  1576     0798                     LCDSE0          equ	1944	;# 
  1577     0799                     LCDSE1          equ	1945	;# 
  1578     07A0                     LCDDATA0        equ	1952	;# 
  1579     07A1                     LCDDATA1        equ	1953	;# 
  1580     07A3                     LCDDATA3        equ	1955	;# 
  1581     07A4                     LCDDATA4        equ	1956	;# 
  1582     07A6                     LCDDATA6        equ	1958	;# 
  1583     07A7                     LCDDATA7        equ	1959	;# 
  1584     07A9                     LCDDATA9        equ	1961	;# 
  1585     07AA                     LCDDATA10       equ	1962	;# 
  1586     0FE4                     STATUS_SHAD     equ	4068	;# 
  1587     0FE5                     WREG_SHAD       equ	4069	;# 
  1588     0FE6                     BSR_SHAD        equ	4070	;# 
  1589     0FE7                     PCLATH_SHAD     equ	4071	;# 
  1590     0FE8                     FSR0L_SHAD      equ	4072	;# 
  1591     0FE9                     FSR0H_SHAD      equ	4073	;# 
  1592     0FEA                     FSR1L_SHAD      equ	4074	;# 
  1593     0FEB                     FSR1H_SHAD      equ	4075	;# 
  1594     0FED                     STKPTR          equ	4077	;# 
  1595     0FEE                     TOSL            equ	4078	;# 
  1596     0FEF                     TOSH            equ	4079	;# 
  1597     0000                     INDF0           equ	0	;# 
  1598     0001                     INDF1           equ	1	;# 
  1599     0002                     PCL             equ	2	;# 
  1600     0003                     STATUS          equ	3	;# 
  1601     0004                     FSR0L           equ	4	;# 
  1602     0005                     FSR0H           equ	5	;# 
  1603     0006                     FSR1L           equ	6	;# 
  1604     0007                     FSR1H           equ	7	;# 
  1605     0008                     BSR             equ	8	;# 
  1606     0009                     WREG            equ	9	;# 
  1607     000A                     PCLATH          equ	10	;# 
  1608     000B                     INTCON          equ	11	;# 
  1609     000C                     PORTA           equ	12	;# 
  1610     000D                     PORTB           equ	13	;# 
  1611     000E                     PORTC           equ	14	;# 
  1612     0010                     PORTE           equ	16	;# 
  1613     0011                     PIR1            equ	17	;# 
  1614     0012                     PIR2            equ	18	;# 
  1615     0013                     PIR3            equ	19	;# 
  1616     0015                     TMR0            equ	21	;# 
  1617     0016                     TMR1            equ	22	;# 
  1618     0016                     TMR1L           equ	22	;# 
  1619     0017                     TMR1H           equ	23	;# 
  1620     0018                     T1CON           equ	24	;# 
  1621     0019                     T1GCON          equ	25	;# 
  1622     001A                     TMR2            equ	26	;# 
  1623     001B                     PR2             equ	27	;# 
  1624     001C                     T2CON           equ	28	;# 
  1625     001E                     CPSCON0         equ	30	;# 
  1626     001F                     CPSCON1         equ	31	;# 
  1627     008C                     TRISA           equ	140	;# 
  1628     008D                     TRISB           equ	141	;# 
  1629     008E                     TRISC           equ	142	;# 
  1630     0090                     TRISE           equ	144	;# 
  1631     0091                     PIE1            equ	145	;# 
  1632     0092                     PIE2            equ	146	;# 
  1633     0093                     PIE3            equ	147	;# 
  1634     0095                     OPTION_REG      equ	149	;# 
  1635     0096                     PCON            equ	150	;# 
  1636     0097                     WDTCON          equ	151	;# 
  1637     0098                     OSCTUNE         equ	152	;# 
  1638     0099                     OSCCON          equ	153	;# 
  1639     009A                     OSCSTAT         equ	154	;# 
  1640     009B                     ADRES           equ	155	;# 
  1641     009B                     ADRESL          equ	155	;# 
  1642     009C                     ADRESH          equ	156	;# 
  1643     009D                     ADCON0          equ	157	;# 
  1644     009E                     ADCON1          equ	158	;# 
  1645     010C                     LATA            equ	268	;# 
  1646     010D                     LATB            equ	269	;# 
  1647     010E                     LATC            equ	270	;# 
  1648     0110                     LATE            equ	272	;# 
  1649     0111                     CM1CON0         equ	273	;# 
  1650     0112                     CM1CON1         equ	274	;# 
  1651     0113                     CM2CON0         equ	275	;# 
  1652     0114                     CM2CON1         equ	276	;# 
  1653     0115                     CMOUT           equ	277	;# 
  1654     0116                     BORCON          equ	278	;# 
  1655     0117                     FVRCON          equ	279	;# 
  1656     0118                     DACCON0         equ	280	;# 
  1657     0119                     DACCON1         equ	281	;# 
  1658     011A                     SRCON0          equ	282	;# 
  1659     011B                     SRCON1          equ	283	;# 
  1660     011D                     APFCON          equ	285	;# 
  1661     018C                     ANSELA          equ	396	;# 
  1662     018D                     ANSELB          equ	397	;# 
  1663     0191                     EEADR           equ	401	;# 
  1664     0191                     EEADRL          equ	401	;# 
  1665     0192                     EEADRH          equ	402	;# 
  1666     0193                     EEDAT           equ	403	;# 
  1667     0193                     EEDATL          equ	403	;# 
  1668     0193                     EEDATA          equ	403	;# 
  1669     0194                     EEDATH          equ	404	;# 
  1670     0195                     EECON1          equ	405	;# 
  1671     0196                     EECON2          equ	406	;# 
  1672     0199                     RCREG           equ	409	;# 
  1673     019A                     TXREG           equ	410	;# 
  1674     019B                     SP1BRG          equ	411	;# 
  1675     019B                     SP1BRGL         equ	411	;# 
  1676     019B                     SPBRG           equ	411	;# 
  1677     019B                     SPBRGL          equ	411	;# 
  1678     019C                     SP1BRGH         equ	412	;# 
  1679     019C                     SPBRGH          equ	412	;# 
  1680     019D                     RCSTA           equ	413	;# 
  1681     019E                     TXSTA           equ	414	;# 
  1682     019F                     BAUDCON         equ	415	;# 
  1683     020D                     WPUB            equ	525	;# 
  1684     0210                     WPUE            equ	528	;# 
  1685     0211                     SSPBUF          equ	529	;# 
  1686     0212                     SSPADD          equ	530	;# 
  1687     0213                     SSPMSK          equ	531	;# 
  1688     0214                     SSPSTAT         equ	532	;# 
  1689     0215                     SSPCON1         equ	533	;# 
  1690     0215                     SSPCON          equ	533	;# 
  1691     0216                     SSPCON2         equ	534	;# 
  1692     0217                     SSPCON3         equ	535	;# 
  1693     0291                     CCPR1           equ	657	;# 
  1694     0291                     CCPR1L          equ	657	;# 
  1695     0292                     CCPR1H          equ	658	;# 
  1696     0293                     CCP1CON         equ	659	;# 
  1697     0294                     PWM1CON         equ	660	;# 
  1698     0295                     CCP1AS          equ	661	;# 
  1699     0295                     ECCP1AS         equ	661	;# 
  1700     0296                     PSTR1CON        equ	662	;# 
  1701     0298                     CCPR2           equ	664	;# 
  1702     0298                     CCPR2L          equ	664	;# 
  1703     0299                     CCPR2H          equ	665	;# 
  1704     029A                     CCP2CON         equ	666	;# 
  1705     029B                     PWM2CON         equ	667	;# 
  1706     029C                     CCP2AS          equ	668	;# 
  1707     029C                     ECCP2AS         equ	668	;# 
  1708     029D                     PSTR2CON        equ	669	;# 
  1709     029E                     CCPTMRS0        equ	670	;# 
  1710     029F                     CCPTMRS1        equ	671	;# 
  1711     0311                     CCPR3           equ	785	;# 
  1712     0311                     CCPR3L          equ	785	;# 
  1713     0312                     CCPR3H          equ	786	;# 
  1714     0313                     CCP3CON         equ	787	;# 
  1715     0314                     PWM3CON         equ	788	;# 
  1716     0315                     CCP3AS          equ	789	;# 
  1717     0315                     ECCP3AS         equ	789	;# 
  1718     0316                     PSTR3CON        equ	790	;# 
  1719     0318                     CCPR4           equ	792	;# 
  1720     0318                     CCPR4L          equ	792	;# 
  1721     0319                     CCPR4H          equ	793	;# 
  1722     031A                     CCP4CON         equ	794	;# 
  1723     031C                     CCPR5           equ	796	;# 
  1724     031C                     CCPR5L          equ	796	;# 
  1725     031D                     CCPR5H          equ	797	;# 
  1726     031E                     CCP5CON         equ	798	;# 
  1727     0394                     IOCBP           equ	916	;# 
  1728     0395                     IOCBN           equ	917	;# 
  1729     0396                     IOCBF           equ	918	;# 
  1730     0415                     TMR4            equ	1045	;# 
  1731     0416                     PR4             equ	1046	;# 
  1732     0417                     T4CON           equ	1047	;# 
  1733     041C                     TMR6            equ	1052	;# 
  1734     041D                     PR6             equ	1053	;# 
  1735     041E                     T6CON           equ	1054	;# 
  1736     0791                     LCDCON          equ	1937	;# 
  1737     0792                     LCDPS           equ	1938	;# 
  1738     0793                     LCDREF          equ	1939	;# 
  1739     0794                     LCDCST          equ	1940	;# 
  1740     0795                     LCDRL           equ	1941	;# 
  1741     0798                     LCDSE0          equ	1944	;# 
  1742     0799                     LCDSE1          equ	1945	;# 
  1743     07A0                     LCDDATA0        equ	1952	;# 
  1744     07A1                     LCDDATA1        equ	1953	;# 
  1745     07A3                     LCDDATA3        equ	1955	;# 
  1746     07A4                     LCDDATA4        equ	1956	;# 
  1747     07A6                     LCDDATA6        equ	1958	;# 
  1748     07A7                     LCDDATA7        equ	1959	;# 
  1749     07A9                     LCDDATA9        equ	1961	;# 
  1750     07AA                     LCDDATA10       equ	1962	;# 
  1751     0FE4                     STATUS_SHAD     equ	4068	;# 
  1752     0FE5                     WREG_SHAD       equ	4069	;# 
  1753     0FE6                     BSR_SHAD        equ	4070	;# 
  1754     0FE7                     PCLATH_SHAD     equ	4071	;# 
  1755     0FE8                     FSR0L_SHAD      equ	4072	;# 
  1756     0FE9                     FSR0H_SHAD      equ	4073	;# 
  1757     0FEA                     FSR1L_SHAD      equ	4074	;# 
  1758     0FEB                     FSR1H_SHAD      equ	4075	;# 
  1759     0FED                     STKPTR          equ	4077	;# 
  1760     0FEE                     TOSL            equ	4078	;# 
  1761     0FEF                     TOSH            equ	4079	;# 
  1762                           
  1763                           	psect	idataBANK0
  1764     066F                     __pidataBANK0:
  1765                           
  1766                           ;initializer for _LIN_timeout
  1767     066F  340A               	retlw	10
  1768                           
  1769                           	psect	stringtext1
  1770     0626                     __pstringtext1:
  1771     0626                     _scheduleTable:
  1772     0626  3401               	retlw	1
  1773     0627  3401               	retlw	1
  1774     0628  3408               	retlw	8
  1775     0629  34A8               	retlw	low (_SIGNAL_Data| 0)
  1776     062A  3400               	retlw	high (_SIGNAL_Data| 0)
  1777     062B                     __end_of_scheduleTable:
  1778     0011                     _PIR1bits       set	17
  1779     000B                     _INTCONbits     set	11
  1780     0015                     _TMR0           set	21
  1781     0097                     _WDTCON         set	151
  1782     0098                     _OSCTUNE        set	152
  1783     0099                     _OSCCON         set	153
  1784     0095                     _OPTION_REGbits set	149
  1785     008E                     _TRISC          set	142
  1786     008D                     _TRISB          set	141
  1787     008C                     _TRISA          set	140
  1788     0090                     _TRISE          set	144
  1789     0095                     _OPTION_REG     set	149
  1790     0091                     _PIE1bits       set	145
  1791     04D6                     _PLLR           set	1238
  1792     010D                     _LATBbits       set	269
  1793     0116                     _BORCON         set	278
  1794     011D                     _APFCON         set	285
  1795     010E                     _LATC           set	270
  1796     010D                     _LATB           set	269
  1797     010C                     _LATA           set	268
  1798     0110                     _LATE           set	272
  1799     018C                     _ANSELA         set	396
  1800     018D                     _ANSELB         set	397
  1801     0199                     _RCREG          set	409
  1802     019A                     _TXREG          set	410
  1803     019C                     _SPBRGH         set	412
  1804     019B                     _SPBRGL         set	411
  1805     019E                     _TXSTA          set	414
  1806     019D                     _RCSTA          set	413
  1807     019F                     _BAUDCON        set	415
  1808     019D                     _RCSTAbits      set	413
  1809     019E                     _TXSTAbits      set	414
  1810     020D                     _WPUB           set	525
  1811     0210                     _WPUE           set	528
  1812                           
  1813                           	psect	cinit
  1814     003D                     start_initialization:	
  1815                           ; #config settings
  1816                           
  1817     003D                     __initialization:
  1818                           
  1819                           ; Initialize objects allocated to BANK0
  1820     003D  3186  266F  3180   	fcall	__pidataBANK0	;fetch initializer
  1821     0040  00EF               	movwf	__pdataBANK0& (0+127)
  1822                           
  1823                           ; Clear objects allocated to COMMON
  1824     0041  01FD               	clrf	__pbssCOMMON& (0+127)
  1825                           
  1826                           ; Clear objects allocated to BANK0
  1827     0042  3020               	movlw	low __pbssBANK0
  1828     0043  0084               	movwf	4
  1829     0044  3000               	movlw	high __pbssBANK0
  1830     0045  0085               	movwf	5
  1831     0046  3041               	movlw	65
  1832     0047  3185  25FC  3180   	fcall	clear_ram0
  1833                           
  1834                           ; Clear objects allocated to BANK1
  1835     004A  30A0               	movlw	low __pbssBANK1
  1836     004B  0084               	movwf	4
  1837     004C  3000               	movlw	high __pbssBANK1
  1838     004D  0085               	movwf	5
  1839     004E  3010               	movlw	16
  1840     004F  3185  25FC  3180   	fcall	clear_ram0
  1841     0052                     end_of_initialization:	
  1842                           ;End of C runtime variable initialization code
  1843                           
  1844     0052                     __end_of__initialization:
  1845     0052  107E               	bcf	int$flags,0	;clear compiler interrupt flag (level 1)
  1846     0053  0020               	movlb	0
  1847     0054  3185  2D16         	ljmp	_main	;jump to C main() function
  1848                           
  1849                           	psect	bssCOMMON
  1850     007D                     __pbssCOMMON:
  1851     007D                     _eusartRxHead:
  1852     007D                     	ds	1
  1853                           
  1854                           	psect	bssBANK0
  1855     0020                     __pbssBANK0:
  1856     0020                     _eusartRxStatusBuffer:
  1857     0020                     	ds	8
  1858     0028                     _eusartTxBuffer:
  1859     0028                     	ds	8
  1860     0030                     _EUSART_ErrorHandler:
  1861     0030                     	ds	2
  1862     0032                     _EUSART_OverrunErrorHandler:
  1863     0032                     	ds	2
  1864     0034                     _EUSART_FramingErrorHandler:
  1865     0034                     	ds	2
  1866     0036                     _EUSART_RxDefaultInterruptHandler:
  1867     0036                     	ds	2
  1868     0038                     _EUSART_TxDefaultInterruptHandler:
  1869     0038                     	ds	2
  1870     003A                     _TMR0_InterruptHandler:
  1871     003A                     	ds	2
  1872     003C                     _cnt:
  1873     003C                     	ds	2
  1874     003E                     _LIN_signalElapsedMs:
  1875     003E                     	ds	2
  1876     0040                     _LIN_rxCommand:
  1877     0040                     	ds	2
  1878     0042                     _LIN_processData:
  1879     0042                     	ds	2
  1880     0044                     _eusartRxLastError:
  1881     0044                     	ds	1
  1882     0045                     _eusartRxCount:
  1883     0045                     	ds	1
  1884     0046                     _eusartRxTail:
  1885     0046                     	ds	1
  1886     0047                     _eusartTxBufferRemaining:
  1887     0047                     	ds	1
  1888     0048                     _eusartTxTail:
  1889     0048                     	ds	1
  1890     0049                     _eusartTxHead:
  1891     0049                     	ds	1
  1892     004A                     _timer0ReloadVal:
  1893     004A                     	ds	1
  1894     004B                     LIN_handler@rxDataIndex:
  1895     004B                     	ds	1
  1896     004C                     LIN_handler@LIN_rxState:
  1897     004C                     	ds	1
  1898     004D                     _LIN_signalTimeoutPending:
  1899     004D                     	ds	1
  1900     004E                     _LIN_signalTimedOut:
  1901     004E                     	ds	1
  1902     004F                     _LIN_validSignalReceived:
  1903     004F                     	ds	1
  1904     0050                     _CountCallBack:
  1905     0050                     	ds	1
  1906     0051                     _LIN_timerRunning:
  1907     0051                     	ds	1
  1908     0052                     _LIN_rxCommandLength:
  1909     0052                     	ds	1
  1910     0053                     _LIN_rxInProgress:
  1911     0053                     	ds	1
  1912     0054                     _LIN_packet:
  1913     0054                     	ds	13
  1914                           
  1915                           	psect	dataBANK0
  1916     006F                     __pdataBANK0:
  1917     006F                     _LIN_timeout:
  1918     006F                     	ds	1
  1919                           
  1920                           	psect	bssBANK1
  1921     00A0                     __pbssBANK1:
  1922     00A0                     _eusartRxBuffer:
  1923     00A0                     	ds	8
  1924     00A8                     _SIGNAL_Data:
  1925     00A8                     	ds	8
  1926                           
  1927                           	psect	clrtext
  1928     05FC                     clear_ram0:	
  1929                           ;	Called with FSR0 containing the base address, and
  1930                           ;	WREG with the size to clear
  1931                           
  1932     05FC  0064               	clrwdt	;clear the watchdog before getting into this loop
  1933     05FD                     clrloop0:
  1934     05FD  0180               	clrf	0	;clear RAM location pointed to by FSR
  1935     05FE  3101               	addfsr 0,1
  1936     05FF  0B89               	decfsz	9,f	;Have we reached the end of clearing yet?
  1937     0600  2DFD               	goto	clrloop0	;have we reached the end yet?
  1938     0601  3400               	retlw	0	;all done for this memory range, return
  1939                           
  1940                           	psect	cstackCOMMON
  1941     0070                     __pcstackCOMMON:
  1942     0070                     ?_LIN_stopTimer:
  1943     0070                     ?_LIN_enableRx:	
  1944                           ; 1 bytes @ 0x0
  1945                           
  1946     0070                     ?_LIN_setTimerHandler:	
  1947                           ; 1 bytes @ 0x0
  1948                           
  1949     0070                     ?_LIN_getChecksum:	
  1950                           ; 1 bytes @ 0x0
  1951                           
  1952     0070                     ?_EUSART_is_rx_ready:	
  1953                           ; 1 bytes @ 0x0
  1954                           
  1955     0070                     ?_LIN_startTimer:	
  1956                           ; 1 bytes @ 0x0
  1957                           
  1958     0070                     ?_LIN_breakCheck:	
  1959                           ; 1 bytes @ 0x0
  1960                           
  1961     0070                     ?_EUSART_Read:	
  1962                           ; 1 bytes @ 0x0
  1963                           
  1964     0070                     ?_LIN_checkPID:	
  1965                           ; 1 bytes @ 0x0
  1966                           
  1967     0070                     ?_LIN_getFromTable:	
  1968                           ; 1 bytes @ 0x0
  1969                           
  1970     0070                     ?_LIN_disableRx:	
  1971                           ; 1 bytes @ 0x0
  1972                           
  1973     0070                     ?_EUSART_Write:	
  1974                           ; 1 bytes @ 0x0
  1975                           
  1976     0070                     ?_LIN_calcParity:	
  1977                           ; 1 bytes @ 0x0
  1978                           
  1979     0070                     ?_TMR0_WriteTimer:	
  1980                           ; 1 bytes @ 0x0
  1981                           
  1982     0070                     ?_TMR0_SetInterruptHandler:	
  1983                           ; 1 bytes @ 0x0
  1984                           
  1985     0070                     ?_EUSART_get_last_status:	
  1986                           ; 1 bytes @ 0x0
  1987                           
  1988     0070                     ?_processLIN:	
  1989                           ; 1 bytes @ 0x0
  1990                           
  1991     0070                     ?_LOBEAM_OFF:	
  1992                           ; 1 bytes @ 0x0
  1993                           
  1994     0070                     ?_DRL_POS_OFF:	
  1995                           ; 1 bytes @ 0x0
  1996                           
  1997     0070                     ?_DRL_ON:	
  1998                           ; 1 bytes @ 0x0
  1999                           
  2000     0070                     ?_POS_ON:	
  2001                           ; 1 bytes @ 0x0
  2002                           
  2003     0070                     ?_LOBEAM_ON:	
  2004                           ; 1 bytes @ 0x0
  2005                           
  2006     0070                     ?_HIBEAM_ON:	
  2007                           ; 1 bytes @ 0x0
  2008                           
  2009     0070                     ?_HIBEAM_OFF:	
  2010                           ; 1 bytes @ 0x0
  2011                           
  2012     0070                     ?_TMR0_DefaultInterruptHandler:	
  2013                           ; 1 bytes @ 0x0
  2014                           
  2015     0070                     ?_EUSART_SetRxInterruptHandler:	
  2016                           ; 1 bytes @ 0x0
  2017                           
  2018     0070                     ?_EUSART_Receive_ISR:	
  2019                           ; 1 bytes @ 0x0
  2020                           
  2021     0070                     ?_EUSART_SetTxInterruptHandler:	
  2022                           ; 1 bytes @ 0x0
  2023                           
  2024     0070                     ?_EUSART_Transmit_ISR:	
  2025                           ; 1 bytes @ 0x0
  2026                           
  2027     0070                     ?_EUSART_SetFramingErrorHandler:	
  2028                           ; 1 bytes @ 0x0
  2029                           
  2030     0070                     ?_EUSART_DefaultFramingErrorHandler:	
  2031                           ; 1 bytes @ 0x0
  2032                           
  2033     0070                     ?_EUSART_SetOverrunErrorHandler:	
  2034                           ; 1 bytes @ 0x0
  2035                           
  2036     0070                     ?_EUSART_DefaultOverrunErrorHandler:	
  2037                           ; 1 bytes @ 0x0
  2038                           
  2039     0070                     ?_EUSART_SetErrorHandler:	
  2040                           ; 1 bytes @ 0x0
  2041                           
  2042     0070                     ?_EUSART_DefaultErrorHandler:	
  2043                           ; 1 bytes @ 0x0
  2044                           
  2045     0070                     ?_EUSART_RxDataHandler:	
  2046                           ; 1 bytes @ 0x0
  2047                           
  2048     0070                     ?_OSCILLATOR_Initialize:	
  2049                           ; 1 bytes @ 0x0
  2050                           
  2051     0070                     ?_WDT_Initialize:	
  2052                           ; 1 bytes @ 0x0
  2053                           
  2054     0070                     ?_LIN_signalTimeoutOccurred:	
  2055                           ; 1 bytes @ 0x0
  2056                           
  2057     0070                     ?_LIN_queuePacket:	
  2058                           ; 1 bytes @ 0x0
  2059                           
  2060     0070                     ?_LIN_handler:	
  2061                           ; 1 bytes @ 0x0
  2062                           
  2063     0070                     ?_LIN_timerHandler:	
  2064                           ; 1 bytes @ 0x0
  2065                           
  2066     0070                     ?_LIN_Slave_Initialize:	
  2067                           ; 1 bytes @ 0x0
  2068                           
  2069     0070                     ?_TMR0_Initialize:	
  2070                           ; 1 bytes @ 0x0
  2071                           
  2072     0070                     ?_TMR0_ReadTimer:	
  2073                           ; 1 bytes @ 0x0
  2074                           
  2075     0070                     ?_TMR0_Reload:	
  2076                           ; 1 bytes @ 0x0
  2077                           
  2078     0070                     ?_TMR0_ISR:	
  2079                           ; 1 bytes @ 0x0
  2080                           
  2081     0070                     ?_INTERRUPT_InterruptManager:	
  2082                           ; 1 bytes @ 0x0
  2083                           
  2084     0070                     ?_EUSART_Initialize:	
  2085                           ; 1 bytes @ 0x0
  2086                           
  2087     0070                     ?_EUSART_is_tx_ready:	
  2088                           ; 1 bytes @ 0x0
  2089                           
  2090     0070                     ?_EUSART_is_tx_done:	
  2091                           ; 1 bytes @ 0x0
  2092                           
  2093     0070                     ?_PIN_MANAGER_Initialize:	
  2094                           ; 1 bytes @ 0x0
  2095                           
  2096     0070                     ?_PIN_MANAGER_IOC:	
  2097                           ; 1 bytes @ 0x0
  2098                           
  2099     0070                     ?_SYSTEM_Initialize:	
  2100                           ; 1 bytes @ 0x0
  2101                           
  2102     0070                     ?_Clear_No_Call_Warning:	
  2103                           ; 1 bytes @ 0x0
  2104                           
  2105     0070                     ?_memcpy:	
  2106                           ; 1 bytes @ 0x0
  2107                           
  2108     0070                     ?_memset:	
  2109                           ; 2 bytes @ 0x0
  2110                           
  2111     0070                     ?_main:	
  2112                           ; 2 bytes @ 0x0
  2113                           
  2114     0070                     LIN_getFromTable@param:	
  2115                           ; 2 bytes @ 0x0
  2116                           
  2117     0070                     LIN_getChecksum@pid:	
  2118                           ; 1 bytes @ 0x0
  2119                           
  2120     0070                     TMR0_WriteTimer@timerVal:	
  2121                           ; 1 bytes @ 0x0
  2122                           
  2123     0070                     EUSART_Read@readValue:	
  2124                           ; 1 bytes @ 0x0
  2125                           
  2126     0070                     TMR0_SetInterruptHandler@InterruptHandler:	
  2127                           ; 1 bytes @ 0x0
  2128                           
  2129     0070                     EUSART_SetFramingErrorHandler@interruptHandler:	
  2130                           ; 2 bytes @ 0x0
  2131                           
  2132     0070                     EUSART_SetOverrunErrorHandler@interruptHandler:	
  2133                           ; 2 bytes @ 0x0
  2134                           
  2135     0070                     EUSART_SetErrorHandler@interruptHandler:	
  2136                           ; 2 bytes @ 0x0
  2137                           
  2138     0070                     EUSART_SetTxInterruptHandler@interruptHandler:	
  2139                           ; 2 bytes @ 0x0
  2140                           
  2141     0070                     EUSART_SetRxInterruptHandler@interruptHandler:	
  2142                           ; 2 bytes @ 0x0
  2143                           
  2144     0070                     memcpy@d1:	
  2145                           ; 2 bytes @ 0x0
  2146                           
  2147     0070                     memset@dest:	
  2148                           ; 2 bytes @ 0x0
  2149                           
  2150     0070                     ??_LIN_stopTimer:	
  2151                           ; 2 bytes @ 0x0
  2152                           
  2153     0070                     ??_LIN_enableRx:	
  2154                           ; 1 bytes @ 0x0
  2155                           
  2156     0070                     ??_EUSART_is_rx_ready:	
  2157                           ; 1 bytes @ 0x0
  2158                           
  2159     0070                     ??_EUSART_Read:	
  2160                           ; 1 bytes @ 0x0
  2161                           
  2162     0070                     ??_LIN_disableRx:	
  2163                           ; 1 bytes @ 0x0
  2164                           
  2165     0070                     ??_LIN_calcParity:	
  2166                           ; 1 bytes @ 0x0
  2167                           
  2168     0070                     ??_TMR0_WriteTimer:	
  2169                           ; 1 bytes @ 0x0
  2170                           
  2171     0070                     ??_EUSART_get_last_status:	
  2172                           ; 1 bytes @ 0x0
  2173                           
  2174     0070                     ??_LOBEAM_OFF:	
  2175                           ; 1 bytes @ 0x0
  2176                           
  2177     0070                     ??_DRL_POS_OFF:	
  2178                           ; 1 bytes @ 0x0
  2179                           
  2180     0070                     ??_DRL_ON:	
  2181                           ; 1 bytes @ 0x0
  2182                           
  2183     0070                     ??_POS_ON:	
  2184                           ; 1 bytes @ 0x0
  2185                           
  2186     0070                     ??_LOBEAM_ON:	
  2187                           ; 1 bytes @ 0x0
  2188                           
  2189     0070                     ??_HIBEAM_ON:	
  2190                           ; 1 bytes @ 0x0
  2191                           
  2192     0070                     ??_HIBEAM_OFF:	
  2193                           ; 1 bytes @ 0x0
  2194                           
  2195     0070                     ??_TMR0_DefaultInterruptHandler:	
  2196                           ; 1 bytes @ 0x0
  2197                           
  2198     0070                     ??_EUSART_Receive_ISR:	
  2199                           ; 1 bytes @ 0x0
  2200                           
  2201     0070                     ??_EUSART_Transmit_ISR:	
  2202                           ; 1 bytes @ 0x0
  2203                           
  2204     0070                     ??_EUSART_DefaultFramingErrorHandler:	
  2205                           ; 1 bytes @ 0x0
  2206                           
  2207     0070                     ??_EUSART_DefaultOverrunErrorHandler:	
  2208                           ; 1 bytes @ 0x0
  2209                           
  2210     0070                     ??_EUSART_DefaultErrorHandler:	
  2211                           ; 1 bytes @ 0x0
  2212                           
  2213     0070                     ??_EUSART_RxDataHandler:	
  2214                           ; 1 bytes @ 0x0
  2215                           
  2216     0070                     ??_OSCILLATOR_Initialize:	
  2217                           ; 1 bytes @ 0x0
  2218                           
  2219     0070                     ??_WDT_Initialize:	
  2220                           ; 1 bytes @ 0x0
  2221                           
  2222     0070                     ??_LIN_signalTimeoutOccurred:	
  2223                           ; 1 bytes @ 0x0
  2224                           
  2225     0070                     ??_LIN_timerHandler:	
  2226                           ; 1 bytes @ 0x0
  2227                           
  2228     0070                     ??_TMR0_ReadTimer:	
  2229                           ; 1 bytes @ 0x0
  2230                           
  2231     0070                     ??_TMR0_Reload:	
  2232                           ; 1 bytes @ 0x0
  2233                           
  2234     0070                     ??_TMR0_ISR:	
  2235                           ; 1 bytes @ 0x0
  2236                           
  2237     0070                     ??_INTERRUPT_InterruptManager:	
  2238                           ; 1 bytes @ 0x0
  2239                           
  2240     0070                     ??_EUSART_is_tx_ready:	
  2241                           ; 1 bytes @ 0x0
  2242                           
  2243     0070                     ??_EUSART_is_tx_done:	
  2244                           ; 1 bytes @ 0x0
  2245                           
  2246     0070                     ??_PIN_MANAGER_Initialize:	
  2247                           ; 1 bytes @ 0x0
  2248                           
  2249     0070                     ??_PIN_MANAGER_IOC:	
  2250                           ; 1 bytes @ 0x0
  2251                           
  2252     0070                     ??_Clear_No_Call_Warning:	
  2253                           ; 1 bytes @ 0x0
  2254                           
  2255                           
  2256                           ; 1 bytes @ 0x0
  2257     0070                     	ds	1
  2258     0071                     LIN_calcParity@CMD:
  2259     0071                     LIN_startTimer@timeout:	
  2260                           ; 1 bytes @ 0x1
  2261                           
  2262     0071                     LIN_getChecksum@data:	
  2263                           ; 1 bytes @ 0x1
  2264                           
  2265     0071                     ??_LIN_startTimer:	
  2266                           ; 2 bytes @ 0x1
  2267                           
  2268     0071                     ??_LIN_breakCheck:	
  2269                           ; 1 bytes @ 0x1
  2270                           
  2271     0071                     ??_LIN_getFromTable:	
  2272                           ; 1 bytes @ 0x1
  2273                           
  2274                           
  2275                           ; 1 bytes @ 0x1
  2276     0071                     	ds	1
  2277     0072                     ?_LIN_init:
  2278     0072                     LIN_calcParity@PID:	
  2279                           ; 1 bytes @ 0x2
  2280                           
  2281     0072                     LIN_init@command:	
  2282                           ; 1 bytes @ 0x2
  2283                           
  2284     0072                     memcpy@s1:	
  2285                           ; 2 bytes @ 0x2
  2286                           
  2287     0072                     memset@c:	
  2288                           ; 2 bytes @ 0x2
  2289                           
  2290     0072                     ??_LIN_setTimerHandler:	
  2291                           ; 2 bytes @ 0x2
  2292                           
  2293     0072                     ??_TMR0_SetInterruptHandler:	
  2294                           ; 1 bytes @ 0x2
  2295                           
  2296     0072                     ??_EUSART_SetRxInterruptHandler:	
  2297                           ; 1 bytes @ 0x2
  2298                           
  2299     0072                     ??_EUSART_SetTxInterruptHandler:	
  2300                           ; 1 bytes @ 0x2
  2301                           
  2302     0072                     ??_EUSART_SetFramingErrorHandler:	
  2303                           ; 1 bytes @ 0x2
  2304                           
  2305     0072                     ??_EUSART_SetOverrunErrorHandler:	
  2306                           ; 1 bytes @ 0x2
  2307                           
  2308     0072                     ??_EUSART_SetErrorHandler:	
  2309                           ; 1 bytes @ 0x2
  2310                           
  2311     0072                     ??_TMR0_Initialize:	
  2312                           ; 1 bytes @ 0x2
  2313                           
  2314     0072                     ??_EUSART_Initialize:	
  2315                           ; 1 bytes @ 0x2
  2316                           
  2317                           
  2318                           ; 1 bytes @ 0x2
  2319     0072                     	ds	1
  2320     0073                     LIN_getFromTable@cmd:
  2321     0073                     ??_LIN_getChecksum:	
  2322                           ; 1 bytes @ 0x3
  2323                           
  2324                           
  2325                           ; 1 bytes @ 0x3
  2326     0073                     	ds	1
  2327     0074                     LIN_getFromTable@length:
  2328     0074                     LIN_init@processData:	
  2329                           ; 1 bytes @ 0x4
  2330                           
  2331     0074                     memcpy@n:	
  2332                           ; 2 bytes @ 0x4
  2333                           
  2334     0074                     memset@n:	
  2335                           ; 2 bytes @ 0x4
  2336                           
  2337                           
  2338                           ; 2 bytes @ 0x4
  2339     0074                     	ds	1
  2340     0075                     LIN_getChecksum@length:
  2341     0075                     LIN_getFromTable@rxCommand:	
  2342                           ; 1 bytes @ 0x5
  2343                           
  2344                           
  2345                           ; 2 bytes @ 0x5
  2346     0075                     	ds	1
  2347     0076                     LIN_init@tableLength:
  2348     0076                     LIN_getChecksum@i:	
  2349                           ; 1 bytes @ 0x6
  2350                           
  2351     0076                     memcpy@tmp:	
  2352                           ; 1 bytes @ 0x6
  2353                           
  2354     0076                     memset@p:	
  2355                           ; 1 bytes @ 0x6
  2356                           
  2357     0076                     ??_memcpy:	
  2358                           ; 1 bytes @ 0x6
  2359                           
  2360     0076                     ??_memset:	
  2361                           ; 1 bytes @ 0x6
  2362                           
  2363     0076                     ??_LIN_init:	
  2364                           ; 1 bytes @ 0x6
  2365                           
  2366                           
  2367                           ; 1 bytes @ 0x6
  2368     0076                     	ds	1
  2369     0077                     LIN_checkPID@pid:
  2370     0077                     memcpy@d:	
  2371                           ; 1 bytes @ 0x7
  2372                           
  2373     0077                     LIN_getChecksum@checksum:	
  2374                           ; 1 bytes @ 0x7
  2375                           
  2376     0077                     ??_LIN_checkPID:	
  2377                           ; 2 bytes @ 0x7
  2378                           
  2379     0077                     ??_LIN_Slave_Initialize:	
  2380                           ; 1 bytes @ 0x7
  2381                           
  2382     0077                     ??_SYSTEM_Initialize:	
  2383                           ; 1 bytes @ 0x7
  2384                           
  2385                           
  2386                           ; 1 bytes @ 0x7
  2387     0077                     	ds	1
  2388     0078                     memcpy@s:
  2389                           
  2390                           ; 1 bytes @ 0x8
  2391     0078                     	ds	1
  2392     0079                     ?_LIN_getPacket:
  2393     0079                     LIN_getPacket@data:	
  2394                           ; 1 bytes @ 0x9
  2395                           
  2396     0079                     EUSART_Write@txData:	
  2397                           ; 1 bytes @ 0x9
  2398                           
  2399     0079                     ??_EUSART_Write:	
  2400                           ; 1 bytes @ 0x9
  2401                           
  2402                           
  2403                           ; 1 bytes @ 0x9
  2404     0079                     	ds	1
  2405     007A                     ?_LIN_sendPacket:
  2406     007A                     LIN_sendPacket@pid:	
  2407                           ; 1 bytes @ 0xA
  2408                           
  2409     007A                     LIN_getPacket@cmd:	
  2410                           ; 1 bytes @ 0xA
  2411                           
  2412     007A                     ??_LIN_getPacket:	
  2413                           ; 1 bytes @ 0xA
  2414                           
  2415                           
  2416                           ; 1 bytes @ 0xA
  2417     007A                     	ds	1
  2418     007B                     LIN_sendPacket@data:
  2419     007B                     ??_processLIN:	
  2420                           ; 2 bytes @ 0xB
  2421                           
  2422                           
  2423                           ; 1 bytes @ 0xB
  2424     007B                     	ds	2
  2425     007D                     ??_LIN_sendPacket:
  2426     007D                     ??_main:	
  2427                           ; 1 bytes @ 0xD
  2428                           
  2429                           
  2430                           	psect	cstackBANK0
  2431     0061                     __pcstackBANK0:	
  2432                           ; 1 bytes @ 0xD
  2433                           
  2434     0061                     LIN_sendPacket@length:
  2435     0061                     processLIN@tempRxData:	
  2436                           ; 1 bytes @ 0x0
  2437                           
  2438                           
  2439                           ; 8 bytes @ 0x0
  2440     0061                     	ds	1
  2441     0062                     LIN_sendPacket@i:
  2442                           
  2443                           ; 1 bytes @ 0x1
  2444     0062                     	ds	1
  2445     0063                     ??_LIN_queuePacket:
  2446                           
  2447                           ; 1 bytes @ 0x2
  2448     0063                     	ds	3
  2449     0066                     LIN_queuePacket@cmd:
  2450                           
  2451                           ; 1 bytes @ 0x5
  2452     0066                     	ds	1
  2453     0067                     LIN_queuePacket@i:
  2454                           
  2455                           ; 1 bytes @ 0x6
  2456     0067                     	ds	1
  2457     0068                     LIN_queuePacket@tempSchedule:
  2458                           
  2459                           ; 2 bytes @ 0x7
  2460     0068                     	ds	1
  2461     0069                     processLIN@cmd:
  2462                           
  2463                           ; 1 bytes @ 0x8
  2464     0069                     	ds	1
  2465     006A                     ??_LIN_handler:
  2466                           
  2467                           ; 1 bytes @ 0x9
  2468     006A                     	ds	5
  2469                           
  2470                           	psect	maintext
  2471     0516                     __pmaintext:	
  2472 ;;
  2473 ;;Main: autosize = 0, tempsize = 0, incstack = 0, save=0
  2474 ;;
  2475 ;; *************** function _main *****************
  2476 ;; Defined at:
  2477 ;;		line 82 in file "main.c"
  2478 ;; Parameters:    Size  Location     Type
  2479 ;;		None
  2480 ;; Auto vars:     Size  Location     Type
  2481 ;;		None
  2482 ;; Return value:  Size  Location     Type
  2483 ;;                  2  567[None  ] int 
  2484 ;; Registers used:
  2485 ;;		wreg, fsr0l, fsr0h, fsr1l, fsr1h, status,2, status,0, pclath, cstack
  2486 ;; Tracked objects:
  2487 ;;		On entry : B1F/0
  2488 ;;		On exit  : 0/0
  2489 ;;		Unchanged: 0/0
  2490 ;; Data sizes:     COMMON   BANK0   BANK1   BANK2   BANK3   BANK4   BANK5   BANK6
  2491 ;;      Params:         0       0       0       0       0       0       0       0
  2492 ;;      Locals:         0       0       0       0       0       0       0       0
  2493 ;;      Temps:          0       0       0       0       0       0       0       0
  2494 ;;      Totals:         0       0       0       0       0       0       0       0
  2495 ;;Total ram usage:        0 bytes
  2496 ;; Hardware stack levels required when called: 9
  2497 ;; This function calls:
  2498 ;;		_Clear_No_Call_Warning
  2499 ;;		_LIN_handler
  2500 ;;		_LIN_signalTimeoutOccurred
  2501 ;;		_SYSTEM_Initialize
  2502 ;; This function is called by:
  2503 ;;		Startup code after reset
  2504 ;; This function uses a non-reentrant model
  2505 ;;
  2506                           
  2507     0516                     _main:	
  2508                           ;psect for function _main
  2509                           
  2510     0516                     l2757:	
  2511                           ;incstack = 0
  2512                           ; Regs used in _main: [wreg-fsr1h+status,2+status,0+pclath+cstack]
  2513                           
  2514                           
  2515                           ;main.c: 85:   SYSTEM_Initialize();
  2516     0516  3185  2583  3185   	fcall	_SYSTEM_Initialize
  2517     0519                     l2759:
  2518                           
  2519                           ;main.c: 88:   (INTCONbits.GIE = 1);
  2520     0519  178B               	bsf	11,7	;volatile
  2521     051A                     l2761:
  2522                           
  2523                           ;main.c: 90:   (INTCONbits.PEIE = 1);
  2524     051A  170B               	bsf	11,6	;volatile
  2525     051B                     l2763:
  2526                           
  2527                           ;main.c: 92:   Clear_No_Call_Warning();
  2528     051B  3186  2670  3185   	fcall	_Clear_No_Call_Warning
  2529     051E                     l2765:
  2530                           
  2531                           ;main.c: 94:   {;main.c: 96:     LIN_handler();
  2532     051E  3180  2056  3185   	fcall	_LIN_handler
  2533     0521                     l2767:
  2534                           
  2535                           ;main.c: 97:     if (LIN_signalTimeoutOccurred())
  2536     0521  3185  25E0  3185   	fcall	_LIN_signalTimeoutOccurred
  2537     0524  3A00               	xorlw	0
  2538     0525  1903               	skipnz
  2539     0526  2D28               	goto	u2061
  2540     0527  2D29               	goto	u2060
  2541     0528                     u2061:
  2542     0528  2D1E               	goto	l2765
  2543     0529                     u2060:
  2544     0529                     l2769:
  2545                           
  2546                           ;main.c: 98:     {;main.c: 99:       LATBbits.LATB2 = 0;
  2547     0529  0022               	movlb	2	; select bank2
  2548     052A  110D               	bcf	13,2	;volatile
  2549     052B  2D1E               	goto	l2765
  2550     052C  3180  283B         	ljmp	start
  2551     052E                     __end_of_main:
  2552                           
  2553                           	psect	text1
  2554     0583                     __ptext1:	
  2555 ;; *************** function _SYSTEM_Initialize *****************
  2556 ;; Defined at:
  2557 ;;		line 50 in file "mcc_generated_files/mcc.c"
  2558 ;; Parameters:    Size  Location     Type
  2559 ;;		None
  2560 ;; Auto vars:     Size  Location     Type
  2561 ;;		None
  2562 ;; Return value:  Size  Location     Type
  2563 ;;                  1    wreg      void 
  2564 ;; Registers used:
  2565 ;;		wreg, status,2, status,0, pclath, cstack
  2566 ;; Tracked objects:
  2567 ;;		On entry : 0/0
  2568 ;;		On exit  : 0/0
  2569 ;;		Unchanged: 0/0
  2570 ;; Data sizes:     COMMON   BANK0   BANK1   BANK2   BANK3   BANK4   BANK5   BANK6
  2571 ;;      Params:         0       0       0       0       0       0       0       0
  2572 ;;      Locals:         0       0       0       0       0       0       0       0
  2573 ;;      Temps:          0       0       0       0       0       0       0       0
  2574 ;;      Totals:         0       0       0       0       0       0       0       0
  2575 ;;Total ram usage:        0 bytes
  2576 ;; Hardware stack levels used: 1
  2577 ;; Hardware stack levels required when called: 8
  2578 ;; This function calls:
  2579 ;;		_EUSART_Initialize
  2580 ;;		_LIN_Slave_Initialize
  2581 ;;		_OSCILLATOR_Initialize
  2582 ;;		_PIN_MANAGER_Initialize
  2583 ;;		_TMR0_Initialize
  2584 ;;		_WDT_Initialize
  2585 ;; This function is called by:
  2586 ;;		_main
  2587 ;; This function uses a non-reentrant model
  2588 ;;
  2589                           
  2590     0583                     _SYSTEM_Initialize:	
  2591                           ;psect for function _SYSTEM_Initialize
  2592                           
  2593     0583                     l2749:	
  2594                           ;incstack = 0
  2595                           ; Regs used in _SYSTEM_Initialize: [wreg+status,2+status,0+pclath+cstack]
  2596                           
  2597                           
  2598                           ;mcc_generated_files/mcc.c: 53:     PIN_MANAGER_Initialize();
  2599     0583  3184  24E2  3185   	fcall	_PIN_MANAGER_Initialize
  2600                           
  2601                           ;mcc_generated_files/mcc.c: 54:     OSCILLATOR_Initialize();
  2602     0586  3185  25D4  3185   	fcall	_OSCILLATOR_Initialize
  2603                           
  2604                           ;mcc_generated_files/mcc.c: 55:     WDT_Initialize();
  2605     0589  3186  263A  3185   	fcall	_WDT_Initialize
  2606     058C                     l2751:
  2607                           
  2608                           ;mcc_generated_files/mcc.c: 56:     TMR0_Initialize();
  2609     058C  3185  255B  3185   	fcall	_TMR0_Initialize
  2610     058F                     l2753:
  2611                           
  2612                           ;mcc_generated_files/mcc.c: 57:     EUSART_Initialize();
  2613     058F  3183  233A  3185   	fcall	_EUSART_Initialize
  2614     0592                     l2755:
  2615                           
  2616                           ;mcc_generated_files/mcc.c: 58:     LIN_Slave_Initialize();
  2617     0592  3185  25C7  3185   	fcall	_LIN_Slave_Initialize
  2618     0595                     l516:
  2619     0595  0008               	return
  2620     0596                     __end_of_SYSTEM_Initialize:
  2621                           
  2622                           	psect	text2
  2623     063A                     __ptext2:	
  2624 ;; *************** function _WDT_Initialize *****************
  2625 ;; Defined at:
  2626 ;;		line 75 in file "mcc_generated_files/mcc.c"
  2627 ;; Parameters:    Size  Location     Type
  2628 ;;		None
  2629 ;; Auto vars:     Size  Location     Type
  2630 ;;		None
  2631 ;; Return value:  Size  Location     Type
  2632 ;;                  1    wreg      void 
  2633 ;; Registers used:
  2634 ;;		None
  2635 ;; Tracked objects:
  2636 ;;		On entry : 0/0
  2637 ;;		On exit  : 0/0
  2638 ;;		Unchanged: 0/0
  2639 ;; Data sizes:     COMMON   BANK0   BANK1   BANK2   BANK3   BANK4   BANK5   BANK6
  2640 ;;      Params:         0       0       0       0       0       0       0       0
  2641 ;;      Locals:         0       0       0       0       0       0       0       0
  2642 ;;      Temps:          0       0       0       0       0       0       0       0
  2643 ;;      Totals:         0       0       0       0       0       0       0       0
  2644 ;;Total ram usage:        0 bytes
  2645 ;; Hardware stack levels used: 1
  2646 ;; Hardware stack levels required when called: 4
  2647 ;; This function calls:
  2648 ;;		Nothing
  2649 ;; This function is called by:
  2650 ;;		_SYSTEM_Initialize
  2651 ;; This function uses a non-reentrant model
  2652 ;;
  2653                           
  2654     063A                     _WDT_Initialize:	
  2655                           ;psect for function _WDT_Initialize
  2656                           
  2657     063A                     l1589:	
  2658                           ;incstack = 0
  2659                           ; Regs used in _WDT_Initialize: []
  2660                           
  2661                           
  2662                           ;mcc_generated_files/mcc.c: 78:     WDTCON = 0x16;
  2663     063A  3016               	movlw	22
  2664     063B  0021               	movlb	1	; select bank1
  2665     063C  0097               	movwf	23	;volatile
  2666     063D                     l525:
  2667     063D  0008               	return
  2668     063E                     __end_of_WDT_Initialize:
  2669                           
  2670                           	psect	text3
  2671     055B                     __ptext3:	
  2672 ;; *************** function _TMR0_Initialize *****************
  2673 ;; Defined at:
  2674 ;;		line 64 in file "mcc_generated_files/tmr0.c"
  2675 ;; Parameters:    Size  Location     Type
  2676 ;;		None
  2677 ;; Auto vars:     Size  Location     Type
  2678 ;;		None
  2679 ;; Return value:  Size  Location     Type
  2680 ;;                  1    wreg      void 
  2681 ;; Registers used:
  2682 ;;		wreg, status,2, status,0, pclath, cstack
  2683 ;; Tracked objects:
  2684 ;;		On entry : 0/0
  2685 ;;		On exit  : 0/0
  2686 ;;		Unchanged: 0/0
  2687 ;; Data sizes:     COMMON   BANK0   BANK1   BANK2   BANK3   BANK4   BANK5   BANK6
  2688 ;;      Params:         0       0       0       0       0       0       0       0
  2689 ;;      Locals:         0       0       0       0       0       0       0       0
  2690 ;;      Temps:          0       0       0       0       0       0       0       0
  2691 ;;      Totals:         0       0       0       0       0       0       0       0
  2692 ;;Total ram usage:        0 bytes
  2693 ;; Hardware stack levels used: 1
  2694 ;; Hardware stack levels required when called: 5
  2695 ;; This function calls:
  2696 ;;		_TMR0_SetInterruptHandler
  2697 ;; This function is called by:
  2698 ;;		_SYSTEM_Initialize
  2699 ;; This function uses a non-reentrant model
  2700 ;;
  2701                           
  2702     055B                     _TMR0_Initialize:	
  2703                           ;psect for function _TMR0_Initialize
  2704                           
  2705     055B                     l2185:	
  2706                           ;incstack = 0
  2707                           ; Regs used in _TMR0_Initialize: [wreg+status,2+status,0+pclath+cstack]
  2708                           
  2709                           
  2710                           ;mcc_generated_files/tmr0.c: 69:     OPTION_REG = (uint8_t)((OPTION_REG & 0xC0) | (0xD4 
      +                          & 0x3F));
  2711     055B  0021               	movlb	1	; select bank1
  2712     055C  0815               	movf	21,w	;volatile
  2713     055D  39C0               	andlw	192
  2714     055E  3814               	iorlw	20
  2715     055F  0095               	movwf	21	;volatile
  2716     0560                     l2187:
  2717                           
  2718                           ;mcc_generated_files/tmr0.c: 72:     TMR0 = 0x06;
  2719     0560  3006               	movlw	6
  2720     0561  0020               	movlb	0	; select bank0
  2721     0562  0095               	movwf	21	;volatile
  2722     0563                     l2189:
  2723                           
  2724                           ;mcc_generated_files/tmr0.c: 75:     timer0ReloadVal= 6;
  2725     0563  3006               	movlw	6
  2726     0564  00CA               	movwf	_timer0ReloadVal	;volatile
  2727     0565                     l2191:
  2728                           
  2729                           ;mcc_generated_files/tmr0.c: 78:     INTCONbits.TMR0IF = 0;
  2730     0565  110B               	bcf	11,2	;volatile
  2731     0566                     l2193:
  2732                           
  2733                           ;mcc_generated_files/tmr0.c: 81:     INTCONbits.TMR0IE = 1;
  2734     0566  168B               	bsf	11,5	;volatile
  2735     0567                     l2195:
  2736                           
  2737                           ;mcc_generated_files/tmr0.c: 84:     TMR0_SetInterruptHandler(TMR0_DefaultInterruptHandl
      +                          er);
  2738     0567  3073               	movlw	low _TMR0_DefaultInterruptHandler
  2739     0568  00F0               	movwf	TMR0_SetInterruptHandler@InterruptHandler
  2740     0569  3006               	movlw	high _TMR0_DefaultInterruptHandler
  2741     056A  00F1               	movwf	TMR0_SetInterruptHandler@InterruptHandler+1
  2742     056B  3186  2602  3185   	fcall	_TMR0_SetInterruptHandler
  2743     056E                     l261:
  2744     056E  0008               	return
  2745     056F                     __end_of_TMR0_Initialize:
  2746                           
  2747                           	psect	text4
  2748     04E2                     __ptext4:	
  2749 ;; *************** function _PIN_MANAGER_Initialize *****************
  2750 ;; Defined at:
  2751 ;;		line 55 in file "mcc_generated_files/pin_manager.c"
  2752 ;; Parameters:    Size  Location     Type
  2753 ;;		None
  2754 ;; Auto vars:     Size  Location     Type
  2755 ;;		None
  2756 ;; Return value:  Size  Location     Type
  2757 ;;                  1    wreg      void 
  2758 ;; Registers used:
  2759 ;;		status,2
  2760 ;; Tracked objects:
  2761 ;;		On entry : 0/0
  2762 ;;		On exit  : 0/0
  2763 ;;		Unchanged: 0/0
  2764 ;; Data sizes:     COMMON   BANK0   BANK1   BANK2   BANK3   BANK4   BANK5   BANK6
  2765 ;;      Params:         0       0       0       0       0       0       0       0
  2766 ;;      Locals:         0       0       0       0       0       0       0       0
  2767 ;;      Temps:          0       0       0       0       0       0       0       0
  2768 ;;      Totals:         0       0       0       0       0       0       0       0
  2769 ;;Total ram usage:        0 bytes
  2770 ;; Hardware stack levels used: 1
  2771 ;; Hardware stack levels required when called: 4
  2772 ;; This function calls:
  2773 ;;		Nothing
  2774 ;; This function is called by:
  2775 ;;		_SYSTEM_Initialize
  2776 ;; This function uses a non-reentrant model
  2777 ;;
  2778                           
  2779     04E2                     _PIN_MANAGER_Initialize:	
  2780                           ;psect for function _PIN_MANAGER_Initialize
  2781                           
  2782     04E2                     l1571:	
  2783                           ;incstack = 0
  2784                           ; Regs used in _PIN_MANAGER_Initialize: [status,2]
  2785                           
  2786                           
  2787                           ;mcc_generated_files/pin_manager.c: 60:     LATE = 0x00;
  2788     04E2  0022               	movlb	2	; select bank2
  2789     04E3  0190               	clrf	16	;volatile
  2790                           
  2791                           ;mcc_generated_files/pin_manager.c: 61:     LATA = 0x00;
  2792     04E4  018C               	clrf	12	;volatile
  2793                           
  2794                           ;mcc_generated_files/pin_manager.c: 62:     LATB = 0x00;
  2795     04E5  018D               	clrf	13	;volatile
  2796                           
  2797                           ;mcc_generated_files/pin_manager.c: 63:     LATC = 0x00;
  2798     04E6  018E               	clrf	14	;volatile
  2799     04E7                     l1573:
  2800                           
  2801                           ;mcc_generated_files/pin_manager.c: 68:     TRISE = 0x08;
  2802     04E7  3008               	movlw	8
  2803     04E8  0021               	movlb	1	; select bank1
  2804     04E9  0090               	movwf	16	;volatile
  2805     04EA                     l1575:
  2806                           
  2807                           ;mcc_generated_files/pin_manager.c: 69:     TRISA = 0xFF;
  2808     04EA  30FF               	movlw	255
  2809     04EB  008C               	movwf	12	;volatile
  2810     04EC                     l1577:
  2811                           
  2812                           ;mcc_generated_files/pin_manager.c: 70:     TRISB = 0xC0;
  2813     04EC  30C0               	movlw	192
  2814     04ED  008D               	movwf	13	;volatile
  2815     04EE                     l1579:
  2816                           
  2817                           ;mcc_generated_files/pin_manager.c: 71:     TRISC = 0xBF;
  2818     04EE  30BF               	movlw	191
  2819     04EF  008E               	movwf	14	;volatile
  2820                           
  2821                           ;mcc_generated_files/pin_manager.c: 76:     ANSELB = 0x00;
  2822     04F0  0023               	movlb	3	; select bank3
  2823     04F1  018D               	clrf	13	;volatile
  2824     04F2                     l1581:
  2825                           
  2826                           ;mcc_generated_files/pin_manager.c: 77:     ANSELA = 0x3F;
  2827     04F2  303F               	movlw	63
  2828     04F3  008C               	movwf	12	;volatile
  2829                           
  2830                           ;mcc_generated_files/pin_manager.c: 82:     WPUE = 0x00;
  2831     04F4  0024               	movlb	4	; select bank4
  2832     04F5  0190               	clrf	16	;volatile
  2833                           
  2834                           ;mcc_generated_files/pin_manager.c: 83:     WPUB = 0x00;
  2835     04F6  018D               	clrf	13	;volatile
  2836     04F7                     l1583:
  2837                           
  2838                           ;mcc_generated_files/pin_manager.c: 84:     OPTION_REGbits.nWPUEN = 1;
  2839     04F7  0021               	movlb	1	; select bank1
  2840     04F8  1795               	bsf	21,7	;volatile
  2841                           
  2842                           ;mcc_generated_files/pin_manager.c: 90:     APFCON = 0x00;
  2843     04F9  0022               	movlb	2	; select bank2
  2844     04FA  019D               	clrf	29	;volatile
  2845     04FB                     l484:
  2846     04FB  0008               	return
  2847     04FC                     __end_of_PIN_MANAGER_Initialize:
  2848                           
  2849                           	psect	text5
  2850     05D4                     __ptext5:	
  2851 ;; *************** function _OSCILLATOR_Initialize *****************
  2852 ;; Defined at:
  2853 ;;		line 61 in file "mcc_generated_files/mcc.c"
  2854 ;; Parameters:    Size  Location     Type
  2855 ;;		None
  2856 ;; Auto vars:     Size  Location     Type
  2857 ;;		None
  2858 ;; Return value:  Size  Location     Type
  2859 ;;                  1    wreg      void 
  2860 ;; Registers used:
  2861 ;;		status,2
  2862 ;; Tracked objects:
  2863 ;;		On entry : 0/0
  2864 ;;		On exit  : 0/0
  2865 ;;		Unchanged: 0/0
  2866 ;; Data sizes:     COMMON   BANK0   BANK1   BANK2   BANK3   BANK4   BANK5   BANK6
  2867 ;;      Params:         0       0       0       0       0       0       0       0
  2868 ;;      Locals:         0       0       0       0       0       0       0       0
  2869 ;;      Temps:          0       0       0       0       0       0       0       0
  2870 ;;      Totals:         0       0       0       0       0       0       0       0
  2871 ;;Total ram usage:        0 bytes
  2872 ;; Hardware stack levels used: 1
  2873 ;; Hardware stack levels required when called: 4
  2874 ;; This function calls:
  2875 ;;		Nothing
  2876 ;; This function is called by:
  2877 ;;		_SYSTEM_Initialize
  2878 ;; This function uses a non-reentrant model
  2879 ;;
  2880                           
  2881     05D4                     _OSCILLATOR_Initialize:	
  2882                           ;psect for function _OSCILLATOR_Initialize
  2883                           
  2884     05D4                     l1585:	
  2885                           ;incstack = 0
  2886                           ; Regs used in _OSCILLATOR_Initialize: [status,2]
  2887                           
  2888                           
  2889                           ;mcc_generated_files/mcc.c: 64:     OSCCON = 0x70;
  2890     05D4  3070               	movlw	112
  2891     05D5  0021               	movlb	1	; select bank1
  2892     05D6  0099               	movwf	25	;volatile
  2893     05D7                     l1587:
  2894                           
  2895                           ;mcc_generated_files/mcc.c: 66:     OSCTUNE = 0x00;
  2896     05D7  0198               	clrf	24	;volatile
  2897                           
  2898                           ;mcc_generated_files/mcc.c: 68:     BORCON = 0x00;
  2899     05D8  0022               	movlb	2	; select bank2
  2900     05D9  0196               	clrf	22	;volatile
  2901     05DA                     l519:	
  2902                           ;mcc_generated_files/mcc.c: 71:     {;mcc_generated_files/mcc.c: 72:     }
  2903                           
  2904                           
  2905                           ;mcc_generated_files/mcc.c: 70:     while(PLLR == 0)
  2906     05DA  0021               	movlb	1	; select bank1
  2907     05DB  1F1A               	btfss	26,6	;volatile
  2908     05DC  2DDE               	goto	u581
  2909     05DD  2DDF               	goto	u580
  2910     05DE                     u581:
  2911     05DE  2DDA               	goto	l519
  2912     05DF                     u580:
  2913     05DF                     l522:
  2914     05DF  0008               	return
  2915     05E0                     __end_of_OSCILLATOR_Initialize:
  2916                           
  2917                           	psect	text6
  2918     05C7                     __ptext6:	
  2919 ;; *************** function _LIN_Slave_Initialize *****************
  2920 ;; Defined at:
  2921 ;;		line 64 in file "mcc_generated_files/LINDrivers/lin_app.c"
  2922 ;; Parameters:    Size  Location     Type
  2923 ;;		None
  2924 ;; Auto vars:     Size  Location     Type
  2925 ;;		None
  2926 ;; Return value:  Size  Location     Type
  2927 ;;                  1    wreg      void 
  2928 ;; Registers used:
  2929 ;;		wreg, status,2, status,0, pclath, cstack
  2930 ;; Tracked objects:
  2931 ;;		On entry : 0/0
  2932 ;;		On exit  : 0/0
  2933 ;;		Unchanged: 0/0
  2934 ;; Data sizes:     COMMON   BANK0   BANK1   BANK2   BANK3   BANK4   BANK5   BANK6
  2935 ;;      Params:         0       0       0       0       0       0       0       0
  2936 ;;      Locals:         0       0       0       0       0       0       0       0
  2937 ;;      Temps:          0       0       0       0       0       0       0       0
  2938 ;;      Totals:         0       0       0       0       0       0       0       0
  2939 ;;Total ram usage:        0 bytes
  2940 ;; Hardware stack levels used: 1
  2941 ;; Hardware stack levels required when called: 7
  2942 ;; This function calls:
  2943 ;;		_LIN_init
  2944 ;; This function is called by:
  2945 ;;		_SYSTEM_Initialize
  2946 ;; This function uses a non-reentrant model
  2947 ;;
  2948                           
  2949     05C7                     _LIN_Slave_Initialize:	
  2950                           ;psect for function _LIN_Slave_Initialize
  2951                           
  2952     05C7                     l2601:	
  2953                           ;incstack = 0
  2954                           ; Regs used in _LIN_Slave_Initialize: [wreg+status,2+status,0+pclath+cstack]
  2955                           
  2956                           
  2957                           ;mcc_generated_files/LINDrivers/lin_app.c: 66:   LIN_init((sizeof(scheduleTable)/sizeof(
      +                          lin_rx_cmd_t)), scheduleTable, processLIN);
  2958     05C7  3026               	movlw	low (_scheduleTable| (0+32768))
  2959     05C8  00F2               	movwf	LIN_init@command
  2960     05C9  3086               	movlw	high (_scheduleTable| (0+32768))
  2961     05CA  00F3               	movwf	LIN_init@command+1
  2962     05CB  3000               	movlw	low _processLIN
  2963     05CC  00F4               	movwf	LIN_init@processData
  2964     05CD  3002               	movlw	high _processLIN
  2965     05CE  00F5               	movwf	LIN_init@processData+1
  2966     05CF  3001               	movlw	1
  2967     05D0  3185  2545  3185   	fcall	_LIN_init
  2968     05D3                     l217:
  2969     05D3  0008               	return
  2970     05D4                     __end_of_LIN_Slave_Initialize:
  2971                           
  2972                           	psect	text7
  2973     0545                     __ptext7:	
  2974 ;; *************** function _LIN_init *****************
  2975 ;; Defined at:
  2976 ;;		line 49 in file "mcc_generated_files/LINDrivers/lin_slave.c"
  2977 ;; Parameters:    Size  Location     Type
  2978 ;;  tableLength     1    wreg     unsigned char 
  2979 ;;  command         2    2[COMMON] const PTR const struct .
  2980 ;;		 -> scheduleTable(5), 
  2981 ;;  processData     2    4[COMMON] PTR FTN()void 
  2982 ;;		 -> processLIN(1), 
  2983 ;; Auto vars:     Size  Location     Type
  2984 ;;  tableLength     1    6[COMMON] unsigned char 
  2985 ;; Return value:  Size  Location     Type
  2986 ;;                  1    wreg      void 
  2987 ;; Registers used:
  2988 ;;		wreg, status,2, status,0, pclath, cstack
  2989 ;; Tracked objects:
  2990 ;;		On entry : 0/0
  2991 ;;		On exit  : 0/0
  2992 ;;		Unchanged: 0/0
  2993 ;; Data sizes:     COMMON   BANK0   BANK1   BANK2   BANK3   BANK4   BANK5   BANK6
  2994 ;;      Params:         4       0       0       0       0       0       0       0
  2995 ;;      Locals:         1       0       0       0       0       0       0       0
  2996 ;;      Temps:          0       0       0       0       0       0       0       0
  2997 ;;      Totals:         5       0       0       0       0       0       0       0
  2998 ;;Total ram usage:        5 bytes
  2999 ;; Hardware stack levels used: 1
  3000 ;; Hardware stack levels required when called: 6
  3001 ;; This function calls:
  3002 ;;		_LIN_enableRx
  3003 ;;		_LIN_setTimerHandler
  3004 ;;		_LIN_stopTimer
  3005 ;; This function is called by:
  3006 ;;		_LIN_Slave_Initialize
  3007 ;; This function uses a non-reentrant model
  3008 ;;
  3009                           
  3010     0545                     _LIN_init:	
  3011                           ;psect for function _LIN_init
  3012                           
  3013                           
  3014                           ;incstack = 0
  3015                           ; Regs used in _LIN_init: [wreg+status,2+status,0+pclath+cstack]
  3016                           ;LIN_init@tableLength stored from wreg
  3017     0545  00F6               	movwf	LIN_init@tableLength
  3018     0546                     l1897:
  3019                           
  3020                           ;mcc_generated_files/LINDrivers/lin_slave.c: 49: void LIN_init(uint8_t tableLength, cons
      +                          t lin_rx_cmd_t *const command, void (*processData)(void));mcc_generated_files/LINDrivers
      +                          /lin_slave.c: 50: {;mcc_generated_files/LINDrivers/lin_slave.c: 51:     LIN_rxCommand = 
      +                          command;
  3021     0546  0873               	movf	LIN_init@command+1,w
  3022     0547  0020               	movlb	0	; select bank0
  3023     0548  00C1               	movwf	_LIN_rxCommand+1
  3024     0549  0872               	movf	LIN_init@command,w
  3025     054A  00C0               	movwf	_LIN_rxCommand
  3026                           
  3027                           ;mcc_generated_files/LINDrivers/lin_slave.c: 52:     LIN_rxCommandLength = tableLength;
  3028     054B  0876               	movf	LIN_init@tableLength,w
  3029     054C  00D2               	movwf	_LIN_rxCommandLength
  3030                           
  3031                           ;mcc_generated_files/LINDrivers/lin_slave.c: 53:     LIN_processData = processData;
  3032     054D  0875               	movf	LIN_init@processData+1,w
  3033     054E  00C3               	movwf	_LIN_processData+1
  3034     054F  0874               	movf	LIN_init@processData,w
  3035     0550  00C2               	movwf	_LIN_processData
  3036     0551                     l1899:
  3037                           
  3038                           ;mcc_generated_files/LINDrivers/lin_slave.c: 54:     LIN_stopTimer();
  3039     0551  3186  263E  3185   	fcall	_LIN_stopTimer
  3040     0554                     l1901:
  3041                           
  3042                           ;mcc_generated_files/LINDrivers/lin_slave.c: 56:     LIN_enableRx();
  3043     0554  3186  2630  3185   	fcall	_LIN_enableRx
  3044     0557                     l1903:
  3045                           
  3046                           ;mcc_generated_files/LINDrivers/lin_slave.c: 57:     LIN_setTimerHandler();
  3047     0557  3185  25F4  3185   	fcall	_LIN_setTimerHandler
  3048     055A                     l77:
  3049     055A  0008               	return
  3050     055B                     __end_of_LIN_init:
  3051                           
  3052                           	psect	text8
  3053     063E                     __ptext8:	
  3054 ;; *************** function _LIN_stopTimer *****************
  3055 ;; Defined at:
  3056 ;;		line 361 in file "mcc_generated_files/LINDrivers/lin_slave.c"
  3057 ;; Parameters:    Size  Location     Type
  3058 ;;		None
  3059 ;; Auto vars:     Size  Location     Type
  3060 ;;		None
  3061 ;; Return value:  Size  Location     Type
  3062 ;;                  1    wreg      void 
  3063 ;; Registers used:
  3064 ;;		status,2
  3065 ;; Tracked objects:
  3066 ;;		On entry : 0/0
  3067 ;;		On exit  : 0/0
  3068 ;;		Unchanged: 0/0
  3069 ;; Data sizes:     COMMON   BANK0   BANK1   BANK2   BANK3   BANK4   BANK5   BANK6
  3070 ;;      Params:         0       0       0       0       0       0       0       0
  3071 ;;      Locals:         0       0       0       0       0       0       0       0
  3072 ;;      Temps:          0       0       0       0       0       0       0       0
  3073 ;;      Totals:         0       0       0       0       0       0       0       0
  3074 ;;Total ram usage:        0 bytes
  3075 ;; Hardware stack levels used: 1
  3076 ;; Hardware stack levels required when called: 4
  3077 ;; This function calls:
  3078 ;;		Nothing
  3079 ;; This function is called by:
  3080 ;;		_LIN_init
  3081 ;; This function uses a non-reentrant model
  3082 ;;
  3083                           
  3084     063E                     _LIN_stopTimer:	
  3085                           ;psect for function _LIN_stopTimer
  3086                           
  3087     063E                     l1837:	
  3088                           ;incstack = 0
  3089                           ; Regs used in _LIN_stopTimer: [status,2]
  3090                           
  3091                           
  3092                           ;mcc_generated_files/LINDrivers/lin_slave.c: 364:     CountCallBack = 0;
  3093     063E  0020               	movlb	0	; select bank0
  3094     063F  01D0               	clrf	_CountCallBack	;volatile
  3095                           
  3096                           ;mcc_generated_files/LINDrivers/lin_slave.c: 365:     LIN_timerRunning = 0;
  3097     0640  01D1               	clrf	_LIN_timerRunning
  3098     0641                     l178:
  3099     0641  0008               	return
  3100     0642                     __end_of_LIN_stopTimer:
  3101                           
  3102                           	psect	text9
  3103     05F4                     __ptext9:	
  3104 ;; *************** function _LIN_setTimerHandler *****************
  3105 ;; Defined at:
  3106 ;;		line 356 in file "mcc_generated_files/LINDrivers/lin_slave.c"
  3107 ;; Parameters:    Size  Location     Type
  3108 ;;		None
  3109 ;; Auto vars:     Size  Location     Type
  3110 ;;		None
  3111 ;; Return value:  Size  Location     Type
  3112 ;;                  1    wreg      void 
  3113 ;; Registers used:
  3114 ;;		wreg, status,2, status,0, pclath, cstack
  3115 ;; Tracked objects:
  3116 ;;		On entry : 0/0
  3117 ;;		On exit  : 0/0
  3118 ;;		Unchanged: 0/0
  3119 ;; Data sizes:     COMMON   BANK0   BANK1   BANK2   BANK3   BANK4   BANK5   BANK6
  3120 ;;      Params:         0       0       0       0       0       0       0       0
  3121 ;;      Locals:         0       0       0       0       0       0       0       0
  3122 ;;      Temps:          0       0       0       0       0       0       0       0
  3123 ;;      Totals:         0       0       0       0       0       0       0       0
  3124 ;;Total ram usage:        0 bytes
  3125 ;; Hardware stack levels used: 1
  3126 ;; Hardware stack levels required when called: 5
  3127 ;; This function calls:
  3128 ;;		_TMR0_SetInterruptHandler
  3129 ;; This function is called by:
  3130 ;;		_LIN_init
  3131 ;; This function uses a non-reentrant model
  3132 ;;
  3133                           
  3134     05F4                     _LIN_setTimerHandler:	
  3135                           ;psect for function _LIN_setTimerHandler
  3136                           
  3137     05F4                     l1841:	
  3138                           ;incstack = 0
  3139                           ; Regs used in _LIN_setTimerHandler: [wreg+status,2+status,0+pclath+cstack]
  3140                           
  3141                           
  3142                           ;mcc_generated_files/LINDrivers/lin_slave.c: 358:     TMR0_SetInterruptHandler(LIN_timer
      +                          Handler);
  3143     05F4  30E3               	movlw	low _LIN_timerHandler
  3144     05F5  00F0               	movwf	TMR0_SetInterruptHandler@InterruptHandler
  3145     05F6  3003               	movlw	high _LIN_timerHandler
  3146     05F7  00F1               	movwf	TMR0_SetInterruptHandler@InterruptHandler+1
  3147     05F8  3186  2602  3185   	fcall	_TMR0_SetInterruptHandler
  3148     05FB                     l175:
  3149     05FB  0008               	return
  3150     05FC                     __end_of_LIN_setTimerHandler:
  3151                           
  3152                           	psect	text10
  3153     0602                     __ptext10:	
  3154 ;; *************** function _TMR0_SetInterruptHandler *****************
  3155 ;; Defined at:
  3156 ;;		line 125 in file "mcc_generated_files/tmr0.c"
  3157 ;; Parameters:    Size  Location     Type
  3158 ;;  InterruptHan    2    0[COMMON] PTR FTN()void 
  3159 ;;		 -> TMR0_DefaultInterruptHandler(1), LIN_timerHandler(1), 
  3160 ;; Auto vars:     Size  Location     Type
  3161 ;;		None
  3162 ;; Return value:  Size  Location     Type
  3163 ;;                  1    wreg      void 
  3164 ;; Registers used:
  3165 ;;		wreg
  3166 ;; Tracked objects:
  3167 ;;		On entry : 0/0
  3168 ;;		On exit  : 0/0
  3169 ;;		Unchanged: 0/0
  3170 ;; Data sizes:     COMMON   BANK0   BANK1   BANK2   BANK3   BANK4   BANK5   BANK6
  3171 ;;      Params:         2       0       0       0       0       0       0       0
  3172 ;;      Locals:         0       0       0       0       0       0       0       0
  3173 ;;      Temps:          0       0       0       0       0       0       0       0
  3174 ;;      Totals:         2       0       0       0       0       0       0       0
  3175 ;;Total ram usage:        2 bytes
  3176 ;; Hardware stack levels used: 1
  3177 ;; Hardware stack levels required when called: 4
  3178 ;; This function calls:
  3179 ;;		Nothing
  3180 ;; This function is called by:
  3181 ;;		_LIN_setTimerHandler
  3182 ;;		_TMR0_Initialize
  3183 ;; This function uses a non-reentrant model
  3184 ;;
  3185                           
  3186     0602                     _TMR0_SetInterruptHandler:	
  3187                           ;psect for function _TMR0_SetInterruptHandler
  3188                           
  3189     0602                     l1835:	
  3190                           ;incstack = 0
  3191                           ; Regs used in _TMR0_SetInterruptHandler: [wreg]
  3192                           
  3193                           
  3194                           ;mcc_generated_files/tmr0.c: 126:     TMR0_InterruptHandler = InterruptHandler;
  3195     0602  0871               	movf	TMR0_SetInterruptHandler@InterruptHandler+1,w
  3196     0603  0020               	movlb	0	; select bank0
  3197     0604  00BB               	movwf	_TMR0_InterruptHandler+1
  3198     0605  0870               	movf	TMR0_SetInterruptHandler@InterruptHandler,w
  3199     0606  00BA               	movwf	_TMR0_InterruptHandler
  3200     0607                     l277:
  3201     0607  0008               	return
  3202     0608                     __end_of_TMR0_SetInterruptHandler:
  3203                           
  3204                           	psect	text11
  3205     033A                     __ptext11:	
  3206 ;; *************** function _EUSART_Initialize *****************
  3207 ;; Defined at:
  3208 ;;		line 88 in file "mcc_generated_files/eusart.c"
  3209 ;; Parameters:    Size  Location     Type
  3210 ;;		None
  3211 ;; Auto vars:     Size  Location     Type
  3212 ;;		None
  3213 ;; Return value:  Size  Location     Type
  3214 ;;                  1    wreg      void 
  3215 ;; Registers used:
  3216 ;;		wreg, status,2, status,0, pclath, cstack
  3217 ;; Tracked objects:
  3218 ;;		On entry : 0/0
  3219 ;;		On exit  : 0/0
  3220 ;;		Unchanged: 0/0
  3221 ;; Data sizes:     COMMON   BANK0   BANK1   BANK2   BANK3   BANK4   BANK5   BANK6
  3222 ;;      Params:         0       0       0       0       0       0       0       0
  3223 ;;      Locals:         0       0       0       0       0       0       0       0
  3224 ;;      Temps:          0       0       0       0       0       0       0       0
  3225 ;;      Totals:         0       0       0       0       0       0       0       0
  3226 ;;Total ram usage:        0 bytes
  3227 ;; Hardware stack levels used: 1
  3228 ;; Hardware stack levels required when called: 5
  3229 ;; This function calls:
  3230 ;;		_EUSART_SetErrorHandler
  3231 ;;		_EUSART_SetFramingErrorHandler
  3232 ;;		_EUSART_SetOverrunErrorHandler
  3233 ;;		_EUSART_SetRxInterruptHandler
  3234 ;;		_EUSART_SetTxInterruptHandler
  3235 ;; This function is called by:
  3236 ;;		_SYSTEM_Initialize
  3237 ;; This function uses a non-reentrant model
  3238 ;;
  3239                           
  3240     033A                     _EUSART_Initialize:	
  3241                           ;psect for function _EUSART_Initialize
  3242                           
  3243     033A                     l2199:	
  3244                           ;incstack = 0
  3245                           ; Regs used in _EUSART_Initialize: [wreg+status,2+status,0+pclath+cstack]
  3246                           
  3247                           
  3248                           ;mcc_generated_files/eusart.c: 91:     PIE1bits.RCIE = 0;
  3249     033A  0021               	movlb	1	; select bank1
  3250     033B  1291               	bcf	17,5	;volatile
  3251     033C                     l2201:
  3252                           
  3253                           ;mcc_generated_files/eusart.c: 92:     EUSART_SetRxInterruptHandler(EUSART_Receive_ISR);
  3254     033C  3078               	movlw	low _EUSART_Receive_ISR
  3255     033D  00F0               	movwf	EUSART_SetRxInterruptHandler@interruptHandler
  3256     033E  3003               	movlw	high _EUSART_Receive_ISR
  3257     033F  00F1               	movwf	EUSART_SetRxInterruptHandler@interruptHandler+1
  3258     0340  3186  260E  3183   	fcall	_EUSART_SetRxInterruptHandler
  3259     0343                     l2203:
  3260                           
  3261                           ;mcc_generated_files/eusart.c: 93:     PIE1bits.TXIE = 0;
  3262     0343  0021               	movlb	1	; select bank1
  3263     0344  1211               	bcf	17,4	;volatile
  3264                           
  3265                           ;mcc_generated_files/eusart.c: 94:     EUSART_SetTxInterruptHandler(EUSART_Transmit_ISR)
      +                          ;
  3266     0345  30C4               	movlw	low _EUSART_Transmit_ISR
  3267     0346  00F0               	movwf	EUSART_SetTxInterruptHandler@interruptHandler
  3268     0347  3004               	movlw	high _EUSART_Transmit_ISR
  3269     0348  00F1               	movwf	EUSART_SetTxInterruptHandler@interruptHandler+1
  3270     0349  3186  2608  3183   	fcall	_EUSART_SetTxInterruptHandler
  3271     034C                     l2205:
  3272                           
  3273                           ;mcc_generated_files/eusart.c: 98:     BAUDCON = 0x18;
  3274     034C  3018               	movlw	24
  3275     034D  0023               	movlb	3	; select bank3
  3276     034E  009F               	movwf	31	;volatile
  3277     034F                     l2207:
  3278                           
  3279                           ;mcc_generated_files/eusart.c: 101:     RCSTA = 0x90;
  3280     034F  3090               	movlw	144
  3281     0350  009D               	movwf	29	;volatile
  3282     0351                     l2209:
  3283                           
  3284                           ;mcc_generated_files/eusart.c: 104:     TXSTA = 0x24;
  3285     0351  3024               	movlw	36
  3286     0352  009E               	movwf	30	;volatile
  3287     0353                     l2211:
  3288                           
  3289                           ;mcc_generated_files/eusart.c: 107:     SPBRGL = 0xFF;
  3290     0353  30FF               	movlw	255
  3291     0354  009B               	movwf	27	;volatile
  3292     0355                     l2213:
  3293                           
  3294                           ;mcc_generated_files/eusart.c: 110:     SPBRGH = 0x02;
  3295     0355  3002               	movlw	2
  3296     0356  009C               	movwf	28	;volatile
  3297                           
  3298                           ;mcc_generated_files/eusart.c: 113:     EUSART_SetFramingErrorHandler(EUSART_DefaultFram
      +                          ingErrorHandler);
  3299     0357  3074               	movlw	low _EUSART_DefaultFramingErrorHandler
  3300     0358  00F0               	movwf	EUSART_SetFramingErrorHandler@interruptHandler
  3301     0359  3006               	movlw	high _EUSART_DefaultFramingErrorHandler
  3302     035A  00F1               	movwf	EUSART_SetFramingErrorHandler@interruptHandler+1
  3303     035B  3186  261A  3183   	fcall	_EUSART_SetFramingErrorHandler
  3304                           
  3305                           ;mcc_generated_files/eusart.c: 114:     EUSART_SetOverrunErrorHandler(EUSART_DefaultOver
      +                          runErrorHandler);
  3306     035E  3052               	movlw	low _EUSART_DefaultOverrunErrorHandler
  3307     035F  00F0               	movwf	EUSART_SetOverrunErrorHandler@interruptHandler
  3308     0360  3006               	movlw	high _EUSART_DefaultOverrunErrorHandler
  3309     0361  00F1               	movwf	EUSART_SetOverrunErrorHandler@interruptHandler+1
  3310     0362  3186  2614  3183   	fcall	_EUSART_SetOverrunErrorHandler
  3311                           
  3312                           ;mcc_generated_files/eusart.c: 115:     EUSART_SetErrorHandler(EUSART_DefaultErrorHandle
      +                          r);
  3313     0365  3056               	movlw	low _EUSART_DefaultErrorHandler
  3314     0366  00F0               	movwf	EUSART_SetErrorHandler@interruptHandler
  3315     0367  3006               	movlw	high _EUSART_DefaultErrorHandler
  3316     0368  00F1               	movwf	EUSART_SetErrorHandler@interruptHandler+1
  3317     0369  3186  2620  3183   	fcall	_EUSART_SetErrorHandler
  3318     036C                     l2215:
  3319                           
  3320                           ;mcc_generated_files/eusart.c: 117:     eusartRxLastError.status = 0;
  3321     036C  0020               	movlb	0	; select bank0
  3322     036D  01C4               	clrf	_eusartRxLastError	;volatile
  3323     036E                     l2217:
  3324                           
  3325                           ;mcc_generated_files/eusart.c: 120:     eusartTxHead = 0;
  3326     036E  01C9               	clrf	_eusartTxHead	;volatile
  3327     036F                     l2219:
  3328                           
  3329                           ;mcc_generated_files/eusart.c: 121:     eusartTxTail = 0;
  3330     036F  01C8               	clrf	_eusartTxTail	;volatile
  3331     0370                     l2221:
  3332                           
  3333                           ;mcc_generated_files/eusart.c: 122:     eusartTxBufferRemaining = sizeof(eusartTxBuffer)
      +                          ;
  3334     0370  3008               	movlw	8
  3335     0371  00C7               	movwf	_eusartTxBufferRemaining	;volatile
  3336     0372                     l2223:
  3337                           
  3338                           ;mcc_generated_files/eusart.c: 124:     eusartRxHead = 0;
  3339     0372  01FD               	clrf	_eusartRxHead	;volatile
  3340     0373                     l2225:
  3341                           
  3342                           ;mcc_generated_files/eusart.c: 125:     eusartRxTail = 0;
  3343     0373  01C6               	clrf	_eusartRxTail	;volatile
  3344     0374                     l2227:
  3345                           
  3346                           ;mcc_generated_files/eusart.c: 126:     eusartRxCount = 0;
  3347     0374  01C5               	clrf	_eusartRxCount	;volatile
  3348     0375                     l2229:
  3349                           
  3350                           ;mcc_generated_files/eusart.c: 129:     PIE1bits.RCIE = 1;
  3351     0375  0021               	movlb	1	; select bank1
  3352     0376  1691               	bsf	17,5	;volatile
  3353     0377                     l384:
  3354     0377  0008               	return
  3355     0378                     __end_of_EUSART_Initialize:
  3356                           
  3357                           	psect	text12
  3358     0608                     __ptext12:	
  3359 ;; *************** function _EUSART_SetTxInterruptHandler *****************
  3360 ;; Defined at:
  3361 ;;		line 276 in file "mcc_generated_files/eusart.c"
  3362 ;; Parameters:    Size  Location     Type
  3363 ;;  interruptHan    2    0[COMMON] PTR FTN()void 
  3364 ;;		 -> EUSART_Transmit_ISR(1), 
  3365 ;; Auto vars:     Size  Location     Type
  3366 ;;		None
  3367 ;; Return value:  Size  Location     Type
  3368 ;;                  1    wreg      void 
  3369 ;; Registers used:
  3370 ;;		wreg
  3371 ;; Tracked objects:
  3372 ;;		On entry : 0/0
  3373 ;;		On exit  : 0/0
  3374 ;;		Unchanged: 0/0
  3375 ;; Data sizes:     COMMON   BANK0   BANK1   BANK2   BANK3   BANK4   BANK5   BANK6
  3376 ;;      Params:         2       0       0       0       0       0       0       0
  3377 ;;      Locals:         0       0       0       0       0       0       0       0
  3378 ;;      Temps:          0       0       0       0       0       0       0       0
  3379 ;;      Totals:         2       0       0       0       0       0       0       0
  3380 ;;Total ram usage:        2 bytes
  3381 ;; Hardware stack levels used: 1
  3382 ;; Hardware stack levels required when called: 4
  3383 ;; This function calls:
  3384 ;;		Nothing
  3385 ;; This function is called by:
  3386 ;;		_EUSART_Initialize
  3387 ;; This function uses a non-reentrant model
  3388 ;;
  3389                           
  3390     0608                     _EUSART_SetTxInterruptHandler:	
  3391                           ;psect for function _EUSART_SetTxInterruptHandler
  3392                           
  3393     0608                     l2027:	
  3394                           ;incstack = 0
  3395                           ; Regs used in _EUSART_SetTxInterruptHandler: [wreg]
  3396                           
  3397                           
  3398                           ;mcc_generated_files/eusart.c: 277:     EUSART_TxDefaultInterruptHandler = interruptHand
      +                          ler;
  3399     0608  0871               	movf	EUSART_SetTxInterruptHandler@interruptHandler+1,w
  3400     0609  0020               	movlb	0	; select bank0
  3401     060A  00B9               	movwf	_EUSART_TxDefaultInterruptHandler+1
  3402     060B  0870               	movf	EUSART_SetTxInterruptHandler@interruptHandler,w
  3403     060C  00B8               	movwf	_EUSART_TxDefaultInterruptHandler
  3404     060D                     l450:
  3405     060D  0008               	return
  3406     060E                     __end_of_EUSART_SetTxInterruptHandler:
  3407                           
  3408                           	psect	text13
  3409     060E                     __ptext13:	
  3410 ;; *************** function _EUSART_SetRxInterruptHandler *****************
  3411 ;; Defined at:
  3412 ;;		line 280 in file "mcc_generated_files/eusart.c"
  3413 ;; Parameters:    Size  Location     Type
  3414 ;;  interruptHan    2    0[COMMON] PTR FTN()void 
  3415 ;;		 -> EUSART_Receive_ISR(1), 
  3416 ;; Auto vars:     Size  Location     Type
  3417 ;;		None
  3418 ;; Return value:  Size  Location     Type
  3419 ;;                  1    wreg      void 
  3420 ;; Registers used:
  3421 ;;		wreg
  3422 ;; Tracked objects:
  3423 ;;		On entry : 0/0
  3424 ;;		On exit  : 0/0
  3425 ;;		Unchanged: 0/0
  3426 ;; Data sizes:     COMMON   BANK0   BANK1   BANK2   BANK3   BANK4   BANK5   BANK6
  3427 ;;      Params:         2       0       0       0       0       0       0       0
  3428 ;;      Locals:         0       0       0       0       0       0       0       0
  3429 ;;      Temps:          0       0       0       0       0       0       0       0
  3430 ;;      Totals:         2       0       0       0       0       0       0       0
  3431 ;;Total ram usage:        2 bytes
  3432 ;; Hardware stack levels used: 1
  3433 ;; Hardware stack levels required when called: 4
  3434 ;; This function calls:
  3435 ;;		Nothing
  3436 ;; This function is called by:
  3437 ;;		_EUSART_Initialize
  3438 ;; This function uses a non-reentrant model
  3439 ;;
  3440                           
  3441     060E                     _EUSART_SetRxInterruptHandler:	
  3442                           ;psect for function _EUSART_SetRxInterruptHandler
  3443                           
  3444     060E                     l2025:	
  3445                           ;incstack = 0
  3446                           ; Regs used in _EUSART_SetRxInterruptHandler: [wreg]
  3447                           
  3448                           
  3449                           ;mcc_generated_files/eusart.c: 281:     EUSART_RxDefaultInterruptHandler = interruptHand
      +                          ler;
  3450     060E  0871               	movf	EUSART_SetRxInterruptHandler@interruptHandler+1,w
  3451     060F  0020               	movlb	0	; select bank0
  3452     0610  00B7               	movwf	_EUSART_RxDefaultInterruptHandler+1
  3453     0611  0870               	movf	EUSART_SetRxInterruptHandler@interruptHandler,w
  3454     0612  00B6               	movwf	_EUSART_RxDefaultInterruptHandler
  3455     0613                     l453:
  3456     0613  0008               	return
  3457     0614                     __end_of_EUSART_SetRxInterruptHandler:
  3458                           
  3459                           	psect	text14
  3460     0614                     __ptext14:	
  3461 ;; *************** function _EUSART_SetOverrunErrorHandler *****************
  3462 ;; Defined at:
  3463 ;;		line 268 in file "mcc_generated_files/eusart.c"
  3464 ;; Parameters:    Size  Location     Type
  3465 ;;  interruptHan    2    0[COMMON] PTR FTN()void 
  3466 ;;		 -> EUSART_DefaultOverrunErrorHandler(1), 
  3467 ;; Auto vars:     Size  Location     Type
  3468 ;;		None
  3469 ;; Return value:  Size  Location     Type
  3470 ;;                  1    wreg      void 
  3471 ;; Registers used:
  3472 ;;		wreg
  3473 ;; Tracked objects:
  3474 ;;		On entry : 0/0
  3475 ;;		On exit  : 0/0
  3476 ;;		Unchanged: 0/0
  3477 ;; Data sizes:     COMMON   BANK0   BANK1   BANK2   BANK3   BANK4   BANK5   BANK6
  3478 ;;      Params:         2       0       0       0       0       0       0       0
  3479 ;;      Locals:         0       0       0       0       0       0       0       0
  3480 ;;      Temps:          0       0       0       0       0       0       0       0
  3481 ;;      Totals:         2       0       0       0       0       0       0       0
  3482 ;;Total ram usage:        2 bytes
  3483 ;; Hardware stack levels used: 1
  3484 ;; Hardware stack levels required when called: 4
  3485 ;; This function calls:
  3486 ;;		Nothing
  3487 ;; This function is called by:
  3488 ;;		_EUSART_Initialize
  3489 ;; This function uses a non-reentrant model
  3490 ;;
  3491                           
  3492     0614                     _EUSART_SetOverrunErrorHandler:	
  3493                           ;psect for function _EUSART_SetOverrunErrorHandler
  3494                           
  3495     0614                     l2031:	
  3496                           ;incstack = 0
  3497                           ; Regs used in _EUSART_SetOverrunErrorHandler: [wreg]
  3498                           
  3499                           
  3500                           ;mcc_generated_files/eusart.c: 269:     EUSART_OverrunErrorHandler = interruptHandler;
  3501     0614  0871               	movf	EUSART_SetOverrunErrorHandler@interruptHandler+1,w
  3502     0615  0020               	movlb	0	; select bank0
  3503     0616  00B3               	movwf	_EUSART_OverrunErrorHandler+1
  3504     0617  0870               	movf	EUSART_SetOverrunErrorHandler@interruptHandler,w
  3505     0618  00B2               	movwf	_EUSART_OverrunErrorHandler
  3506     0619                     l444:
  3507     0619  0008               	return
  3508     061A                     __end_of_EUSART_SetOverrunErrorHandler:
  3509                           
  3510                           	psect	text15
  3511     061A                     __ptext15:	
  3512 ;; *************** function _EUSART_SetFramingErrorHandler *****************
  3513 ;; Defined at:
  3514 ;;		line 264 in file "mcc_generated_files/eusart.c"
  3515 ;; Parameters:    Size  Location     Type
  3516 ;;  interruptHan    2    0[COMMON] PTR FTN()void 
  3517 ;;		 -> EUSART_DefaultFramingErrorHandler(1), 
  3518 ;; Auto vars:     Size  Location     Type
  3519 ;;		None
  3520 ;; Return value:  Size  Location     Type
  3521 ;;                  1    wreg      void 
  3522 ;; Registers used:
  3523 ;;		wreg
  3524 ;; Tracked objects:
  3525 ;;		On entry : 0/0
  3526 ;;		On exit  : 0/0
  3527 ;;		Unchanged: 0/0
  3528 ;; Data sizes:     COMMON   BANK0   BANK1   BANK2   BANK3   BANK4   BANK5   BANK6
  3529 ;;      Params:         2       0       0       0       0       0       0       0
  3530 ;;      Locals:         0       0       0       0       0       0       0       0
  3531 ;;      Temps:          0       0       0       0       0       0       0       0
  3532 ;;      Totals:         2       0       0       0       0       0       0       0
  3533 ;;Total ram usage:        2 bytes
  3534 ;; Hardware stack levels used: 1
  3535 ;; Hardware stack levels required when called: 4
  3536 ;; This function calls:
  3537 ;;		Nothing
  3538 ;; This function is called by:
  3539 ;;		_EUSART_Initialize
  3540 ;; This function uses a non-reentrant model
  3541 ;;
  3542                           
  3543     061A                     _EUSART_SetFramingErrorHandler:	
  3544                           ;psect for function _EUSART_SetFramingErrorHandler
  3545                           
  3546     061A                     l2029:	
  3547                           ;incstack = 0
  3548                           ; Regs used in _EUSART_SetFramingErrorHandler: [wreg]
  3549                           
  3550                           
  3551                           ;mcc_generated_files/eusart.c: 265:     EUSART_FramingErrorHandler = interruptHandler;
  3552     061A  0871               	movf	EUSART_SetFramingErrorHandler@interruptHandler+1,w
  3553     061B  0020               	movlb	0	; select bank0
  3554     061C  00B5               	movwf	_EUSART_FramingErrorHandler+1
  3555     061D  0870               	movf	EUSART_SetFramingErrorHandler@interruptHandler,w
  3556     061E  00B4               	movwf	_EUSART_FramingErrorHandler
  3557     061F                     l441:
  3558     061F  0008               	return
  3559     0620                     __end_of_EUSART_SetFramingErrorHandler:
  3560                           
  3561                           	psect	text16
  3562     0620                     __ptext16:	
  3563 ;; *************** function _EUSART_SetErrorHandler *****************
  3564 ;; Defined at:
  3565 ;;		line 272 in file "mcc_generated_files/eusart.c"
  3566 ;; Parameters:    Size  Location     Type
  3567 ;;  interruptHan    2    0[COMMON] PTR FTN()void 
  3568 ;;		 -> EUSART_DefaultErrorHandler(1), 
  3569 ;; Auto vars:     Size  Location     Type
  3570 ;;		None
  3571 ;; Return value:  Size  Location     Type
  3572 ;;                  1    wreg      void 
  3573 ;; Registers used:
  3574 ;;		wreg
  3575 ;; Tracked objects:
  3576 ;;		On entry : 0/0
  3577 ;;		On exit  : 0/0
  3578 ;;		Unchanged: 0/0
  3579 ;; Data sizes:     COMMON   BANK0   BANK1   BANK2   BANK3   BANK4   BANK5   BANK6
  3580 ;;      Params:         2       0       0       0       0       0       0       0
  3581 ;;      Locals:         0       0       0       0       0       0       0       0
  3582 ;;      Temps:          0       0       0       0       0       0       0       0
  3583 ;;      Totals:         2       0       0       0       0       0       0       0
  3584 ;;Total ram usage:        2 bytes
  3585 ;; Hardware stack levels used: 1
  3586 ;; Hardware stack levels required when called: 4
  3587 ;; This function calls:
  3588 ;;		Nothing
  3589 ;; This function is called by:
  3590 ;;		_EUSART_Initialize
  3591 ;; This function uses a non-reentrant model
  3592 ;;
  3593                           
  3594     0620                     _EUSART_SetErrorHandler:	
  3595                           ;psect for function _EUSART_SetErrorHandler
  3596                           
  3597     0620                     l2033:	
  3598                           ;incstack = 0
  3599                           ; Regs used in _EUSART_SetErrorHandler: [wreg]
  3600                           
  3601                           
  3602                           ;mcc_generated_files/eusart.c: 273:     EUSART_ErrorHandler = interruptHandler;
  3603     0620  0871               	movf	EUSART_SetErrorHandler@interruptHandler+1,w
  3604     0621  0020               	movlb	0	; select bank0
  3605     0622  00B1               	movwf	_EUSART_ErrorHandler+1
  3606     0623  0870               	movf	EUSART_SetErrorHandler@interruptHandler,w
  3607     0624  00B0               	movwf	_EUSART_ErrorHandler
  3608     0625                     l447:
  3609     0625  0008               	return
  3610     0626                     __end_of_EUSART_SetErrorHandler:
  3611                           
  3612                           	psect	text17
  3613     05E0                     __ptext17:	
  3614 ;; *************** function _LIN_signalTimeoutOccurred *****************
  3615 ;; Defined at:
  3616 ;;		line 40 in file "mcc_generated_files/LINDrivers/lin_slave.c"
  3617 ;; Parameters:    Size  Location     Type
  3618 ;;		None
  3619 ;; Auto vars:     Size  Location     Type
  3620 ;;		None
  3621 ;; Return value:  Size  Location     Type
  3622 ;;                  1    wreg      _Bool 
  3623 ;; Registers used:
  3624 ;;		wreg, status,2, status,0
  3625 ;; Tracked objects:
  3626 ;;		On entry : 0/0
  3627 ;;		On exit  : 0/0
  3628 ;;		Unchanged: 0/0
  3629 ;; Data sizes:     COMMON   BANK0   BANK1   BANK2   BANK3   BANK4   BANK5   BANK6
  3630 ;;      Params:         0       0       0       0       0       0       0       0
  3631 ;;      Locals:         0       0       0       0       0       0       0       0
  3632 ;;      Temps:          0       0       0       0       0       0       0       0
  3633 ;;      Totals:         0       0       0       0       0       0       0       0
  3634 ;;Total ram usage:        0 bytes
  3635 ;; Hardware stack levels used: 1
  3636 ;; Hardware stack levels required when called: 4
  3637 ;; This function calls:
  3638 ;;		Nothing
  3639 ;; This function is called by:
  3640 ;;		_main
  3641 ;; This function uses a non-reentrant model
  3642 ;;
  3643                           
  3644     05E0                     _LIN_signalTimeoutOccurred:	
  3645                           ;psect for function _LIN_signalTimeoutOccurred
  3646                           
  3647     05E0                     l2237:	
  3648                           ;incstack = 0
  3649                           ; Regs used in _LIN_signalTimeoutOccurred: [wreg+status,2+status,0]
  3650                           
  3651                           
  3652                           ;mcc_generated_files/LINDrivers/lin_slave.c: 41:   if (LIN_signalTimeoutPending) {
  3653     05E0  0020               	movlb	0	; select bank0
  3654     05E1  084D               	movf	_LIN_signalTimeoutPending,w	;volatile
  3655     05E2  1903               	btfsc	3,2
  3656     05E3  2DE5               	goto	u1461
  3657     05E4  2DE6               	goto	u1460
  3658     05E5                     u1461:
  3659     05E5  2DE9               	goto	l2245
  3660     05E6                     u1460:
  3661     05E6                     l2239:
  3662                           
  3663                           ;mcc_generated_files/LINDrivers/lin_slave.c: 42:     LIN_signalTimeoutPending = 0;
  3664     05E6  01CD               	clrf	_LIN_signalTimeoutPending	;volatile
  3665     05E7                     l2241:
  3666                           
  3667                           ;mcc_generated_files/LINDrivers/lin_slave.c: 43:     return 1;
  3668     05E7  3001               	movlw	1
  3669     05E8  2DEA               	goto	l74
  3670     05E9                     l2245:
  3671                           
  3672                           ;mcc_generated_files/LINDrivers/lin_slave.c: 46:   return 0;
  3673     05E9  3000               	movlw	0
  3674     05EA                     l74:
  3675     05EA  0008               	return
  3676     05EB                     __end_of_LIN_signalTimeoutOccurred:
  3677                           
  3678                           	psect	text18
  3679     0056                     __ptext18:	
  3680 ;; *************** function _LIN_handler *****************
  3681 ;; Defined at:
  3682 ;;		line 86 in file "mcc_generated_files/LINDrivers/lin_slave.c"
  3683 ;; Parameters:    Size  Location     Type
  3684 ;;		None
  3685 ;; Auto vars:     Size  Location     Type
  3686 ;;		None
  3687 ;; Return value:  Size  Location     Type
  3688 ;;                  1    wreg      enum E204
  3689 ;; Registers used:
  3690 ;;		wreg, fsr0l, fsr0h, fsr1l, fsr1h, status,2, status,0, pclath, cstack
  3691 ;; Tracked objects:
  3692 ;;		On entry : 0/0
  3693 ;;		On exit  : 0/0
  3694 ;;		Unchanged: 0/0
  3695 ;; Data sizes:     COMMON   BANK0   BANK1   BANK2   BANK3   BANK4   BANK5   BANK6
  3696 ;;      Params:         0       0       0       0       0       0       0       0
  3697 ;;      Locals:         0       0       0       0       0       0       0       0
  3698 ;;      Temps:          0       5       0       0       0       0       0       0
  3699 ;;      Totals:         0       5       0       0       0       0       0       0
  3700 ;;Total ram usage:        5 bytes
  3701 ;; Hardware stack levels used: 1
  3702 ;; Hardware stack levels required when called: 7
  3703 ;; This function calls:
  3704 ;;		NULL
  3705 ;;		_EUSART_Read
  3706 ;;		_EUSART_is_rx_ready
  3707 ;;		_LIN_breakCheck
  3708 ;;		_LIN_checkPID
  3709 ;;		_LIN_disableRx
  3710 ;;		_LIN_enableRx
  3711 ;;		_LIN_getChecksum
  3712 ;;		_LIN_getFromTable
  3713 ;;		_LIN_queuePacket
  3714 ;;		_LIN_startTimer
  3715 ;;		_memset
  3716 ;;		_processLIN
  3717 ;; This function is called by:
  3718 ;;		_main
  3719 ;; This function uses a non-reentrant model
  3720 ;;
  3721                           
  3722     0056                     _LIN_handler:	
  3723                           ;psect for function _LIN_handler
  3724                           
  3725     0056                     l2659:	
  3726                           ;incstack = 0
  3727                           ; Regs used in _LIN_handler: [wreg-fsr1h+status,2+status,0+pclath+cstack]
  3728                           
  3729                           
  3730                           ;mcc_generated_files/LINDrivers/lin_slave.c: 88:     static lin_rx_state_t LIN_rxState =
      +                           LIN_RX_IDLE;;mcc_generated_files/LINDrivers/lin_slave.c: 89:     static uint8_t rxDataI
      +                          ndex = 0;;mcc_generated_files/LINDrivers/lin_slave.c: 91:     if (LIN_rxInProgress == 1)
  3731     0056  0020               	movlb	0	; select bank0
  3732     0057  0353               	decf	_LIN_rxInProgress,w
  3733     0058  1D03               	btfss	3,2
  3734     0059  285B               	goto	u1911
  3735     005A  285C               	goto	u1910
  3736     005B                     u1911:
  3737     005B  2951               	goto	l2743
  3738     005C                     u1910:
  3739     005C                     l2661:
  3740                           
  3741                           ;mcc_generated_files/LINDrivers/lin_slave.c: 92:     {;mcc_generated_files/LINDrivers/li
      +                          n_slave.c: 93:         if (LIN_timerRunning == 0)
  3742     005C  0851               	movf	_LIN_timerRunning,w
  3743     005D  1D03               	btfss	3,2
  3744     005E  2860               	goto	u1921
  3745     005F  2861               	goto	u1920
  3746     0060                     u1921:
  3747     0060  2951               	goto	l2743
  3748     0061                     u1920:
  3749     0061                     l2663:
  3750                           
  3751                           ;mcc_generated_files/LINDrivers/lin_slave.c: 94:         {;mcc_generated_files/LINDriver
      +                          s/lin_slave.c: 96:             LIN_rxState = LIN_RX_ERROR;
  3752     0061  3008               	movlw	8
  3753     0062  00CC               	movwf	LIN_handler@LIN_rxState
  3754     0063  2951               	goto	l2743
  3755     0064                     l2665:
  3756                           
  3757                           ;mcc_generated_files/LINDrivers/lin_slave.c: 103:         if (EUSART_is_rx_ready() > 0)
  3758     0064  3185  25EB  3180   	fcall	_EUSART_is_rx_ready
  3759     0067  3A00               	xorlw	0
  3760     0068  1903               	skipnz
  3761     0069  286B               	goto	u1931
  3762     006A  286C               	goto	u1930
  3763     006B                     u1931:
  3764     006B  2979               	goto	l123
  3765     006C                     u1930:
  3766     006C                     l2667:
  3767                           
  3768                           ;mcc_generated_files/LINDrivers/lin_slave.c: 104:         {;mcc_generated_files/LINDrive
      +                          rs/lin_slave.c: 106:             LIN_startTimer(20);
  3769     006C  3014               	movlw	20
  3770     006D  3185  25B9  3180   	fcall	_LIN_startTimer
  3771     0070                     l2669:
  3772                           
  3773                           ;mcc_generated_files/LINDrivers/lin_slave.c: 107:             LIN_rxInProgress = 1;
  3774     0070  3001               	movlw	1
  3775     0071  0020               	movlb	0	; select bank0
  3776     0072  00D3               	movwf	_LIN_rxInProgress
  3777     0073                     l2671:
  3778                           
  3779                           ;mcc_generated_files/LINDrivers/lin_slave.c: 108:             LIN_rxState = LIN_RX_BREAK
      +                          ;
  3780     0073  3001               	movlw	1
  3781     0074  00CC               	movwf	LIN_handler@LIN_rxState
  3782     0075  2979               	goto	l123
  3783     0076                     l2673:
  3784                           
  3785                           ;mcc_generated_files/LINDrivers/lin_slave.c: 112:         if (EUSART_is_rx_ready() > 0)
  3786     0076  3185  25EB  3180   	fcall	_EUSART_is_rx_ready
  3787     0079  3A00               	xorlw	0
  3788     007A  1903               	skipnz
  3789     007B  287D               	goto	u1941
  3790     007C  287E               	goto	u1940
  3791     007D                     u1941:
  3792     007D  2979               	goto	l123
  3793     007E                     u1940:
  3794     007E                     l2675:
  3795                           
  3796                           ;mcc_generated_files/LINDrivers/lin_slave.c: 113:         {;mcc_generated_files/LINDrive
      +                          rs/lin_slave.c: 114:             if (LIN_breakCheck() == 1)
  3797     007E  3185  2596  3180   	fcall	_LIN_breakCheck
  3798     0081  3A01               	xorlw	1
  3799     0082  1D03               	skipz
  3800     0083  2885               	goto	u1951
  3801     0084  2886               	goto	u1950
  3802     0085                     u1951:
  3803     0085  288A               	goto	l99
  3804     0086                     u1950:
  3805     0086                     l2677:
  3806                           
  3807                           ;mcc_generated_files/LINDrivers/lin_slave.c: 115:             {;mcc_generated_files/LIND
      +                          rivers/lin_slave.c: 116:                 LIN_rxState = LIN_RX_SYNC;
  3808     0086  3002               	movlw	2
  3809     0087  0020               	movlb	0	; select bank0
  3810     0088  00CC               	movwf	LIN_handler@LIN_rxState
  3811                           
  3812                           ;mcc_generated_files/LINDrivers/lin_slave.c: 117:             }
  3813     0089  2979               	goto	l123
  3814     008A                     l99:	
  3815                           ;mcc_generated_files/LINDrivers/lin_slave.c: 118:             else
  3816                           
  3817                           
  3818                           ;mcc_generated_files/LINDrivers/lin_slave.c: 119:             {;mcc_generated_files/LIND
      +                          rivers/lin_slave.c: 120:                 LIN_rxState = LIN_RX_ERROR;
  3819     008A  3008               	movlw	8
  3820     008B  0020               	movlb	0	; select bank0
  3821     008C  00CC               	movwf	LIN_handler@LIN_rxState
  3822     008D  2979               	goto	l123
  3823     008E                     l2679:
  3824                           
  3825                           ;mcc_generated_files/LINDrivers/lin_slave.c: 125:         if (EUSART_is_rx_ready() > 0)
  3826     008E  3185  25EB  3180   	fcall	_EUSART_is_rx_ready
  3827     0091  3A00               	xorlw	0
  3828     0092  1903               	skipnz
  3829     0093  2895               	goto	u1961
  3830     0094  2896               	goto	u1960
  3831     0095                     u1961:
  3832     0095  2979               	goto	l123
  3833     0096                     u1960:
  3834     0096                     l2681:
  3835                           
  3836                           ;mcc_generated_files/LINDrivers/lin_slave.c: 126:         {;mcc_generated_files/LINDrive
      +                          rs/lin_slave.c: 127:             if (EUSART_Read() == 0x55)
  3837     0096  3184  2480  3180   	fcall	_EUSART_Read
  3838     0099  3A55               	xorlw	85
  3839     009A  1D03               	skipz
  3840     009B  289D               	goto	u1971
  3841     009C  289E               	goto	u1970
  3842     009D                     u1971:
  3843     009D  288A               	goto	l99
  3844     009E                     u1970:
  3845     009E                     l2683:
  3846                           
  3847                           ;mcc_generated_files/LINDrivers/lin_slave.c: 128:             {;mcc_generated_files/LIND
      +                          rivers/lin_slave.c: 129:                 LIN_rxState = LIN_RX_PID;
  3848     009E  3003               	movlw	3
  3849     009F  0020               	movlb	0	; select bank0
  3850     00A0  00CC               	movwf	LIN_handler@LIN_rxState
  3851                           
  3852                           ;mcc_generated_files/LINDrivers/lin_slave.c: 130:             }
  3853     00A1  2979               	goto	l123
  3854     00A2                     l2685:
  3855                           
  3856                           ;mcc_generated_files/LINDrivers/lin_slave.c: 138:         if (EUSART_is_rx_ready() > 0)
  3857     00A2  3185  25EB  3180   	fcall	_EUSART_is_rx_ready
  3858     00A5  3A00               	xorlw	0
  3859     00A6  1903               	skipnz
  3860     00A7  28A9               	goto	u1981
  3861     00A8  28AA               	goto	u1980
  3862     00A9                     u1981:
  3863     00A9  2979               	goto	l123
  3864     00AA                     u1980:
  3865     00AA                     l2687:
  3866                           
  3867                           ;mcc_generated_files/LINDrivers/lin_slave.c: 139:         {;mcc_generated_files/LINDrive
      +                          rs/lin_slave.c: 140:             LIN_packet.PID = EUSART_Read();
  3868     00AA  3184  2480  3180   	fcall	_EUSART_Read
  3869     00AD  0020               	movlb	0	; select bank0
  3870     00AE  00D4               	movwf	_LIN_packet
  3871     00AF                     l2689:
  3872                           
  3873                           ;mcc_generated_files/LINDrivers/lin_slave.c: 143:             if (LIN_checkPID(LIN_packe
      +                          t.PID) == 0)
  3874     00AF  0854               	movf	_LIN_packet,w
  3875     00B0  3184  24FC  3180   	fcall	_LIN_checkPID
  3876     00B3  3A00               	xorlw	0
  3877     00B4  1D03               	skipz
  3878     00B5  28B7               	goto	u1991
  3879     00B6  28B8               	goto	u1990
  3880     00B7                     u1991:
  3881     00B7  28B9               	goto	l2693
  3882     00B8                     u1990:
  3883     00B8  288A               	goto	l99
  3884     00B9                     l2693:
  3885                           
  3886                           ;mcc_generated_files/LINDrivers/lin_slave.c: 148:             LIN_packet.type = LIN_getF
      +                          romTable(LIN_packet.PID, TYPE);
  3887     00B9  01F0               	clrf	LIN_getFromTable@param
  3888     00BA  0AF0               	incf	LIN_getFromTable@param,f
  3889     00BB  0020               	movlb	0	; select bank0
  3890     00BC  0854               	movf	_LIN_packet,w
  3891     00BD  3182  22DC  3180   	fcall	_LIN_getFromTable
  3892     00C0  0020               	movlb	0	; select bank0
  3893     00C1  00DE               	movwf	_LIN_packet+10
  3894     00C2                     l2695:
  3895                           
  3896                           ;mcc_generated_files/LINDrivers/lin_slave.c: 149:             if (LIN_packet.type == REC
      +                          EIVE)
  3897     00C2  035E               	decf	_LIN_packet+10,w
  3898     00C3  1D03               	btfss	3,2
  3899     00C4  28C6               	goto	u2001
  3900     00C5  28C7               	goto	u2000
  3901     00C6                     u2001:
  3902     00C6  28D2               	goto	l2701
  3903     00C7                     u2000:
  3904     00C7                     l2697:
  3905                           
  3906                           ;mcc_generated_files/LINDrivers/lin_slave.c: 150:             {;mcc_generated_files/LIND
      +                          rivers/lin_slave.c: 151:                 LIN_packet.length = LIN_getFromTable(LIN_packet
      +                          .PID, LENGTH);
  3907     00C7  3002               	movlw	2
  3908     00C8  00F0               	movwf	LIN_getFromTable@param
  3909     00C9  0854               	movf	_LIN_packet,w
  3910     00CA  3182  22DC  3180   	fcall	_LIN_getFromTable
  3911     00CD  0020               	movlb	0	; select bank0
  3912     00CE  00DF               	movwf	_LIN_packet+11
  3913     00CF                     l2699:
  3914                           
  3915                           ;mcc_generated_files/LINDrivers/lin_slave.c: 152:                 LIN_rxState = LIN_RX_D
      +                          ATA;
  3916     00CF  3004               	movlw	4
  3917     00D0  00CC               	movwf	LIN_handler@LIN_rxState
  3918                           
  3919                           ;mcc_generated_files/LINDrivers/lin_slave.c: 153:             }
  3920     00D1  2979               	goto	l123
  3921     00D2                     l2701:
  3922                           
  3923                           ;mcc_generated_files/LINDrivers/lin_slave.c: 155:             {;mcc_generated_files/LIND
      +                          rivers/lin_slave.c: 156:                 LIN_disableRx();
  3924     00D2  3186  2635  3180   	fcall	_LIN_disableRx
  3925     00D5                     l2703:
  3926                           
  3927                           ;mcc_generated_files/LINDrivers/lin_slave.c: 157:                 LIN_rxState = LIN_RX_T
      +                          X_DATA;
  3928     00D5  3006               	movlw	6
  3929     00D6  0020               	movlb	0	; select bank0
  3930     00D7  00CC               	movwf	LIN_handler@LIN_rxState
  3931     00D8  2979               	goto	l123
  3932     00D9                     l2705:
  3933                           
  3934                           ;mcc_generated_files/LINDrivers/lin_slave.c: 162:         if (EUSART_is_rx_ready() > 0)
  3935     00D9  3185  25EB  3180   	fcall	_EUSART_is_rx_ready
  3936     00DC  3A00               	xorlw	0
  3937     00DD  1903               	skipnz
  3938     00DE  28E0               	goto	u2011
  3939     00DF  28E1               	goto	u2010
  3940     00E0                     u2011:
  3941     00E0  2979               	goto	l123
  3942     00E1                     u2010:
  3943     00E1                     l2707:
  3944                           
  3945                           ;mcc_generated_files/LINDrivers/lin_slave.c: 163:         {;mcc_generated_files/LINDrive
      +                          rs/lin_slave.c: 164:             LIN_packet.data[rxDataIndex] = EUSART_Read();
  3946     00E1  3184  2480  3180   	fcall	_EUSART_Read
  3947     00E4  0020               	movlb	0	; select bank0
  3948     00E5  00EA               	movwf	??_LIN_handler
  3949     00E6  3055               	movlw	low (_LIN_packet+1)
  3950     00E7  00EB               	movwf	??_LIN_handler+1
  3951     00E8  3000               	movlw	high (_LIN_packet+1)
  3952     00E9  00EC               	movwf	??_LIN_handler+2
  3953     00EA  084B               	movf	LIN_handler@rxDataIndex,w
  3954     00EB  076B               	addwf	??_LIN_handler+1,w
  3955     00EC  00ED               	movwf	??_LIN_handler+3
  3956     00ED  3000               	movlw	0
  3957     00EE  3D6C               	addwfc	??_LIN_handler+2,w
  3958     00EF  00EE               	movwf	??_LIN_handler+4
  3959     00F0  086D               	movf	??_LIN_handler+3,w
  3960     00F1  0086               	movwf	6
  3961     00F2  086E               	movf	??_LIN_handler+4,w
  3962     00F3  0087               	movwf	7
  3963     00F4  086A               	movf	??_LIN_handler,w
  3964     00F5  0081               	movwf	1
  3965     00F6                     l2709:
  3966                           
  3967                           ;mcc_generated_files/LINDrivers/lin_slave.c: 165:             if (++rxDataIndex >= LIN_p
      +                          acket.length)
  3968     00F6  3001               	movlw	1
  3969     00F7  07CB               	addwf	LIN_handler@rxDataIndex,f
  3970     00F8  085F               	movf	_LIN_packet+11,w
  3971     00F9  024B               	subwf	LIN_handler@rxDataIndex,w
  3972     00FA  1C03               	skipc
  3973     00FB  28FD               	goto	u2021
  3974     00FC  28FE               	goto	u2020
  3975     00FD                     u2021:
  3976     00FD  2979               	goto	l123
  3977     00FE                     u2020:
  3978     00FE                     l2711:
  3979                           
  3980                           ;mcc_generated_files/LINDrivers/lin_slave.c: 166:             {;mcc_generated_files/LIND
      +                          rivers/lin_slave.c: 168:                 rxDataIndex = 0;
  3981     00FE  01CB               	clrf	LIN_handler@rxDataIndex
  3982     00FF                     l2713:
  3983                           
  3984                           ;mcc_generated_files/LINDrivers/lin_slave.c: 169:                 LIN_rxState = LIN_RX_C
      +                          HECKSUM;
  3985     00FF  3005               	movlw	5
  3986     0100  00CC               	movwf	LIN_handler@LIN_rxState
  3987     0101  2979               	goto	l123
  3988     0102                     l2715:
  3989                           
  3990                           ;mcc_generated_files/LINDrivers/lin_slave.c: 174:         if (EUSART_is_rx_ready() > 0)
  3991     0102  3185  25EB  3180   	fcall	_EUSART_is_rx_ready
  3992     0105  3A00               	xorlw	0
  3993     0106  1903               	skipnz
  3994     0107  2909               	goto	u2031
  3995     0108  290A               	goto	u2030
  3996     0109                     u2031:
  3997     0109  2979               	goto	l123
  3998     010A                     u2030:
  3999     010A                     l2717:
  4000                           
  4001                           ;mcc_generated_files/LINDrivers/lin_slave.c: 175:         {;mcc_generated_files/LINDrive
      +                          rs/lin_slave.c: 176:             LIN_packet.checksum = EUSART_Read();
  4002     010A  3184  2480  3180   	fcall	_EUSART_Read
  4003     010D  0020               	movlb	0	; select bank0
  4004     010E  00DD               	movwf	_LIN_packet+9
  4005                           
  4006                           ;mcc_generated_files/LINDrivers/lin_slave.c: 177:             if (LIN_packet.checksum !=
      +                           LIN_getChecksum(LIN_packet.length, LIN_packet.PID, LIN_packet.data))
  4007     010F  0854               	movf	_LIN_packet,w
  4008     0110  00F0               	movwf	LIN_getChecksum@pid
  4009     0111  3055               	movlw	low (_LIN_packet+1)
  4010     0112  00F1               	movwf	LIN_getChecksum@data
  4011     0113  3000               	movlw	high (_LIN_packet+1)
  4012     0114  00F2               	movwf	LIN_getChecksum@data+1
  4013     0115  085F               	movf	_LIN_packet+11,w
  4014     0116  3183  23B1  3180   	fcall	_LIN_getChecksum
  4015     0119  0020               	movlb	0	; select bank0
  4016     011A  065D               	xorwf	_LIN_packet+9,w
  4017     011B  1903               	skipnz
  4018     011C  291E               	goto	u2041
  4019     011D  291F               	goto	u2040
  4020     011E                     u2041:
  4021     011E  2920               	goto	l115
  4022     011F                     u2040:
  4023     011F  288A               	goto	l99
  4024     0120                     l115:	
  4025                           ;mcc_generated_files/LINDrivers/lin_slave.c: 181:             else
  4026                           
  4027                           
  4028                           ;mcc_generated_files/LINDrivers/lin_slave.c: 182:             {;mcc_generated_files/LIND
      +                          rivers/lin_slave.c: 183:                 LIN_rxState = LIN_RX_RDY;
  4029     0120  3007               	movlw	7
  4030     0121  00CC               	movwf	LIN_handler@LIN_rxState
  4031     0122  2979               	goto	l123
  4032     0123                     l2721:
  4033                           
  4034                           ;mcc_generated_files/LINDrivers/lin_slave.c: 188:         LIN_queuePacket(LIN_packet.PID
      +                          );
  4035     0123  0854               	movf	_LIN_packet,w
  4036     0124  3182  2278  3180   	fcall	_LIN_queuePacket
  4037     0127                     l2723:
  4038                           
  4039                           ;mcc_generated_files/LINDrivers/lin_slave.c: 189:         LIN_rxState = LIN_RX_RDY;
  4040     0127  3007               	movlw	7
  4041     0128  0020               	movlb	0	; select bank0
  4042     0129  00CC               	movwf	LIN_handler@LIN_rxState
  4043     012A                     l118:	
  4044                           ;mcc_generated_files/LINDrivers/lin_slave.c: 190:     case LIN_RX_RDY:
  4045                           
  4046                           
  4047                           ;mcc_generated_files/LINDrivers/lin_slave.c: 191:         LIN_processData();
  4048     012A  0843               	movf	_LIN_processData+1,w
  4049     012B  008A               	movwf	10
  4050     012C  0842               	movf	_LIN_processData,w
  4051     012D  000A               	callw
  4052     012E  3180               	pagesel	$
  4053     012F                     l2725:
  4054                           
  4055                           ;mcc_generated_files/LINDrivers/lin_slave.c: 195:         CountCallBack = 0;
  4056     012F  0020               	movlb	0	; select bank0
  4057     0130  01D0               	clrf	_CountCallBack	;volatile
  4058     0131                     l2727:
  4059                           
  4060                           ;mcc_generated_files/LINDrivers/lin_slave.c: 196:         LIN_timerRunning = 0;
  4061     0131  01D1               	clrf	_LIN_timerRunning
  4062     0132                     l2729:
  4063                           
  4064                           ;mcc_generated_files/LINDrivers/lin_slave.c: 198:         rxDataIndex = 0;
  4065     0132  01CB               	clrf	LIN_handler@rxDataIndex
  4066     0133                     l2731:
  4067                           
  4068                           ;mcc_generated_files/LINDrivers/lin_slave.c: 199:         LIN_rxInProgress = 0;
  4069     0133  01D3               	clrf	_LIN_rxInProgress
  4070     0134                     l2733:
  4071                           
  4072                           ;mcc_generated_files/LINDrivers/lin_slave.c: 200:         memset(LIN_packet.rawPacket, 0
      +                          , sizeof(LIN_packet.rawPacket));
  4073     0134  3054               	movlw	low _LIN_packet
  4074     0135  00F0               	movwf	memset@dest
  4075     0136  3000               	movlw	high _LIN_packet
  4076     0137  00F1               	movwf	memset@dest+1
  4077     0138  3000               	movlw	0
  4078     0139  00F2               	movwf	memset@c
  4079     013A  00F3               	movwf	memset@c+1
  4080     013B  300D               	movlw	13
  4081     013C  00F4               	movwf	memset@n
  4082     013D  3000               	movlw	0
  4083     013E  00F5               	movwf	memset@n+1
  4084     013F  3185  252E  3180   	fcall	_memset
  4085     0142                     l2735:
  4086                           
  4087                           ;mcc_generated_files/LINDrivers/lin_slave.c: 202:         if (TXSTAbits.TRMT)
  4088     0142  0023               	movlb	3	; select bank3
  4089     0143  1C9E               	btfss	30,1	;volatile
  4090     0144  2946               	goto	u2051
  4091     0145  2947               	goto	u2050
  4092     0146                     u2051:
  4093     0146  294D               	goto	l121
  4094     0147                     u2050:
  4095     0147                     l2737:
  4096                           
  4097                           ;mcc_generated_files/LINDrivers/lin_slave.c: 203:         {;mcc_generated_files/LINDrive
      +                          rs/lin_slave.c: 204:             LIN_enableRx();
  4098     0147  3186  2630  3180   	fcall	_LIN_enableRx
  4099     014A                     l2739:
  4100                           
  4101                           ;mcc_generated_files/LINDrivers/lin_slave.c: 205:             LIN_rxState = LIN_RX_IDLE;
  4102     014A  0020               	movlb	0	; select bank0
  4103     014B  01CC               	clrf	LIN_handler@LIN_rxState
  4104                           
  4105                           ;mcc_generated_files/LINDrivers/lin_slave.c: 206:         }
  4106     014C  2979               	goto	l123
  4107     014D                     l121:	
  4108                           ;mcc_generated_files/LINDrivers/lin_slave.c: 207:         else
  4109                           
  4110                           
  4111                           ;mcc_generated_files/LINDrivers/lin_slave.c: 208:         {;mcc_generated_files/LINDrive
      +                          rs/lin_slave.c: 209:             LIN_rxState = LIN_RX_WAIT;
  4112     014D  3009               	movlw	9
  4113     014E  0020               	movlb	0	; select bank0
  4114     014F  00CC               	movwf	LIN_handler@LIN_rxState
  4115     0150  2979               	goto	l123
  4116     0151                     l2743:
  4117     0151  084C               	movf	LIN_handler@LIN_rxState,w
  4118     0152  00EA               	movwf	??_LIN_handler
  4119     0153  01EB               	clrf	??_LIN_handler+1
  4120                           
  4121                           ; Switch on 2 bytes has been partitioned into a top level switch of size 1, and 1 sub-sw
      +                          itches
  4122                           ; Switch size 1, requested type "simple"
  4123                           ; Number of cases is 1, Range of values is 0 to 0
  4124                           ; switch strategies available:
  4125                           ; Name         Instructions Cycles
  4126                           ; simple_byte            4     3 (average)
  4127                           ; direct_byte            8     6 (fixed)
  4128                           ; jumptable            260     6 (fixed)
  4129                           ;	Chosen strategy is simple_byte
  4130     0154  086B               	movf	??_LIN_handler+1,w
  4131     0155  3A00               	xorlw	0	; case 0
  4132     0156  1903               	skipnz
  4133     0157  2959               	goto	l2831
  4134     0158  2979               	goto	l123
  4135     0159                     l2831:
  4136                           
  4137                           ; Switch size 1, requested type "simple"
  4138                           ; Number of cases is 10, Range of values is 0 to 9
  4139                           ; switch strategies available:
  4140                           ; Name         Instructions Cycles
  4141                           ; direct_byte           26     6 (fixed)
  4142                           ; simple_byte           31    16 (average)
  4143                           ; jumptable            260     6 (fixed)
  4144                           ;	Chosen strategy is simple_byte
  4145     0159  086A               	movf	??_LIN_handler,w
  4146     015A  3A00               	xorlw	0	; case 0
  4147     015B  1903               	skipnz
  4148     015C  2864               	goto	l2665
  4149     015D  3A01               	xorlw	1	; case 1
  4150     015E  1903               	skipnz
  4151     015F  2876               	goto	l2673
  4152     0160  3A03               	xorlw	3	; case 2
  4153     0161  1903               	skipnz
  4154     0162  288E               	goto	l2679
  4155     0163  3A01               	xorlw	1	; case 3
  4156     0164  1903               	skipnz
  4157     0165  28A2               	goto	l2685
  4158     0166  3A07               	xorlw	7	; case 4
  4159     0167  1903               	skipnz
  4160     0168  28D9               	goto	l2705
  4161     0169  3A01               	xorlw	1	; case 5
  4162     016A  1903               	skipnz
  4163     016B  2902               	goto	l2715
  4164     016C  3A03               	xorlw	3	; case 6
  4165     016D  1903               	skipnz
  4166     016E  2923               	goto	l2721
  4167     016F  3A01               	xorlw	1	; case 7
  4168     0170  1903               	skipnz
  4169     0171  292A               	goto	l118
  4170     0172  3A0F               	xorlw	15	; case 8
  4171     0173  1903               	skipnz
  4172     0174  292F               	goto	l2725
  4173     0175  3A01               	xorlw	1	; case 9
  4174     0176  1903               	skipnz
  4175     0177  2942               	goto	l2735
  4176     0178  2979               	goto	l123
  4177     0179                     l123:
  4178     0179  0008               	return
  4179     017A                     __end_of_LIN_handler:
  4180                           
  4181                           	psect	text19
  4182     0200                     __ptext19:	
  4183 ;; *************** function _processLIN *****************
  4184 ;; Defined at:
  4185 ;;		line 69 in file "mcc_generated_files/LINDrivers/lin_app.c"
  4186 ;; Parameters:    Size  Location     Type
  4187 ;;		None
  4188 ;; Auto vars:     Size  Location     Type
  4189 ;;  tempRxData      8    0[BANK0 ] unsigned char [8]
  4190 ;;  cmd             1    8[BANK0 ] unsigned char 
  4191 ;;  mode            1    0        enum E3444
  4192 ;; Return value:  Size  Location     Type
  4193 ;;                  1    wreg      void 
  4194 ;; Registers used:
  4195 ;;		wreg, fsr0l, fsr0h, fsr1l, fsr1h, status,2, status,0, pclath, cstack
  4196 ;; Tracked objects:
  4197 ;;		On entry : 0/0
  4198 ;;		On exit  : 0/0
  4199 ;;		Unchanged: 0/0
  4200 ;; Data sizes:     COMMON   BANK0   BANK1   BANK2   BANK3   BANK4   BANK5   BANK6
  4201 ;;      Params:         0       0       0       0       0       0       0       0
  4202 ;;      Locals:         0       9       0       0       0       0       0       0
  4203 ;;      Temps:          0       0       0       0       0       0       0       0
  4204 ;;      Totals:         0       9       0       0       0       0       0       0
  4205 ;;Total ram usage:        9 bytes
  4206 ;; Hardware stack levels used: 1
  4207 ;; Hardware stack levels required when called: 6
  4208 ;; This function calls:
  4209 ;;		_DRL_ON
  4210 ;;		_DRL_POS_OFF
  4211 ;;		_HIBEAM_OFF
  4212 ;;		_HIBEAM_ON
  4213 ;;		_LIN_getPacket
  4214 ;;		_LOBEAM_OFF
  4215 ;;		_LOBEAM_ON
  4216 ;;		_POS_ON
  4217 ;; This function is called by:
  4218 ;;		_LIN_Slave_Initialize
  4219 ;;		_LIN_handler
  4220 ;; This function uses a non-reentrant model
  4221 ;;
  4222                           
  4223     0200                     _processLIN:	
  4224                           ;psect for function _processLIN
  4225                           
  4226     0200                     l2603:	
  4227                           ;incstack = 0
  4228                           ; Regs used in _processLIN: [wreg-fsr1h+status,2+status,0+pclath+cstack]
  4229                           
  4230                           
  4231                           ;mcc_generated_files/LINDrivers/lin_app.c: 71:   uint8_t tempRxData[8];;mcc_generated_fi
      +                          les/LINDrivers/lin_app.c: 72:   uint8_t cmd;;mcc_generated_files/LINDrivers/lin_app.c: 7
      +                          3:   ControlCode mode;;mcc_generated_files/LINDrivers/lin_app.c: 75:   cmd = LIN_getPack
      +                          et(tempRxData);
  4232     0200  3061               	movlw	(low (processLIN@tempRxData| 0))& (0+255)
  4233     0201  00F9               	movwf	LIN_getPacket@data
  4234     0202  3184  2436  3182   	fcall	_LIN_getPacket
  4235     0205  0020               	movlb	0	; select bank0
  4236     0206  00E9               	movwf	processLIN@cmd
  4237     0207                     l2605:
  4238                           
  4239                           ;mcc_generated_files/LINDrivers/lin_app.c: 78:   if (cmd != SIGNAL)
  4240     0207  0369               	decf	processLIN@cmd,w
  4241     0208  1903               	btfsc	3,2
  4242     0209  2A0B               	goto	u1861
  4243     020A  2A0C               	goto	u1860
  4244     020B                     u1861:
  4245     020B  2A0D               	goto	l2609
  4246     020C                     u1860:
  4247     020C  2A77               	goto	l221
  4248     020D                     l2609:
  4249                           
  4250                           ;mcc_generated_files/LINDrivers/lin_app.c: 83:   if (tempRxData[0] == 0x24)
  4251     020D  3024               	movlw	36
  4252     020E  0661               	xorwf	processLIN@tempRxData,w
  4253     020F  1D03               	btfss	3,2
  4254     0210  2A12               	goto	u1871
  4255     0211  2A13               	goto	u1870
  4256     0212                     u1871:
  4257     0212  2A65               	goto	l2647
  4258     0213                     u1870:
  4259     0213  2A30               	goto	l2639
  4260     0214                     l2613:
  4261                           
  4262                           ;mcc_generated_files/LINDrivers/lin_app.c: 88:       LOBEAM_OFF();
  4263     0214  3186  265D  3182   	fcall	_LOBEAM_OFF
  4264                           
  4265                           ;mcc_generated_files/LINDrivers/lin_app.c: 89:       DRL_POS_OFF();
  4266     0217  3186  2646  3182   	fcall	_DRL_POS_OFF
  4267                           
  4268                           ;mcc_generated_files/LINDrivers/lin_app.c: 90:       break;
  4269     021A  2A56               	goto	l2641
  4270     021B                     l2615:
  4271                           
  4272                           ;mcc_generated_files/LINDrivers/lin_app.c: 93:       LOBEAM_OFF();
  4273     021B  3186  265D  3182   	fcall	_LOBEAM_OFF
  4274                           
  4275                           ;mcc_generated_files/LINDrivers/lin_app.c: 94:       DRL_ON();
  4276     021E  3186  264A  3182   	fcall	_DRL_ON
  4277                           
  4278                           ;mcc_generated_files/LINDrivers/lin_app.c: 95:       break;
  4279     0221  2A56               	goto	l2641
  4280     0222                     l2621:
  4281                           
  4282                           ;mcc_generated_files/LINDrivers/lin_app.c: 108:       LOBEAM_OFF();
  4283     0222  3186  265D  3182   	fcall	_LOBEAM_OFF
  4284                           
  4285                           ;mcc_generated_files/LINDrivers/lin_app.c: 109:       POS_ON();
  4286     0225  3186  2642  3182   	fcall	_POS_ON
  4287                           
  4288                           ;mcc_generated_files/LINDrivers/lin_app.c: 110:       break;
  4289     0228  2A56               	goto	l2641
  4290     0229                     l2629:
  4291                           
  4292                           ;mcc_generated_files/LINDrivers/lin_app.c: 129:       LOBEAM_ON();
  4293     0229  3186  265A  3182   	fcall	_LOBEAM_ON
  4294                           
  4295                           ;mcc_generated_files/LINDrivers/lin_app.c: 130:       POS_ON();
  4296     022C  3186  2642  3182   	fcall	_POS_ON
  4297                           
  4298                           ;mcc_generated_files/LINDrivers/lin_app.c: 131:       break;
  4299     022F  2A56               	goto	l2641
  4300     0230                     l2639:
  4301     0230  0863               	movf	processLIN@tempRxData+2,w
  4302                           
  4303                           ; Switch size 1, requested type "simple"
  4304                           ; Number of cases is 12, Range of values is 41 to 180
  4305                           ; switch strategies available:
  4306                           ; Name         Instructions Cycles
  4307                           ; simple_byte           37    19 (average)
  4308                           ; jumptable            263     9 (fixed)
  4309                           ;	Chosen strategy is simple_byte
  4310     0231  3A29               	xorlw	41	; case 41
  4311     0232  1903               	skipnz
  4312     0233  2A14               	goto	l2613
  4313     0234  3A03               	xorlw	3	; case 42
  4314     0235  1903               	skipnz
  4315     0236  2A22               	goto	l2621
  4316     0237  3A06               	xorlw	6	; case 44
  4317     0238  1903               	skipnz
  4318     0239  2A14               	goto	l2613
  4319     023A  3A1D               	xorlw	29	; case 49
  4320     023B  1903               	skipnz
  4321     023C  2A14               	goto	l2613
  4322     023D  3A03               	xorlw	3	; case 50
  4323     023E  1903               	skipnz
  4324     023F  2A22               	goto	l2621
  4325     0240  3A01               	xorlw	1	; case 51
  4326     0241  1903               	skipnz
  4327     0242  2A29               	goto	l2629
  4328     0243  3A5A               	xorlw	90	; case 105
  4329     0244  1903               	skipnz
  4330     0245  2A1B               	goto	l2615
  4331     0246  3A03               	xorlw	3	; case 106
  4332     0247  1903               	skipnz
  4333     0248  2A1B               	goto	l2615
  4334     0249  3A06               	xorlw	6	; case 108
  4335     024A  1903               	skipnz
  4336     024B  2A1B               	goto	l2615
  4337     024C  3A1D               	xorlw	29	; case 113
  4338     024D  1903               	skipnz
  4339     024E  2A1B               	goto	l2615
  4340     024F  3A03               	xorlw	3	; case 114
  4341     0250  1903               	skipnz
  4342     0251  2A1B               	goto	l2615
  4343     0252  3AC6               	xorlw	198	; case 180
  4344     0253  1903               	skipnz
  4345     0254  2A29               	goto	l2629
  4346     0255  2A56               	goto	l2641
  4347     0256                     l2641:
  4348                           
  4349                           ;mcc_generated_files/LINDrivers/lin_app.c: 156:     if (tempRxData[1] & 0xC0)
  4350     0256  0020               	movlb	0	; select bank0
  4351     0257  0862               	movf	processLIN@tempRxData+1,w
  4352     0258  39C0               	andlw	192
  4353     0259  1903               	btfsc	3,2
  4354     025A  2A5C               	goto	u1881
  4355     025B  2A5D               	goto	u1880
  4356     025C                     u1881:
  4357     025C  2A61               	goto	l2645
  4358     025D                     u1880:
  4359     025D                     l2643:
  4360                           
  4361                           ;mcc_generated_files/LINDrivers/lin_app.c: 157:     {;mcc_generated_files/LINDrivers/lin
      +                          _app.c: 158:       HIBEAM_ON();
  4362     025D  3186  2660  3182   	fcall	_HIBEAM_ON
  4363                           
  4364                           ;mcc_generated_files/LINDrivers/lin_app.c: 159:     }
  4365     0260  2A77               	goto	l221
  4366     0261                     l2645:
  4367                           
  4368                           ;mcc_generated_files/LINDrivers/lin_app.c: 161:     {;mcc_generated_files/LINDrivers/lin
      +                          _app.c: 162:       HIBEAM_OFF();
  4369     0261  3186  2663  3182   	fcall	_HIBEAM_OFF
  4370     0264  2A77               	goto	l221
  4371     0265                     l2647:
  4372     0265  3031               	movlw	49
  4373     0266  0661               	xorwf	processLIN@tempRxData,w
  4374     0267  1D03               	btfss	3,2
  4375     0268  2A6A               	goto	u1891
  4376     0269  2A6B               	goto	u1890
  4377     026A                     u1891:
  4378     026A  2A77               	goto	l221
  4379     026B                     u1890:
  4380     026B                     l2649:
  4381     026B  3008               	movlw	8
  4382     026C  0662               	xorwf	processLIN@tempRxData+1,w
  4383     026D  1D03               	btfss	3,2
  4384     026E  2A70               	goto	u1901
  4385     026F  2A71               	goto	u1900
  4386     0270                     u1901:
  4387     0270  2A77               	goto	l221
  4388     0271                     u1900:
  4389     0271                     l2651:
  4390                           
  4391                           ;mcc_generated_files/LINDrivers/lin_app.c: 166:   {;mcc_generated_files/LINDrivers/lin_a
      +                          pp.c: 167:     HIBEAM_OFF();
  4392     0271  3186  2663  3182   	fcall	_HIBEAM_OFF
  4393                           
  4394                           ;mcc_generated_files/LINDrivers/lin_app.c: 168:     DRL_POS_OFF();
  4395     0274  3186  2646  3182   	fcall	_DRL_POS_OFF
  4396     0277                     l221:	
  4397                           ;mcc_generated_files/LINDrivers/lin_app.c: 169:   }
  4398                           
  4399     0277  0008               	return
  4400     0278                     __end_of_processLIN:
  4401                           
  4402                           	psect	text20
  4403     0642                     __ptext20:	
  4404 ;; *************** function _POS_ON *****************
  4405 ;; Defined at:
  4406 ;;		line 35 in file "gpio.c"
  4407 ;; Parameters:    Size  Location     Type
  4408 ;;		None
  4409 ;; Auto vars:     Size  Location     Type
  4410 ;;		None
  4411 ;; Return value:  Size  Location     Type
  4412 ;;                  1    wreg      void 
  4413 ;; Registers used:
  4414 ;;		None
  4415 ;; Tracked objects:
  4416 ;;		On entry : 0/0
  4417 ;;		On exit  : 0/0
  4418 ;;		Unchanged: 0/0
  4419 ;; Data sizes:     COMMON   BANK0   BANK1   BANK2   BANK3   BANK4   BANK5   BANK6
  4420 ;;      Params:         0       0       0       0       0       0       0       0
  4421 ;;      Locals:         0       0       0       0       0       0       0       0
  4422 ;;      Temps:          0       0       0       0       0       0       0       0
  4423 ;;      Totals:         0       0       0       0       0       0       0       0
  4424 ;;Total ram usage:        0 bytes
  4425 ;; Hardware stack levels used: 1
  4426 ;; Hardware stack levels required when called: 4
  4427 ;; This function calls:
  4428 ;;		Nothing
  4429 ;; This function is called by:
  4430 ;;		_processLIN
  4431 ;; This function uses a non-reentrant model
  4432 ;;
  4433                           
  4434     0642                     _POS_ON:	
  4435                           ;psect for function _POS_ON
  4436                           
  4437     0642                     l2017:	
  4438                           ;incstack = 0
  4439                           ; Regs used in _POS_ON: []
  4440                           
  4441                           
  4442                           ;gpio.c: 37:     LATBbits.LATB5 = 1;
  4443     0642  0022               	movlb	2	; select bank2
  4444     0643  168D               	bsf	13,5	;volatile
  4445                           
  4446                           ;gpio.c: 38:     LATBbits.LATB3 = 0;
  4447     0644  118D               	bcf	13,3	;volatile
  4448     0645                     l592:
  4449     0645  0008               	return
  4450     0646                     __end_of_POS_ON:
  4451                           
  4452                           	psect	text21
  4453     065A                     __ptext21:	
  4454 ;; *************** function _LOBEAM_ON *****************
  4455 ;; Defined at:
  4456 ;;		line 27 in file "gpio.c"
  4457 ;; Parameters:    Size  Location     Type
  4458 ;;		None
  4459 ;; Auto vars:     Size  Location     Type
  4460 ;;		None
  4461 ;; Return value:  Size  Location     Type
  4462 ;;                  1    wreg      void 
  4463 ;; Registers used:
  4464 ;;		None
  4465 ;; Tracked objects:
  4466 ;;		On entry : 0/0
  4467 ;;		On exit  : 0/0
  4468 ;;		Unchanged: 0/0
  4469 ;; Data sizes:     COMMON   BANK0   BANK1   BANK2   BANK3   BANK4   BANK5   BANK6
  4470 ;;      Params:         0       0       0       0       0       0       0       0
  4471 ;;      Locals:         0       0       0       0       0       0       0       0
  4472 ;;      Temps:          0       0       0       0       0       0       0       0
  4473 ;;      Totals:         0       0       0       0       0       0       0       0
  4474 ;;Total ram usage:        0 bytes
  4475 ;; Hardware stack levels used: 1
  4476 ;; Hardware stack levels required when called: 4
  4477 ;; This function calls:
  4478 ;;		Nothing
  4479 ;; This function is called by:
  4480 ;;		_processLIN
  4481 ;; This function uses a non-reentrant model
  4482 ;;
  4483                           
  4484     065A                     _LOBEAM_ON:	
  4485                           ;psect for function _LOBEAM_ON
  4486                           
  4487     065A                     l2019:	
  4488                           ;incstack = 0
  4489                           ; Regs used in _LOBEAM_ON: []
  4490                           
  4491     065A  0022               	movlb	2	; select bank2
  4492     065B  160D               	bsf	13,4	;volatile
  4493     065C                     l583:
  4494     065C  0008               	return
  4495     065D                     __end_of_LOBEAM_ON:
  4496                           
  4497                           	psect	text22
  4498     065D                     __ptext22:	
  4499 ;; *************** function _LOBEAM_OFF *****************
  4500 ;; Defined at:
  4501 ;;		line 28 in file "gpio.c"
  4502 ;; Parameters:    Size  Location     Type
  4503 ;;		None
  4504 ;; Auto vars:     Size  Location     Type
  4505 ;;		None
  4506 ;; Return value:  Size  Location     Type
  4507 ;;                  1    wreg      void 
  4508 ;; Registers used:
  4509 ;;		None
  4510 ;; Tracked objects:
  4511 ;;		On entry : 0/0
  4512 ;;		On exit  : 0/0
  4513 ;;		Unchanged: 0/0
  4514 ;; Data sizes:     COMMON   BANK0   BANK1   BANK2   BANK3   BANK4   BANK5   BANK6
  4515 ;;      Params:         0       0       0       0       0       0       0       0
  4516 ;;      Locals:         0       0       0       0       0       0       0       0
  4517 ;;      Temps:          0       0       0       0       0       0       0       0
  4518 ;;      Totals:         0       0       0       0       0       0       0       0
  4519 ;;Total ram usage:        0 bytes
  4520 ;; Hardware stack levels used: 1
  4521 ;; Hardware stack levels required when called: 4
  4522 ;; This function calls:
  4523 ;;		Nothing
  4524 ;; This function is called by:
  4525 ;;		_processLIN
  4526 ;; This function uses a non-reentrant model
  4527 ;;
  4528                           
  4529     065D                     _LOBEAM_OFF:	
  4530                           ;psect for function _LOBEAM_OFF
  4531                           
  4532     065D                     l2011:	
  4533                           ;incstack = 0
  4534                           ; Regs used in _LOBEAM_OFF: []
  4535                           
  4536     065D  0022               	movlb	2	; select bank2
  4537     065E  120D               	bcf	13,4	;volatile
  4538     065F                     l586:
  4539     065F  0008               	return
  4540     0660                     __end_of_LOBEAM_OFF:
  4541                           
  4542                           	psect	text23
  4543     0436                     __ptext23:	
  4544 ;; *************** function _LIN_getPacket *****************
  4545 ;; Defined at:
  4546 ;;		line 228 in file "mcc_generated_files/LINDrivers/lin_slave.c"
  4547 ;; Parameters:    Size  Location     Type
  4548 ;;  data            1    9[COMMON] PTR unsigned char 
  4549 ;;		 -> processLIN@tempRxData(8), 
  4550 ;; Auto vars:     Size  Location     Type
  4551 ;;  cmd             1   10[COMMON] unsigned char 
  4552 ;; Return value:  Size  Location     Type
  4553 ;;                  1    wreg      unsigned char 
  4554 ;; Registers used:
  4555 ;;		wreg, fsr1l, fsr1h, status,2, status,0, pclath, cstack
  4556 ;; Tracked objects:
  4557 ;;		On entry : 0/0
  4558 ;;		On exit  : 0/0
  4559 ;;		Unchanged: 0/0
  4560 ;; Data sizes:     COMMON   BANK0   BANK1   BANK2   BANK3   BANK4   BANK5   BANK6
  4561 ;;      Params:         1       0       0       0       0       0       0       0
  4562 ;;      Locals:         1       0       0       0       0       0       0       0
  4563 ;;      Temps:          0       0       0       0       0       0       0       0
  4564 ;;      Totals:         2       0       0       0       0       0       0       0
  4565 ;;Total ram usage:        2 bytes
  4566 ;; Hardware stack levels used: 1
  4567 ;; Hardware stack levels required when called: 5
  4568 ;; This function calls:
  4569 ;;		_memcpy
  4570 ;;		_memset
  4571 ;; This function is called by:
  4572 ;;		_processLIN
  4573 ;; This function uses a non-reentrant model
  4574 ;;
  4575                           
  4576     0436                     _LIN_getPacket:	
  4577                           ;psect for function _LIN_getPacket
  4578                           
  4579     0436                     l2565:	
  4580                           ;incstack = 0
  4581                           ; Regs used in _LIN_getPacket: [wreg+fsr1l+fsr1h+status,2+status,0+pclath+cstack]
  4582                           
  4583                           
  4584                           ;mcc_generated_files/LINDrivers/lin_slave.c: 228: uint8_t LIN_getPacket(uint8_t *data);m
      +                          cc_generated_files/LINDrivers/lin_slave.c: 229: {;mcc_generated_files/LINDrivers/lin_sla
      +                          ve.c: 230:     uint8_t cmd = LIN_packet.PID & 0x3F;
  4585     0436  0020               	movlb	0	; select bank0
  4586     0437  0854               	movf	_LIN_packet,w
  4587     0438  393F               	andlw	63
  4588     0439  00FA               	movwf	LIN_getPacket@cmd
  4589     043A                     l2567:
  4590                           
  4591                           ;mcc_generated_files/LINDrivers/lin_slave.c: 232:     memcpy(data, LIN_packet.data, size
      +                          of(LIN_packet.data));
  4592     043A  0879               	movf	LIN_getPacket@data,w
  4593     043B  00F0               	movwf	memcpy@d1
  4594     043C  01F1               	clrf	memcpy@d1+1
  4595     043D  3055               	movlw	low (_LIN_packet+1)
  4596     043E  00F2               	movwf	memcpy@s1
  4597     043F  3000               	movlw	high (_LIN_packet+1)
  4598     0440  00F3               	movwf	memcpy@s1+1
  4599     0441  3008               	movlw	8
  4600     0442  00F4               	movwf	memcpy@n
  4601     0443  3000               	movlw	0
  4602     0444  00F5               	movwf	memcpy@n+1
  4603     0445  3184  24A4  3184   	fcall	_memcpy
  4604     0448                     l2569:
  4605                           
  4606                           ;mcc_generated_files/LINDrivers/lin_slave.c: 233:     memset(LIN_packet.rawPacket, 0, si
      +                          zeof(LIN_packet.rawPacket));
  4607     0448  3054               	movlw	low _LIN_packet
  4608     0449  00F0               	movwf	memset@dest
  4609     044A  3000               	movlw	high _LIN_packet
  4610     044B  00F1               	movwf	memset@dest+1
  4611     044C  3000               	movlw	0
  4612     044D  00F2               	movwf	memset@c
  4613     044E  00F3               	movwf	memset@c+1
  4614     044F  300D               	movlw	13
  4615     0450  00F4               	movwf	memset@n
  4616     0451  3000               	movlw	0
  4617     0452  00F5               	movwf	memset@n+1
  4618     0453  3185  252E  3184   	fcall	_memset
  4619     0456                     l2571:
  4620                           
  4621                           ;mcc_generated_files/LINDrivers/lin_slave.c: 234:     LIN_validSignalReceived = 1;
  4622     0456  3001               	movlw	1
  4623     0457  0020               	movlb	0	; select bank0
  4624     0458  00CF               	movwf	_LIN_validSignalReceived	;volatile
  4625     0459                     l2573:
  4626                           
  4627                           ;mcc_generated_files/LINDrivers/lin_slave.c: 235:     return cmd;
  4628     0459  087A               	movf	LIN_getPacket@cmd,w
  4629     045A                     l132:
  4630     045A  0008               	return
  4631     045B                     __end_of_LIN_getPacket:
  4632                           
  4633                           	psect	text24
  4634     052E                     __ptext24:	
  4635 ;; *************** function _memset *****************
  4636 ;; Defined at:
  4637 ;;		line 3 in file "C:\Program Files\Microchip\xc8\v3.10\pic\sources\c99\common\memset.c"
  4638 ;; Parameters:    Size  Location     Type
  4639 ;;  dest            2    0[COMMON] PTR void 
  4640 ;;		 -> LIN_packet(13), 
  4641 ;;  c               2    2[COMMON] int 
  4642 ;;  n               2    4[COMMON] unsigned int 
  4643 ;; Auto vars:     Size  Location     Type
  4644 ;;  p               1    6[COMMON] PTR unsigned char 
  4645 ;;		 -> LIN_packet(13), 
  4646 ;; Return value:  Size  Location     Type
  4647 ;;                  2    0[COMMON] PTR void 
  4648 ;; Registers used:
  4649 ;;		wreg, fsr1l, fsr1h, status,2, status,0
  4650 ;; Tracked objects:
  4651 ;;		On entry : 0/0
  4652 ;;		On exit  : 0/0
  4653 ;;		Unchanged: 0/0
  4654 ;; Data sizes:     COMMON   BANK0   BANK1   BANK2   BANK3   BANK4   BANK5   BANK6
  4655 ;;      Params:         6       0       0       0       0       0       0       0
  4656 ;;      Locals:         1       0       0       0       0       0       0       0
  4657 ;;      Temps:          0       0       0       0       0       0       0       0
  4658 ;;      Totals:         7       0       0       0       0       0       0       0
  4659 ;;Total ram usage:        7 bytes
  4660 ;; Hardware stack levels used: 1
  4661 ;; Hardware stack levels required when called: 4
  4662 ;; This function calls:
  4663 ;;		Nothing
  4664 ;; This function is called by:
  4665 ;;		_LIN_handler
  4666 ;;		_LIN_getPacket
  4667 ;; This function uses a non-reentrant model
  4668 ;;
  4669                           
  4670     052E                     _memset:	
  4671                           ;psect for function _memset
  4672                           
  4673     052E                     l2529:	
  4674                           ;incstack = 0
  4675                           ; Regs used in _memset: [wreg+fsr1l+fsr1h+status,2+status,0]
  4676                           
  4677     052E  0870               	movf	memset@dest,w
  4678     052F  00F6               	movwf	memset@p
  4679     0530  2D38               	goto	l2535
  4680     0531                     l2531:
  4681     0531  0876               	movf	memset@p,w
  4682     0532  0086               	movwf	6
  4683     0533  0187               	clrf	7
  4684     0534  0872               	movf	memset@c,w
  4685     0535  0081               	movwf	1
  4686     0536                     l2533:
  4687     0536  3001               	movlw	1
  4688     0537  07F6               	addwf	memset@p,f
  4689     0538                     l2535:
  4690     0538  3001               	movlw	1
  4691     0539  02F4               	subwf	memset@n,f
  4692     053A  3000               	movlw	0
  4693     053B  3BF5               	subwfb	memset@n+1,f
  4694     053C  0A74               	incf	memset@n,w
  4695     053D  1D03               	skipz
  4696     053E  2D43               	goto	u1791
  4697     053F  0A75               	incf	memset@n+1,w
  4698     0540  1D03               	btfss	3,2
  4699     0541  2D43               	goto	u1791
  4700     0542  2D44               	goto	u1790
  4701     0543                     u1791:
  4702     0543  2D31               	goto	l2531
  4703     0544                     u1790:
  4704     0544                     l1161:
  4705     0544  0008               	return
  4706     0545                     __end_of_memset:
  4707                           
  4708                           	psect	text25
  4709     0660                     __ptext25:	
  4710 ;; *************** function _HIBEAM_ON *****************
  4711 ;; Defined at:
  4712 ;;		line 25 in file "gpio.c"
  4713 ;; Parameters:    Size  Location     Type
  4714 ;;		None
  4715 ;; Auto vars:     Size  Location     Type
  4716 ;;		None
  4717 ;; Return value:  Size  Location     Type
  4718 ;;                  1    wreg      void 
  4719 ;; Registers used:
  4720 ;;		None
  4721 ;; Tracked objects:
  4722 ;;		On entry : 0/0
  4723 ;;		On exit  : 0/0
  4724 ;;		Unchanged: 0/0
  4725 ;; Data sizes:     COMMON   BANK0   BANK1   BANK2   BANK3   BANK4   BANK5   BANK6
  4726 ;;      Params:         0       0       0       0       0       0       0       0
  4727 ;;      Locals:         0       0       0       0       0       0       0       0
  4728 ;;      Temps:          0       0       0       0       0       0       0       0
  4729 ;;      Totals:         0       0       0       0       0       0       0       0
  4730 ;;Total ram usage:        0 bytes
  4731 ;; Hardware stack levels used: 1
  4732 ;; Hardware stack levels required when called: 4
  4733 ;; This function calls:
  4734 ;;		Nothing
  4735 ;; This function is called by:
  4736 ;;		_processLIN
  4737 ;; This function uses a non-reentrant model
  4738 ;;
  4739                           
  4740     0660                     _HIBEAM_ON:	
  4741                           ;psect for function _HIBEAM_ON
  4742                           
  4743     0660                     l2021:	
  4744                           ;incstack = 0
  4745                           ; Regs used in _HIBEAM_ON: []
  4746                           
  4747     0660  0022               	movlb	2	; select bank2
  4748     0661  150D               	bsf	13,2	;volatile
  4749     0662                     l577:
  4750     0662  0008               	return
  4751     0663                     __end_of_HIBEAM_ON:
  4752                           
  4753                           	psect	text26
  4754     0663                     __ptext26:	
  4755 ;; *************** function _HIBEAM_OFF *****************
  4756 ;; Defined at:
  4757 ;;		line 26 in file "gpio.c"
  4758 ;; Parameters:    Size  Location     Type
  4759 ;;		None
  4760 ;; Auto vars:     Size  Location     Type
  4761 ;;		None
  4762 ;; Return value:  Size  Location     Type
  4763 ;;                  1    wreg      void 
  4764 ;; Registers used:
  4765 ;;		None
  4766 ;; Tracked objects:
  4767 ;;		On entry : 0/0
  4768 ;;		On exit  : 0/0
  4769 ;;		Unchanged: 0/0
  4770 ;; Data sizes:     COMMON   BANK0   BANK1   BANK2   BANK3   BANK4   BANK5   BANK6
  4771 ;;      Params:         0       0       0       0       0       0       0       0
  4772 ;;      Locals:         0       0       0       0       0       0       0       0
  4773 ;;      Temps:          0       0       0       0       0       0       0       0
  4774 ;;      Totals:         0       0       0       0       0       0       0       0
  4775 ;;Total ram usage:        0 bytes
  4776 ;; Hardware stack levels used: 1
  4777 ;; Hardware stack levels required when called: 4
  4778 ;; This function calls:
  4779 ;;		Nothing
  4780 ;; This function is called by:
  4781 ;;		_processLIN
  4782 ;; This function uses a non-reentrant model
  4783 ;;
  4784                           
  4785     0663                     _HIBEAM_OFF:	
  4786                           ;psect for function _HIBEAM_OFF
  4787                           
  4788     0663                     l2023:	
  4789                           ;incstack = 0
  4790                           ; Regs used in _HIBEAM_OFF: []
  4791                           
  4792     0663  0022               	movlb	2	; select bank2
  4793     0664  110D               	bcf	13,2	;volatile
  4794     0665                     l580:
  4795     0665  0008               	return
  4796     0666                     __end_of_HIBEAM_OFF:
  4797                           
  4798                           	psect	text27
  4799     0646                     __ptext27:	
  4800 ;; *************** function _DRL_POS_OFF *****************
  4801 ;; Defined at:
  4802 ;;		line 40 in file "gpio.c"
  4803 ;; Parameters:    Size  Location     Type
  4804 ;;		None
  4805 ;; Auto vars:     Size  Location     Type
  4806 ;;		None
  4807 ;; Return value:  Size  Location     Type
  4808 ;;                  1    wreg      void 
  4809 ;; Registers used:
  4810 ;;		None
  4811 ;; Tracked objects:
  4812 ;;		On entry : 0/0
  4813 ;;		On exit  : 0/0
  4814 ;;		Unchanged: 0/0
  4815 ;; Data sizes:     COMMON   BANK0   BANK1   BANK2   BANK3   BANK4   BANK5   BANK6
  4816 ;;      Params:         0       0       0       0       0       0       0       0
  4817 ;;      Locals:         0       0       0       0       0       0       0       0
  4818 ;;      Temps:          0       0       0       0       0       0       0       0
  4819 ;;      Totals:         0       0       0       0       0       0       0       0
  4820 ;;Total ram usage:        0 bytes
  4821 ;; Hardware stack levels used: 1
  4822 ;; Hardware stack levels required when called: 4
  4823 ;; This function calls:
  4824 ;;		Nothing
  4825 ;; This function is called by:
  4826 ;;		_processLIN
  4827 ;; This function uses a non-reentrant model
  4828 ;;
  4829                           
  4830     0646                     _DRL_POS_OFF:	
  4831                           ;psect for function _DRL_POS_OFF
  4832                           
  4833     0646                     l2013:	
  4834                           ;incstack = 0
  4835                           ; Regs used in _DRL_POS_OFF: []
  4836                           
  4837                           
  4838                           ;gpio.c: 42:     LATBbits.LATB3 = 0;
  4839     0646  0022               	movlb	2	; select bank2
  4840     0647  118D               	bcf	13,3	;volatile
  4841                           
  4842                           ;gpio.c: 43:     LATBbits.LATB5 = 0;
  4843     0648  128D               	bcf	13,5	;volatile
  4844     0649                     l595:
  4845     0649  0008               	return
  4846     064A                     __end_of_DRL_POS_OFF:
  4847                           
  4848                           	psect	text28
  4849     064A                     __ptext28:	
  4850 ;; *************** function _DRL_ON *****************
  4851 ;; Defined at:
  4852 ;;		line 30 in file "gpio.c"
  4853 ;; Parameters:    Size  Location     Type
  4854 ;;		None
  4855 ;; Auto vars:     Size  Location     Type
  4856 ;;		None
  4857 ;; Return value:  Size  Location     Type
  4858 ;;                  1    wreg      void 
  4859 ;; Registers used:
  4860 ;;		None
  4861 ;; Tracked objects:
  4862 ;;		On entry : 0/0
  4863 ;;		On exit  : 0/0
  4864 ;;		Unchanged: 0/0
  4865 ;; Data sizes:     COMMON   BANK0   BANK1   BANK2   BANK3   BANK4   BANK5   BANK6
  4866 ;;      Params:         0       0       0       0       0       0       0       0
  4867 ;;      Locals:         0       0       0       0       0       0       0       0
  4868 ;;      Temps:          0       0       0       0       0       0       0       0
  4869 ;;      Totals:         0       0       0       0       0       0       0       0
  4870 ;;Total ram usage:        0 bytes
  4871 ;; Hardware stack levels used: 1
  4872 ;; Hardware stack levels required when called: 4
  4873 ;; This function calls:
  4874 ;;		Nothing
  4875 ;; This function is called by:
  4876 ;;		_processLIN
  4877 ;; This function uses a non-reentrant model
  4878 ;;
  4879                           
  4880     064A                     _DRL_ON:	
  4881                           ;psect for function _DRL_ON
  4882                           
  4883     064A                     l2015:	
  4884                           ;incstack = 0
  4885                           ; Regs used in _DRL_ON: []
  4886                           
  4887                           
  4888                           ;gpio.c: 32:     LATBbits.LATB3 = 1;
  4889     064A  0022               	movlb	2	; select bank2
  4890     064B  158D               	bsf	13,3	;volatile
  4891                           
  4892                           ;gpio.c: 33:     LATBbits.LATB5 = 0;
  4893     064C  128D               	bcf	13,5	;volatile
  4894     064D                     l589:
  4895     064D  0008               	return
  4896     064E                     __end_of_DRL_ON:
  4897                           
  4898                           	psect	text29
  4899     05B9                     __ptext29:	
  4900 ;; *************** function _LIN_startTimer *****************
  4901 ;; Defined at:
  4902 ;;		line 318 in file "mcc_generated_files/LINDrivers/lin_slave.c"
  4903 ;; Parameters:    Size  Location     Type
  4904 ;;  timeout         1    wreg     unsigned char 
  4905 ;; Auto vars:     Size  Location     Type
  4906 ;;  timeout         1    1[COMMON] unsigned char 
  4907 ;; Return value:  Size  Location     Type
  4908 ;;                  1    wreg      void 
  4909 ;; Registers used:
  4910 ;;		wreg, status,2, status,0, pclath, cstack
  4911 ;; Tracked objects:
  4912 ;;		On entry : 0/0
  4913 ;;		On exit  : 0/0
  4914 ;;		Unchanged: 0/0
  4915 ;; Data sizes:     COMMON   BANK0   BANK1   BANK2   BANK3   BANK4   BANK5   BANK6
  4916 ;;      Params:         0       0       0       0       0       0       0       0
  4917 ;;      Locals:         1       0       0       0       0       0       0       0
  4918 ;;      Temps:          0       0       0       0       0       0       0       0
  4919 ;;      Totals:         1       0       0       0       0       0       0       0
  4920 ;;Total ram usage:        1 bytes
  4921 ;; Hardware stack levels used: 1
  4922 ;; Hardware stack levels required when called: 5
  4923 ;; This function calls:
  4924 ;;		_TMR0_WriteTimer
  4925 ;; This function is called by:
  4926 ;;		_LIN_handler
  4927 ;; This function uses a non-reentrant model
  4928 ;;
  4929                           
  4930     05B9                     _LIN_startTimer:	
  4931                           ;psect for function _LIN_startTimer
  4932                           
  4933                           
  4934                           ;incstack = 0
  4935                           ; Regs used in _LIN_startTimer: [wreg+status,2+status,0+pclath+cstack]
  4936                           ;LIN_startTimer@timeout stored from wreg
  4937     05B9  00F1               	movwf	LIN_startTimer@timeout
  4938     05BA                     l2073:
  4939                           
  4940                           ;mcc_generated_files/LINDrivers/lin_slave.c: 318: void LIN_startTimer(uint8_t timeout);m
      +                          cc_generated_files/LINDrivers/lin_slave.c: 319: {;mcc_generated_files/LINDrivers/lin_sla
      +                          ve.c: 320:     LIN_timeout = timeout;
  4941     05BA  0871               	movf	LIN_startTimer@timeout,w
  4942     05BB  0020               	movlb	0	; select bank0
  4943     05BC  00EF               	movwf	_LIN_timeout
  4944     05BD                     l2075:
  4945                           
  4946                           ;mcc_generated_files/LINDrivers/lin_slave.c: 321:     TMR0_WriteTimer(0);
  4947     05BD  3000               	movlw	0
  4948     05BE  3186  262B  3185   	fcall	_TMR0_WriteTimer
  4949     05C1                     l2077:
  4950                           
  4951                           ;mcc_generated_files/LINDrivers/lin_slave.c: 322:     __nop();
  4952     05C1  0000               	nop
  4953     05C2                     l2079:
  4954                           
  4955                           ;mcc_generated_files/LINDrivers/lin_slave.c: 323:     LIN_timerRunning = 1;
  4956     05C2  3001               	movlw	1
  4957     05C3  0020               	movlb	0	; select bank0
  4958     05C4  00D1               	movwf	_LIN_timerRunning
  4959     05C5                     l2081:
  4960                           
  4961                           ;mcc_generated_files/LINDrivers/lin_slave.c: 324:     CountCallBack = 0;
  4962     05C5  01D0               	clrf	_CountCallBack	;volatile
  4963     05C6                     l164:
  4964     05C6  0008               	return
  4965     05C7                     __end_of_LIN_startTimer:
  4966                           
  4967                           	psect	text30
  4968     062B                     __ptext30:	
  4969 ;; *************** function _TMR0_WriteTimer *****************
  4970 ;; Defined at:
  4971 ;;		line 96 in file "mcc_generated_files/tmr0.c"
  4972 ;; Parameters:    Size  Location     Type
  4973 ;;  timerVal        1    wreg     unsigned char 
  4974 ;; Auto vars:     Size  Location     Type
  4975 ;;  timerVal        1    0[COMMON] unsigned char 
  4976 ;; Return value:  Size  Location     Type
  4977 ;;                  1    wreg      void 
  4978 ;; Registers used:
  4979 ;;		wreg
  4980 ;; Tracked objects:
  4981 ;;		On entry : 0/0
  4982 ;;		On exit  : 0/0
  4983 ;;		Unchanged: 0/0
  4984 ;; Data sizes:     COMMON   BANK0   BANK1   BANK2   BANK3   BANK4   BANK5   BANK6
  4985 ;;      Params:         0       0       0       0       0       0       0       0
  4986 ;;      Locals:         1       0       0       0       0       0       0       0
  4987 ;;      Temps:          0       0       0       0       0       0       0       0
  4988 ;;      Totals:         1       0       0       0       0       0       0       0
  4989 ;;Total ram usage:        1 bytes
  4990 ;; Hardware stack levels used: 1
  4991 ;; Hardware stack levels required when called: 4
  4992 ;; This function calls:
  4993 ;;		Nothing
  4994 ;; This function is called by:
  4995 ;;		_LIN_startTimer
  4996 ;; This function uses a non-reentrant model
  4997 ;;
  4998                           
  4999     062B                     _TMR0_WriteTimer:	
  5000                           ;psect for function _TMR0_WriteTimer
  5001                           
  5002                           
  5003                           ;incstack = 0
  5004                           ; Regs used in _TMR0_WriteTimer: [wreg]
  5005                           ;TMR0_WriteTimer@timerVal stored from wreg
  5006     062B  00F0               	movwf	TMR0_WriteTimer@timerVal
  5007     062C                     l2005:
  5008                           
  5009                           ;mcc_generated_files/tmr0.c: 96: void TMR0_WriteTimer(uint8_t timerVal);mcc_generated_fi
      +                          les/tmr0.c: 97: {;mcc_generated_files/tmr0.c: 99:     TMR0 = timerVal;
  5010     062C  0870               	movf	TMR0_WriteTimer@timerVal,w
  5011     062D  0020               	movlb	0	; select bank0
  5012     062E  0095               	movwf	21	;volatile
  5013     062F                     l267:
  5014     062F  0008               	return
  5015     0630                     __end_of_TMR0_WriteTimer:
  5016                           
  5017                           	psect	text31
  5018     0278                     __ptext31:	
  5019 ;; *************** function _LIN_queuePacket *****************
  5020 ;; Defined at:
  5021 ;;		line 60 in file "mcc_generated_files/LINDrivers/lin_slave.c"
  5022 ;; Parameters:    Size  Location     Type
  5023 ;;  cmd             1    wreg     unsigned char 
  5024 ;; Auto vars:     Size  Location     Type
  5025 ;;  cmd             1    5[BANK0 ] unsigned char 
  5026 ;;  i               1    6[BANK0 ] unsigned char 
  5027 ;;  tempSchedule    2    7[BANK0 ] PTR const struct .
  5028 ;;		 -> NULL(0), scheduleTable(5), 
  5029 ;; Return value:  Size  Location     Type
  5030 ;;                  1    wreg      void 
  5031 ;; Registers used:
  5032 ;;		wreg, fsr0l, fsr0h, fsr1l, fsr1h, status,2, status,0, pclath, cstack
  5033 ;; Tracked objects:
  5034 ;;		On entry : 0/0
  5035 ;;		On exit  : 0/0
  5036 ;;		Unchanged: 0/0
  5037 ;; Data sizes:     COMMON   BANK0   BANK1   BANK2   BANK3   BANK4   BANK5   BANK6
  5038 ;;      Params:         0       0       0       0       0       0       0       0
  5039 ;;      Locals:         0       4       0       0       0       0       0       0
  5040 ;;      Temps:          0       3       0       0       0       0       0       0
  5041 ;;      Totals:         0       7       0       0       0       0       0       0
  5042 ;;Total ram usage:        7 bytes
  5043 ;; Hardware stack levels used: 1
  5044 ;; Hardware stack levels required when called: 6
  5045 ;; This function calls:
  5046 ;;		_LIN_getChecksum
  5047 ;;		_LIN_sendPacket
  5048 ;;		_memcpy
  5049 ;; This function is called by:
  5050 ;;		_LIN_handler
  5051 ;; This function uses a non-reentrant model
  5052 ;;
  5053                           
  5054     0278                     _LIN_queuePacket:	
  5055                           ;psect for function _LIN_queuePacket
  5056                           
  5057                           
  5058                           ;incstack = 0
  5059                           ; Regs used in _LIN_queuePacket: [wreg-fsr1h+status,2+status,0+pclath+cstack]
  5060                           ;LIN_queuePacket@cmd stored from wreg
  5061     0278  0020               	movlb	0	; select bank0
  5062     0279  00E6               	movwf	LIN_queuePacket@cmd
  5063     027A                     l2577:
  5064                           
  5065                           ;mcc_generated_files/LINDrivers/lin_slave.c: 60: void LIN_queuePacket(uint8_t cmd);mcc_g
      +                          enerated_files/LINDrivers/lin_slave.c: 61: {;mcc_generated_files/LINDrivers/lin_slave.c:
      +                           62:     const lin_rx_cmd_t *tempSchedule = LIN_rxCommand;
  5066     027A  0841               	movf	_LIN_rxCommand+1,w
  5067     027B  00E9               	movwf	LIN_queuePacket@tempSchedule+1
  5068     027C  0840               	movf	_LIN_rxCommand,w
  5069     027D  00E8               	movwf	LIN_queuePacket@tempSchedule
  5070     027E                     l2579:
  5071                           
  5072                           ;mcc_generated_files/LINDrivers/lin_slave.c: 64:     cmd &= 0x3F;
  5073     027E  303F               	movlw	63
  5074     027F  05E6               	andwf	LIN_queuePacket@cmd,f
  5075     0280                     l2581:
  5076                           
  5077                           ;mcc_generated_files/LINDrivers/lin_slave.c: 65:     for (uint8_t i = 0; i < LIN_rxComma
      +                          ndLength; i++)
  5078     0280  01E7               	clrf	LIN_queuePacket@i
  5079     0281  2A93               	goto	l2591
  5080     0282                     l2583:
  5081                           
  5082                           ;mcc_generated_files/LINDrivers/lin_slave.c: 66:     {;mcc_generated_files/LINDrivers/li
      +                          n_slave.c: 67:         if (cmd == tempSchedule->cmd)
  5083     0282  0868               	movf	LIN_queuePacket@tempSchedule,w
  5084     0283  0084               	movwf	4
  5085     0284  0869               	movf	LIN_queuePacket@tempSchedule+1,w
  5086     0285  0085               	movwf	5
  5087     0286  0800               	movf	0,w	;code access
  5088     0287  0666               	xorwf	LIN_queuePacket@cmd,w
  5089     0288  1D03               	skipz
  5090     0289  2A8B               	goto	u1841
  5091     028A  2A8C               	goto	u1840
  5092     028B                     u1841:
  5093     028B  2A8D               	goto	l2587
  5094     028C                     u1840:
  5095     028C  2A99               	goto	l2593
  5096     028D                     l2587:
  5097                           
  5098                           ;mcc_generated_files/LINDrivers/lin_slave.c: 71:         tempSchedule++;
  5099     028D  3005               	movlw	5
  5100     028E  07E8               	addwf	LIN_queuePacket@tempSchedule,f
  5101     028F  3000               	movlw	0
  5102     0290  3DE9               	addwfc	LIN_queuePacket@tempSchedule+1,f
  5103     0291                     l2589:
  5104                           
  5105                           ;mcc_generated_files/LINDrivers/lin_slave.c: 72:     }
  5106     0291  3001               	movlw	1
  5107     0292  07E7               	addwf	LIN_queuePacket@i,f
  5108     0293                     l2591:
  5109     0293  0852               	movf	_LIN_rxCommandLength,w
  5110     0294  0267               	subwf	LIN_queuePacket@i,w
  5111     0295  1C03               	skipc
  5112     0296  2A98               	goto	u1851
  5113     0297  2A99               	goto	u1850
  5114     0298                     u1851:
  5115     0298  2A82               	goto	l2583
  5116     0299                     u1850:
  5117     0299                     l2593:
  5118                           
  5119                           ;mcc_generated_files/LINDrivers/lin_slave.c: 74:     LIN_packet.type = tempSchedule->typ
      +                          e;
  5120     0299  3001               	movlw	1
  5121     029A  0768               	addwf	LIN_queuePacket@tempSchedule,w
  5122     029B  0084               	movwf	4
  5123     029C  0869               	movf	LIN_queuePacket@tempSchedule+1,w
  5124     029D  1803               	skipnc
  5125     029E  3E01               	addlw	1
  5126     029F  0085               	movwf	5
  5127     02A0  0800               	movf	0,w	;code access
  5128     02A1  00DE               	movwf	_LIN_packet+10
  5129                           
  5130                           ;mcc_generated_files/LINDrivers/lin_slave.c: 75:     LIN_packet.length = tempSchedule->l
      +                          ength;
  5131     02A2  3002               	movlw	2
  5132     02A3  0768               	addwf	LIN_queuePacket@tempSchedule,w
  5133     02A4  0084               	movwf	4
  5134     02A5  0869               	movf	LIN_queuePacket@tempSchedule+1,w
  5135     02A6  1803               	skipnc
  5136     02A7  3E01               	addlw	1
  5137     02A8  0085               	movwf	5
  5138     02A9  0800               	movf	0,w	;code access
  5139     02AA  00DF               	movwf	_LIN_packet+11
  5140     02AB                     l2595:
  5141                           
  5142                           ;mcc_generated_files/LINDrivers/lin_slave.c: 79:     memcpy(LIN_packet.data, tempSchedul
      +                          e->data, LIN_packet.length);
  5143     02AB  3055               	movlw	low (_LIN_packet+1)
  5144     02AC  00F0               	movwf	memcpy@d1
  5145     02AD  3000               	movlw	high (_LIN_packet+1)
  5146     02AE  00F1               	movwf	memcpy@d1+1
  5147     02AF  3003               	movlw	3
  5148     02B0  0768               	addwf	LIN_queuePacket@tempSchedule,w
  5149     02B1  0084               	movwf	4
  5150     02B2  0869               	movf	LIN_queuePacket@tempSchedule+1,w
  5151     02B3  1803               	skipnc
  5152     02B4  3E01               	addlw	1
  5153     02B5  0085               	movwf	5
  5154     02B6  3F00               	moviw [0]fsr0
  5155     02B7  00F2               	movwf	memcpy@s1
  5156     02B8  3F01               	moviw [1]fsr0
  5157     02B9  00F3               	movwf	memcpy@s1+1
  5158     02BA  085F               	movf	_LIN_packet+11,w
  5159     02BB  00E4               	movwf	??_LIN_queuePacket+1
  5160     02BC  01E5               	clrf	??_LIN_queuePacket+2
  5161     02BD  0864               	movf	??_LIN_queuePacket+1,w
  5162     02BE  00F4               	movwf	memcpy@n
  5163     02BF  0865               	movf	??_LIN_queuePacket+2,w
  5164     02C0  00F5               	movwf	memcpy@n+1
  5165     02C1  3184  24A4  3182   	fcall	_memcpy
  5166     02C4                     l2597:
  5167                           
  5168                           ;mcc_generated_files/LINDrivers/lin_slave.c: 82:     LIN_packet.checksum = LIN_getChecks
      +                          um(LIN_packet.length, LIN_packet.PID, LIN_packet.data);
  5169     02C4  0020               	movlb	0	; select bank0
  5170     02C5  0854               	movf	_LIN_packet,w
  5171     02C6  00F0               	movwf	LIN_getChecksum@pid
  5172     02C7  3055               	movlw	low (_LIN_packet+1)
  5173     02C8  00F1               	movwf	LIN_getChecksum@data
  5174     02C9  3000               	movlw	high (_LIN_packet+1)
  5175     02CA  00F2               	movwf	LIN_getChecksum@data+1
  5176     02CB  085F               	movf	_LIN_packet+11,w
  5177     02CC  3183  23B1  3182   	fcall	_LIN_getChecksum
  5178     02CF  0020               	movlb	0	; select bank0
  5179     02D0  00DD               	movwf	_LIN_packet+9
  5180     02D1                     l2599:
  5181                           
  5182                           ;mcc_generated_files/LINDrivers/lin_slave.c: 83:     LIN_sendPacket(LIN_packet.length, L
      +                          IN_packet.PID, LIN_packet.data);
  5183     02D1  0854               	movf	_LIN_packet,w
  5184     02D2  00FA               	movwf	LIN_sendPacket@pid
  5185     02D3  3055               	movlw	low (_LIN_packet+1)
  5186     02D4  00FB               	movwf	LIN_sendPacket@data
  5187     02D5  3000               	movlw	high (_LIN_packet+1)
  5188     02D6  00FC               	movwf	LIN_sendPacket@data+1
  5189     02D7  085F               	movf	_LIN_packet+11,w
  5190     02D8  3184  245B  3182   	fcall	_LIN_sendPacket
  5191     02DB                     l84:
  5192     02DB  0008               	return
  5193     02DC                     __end_of_LIN_queuePacket:
  5194                           
  5195                           	psect	text32
  5196     04A4                     __ptext32:	
  5197 ;; *************** function _memcpy *****************
  5198 ;; Defined at:
  5199 ;;		line 4 in file "C:\Program Files\Microchip\xc8\v3.10\pic\sources\c99\common\memcpy.c"
  5200 ;; Parameters:    Size  Location     Type
  5201 ;;  d1              2    0[COMMON] PTR void 
  5202 ;;		 -> processLIN@tempRxData(8), LIN_packet(13), 
  5203 ;;  s1              2    2[COMMON] PTR const void 
  5204 ;;		 -> SIGNAL_Data(8), LIN_packet$data(8), LIN_packet(13), 
  5205 ;;  n               2    4[COMMON] unsigned int 
  5206 ;; Auto vars:     Size  Location     Type
  5207 ;;  s               1    8[COMMON] PTR const unsigned char 
  5208 ;;		 -> SIGNAL_Data(8), LIN_packet$data(8), LIN_packet(13), 
  5209 ;;  d               1    7[COMMON] PTR unsigned char 
  5210 ;;		 -> processLIN@tempRxData(8), LIN_packet(13), 
  5211 ;;  tmp             1    6[COMMON] unsigned char 
  5212 ;; Return value:  Size  Location     Type
  5213 ;;                  2    0[COMMON] PTR void 
  5214 ;; Registers used:
  5215 ;;		wreg, fsr1l, fsr1h, status,2, status,0
  5216 ;; Tracked objects:
  5217 ;;		On entry : 0/0
  5218 ;;		On exit  : 0/0
  5219 ;;		Unchanged: 0/0
  5220 ;; Data sizes:     COMMON   BANK0   BANK1   BANK2   BANK3   BANK4   BANK5   BANK6
  5221 ;;      Params:         6       0       0       0       0       0       0       0
  5222 ;;      Locals:         3       0       0       0       0       0       0       0
  5223 ;;      Temps:          0       0       0       0       0       0       0       0
  5224 ;;      Totals:         9       0       0       0       0       0       0       0
  5225 ;;Total ram usage:        9 bytes
  5226 ;; Hardware stack levels used: 1
  5227 ;; Hardware stack levels required when called: 4
  5228 ;; This function calls:
  5229 ;;		Nothing
  5230 ;; This function is called by:
  5231 ;;		_LIN_queuePacket
  5232 ;;		_LIN_getPacket
  5233 ;; This function uses a non-reentrant model
  5234 ;;
  5235                           
  5236     04A4                     _memcpy:	
  5237                           ;psect for function _memcpy
  5238                           
  5239     04A4                     l2501:	
  5240                           ;incstack = 0
  5241                           ; Regs used in _memcpy: [wreg+fsr1l+fsr1h+status,2+status,0]
  5242                           
  5243     04A4  0872               	movf	memcpy@s1,w
  5244     04A5  00F8               	movwf	memcpy@s
  5245     04A6  0870               	movf	memcpy@d1,w
  5246     04A7  00F7               	movwf	memcpy@d
  5247     04A8  2CB7               	goto	l1152
  5248     04A9                     l2503:
  5249     04A9  0878               	movf	memcpy@s,w
  5250     04AA  0086               	movwf	6
  5251     04AB  0187               	clrf	7
  5252     04AC  0801               	movf	1,w
  5253     04AD  00F6               	movwf	memcpy@tmp
  5254     04AE                     l2505:
  5255     04AE  3001               	movlw	1
  5256     04AF  07F8               	addwf	memcpy@s,f
  5257     04B0                     l2507:
  5258     04B0  0877               	movf	memcpy@d,w
  5259     04B1  0086               	movwf	6
  5260     04B2  0187               	clrf	7
  5261     04B3  0876               	movf	memcpy@tmp,w
  5262     04B4  0081               	movwf	1
  5263     04B5  3001               	movlw	1
  5264     04B6  07F7               	addwf	memcpy@d,f
  5265     04B7                     l1152:
  5266     04B7  3001               	movlw	1
  5267     04B8  02F4               	subwf	memcpy@n,f
  5268     04B9  3000               	movlw	0
  5269     04BA  3BF5               	subwfb	memcpy@n+1,f
  5270     04BB  0A74               	incf	memcpy@n,w
  5271     04BC  1D03               	skipz
  5272     04BD  2CC2               	goto	u1761
  5273     04BE  0A75               	incf	memcpy@n+1,w
  5274     04BF  1D03               	btfss	3,2
  5275     04C0  2CC2               	goto	u1761
  5276     04C1  2CC3               	goto	u1760
  5277     04C2                     u1761:
  5278     04C2  2CA9               	goto	l2503
  5279     04C3                     u1760:
  5280     04C3                     l1155:
  5281     04C3  0008               	return
  5282     04C4                     __end_of_memcpy:
  5283                           
  5284                           	psect	text33
  5285     045B                     __ptext33:	
  5286 ;; *************** function _LIN_sendPacket *****************
  5287 ;; Defined at:
  5288 ;;		line 216 in file "mcc_generated_files/LINDrivers/lin_slave.c"
  5289 ;; Parameters:    Size  Location     Type
  5290 ;;  length          1    wreg     unsigned char 
  5291 ;;  pid             1   10[COMMON] unsigned char 
  5292 ;;  data            2   11[COMMON] PTR unsigned char 
  5293 ;;		 -> LIN_packet(13), 
  5294 ;; Auto vars:     Size  Location     Type
  5295 ;;  length          1    0[BANK0 ] unsigned char 
  5296 ;;  i               1    1[BANK0 ] unsigned char 
  5297 ;; Return value:  Size  Location     Type
  5298 ;;                  1    wreg      void 
  5299 ;; Registers used:
  5300 ;;		wreg, fsr1l, fsr1h, status,2, status,0, pclath, cstack
  5301 ;; Tracked objects:
  5302 ;;		On entry : 0/0
  5303 ;;		On exit  : 0/0
  5304 ;;		Unchanged: 0/0
  5305 ;; Data sizes:     COMMON   BANK0   BANK1   BANK2   BANK3   BANK4   BANK5   BANK6
  5306 ;;      Params:         3       0       0       0       0       0       0       0
  5307 ;;      Locals:         0       2       0       0       0       0       0       0
  5308 ;;      Temps:          0       0       0       0       0       0       0       0
  5309 ;;      Totals:         3       2       0       0       0       0       0       0
  5310 ;;Total ram usage:        5 bytes
  5311 ;; Hardware stack levels used: 1
  5312 ;; Hardware stack levels required when called: 5
  5313 ;; This function calls:
  5314 ;;		_EUSART_Write
  5315 ;;		_LIN_getChecksum
  5316 ;; This function is called by:
  5317 ;;		_LIN_queuePacket
  5318 ;; This function uses a non-reentrant model
  5319 ;;
  5320                           
  5321     045B                     _LIN_sendPacket:	
  5322                           ;psect for function _LIN_sendPacket
  5323                           
  5324                           
  5325                           ;incstack = 0
  5326                           ; Regs used in _LIN_sendPacket: [wreg+fsr1l+fsr1h+status,2+status,0+pclath+cstack]
  5327                           ;LIN_sendPacket@length stored from wreg
  5328     045B  0020               	movlb	0	; select bank0
  5329     045C  00E1               	movwf	LIN_sendPacket@length
  5330     045D                     l2555:
  5331                           
  5332                           ;mcc_generated_files/LINDrivers/lin_slave.c: 216: void LIN_sendPacket(uint8_t length, ui
      +                          nt8_t pid, uint8_t *data);mcc_generated_files/LINDrivers/lin_slave.c: 217: {;mcc_generat
      +                          ed_files/LINDrivers/lin_slave.c: 220:     for (uint8_t i = 0; i < length; i++)
  5333     045D  01E2               	clrf	LIN_sendPacket@i
  5334     045E  2C6C               	goto	l2561
  5335     045F                     l2557:
  5336                           
  5337                           ;mcc_generated_files/LINDrivers/lin_slave.c: 221:     {;mcc_generated_files/LINDrivers/l
      +                          in_slave.c: 222:         EUSART_Write(*(data + i));
  5338     045F  0862               	movf	LIN_sendPacket@i,w
  5339     0460  077B               	addwf	LIN_sendPacket@data,w
  5340     0461  0086               	movwf	6
  5341     0462  3000               	movlw	0
  5342     0463  3D7C               	addwfc	LIN_sendPacket@data+1,w
  5343     0464  0087               	movwf	7
  5344     0465  0801               	movf	1,w
  5345     0466  3184  2410  3184   	fcall	_EUSART_Write
  5346     0469                     l2559:
  5347                           
  5348                           ;mcc_generated_files/LINDrivers/lin_slave.c: 223:     }
  5349     0469  3001               	movlw	1
  5350     046A  0020               	movlb	0	; select bank0
  5351     046B  07E2               	addwf	LIN_sendPacket@i,f
  5352     046C                     l2561:
  5353     046C  0861               	movf	LIN_sendPacket@length,w
  5354     046D  0262               	subwf	LIN_sendPacket@i,w
  5355     046E  1C03               	skipc
  5356     046F  2C71               	goto	u1831
  5357     0470  2C72               	goto	u1830
  5358     0471                     u1831:
  5359     0471  2C5F               	goto	l2557
  5360     0472                     u1830:
  5361     0472                     l2563:
  5362                           
  5363                           ;mcc_generated_files/LINDrivers/lin_slave.c: 225:     EUSART_Write(LIN_getChecksum(lengt
      +                          h, pid, data));
  5364     0472  087A               	movf	LIN_sendPacket@pid,w
  5365     0473  00F0               	movwf	LIN_getChecksum@pid
  5366     0474  087C               	movf	LIN_sendPacket@data+1,w
  5367     0475  00F2               	movwf	LIN_getChecksum@data+1
  5368     0476  087B               	movf	LIN_sendPacket@data,w
  5369     0477  00F1               	movwf	LIN_getChecksum@data
  5370     0478  0861               	movf	LIN_sendPacket@length,w
  5371     0479  3183  23B1  3184   	fcall	_LIN_getChecksum
  5372     047C  3184  2410  3184   	fcall	_EUSART_Write
  5373     047F                     l129:
  5374     047F  0008               	return
  5375     0480                     __end_of_LIN_sendPacket:
  5376                           
  5377                           	psect	text34
  5378     03B1                     __ptext34:	
  5379 ;; *************** function _LIN_getChecksum *****************
  5380 ;; Defined at:
  5381 ;;		line 303 in file "mcc_generated_files/LINDrivers/lin_slave.c"
  5382 ;; Parameters:    Size  Location     Type
  5383 ;;  length          1    wreg     unsigned char 
  5384 ;;  pid             1    0[COMMON] unsigned char 
  5385 ;;  data            2    1[COMMON] PTR unsigned char 
  5386 ;;		 -> LIN_packet(13), 
  5387 ;; Auto vars:     Size  Location     Type
  5388 ;;  length          1    5[COMMON] unsigned char 
  5389 ;;  i               1    6[COMMON] unsigned char 
  5390 ;;  checksum        2    7[COMMON] unsigned short 
  5391 ;; Return value:  Size  Location     Type
  5392 ;;                  1    wreg      unsigned char 
  5393 ;; Registers used:
  5394 ;;		wreg, fsr1l, fsr1h, status,2, status,0
  5395 ;; Tracked objects:
  5396 ;;		On entry : 0/0
  5397 ;;		On exit  : 0/0
  5398 ;;		Unchanged: 0/0
  5399 ;; Data sizes:     COMMON   BANK0   BANK1   BANK2   BANK3   BANK4   BANK5   BANK6
  5400 ;;      Params:         3       0       0       0       0       0       0       0
  5401 ;;      Locals:         4       0       0       0       0       0       0       0
  5402 ;;      Temps:          2       0       0       0       0       0       0       0
  5403 ;;      Totals:         9       0       0       0       0       0       0       0
  5404 ;;Total ram usage:        9 bytes
  5405 ;; Hardware stack levels used: 1
  5406 ;; Hardware stack levels required when called: 4
  5407 ;; This function calls:
  5408 ;;		Nothing
  5409 ;; This function is called by:
  5410 ;;		_LIN_queuePacket
  5411 ;;		_LIN_handler
  5412 ;;		_LIN_sendPacket
  5413 ;; This function uses a non-reentrant model
  5414 ;;
  5415                           
  5416     03B1                     _LIN_getChecksum:	
  5417                           ;psect for function _LIN_getChecksum
  5418                           
  5419                           
  5420                           ;incstack = 0
  5421                           ; Regs used in _LIN_getChecksum: [wreg+fsr1l+fsr1h+status,2+status,0]
  5422                           ;LIN_getChecksum@length stored from wreg
  5423     03B1  00F5               	movwf	LIN_getChecksum@length
  5424     03B2                     l2509:
  5425                           
  5426                           ;mcc_generated_files/LINDrivers/lin_slave.c: 303: uint8_t LIN_getChecksum(uint8_t length
      +                          , uint8_t pid, uint8_t *data);mcc_generated_files/LINDrivers/lin_slave.c: 304: {;mcc_gen
      +                          erated_files/LINDrivers/lin_slave.c: 305:     uint16_t checksum = pid;
  5427     03B2  0870               	movf	LIN_getChecksum@pid,w
  5428     03B3  00F3               	movwf	??_LIN_getChecksum
  5429     03B4  01F4               	clrf	??_LIN_getChecksum+1
  5430     03B5  0873               	movf	??_LIN_getChecksum,w
  5431     03B6  00F7               	movwf	LIN_getChecksum@checksum
  5432     03B7  0874               	movf	??_LIN_getChecksum+1,w
  5433     03B8  00F8               	movwf	LIN_getChecksum@checksum+1
  5434     03B9                     l2511:
  5435                           
  5436                           ;mcc_generated_files/LINDrivers/lin_slave.c: 307:     for (uint8_t i = 0; i < length; i+
      +                          +)
  5437     03B9  01F6               	clrf	LIN_getChecksum@i
  5438     03BA  2BD9               	goto	l2523
  5439     03BB                     l2513:
  5440                           
  5441                           ;mcc_generated_files/LINDrivers/lin_slave.c: 308:     {;mcc_generated_files/LINDrivers/l
      +                          in_slave.c: 309:         checksum = checksum + *data++;
  5442     03BB  0871               	movf	LIN_getChecksum@data,w
  5443     03BC  0086               	movwf	6
  5444     03BD  0872               	movf	LIN_getChecksum@data+1,w
  5445     03BE  0087               	movwf	7
  5446     03BF  0801               	movf	1,w
  5447     03C0  0777               	addwf	LIN_getChecksum@checksum,w
  5448     03C1  00F7               	movwf	LIN_getChecksum@checksum
  5449     03C2  0878               	movf	LIN_getChecksum@checksum+1,w
  5450     03C3  1803               	skipnc
  5451     03C4  0A78               	incf	LIN_getChecksum@checksum+1,w
  5452     03C5  00F8               	movwf	LIN_getChecksum@checksum+1
  5453     03C6                     l2515:
  5454     03C6  3001               	movlw	1
  5455     03C7  07F1               	addwf	LIN_getChecksum@data,f
  5456     03C8  3000               	movlw	0
  5457     03C9  3DF2               	addwfc	LIN_getChecksum@data+1,f
  5458     03CA                     l2517:
  5459                           
  5460                           ;mcc_generated_files/LINDrivers/lin_slave.c: 310:         if (checksum > 0xFF)
  5461     03CA  3001               	movlw	1
  5462     03CB  0278               	subwf	LIN_getChecksum@checksum+1,w
  5463     03CC  3000               	movlw	0
  5464     03CD  1903               	skipnz
  5465     03CE  0277               	subwf	LIN_getChecksum@checksum,w
  5466     03CF  1C03               	skipc
  5467     03D0  2BD2               	goto	u1771
  5468     03D1  2BD3               	goto	u1770
  5469     03D2                     u1771:
  5470     03D2  2BD7               	goto	l2521
  5471     03D3                     u1770:
  5472     03D3                     l2519:
  5473                           
  5474                           ;mcc_generated_files/LINDrivers/lin_slave.c: 311:             checksum -= 0xFF;
  5475     03D3  30FF               	movlw	255
  5476     03D4  02F7               	subwf	LIN_getChecksum@checksum,f
  5477     03D5  3000               	movlw	0
  5478     03D6  3BF8               	subwfb	LIN_getChecksum@checksum+1,f
  5479     03D7                     l2521:
  5480                           
  5481                           ;mcc_generated_files/LINDrivers/lin_slave.c: 312:     }
  5482     03D7  3001               	movlw	1
  5483     03D8  07F6               	addwf	LIN_getChecksum@i,f
  5484     03D9                     l2523:
  5485     03D9  0875               	movf	LIN_getChecksum@length,w
  5486     03DA  0276               	subwf	LIN_getChecksum@i,w
  5487     03DB  1C03               	skipc
  5488     03DC  2BDE               	goto	u1781
  5489     03DD  2BDF               	goto	u1780
  5490     03DE                     u1781:
  5491     03DE  2BBB               	goto	l2513
  5492     03DF                     u1780:
  5493     03DF                     l160:
  5494                           
  5495                           ;mcc_generated_files/LINDrivers/lin_slave.c: 313:     checksum = ~checksum;
  5496     03DF  09F7               	comf	LIN_getChecksum@checksum,f
  5497     03E0  09F8               	comf	LIN_getChecksum@checksum+1,f
  5498     03E1                     l2525:
  5499                           
  5500                           ;mcc_generated_files/LINDrivers/lin_slave.c: 315:     return (uint8_t)checksum;
  5501     03E1  0877               	movf	LIN_getChecksum@checksum,w
  5502     03E2                     l161:
  5503     03E2  0008               	return
  5504     03E3                     __end_of_LIN_getChecksum:
  5505                           
  5506                           	psect	text35
  5507     0410                     __ptext35:	
  5508 ;; *************** function _EUSART_Write *****************
  5509 ;; Defined at:
  5510 ;;		line 173 in file "mcc_generated_files/eusart.c"
  5511 ;; Parameters:    Size  Location     Type
  5512 ;;  txData          1    wreg     unsigned char 
  5513 ;; Auto vars:     Size  Location     Type
  5514 ;;  txData          1    9[COMMON] unsigned char 
  5515 ;; Return value:  Size  Location     Type
  5516 ;;                  1    wreg      void 
  5517 ;; Registers used:
  5518 ;;		wreg, fsr1l, fsr1h, status,2, status,0
  5519 ;; Tracked objects:
  5520 ;;		On entry : 0/0
  5521 ;;		On exit  : 0/0
  5522 ;;		Unchanged: 0/0
  5523 ;; Data sizes:     COMMON   BANK0   BANK1   BANK2   BANK3   BANK4   BANK5   BANK6
  5524 ;;      Params:         0       0       0       0       0       0       0       0
  5525 ;;      Locals:         1       0       0       0       0       0       0       0
  5526 ;;      Temps:          0       0       0       0       0       0       0       0
  5527 ;;      Totals:         1       0       0       0       0       0       0       0
  5528 ;;Total ram usage:        1 bytes
  5529 ;; Hardware stack levels used: 1
  5530 ;; Hardware stack levels required when called: 4
  5531 ;; This function calls:
  5532 ;;		Nothing
  5533 ;; This function is called by:
  5534 ;;		_LIN_sendPacket
  5535 ;; This function uses a non-reentrant model
  5536 ;;
  5537                           
  5538     0410                     _EUSART_Write:	
  5539                           ;psect for function _EUSART_Write
  5540                           
  5541                           
  5542                           ;incstack = 0
  5543                           ; Regs used in _EUSART_Write: [wreg+fsr1l+fsr1h+status,2+status,0]
  5544                           ;EUSART_Write@txData stored from wreg
  5545     0410  00F9               	movwf	EUSART_Write@txData
  5546     0411                     l2537:
  5547     0411                     l2539:	
  5548                           ;mcc_generated_files/eusart.c: 173: void EUSART_Write(uint8_t txData);mcc_generated_file
      +                          s/eusart.c: 174: {;mcc_generated_files/eusart.c: 175:     while(0 == eusartTxBufferRemai
      +                          ning)
  5549                           
  5550                           
  5551                           ;mcc_generated_files/eusart.c: 175:     while(0 == eusartTxBufferRemaining)
  5552     0411  0020               	movlb	0	; select bank0
  5553     0412  0847               	movf	_eusartTxBufferRemaining,w	;volatile
  5554     0413  1903               	btfsc	3,2
  5555     0414  2C16               	goto	u1801
  5556     0415  2C17               	goto	u1800
  5557     0416                     u1801:
  5558     0416  2C11               	goto	l2539
  5559     0417                     u1800:
  5560     0417                     l408:
  5561                           
  5562                           ;mcc_generated_files/eusart.c: 179:     if(0 == PIE1bits.TXIE)
  5563     0417  0021               	movlb	1	; select bank1
  5564     0418  1A11               	btfsc	17,4	;volatile
  5565     0419  2C1B               	goto	u1811
  5566     041A  2C1C               	goto	u1810
  5567     041B                     u1811:
  5568     041B  2C20               	goto	l409
  5569     041C                     u1810:
  5570     041C                     l2541:
  5571                           
  5572                           ;mcc_generated_files/eusart.c: 180:     {;mcc_generated_files/eusart.c: 181:         TXR
      +                          EG = txData;
  5573     041C  0879               	movf	EUSART_Write@txData,w
  5574     041D  0023               	movlb	3	; select bank3
  5575     041E  009A               	movwf	26	;volatile
  5576                           
  5577                           ;mcc_generated_files/eusart.c: 182:     }
  5578     041F  2C33               	goto	l2553
  5579     0420                     l409:	
  5580                           ;mcc_generated_files/eusart.c: 183:     else
  5581                           
  5582                           
  5583                           ;mcc_generated_files/eusart.c: 184:     {;mcc_generated_files/eusart.c: 185:         PIE
      +                          1bits.TXIE = 0;
  5584     0420  1211               	bcf	17,4	;volatile
  5585     0421                     l2543:
  5586                           
  5587                           ;mcc_generated_files/eusart.c: 186:         eusartTxBuffer[eusartTxHead++] = txData;
  5588     0421  0020               	movlb	0	; select bank0
  5589     0422  0849               	movf	_eusartTxHead,w
  5590     0423  3E28               	addlw	(low (_eusartTxBuffer| 0))& (0+255)
  5591     0424  0086               	movwf	6
  5592     0425  0187               	clrf	7
  5593     0426  0879               	movf	EUSART_Write@txData,w
  5594     0427  0081               	movwf	1
  5595     0428                     l2545:
  5596     0428  3001               	movlw	1
  5597     0429  07C9               	addwf	_eusartTxHead,f	;volatile
  5598     042A                     l2547:
  5599                           
  5600                           ;mcc_generated_files/eusart.c: 187:         if(sizeof(eusartTxBuffer) <= eusartTxHead)
  5601     042A  3008               	movlw	8
  5602     042B  0249               	subwf	_eusartTxHead,w	;volatile
  5603     042C  1C03               	skipc
  5604     042D  2C2F               	goto	u1821
  5605     042E  2C30               	goto	u1820
  5606     042F                     u1821:
  5607     042F  2C31               	goto	l2551
  5608     0430                     u1820:
  5609     0430                     l2549:
  5610                           
  5611                           ;mcc_generated_files/eusart.c: 188:         {;mcc_generated_files/eusart.c: 189:        
      +                               eusartTxHead = 0;
  5612     0430  01C9               	clrf	_eusartTxHead	;volatile
  5613     0431                     l2551:
  5614                           
  5615                           ;mcc_generated_files/eusart.c: 191:         eusartTxBufferRemaining--;
  5616     0431  3001               	movlw	1
  5617     0432  02C7               	subwf	_eusartTxBufferRemaining,f	;volatile
  5618     0433                     l2553:
  5619                           
  5620                           ;mcc_generated_files/eusart.c: 193:     PIE1bits.TXIE = 1;
  5621     0433  0021               	movlb	1	; select bank1
  5622     0434  1611               	bsf	17,4	;volatile
  5623     0435                     l412:
  5624     0435  0008               	return
  5625     0436                     __end_of_EUSART_Write:
  5626                           
  5627                           	psect	text36
  5628     0630                     __ptext36:	
  5629 ;; *************** function _LIN_enableRx *****************
  5630 ;; Defined at:
  5631 ;;		line 368 in file "mcc_generated_files/LINDrivers/lin_slave.c"
  5632 ;; Parameters:    Size  Location     Type
  5633 ;;		None
  5634 ;; Auto vars:     Size  Location     Type
  5635 ;;		None
  5636 ;; Return value:  Size  Location     Type
  5637 ;;                  1    wreg      void 
  5638 ;; Registers used:
  5639 ;;		None
  5640 ;; Tracked objects:
  5641 ;;		On entry : 0/0
  5642 ;;		On exit  : 0/0
  5643 ;;		Unchanged: 0/0
  5644 ;; Data sizes:     COMMON   BANK0   BANK1   BANK2   BANK3   BANK4   BANK5   BANK6
  5645 ;;      Params:         0       0       0       0       0       0       0       0
  5646 ;;      Locals:         0       0       0       0       0       0       0       0
  5647 ;;      Temps:          0       0       0       0       0       0       0       0
  5648 ;;      Totals:         0       0       0       0       0       0       0       0
  5649 ;;Total ram usage:        0 bytes
  5650 ;; Hardware stack levels used: 1
  5651 ;; Hardware stack levels required when called: 4
  5652 ;; This function calls:
  5653 ;;		Nothing
  5654 ;; This function is called by:
  5655 ;;		_LIN_init
  5656 ;;		_LIN_handler
  5657 ;; This function uses a non-reentrant model
  5658 ;;
  5659                           
  5660     0630                     _LIN_enableRx:	
  5661                           ;psect for function _LIN_enableRx
  5662                           
  5663     0630                     l1839:	
  5664                           ;incstack = 0
  5665                           ; Regs used in _LIN_enableRx: []
  5666                           
  5667                           
  5668                           ;mcc_generated_files/LINDrivers/lin_slave.c: 370:     RCSTAbits.CREN = 1;
  5669     0630  0023               	movlb	3	; select bank3
  5670     0631  161D               	bsf	29,4	;volatile
  5671                           
  5672                           ;mcc_generated_files/LINDrivers/lin_slave.c: 371:     PIE1bits.RCIE = 1;
  5673     0632  0021               	movlb	1	; select bank1
  5674     0633  1691               	bsf	17,5	;volatile
  5675     0634                     l181:
  5676     0634  0008               	return
  5677     0635                     __end_of_LIN_enableRx:
  5678                           
  5679                           	psect	text37
  5680     0635                     __ptext37:	
  5681 ;; *************** function _LIN_disableRx *****************
  5682 ;; Defined at:
  5683 ;;		line 374 in file "mcc_generated_files/LINDrivers/lin_slave.c"
  5684 ;; Parameters:    Size  Location     Type
  5685 ;;		None
  5686 ;; Auto vars:     Size  Location     Type
  5687 ;;		None
  5688 ;; Return value:  Size  Location     Type
  5689 ;;                  1    wreg      void 
  5690 ;; Registers used:
  5691 ;;		None
  5692 ;; Tracked objects:
  5693 ;;		On entry : 0/0
  5694 ;;		On exit  : 0/0
  5695 ;;		Unchanged: 0/0
  5696 ;; Data sizes:     COMMON   BANK0   BANK1   BANK2   BANK3   BANK4   BANK5   BANK6
  5697 ;;      Params:         0       0       0       0       0       0       0       0
  5698 ;;      Locals:         0       0       0       0       0       0       0       0
  5699 ;;      Temps:          0       0       0       0       0       0       0       0
  5700 ;;      Totals:         0       0       0       0       0       0       0       0
  5701 ;;Total ram usage:        0 bytes
  5702 ;; Hardware stack levels used: 1
  5703 ;; Hardware stack levels required when called: 4
  5704 ;; This function calls:
  5705 ;;		Nothing
  5706 ;; This function is called by:
  5707 ;;		_LIN_handler
  5708 ;; This function uses a non-reentrant model
  5709 ;;
  5710                           
  5711     0635                     _LIN_disableRx:	
  5712                           ;psect for function _LIN_disableRx
  5713                           
  5714     0635                     l2111:	
  5715                           ;incstack = 0
  5716                           ; Regs used in _LIN_disableRx: []
  5717                           
  5718                           
  5719                           ;mcc_generated_files/LINDrivers/lin_slave.c: 376:     RCSTAbits.CREN = 0;
  5720     0635  0023               	movlb	3	; select bank3
  5721     0636  121D               	bcf	29,4	;volatile
  5722                           
  5723                           ;mcc_generated_files/LINDrivers/lin_slave.c: 377:     PIE1bits.RCIE = 0;
  5724     0637  0021               	movlb	1	; select bank1
  5725     0638  1291               	bcf	17,5	;volatile
  5726     0639                     l184:
  5727     0639  0008               	return
  5728     063A                     __end_of_LIN_disableRx:
  5729                           
  5730                           	psect	text38
  5731     04FC                     __ptext38:	
  5732 ;; *************** function _LIN_checkPID *****************
  5733 ;; Defined at:
  5734 ;;		line 273 in file "mcc_generated_files/LINDrivers/lin_slave.c"
  5735 ;; Parameters:    Size  Location     Type
  5736 ;;  pid             1    wreg     unsigned char 
  5737 ;; Auto vars:     Size  Location     Type
  5738 ;;  pid             1    7[COMMON] unsigned char 
  5739 ;; Return value:  Size  Location     Type
  5740 ;;                  1    wreg      _Bool 
  5741 ;; Registers used:
  5742 ;;		wreg, fsr0l, fsr0h, status,2, status,0, pclath, cstack
  5743 ;; Tracked objects:
  5744 ;;		On entry : 0/0
  5745 ;;		On exit  : 0/0
  5746 ;;		Unchanged: 0/0
  5747 ;; Data sizes:     COMMON   BANK0   BANK1   BANK2   BANK3   BANK4   BANK5   BANK6
  5748 ;;      Params:         0       0       0       0       0       0       0       0
  5749 ;;      Locals:         1       0       0       0       0       0       0       0
  5750 ;;      Temps:          0       0       0       0       0       0       0       0
  5751 ;;      Totals:         1       0       0       0       0       0       0       0
  5752 ;;Total ram usage:        1 bytes
  5753 ;; Hardware stack levels used: 1
  5754 ;; Hardware stack levels required when called: 5
  5755 ;; This function calls:
  5756 ;;		_LIN_calcParity
  5757 ;;		_LIN_getFromTable
  5758 ;; This function is called by:
  5759 ;;		_LIN_handler
  5760 ;; This function uses a non-reentrant model
  5761 ;;
  5762                           
  5763     04FC                     _LIN_checkPID:	
  5764                           ;psect for function _LIN_checkPID
  5765                           
  5766                           
  5767                           ;incstack = 0
  5768                           ; Regs used in _LIN_checkPID: [wreg-fsr0h+status,2+status,0+pclath+cstack]
  5769                           ;LIN_checkPID@pid stored from wreg
  5770     04FC  00F7               	movwf	LIN_checkPID@pid
  5771     04FD                     l2095:
  5772                           
  5773                           ;mcc_generated_files/LINDrivers/lin_slave.c: 273: _Bool LIN_checkPID(uint8_t pid);mcc_ge
      +                          nerated_files/LINDrivers/lin_slave.c: 274: {;mcc_generated_files/LINDrivers/lin_slave.c:
      +                           275:     if (LIN_getFromTable(pid, TYPE) == ERROR)
  5774     04FD  01F0               	clrf	LIN_getFromTable@param
  5775     04FE  0AF0               	incf	LIN_getFromTable@param,f
  5776     04FF  0877               	movf	LIN_checkPID@pid,w
  5777     0500  3182  22DC  3184   	fcall	_LIN_getFromTable
  5778     0503  3A02               	xorlw	2
  5779     0504  1D03               	skipz
  5780     0505  2D07               	goto	u1351
  5781     0506  2D08               	goto	u1350
  5782     0507                     u1351:
  5783     0507  2D0A               	goto	l2101
  5784     0508                     u1350:
  5785     0508                     l2097:
  5786                           
  5787                           ;mcc_generated_files/LINDrivers/lin_slave.c: 276:         return 0;
  5788     0508  3000               	movlw	0
  5789     0509  2D15               	goto	l150
  5790     050A                     l2101:
  5791                           
  5792                           ;mcc_generated_files/LINDrivers/lin_slave.c: 278:     if (pid == LIN_calcParity(pid & 0x
      +                          3F))
  5793     050A  0877               	movf	LIN_checkPID@pid,w
  5794     050B  393F               	andlw	63
  5795     050C  3181  217A  3184   	fcall	_LIN_calcParity
  5796     050F  0677               	xorwf	LIN_checkPID@pid,w
  5797     0510  1D03               	skipz
  5798     0511  2D13               	goto	u1361
  5799     0512  2D14               	goto	u1360
  5800     0513                     u1361:
  5801     0513  2D08               	goto	l2097
  5802     0514                     u1360:
  5803     0514                     l2103:
  5804                           
  5805                           ;mcc_generated_files/LINDrivers/lin_slave.c: 279:         return 1;
  5806     0514  3001               	movlw	1
  5807     0515                     l150:
  5808     0515  0008               	return
  5809     0516                     __end_of_LIN_checkPID:
  5810                           
  5811                           	psect	text39
  5812     02DC                     __ptext39:	
  5813 ;; *************** function _LIN_getFromTable *****************
  5814 ;; Defined at:
  5815 ;;		line 238 in file "mcc_generated_files/LINDrivers/lin_slave.c"
  5816 ;; Parameters:    Size  Location     Type
  5817 ;;  cmd             1    wreg     unsigned char 
  5818 ;;  param           1    0[COMMON] enum E221
  5819 ;; Auto vars:     Size  Location     Type
  5820 ;;  cmd             1    3[COMMON] unsigned char 
  5821 ;;  length          1    4[COMMON] unsigned char 
  5822 ;;  rxCommand       2    5[COMMON] PTR const struct .
  5823 ;;		 -> NULL(0), scheduleTable(5), 
  5824 ;; Return value:  Size  Location     Type
  5825 ;;                  1    wreg      unsigned char 
  5826 ;; Registers used:
  5827 ;;		wreg, fsr0l, fsr0h, status,2, status,0, pclath
  5828 ;; Tracked objects:
  5829 ;;		On entry : 0/0
  5830 ;;		On exit  : 0/0
  5831 ;;		Unchanged: 0/0
  5832 ;; Data sizes:     COMMON   BANK0   BANK1   BANK2   BANK3   BANK4   BANK5   BANK6
  5833 ;;      Params:         1       0       0       0       0       0       0       0
  5834 ;;      Locals:         4       0       0       0       0       0       0       0
  5835 ;;      Temps:          2       0       0       0       0       0       0       0
  5836 ;;      Totals:         7       0       0       0       0       0       0       0
  5837 ;;Total ram usage:        7 bytes
  5838 ;; Hardware stack levels used: 1
  5839 ;; Hardware stack levels required when called: 4
  5840 ;; This function calls:
  5841 ;;		Nothing
  5842 ;; This function is called by:
  5843 ;;		_LIN_handler
  5844 ;;		_LIN_checkPID
  5845 ;; This function uses a non-reentrant model
  5846 ;;
  5847                           
  5848     02DC                     _LIN_getFromTable:	
  5849                           ;psect for function _LIN_getFromTable
  5850                           
  5851                           
  5852                           ;incstack = 0
  5853                           ; Regs used in _LIN_getFromTable: [wreg-fsr0h+status,2+status,0+pclath]
  5854                           ;LIN_getFromTable@cmd stored from wreg
  5855     02DC  00F3               	movwf	LIN_getFromTable@cmd
  5856     02DD                     l1937:
  5857                           
  5858                           ;mcc_generated_files/LINDrivers/lin_slave.c: 238: uint8_t LIN_getFromTable(uint8_t cmd, 
      +                          lin_sch_param_t param);mcc_generated_files/LINDrivers/lin_slave.c: 239: {;mcc_generated_
      +                          files/LINDrivers/lin_slave.c: 240:     const lin_rx_cmd_t *rxCommand = LIN_rxCommand;
  5859     02DD  0020               	movlb	0	; select bank0
  5860     02DE  0841               	movf	_LIN_rxCommand+1,w
  5861     02DF  00F6               	movwf	LIN_getFromTable@rxCommand+1
  5862     02E0  0840               	movf	_LIN_rxCommand,w
  5863     02E1  00F5               	movwf	LIN_getFromTable@rxCommand
  5864     02E2                     l1939:
  5865                           
  5866                           ;mcc_generated_files/LINDrivers/lin_slave.c: 242:     cmd &= 0x3F;
  5867     02E2  303F               	movlw	63
  5868     02E3  05F3               	andwf	LIN_getFromTable@cmd,f
  5869     02E4                     l1941:
  5870                           
  5871                           ;mcc_generated_files/LINDrivers/lin_slave.c: 244:     for (uint8_t length = 0; length < 
      +                          LIN_rxCommandLength; length++)
  5872     02E4  01F4               	clrf	LIN_getFromTable@length
  5873     02E5  2B07               	goto	l1955
  5874     02E6                     l1943:
  5875                           
  5876                           ;mcc_generated_files/LINDrivers/lin_slave.c: 245:     {;mcc_generated_files/LINDrivers/l
      +                          in_slave.c: 246:         if (cmd == rxCommand->cmd)
  5877     02E6  0875               	movf	LIN_getFromTable@rxCommand,w
  5878     02E7  0084               	movwf	4
  5879     02E8  0876               	movf	LIN_getFromTable@rxCommand+1,w
  5880     02E9  0085               	movwf	5
  5881     02EA  0800               	movf	0,w	;code access
  5882     02EB  0673               	xorwf	LIN_getFromTable@cmd,w
  5883     02EC  1D03               	skipz
  5884     02ED  2AEF               	goto	u991
  5885     02EE  2AF0               	goto	u990
  5886     02EF                     u991:
  5887     02EF  2AF1               	goto	l1947
  5888     02F0                     u990:
  5889     02F0  2B26               	goto	l1971
  5890     02F1                     l1947:
  5891                           
  5892                           ;mcc_generated_files/LINDrivers/lin_slave.c: 250:         rxCommand++;
  5893     02F1  3005               	movlw	5
  5894     02F2  07F5               	addwf	LIN_getFromTable@rxCommand,f
  5895     02F3  3000               	movlw	0
  5896     02F4  3DF6               	addwfc	LIN_getFromTable@rxCommand+1,f
  5897                           
  5898                           ;mcc_generated_files/LINDrivers/lin_slave.c: 252:         if (length == (LIN_rxCommandLe
      +                          ngth - 1))
  5899     02F5  0852               	movf	_LIN_rxCommandLength,w
  5900     02F6  3EFF               	addlw	255
  5901     02F7  00F1               	movwf	??_LIN_getFromTable
  5902     02F8  30FF               	movlw	255
  5903     02F9  1803               	skipnc
  5904     02FA  3000               	movlw	0
  5905     02FB  00F2               	movwf	??_LIN_getFromTable+1
  5906     02FC  0874               	movf	LIN_getFromTable@length,w
  5907     02FD  0671               	xorwf	??_LIN_getFromTable,w
  5908     02FE  0472               	iorwf	??_LIN_getFromTable+1,w
  5909     02FF  1D03               	skipz
  5910     0300  2B02               	goto	u1001
  5911     0301  2B03               	goto	u1000
  5912     0302                     u1001:
  5913     0302  2B05               	goto	l1953
  5914     0303                     u1000:
  5915     0303                     l1949:
  5916                           
  5917                           ;mcc_generated_files/LINDrivers/lin_slave.c: 253:         {;mcc_generated_files/LINDrive
      +                          rs/lin_slave.c: 254:             return ERROR;
  5918     0303  3002               	movlw	2
  5919     0304  2B39               	goto	l140
  5920     0305                     l1953:
  5921                           
  5922                           ;mcc_generated_files/LINDrivers/lin_slave.c: 256:     }
  5923     0305  3001               	movlw	1
  5924     0306  07F4               	addwf	LIN_getFromTable@length,f
  5925     0307                     l1955:
  5926     0307  0852               	movf	_LIN_rxCommandLength,w
  5927     0308  0274               	subwf	LIN_getFromTable@length,w
  5928     0309  1C03               	skipc
  5929     030A  2B0C               	goto	u1011
  5930     030B  2B0D               	goto	u1010
  5931     030C                     u1011:
  5932     030C  2AE6               	goto	l1943
  5933     030D                     u1010:
  5934     030D  2B26               	goto	l1971
  5935     030E                     l1957:
  5936                           
  5937                           ;mcc_generated_files/LINDrivers/lin_slave.c: 261:         return (uint8_t)rxCommand->cmd
      +                          ;
  5938     030E  0875               	movf	LIN_getFromTable@rxCommand,w
  5939     030F  0084               	movwf	4
  5940     0310  0876               	movf	LIN_getFromTable@rxCommand+1,w
  5941     0311  0085               	movwf	5
  5942     0312  0800               	movf	0,w	;code access
  5943     0313  2B39               	goto	l140
  5944     0314                     l1961:
  5945                           
  5946                           ;mcc_generated_files/LINDrivers/lin_slave.c: 263:         return (uint8_t)rxCommand->typ
      +                          e;
  5947     0314  3001               	movlw	1
  5948     0315  0775               	addwf	LIN_getFromTable@rxCommand,w
  5949     0316  0084               	movwf	4
  5950     0317  0876               	movf	LIN_getFromTable@rxCommand+1,w
  5951     0318  1803               	skipnc
  5952     0319  3E01               	addlw	1
  5953     031A  0085               	movwf	5
  5954     031B  0800               	movf	0,w	;code access
  5955     031C  2B39               	goto	l140
  5956     031D                     l1965:
  5957                           
  5958                           ;mcc_generated_files/LINDrivers/lin_slave.c: 265:         return (uint8_t)rxCommand->len
      +                          gth;
  5959     031D  3002               	movlw	2
  5960     031E  0775               	addwf	LIN_getFromTable@rxCommand,w
  5961     031F  0084               	movwf	4
  5962     0320  0876               	movf	LIN_getFromTable@rxCommand+1,w
  5963     0321  1803               	skipnc
  5964     0322  3E01               	addlw	1
  5965     0323  0085               	movwf	5
  5966     0324  0800               	movf	0,w	;code access
  5967     0325  2B39               	goto	l140
  5968     0326                     l1971:
  5969     0326  0870               	movf	LIN_getFromTable@param,w
  5970     0327  00F1               	movwf	??_LIN_getFromTable
  5971     0328  01F2               	clrf	??_LIN_getFromTable+1
  5972                           
  5973                           ; Switch on 2 bytes has been partitioned into a top level switch of size 1, and 1 sub-sw
      +                          itches
  5974                           ; Switch size 1, requested type "simple"
  5975                           ; Number of cases is 1, Range of values is 0 to 0
  5976                           ; switch strategies available:
  5977                           ; Name         Instructions Cycles
  5978                           ; simple_byte            4     3 (average)
  5979                           ; direct_byte            8     6 (fixed)
  5980                           ; jumptable            260     6 (fixed)
  5981                           ;	Chosen strategy is simple_byte
  5982     0329  0872               	movf	??_LIN_getFromTable+1,w
  5983     032A  3A00               	xorlw	0	; case 0
  5984     032B  1903               	skipnz
  5985     032C  2B2E               	goto	l2833
  5986     032D  2B03               	goto	l1949
  5987     032E                     l2833:
  5988                           
  5989                           ; Switch size 1, requested type "simple"
  5990                           ; Number of cases is 3, Range of values is 0 to 2
  5991                           ; switch strategies available:
  5992                           ; Name         Instructions Cycles
  5993                           ; simple_byte           10     6 (average)
  5994                           ; direct_byte           12     6 (fixed)
  5995                           ; jumptable            260     6 (fixed)
  5996                           ;	Chosen strategy is simple_byte
  5997     032E  0871               	movf	??_LIN_getFromTable,w
  5998     032F  3A00               	xorlw	0	; case 0
  5999     0330  1903               	skipnz
  6000     0331  2B0E               	goto	l1957
  6001     0332  3A01               	xorlw	1	; case 1
  6002     0333  1903               	skipnz
  6003     0334  2B14               	goto	l1961
  6004     0335  3A03               	xorlw	3	; case 2
  6005     0336  1903               	skipnz
  6006     0337  2B1D               	goto	l1965
  6007     0338  2B03               	goto	l1949
  6008     0339                     l140:
  6009     0339  0008               	return
  6010     033A                     __end_of_LIN_getFromTable:
  6011                           
  6012                           	psect	text40
  6013     017A                     __ptext40:	
  6014 ;; *************** function _LIN_calcParity *****************
  6015 ;; Defined at:
  6016 ;;		line 284 in file "mcc_generated_files/LINDrivers/lin_slave.c"
  6017 ;; Parameters:    Size  Location     Type
  6018 ;;  CMD             1    wreg     unsigned char 
  6019 ;; Auto vars:     Size  Location     Type
  6020 ;;  CMD             1    1[COMMON] unsigned char 
  6021 ;;  PID             1    2[COMMON] struct .
  6022 ;; Return value:  Size  Location     Type
  6023 ;;                  1    wreg      unsigned char 
  6024 ;; Registers used:
  6025 ;;		wreg, status,0
  6026 ;; Tracked objects:
  6027 ;;		On entry : 0/0
  6028 ;;		On exit  : 0/0
  6029 ;;		Unchanged: 0/0
  6030 ;; Data sizes:     COMMON   BANK0   BANK1   BANK2   BANK3   BANK4   BANK5   BANK6
  6031 ;;      Params:         0       0       0       0       0       0       0       0
  6032 ;;      Locals:         2       0       0       0       0       0       0       0
  6033 ;;      Temps:          1       0       0       0       0       0       0       0
  6034 ;;      Totals:         3       0       0       0       0       0       0       0
  6035 ;;Total ram usage:        3 bytes
  6036 ;; Hardware stack levels used: 1
  6037 ;; Hardware stack levels required when called: 4
  6038 ;; This function calls:
  6039 ;;		Nothing
  6040 ;; This function is called by:
  6041 ;;		_LIN_checkPID
  6042 ;; This function uses a non-reentrant model
  6043 ;;
  6044                           
  6045     017A                     _LIN_calcParity:	
  6046                           ;psect for function _LIN_calcParity
  6047                           
  6048                           
  6049                           ;incstack = 0
  6050                           ; Regs used in _LIN_calcParity: [wreg+status,0]
  6051                           ;LIN_calcParity@CMD stored from wreg
  6052     017A  00F1               	movwf	LIN_calcParity@CMD
  6053     017B                     l1997:
  6054                           
  6055                           ;mcc_generated_files/LINDrivers/lin_slave.c: 284: uint8_t LIN_calcParity(uint8_t CMD);mc
      +                          c_generated_files/LINDrivers/lin_slave.c: 285: {;mcc_generated_files/LINDrivers/lin_slav
      +                          e.c: 286:     lin_pid_t PID;;mcc_generated_files/LINDrivers/lin_slave.c: 287:     PID.ra
      +                          wPID = CMD;
  6056     017B  0871               	movf	LIN_calcParity@CMD,w
  6057     017C  00F2               	movwf	LIN_calcParity@PID
  6058                           
  6059                           ;mcc_generated_files/LINDrivers/lin_slave.c: 292:     PID.P0 = PID.ID0 ^ PID.ID1;
  6060     017D  18F2               	btfsc	LIN_calcParity@PID,1
  6061     017E  2980               	goto	u1021
  6062     017F  2982               	goto	u1020
  6063     0180                     u1021:
  6064     0180  3001               	movlw	1
  6065     0181  2983               	goto	u1022
  6066     0182                     u1020:
  6067     0182  3000               	movlw	0
  6068     0183                     u1022:
  6069     0183  00F0               	movwf	??_LIN_calcParity
  6070     0184  1872               	btfsc	LIN_calcParity@PID,0
  6071     0185  2987               	goto	u1031
  6072     0186  2989               	goto	u1030
  6073     0187                     u1031:
  6074     0187  3001               	movlw	1
  6075     0188  298A               	goto	u1032
  6076     0189                     u1030:
  6077     0189  3000               	movlw	0
  6078     018A                     u1032:
  6079     018A  0670               	xorwf	??_LIN_calcParity,w
  6080     018B  1D03               	skipz
  6081     018C  298E               	goto	u1041
  6082     018D  2990               	goto	u1040
  6083     018E                     u1041:
  6084     018E  1772               	bsf	LIN_calcParity@PID,6
  6085     018F  2991               	goto	u1054
  6086     0190                     u1040:
  6087     0190  1372               	bcf	LIN_calcParity@PID,6
  6088     0191                     u1054:
  6089                           
  6090                           ;mcc_generated_files/LINDrivers/lin_slave.c: 293:     PID.P0 = PID.P0 ^ PID.ID2;
  6091     0191  1972               	btfsc	LIN_calcParity@PID,2
  6092     0192  2994               	goto	u1061
  6093     0193  2996               	goto	u1060
  6094     0194                     u1061:
  6095     0194  3001               	movlw	1
  6096     0195  2997               	goto	u1062
  6097     0196                     u1060:
  6098     0196  3000               	movlw	0
  6099     0197                     u1062:
  6100     0197  00F0               	movwf	??_LIN_calcParity
  6101     0198  1B72               	btfsc	LIN_calcParity@PID,6
  6102     0199  299B               	goto	u1071
  6103     019A  299D               	goto	u1070
  6104     019B                     u1071:
  6105     019B  3001               	movlw	1
  6106     019C  299E               	goto	u1072
  6107     019D                     u1070:
  6108     019D  3000               	movlw	0
  6109     019E                     u1072:
  6110     019E  0670               	xorwf	??_LIN_calcParity,w
  6111     019F  1D03               	skipz
  6112     01A0  29A2               	goto	u1081
  6113     01A1  29A4               	goto	u1080
  6114     01A2                     u1081:
  6115     01A2  1772               	bsf	LIN_calcParity@PID,6
  6116     01A3  29A5               	goto	u1094
  6117     01A4                     u1080:
  6118     01A4  1372               	bcf	LIN_calcParity@PID,6
  6119     01A5                     u1094:
  6120                           
  6121                           ;mcc_generated_files/LINDrivers/lin_slave.c: 294:     PID.P0 = PID.P0 ^ PID.ID4;
  6122     01A5  1A72               	btfsc	LIN_calcParity@PID,4
  6123     01A6  29A8               	goto	u1101
  6124     01A7  29AA               	goto	u1100
  6125     01A8                     u1101:
  6126     01A8  3001               	movlw	1
  6127     01A9  29AB               	goto	u1102
  6128     01AA                     u1100:
  6129     01AA  3000               	movlw	0
  6130     01AB                     u1102:
  6131     01AB  00F0               	movwf	??_LIN_calcParity
  6132     01AC  1B72               	btfsc	LIN_calcParity@PID,6
  6133     01AD  29AF               	goto	u1111
  6134     01AE  29B1               	goto	u1110
  6135     01AF                     u1111:
  6136     01AF  3001               	movlw	1
  6137     01B0  29B2               	goto	u1112
  6138     01B1                     u1110:
  6139     01B1  3000               	movlw	0
  6140     01B2                     u1112:
  6141     01B2  0670               	xorwf	??_LIN_calcParity,w
  6142     01B3  1D03               	skipz
  6143     01B4  29B6               	goto	u1121
  6144     01B5  29B8               	goto	u1120
  6145     01B6                     u1121:
  6146     01B6  1772               	bsf	LIN_calcParity@PID,6
  6147     01B7  29B9               	goto	u1134
  6148     01B8                     u1120:
  6149     01B8  1372               	bcf	LIN_calcParity@PID,6
  6150     01B9                     u1134:
  6151                           
  6152                           ;mcc_generated_files/LINDrivers/lin_slave.c: 295:     PID.P1 = PID.ID1 ^ PID.ID3;
  6153     01B9  19F2               	btfsc	LIN_calcParity@PID,3
  6154     01BA  29BC               	goto	u1141
  6155     01BB  29BE               	goto	u1140
  6156     01BC                     u1141:
  6157     01BC  3001               	movlw	1
  6158     01BD  29BF               	goto	u1142
  6159     01BE                     u1140:
  6160     01BE  3000               	movlw	0
  6161     01BF                     u1142:
  6162     01BF  00F0               	movwf	??_LIN_calcParity
  6163     01C0  18F2               	btfsc	LIN_calcParity@PID,1
  6164     01C1  29C3               	goto	u1151
  6165     01C2  29C5               	goto	u1150
  6166     01C3                     u1151:
  6167     01C3  3001               	movlw	1
  6168     01C4  29C6               	goto	u1152
  6169     01C5                     u1150:
  6170     01C5  3000               	movlw	0
  6171     01C6                     u1152:
  6172     01C6  0670               	xorwf	??_LIN_calcParity,w
  6173     01C7  1D03               	skipz
  6174     01C8  29CA               	goto	u1161
  6175     01C9  29CC               	goto	u1160
  6176     01CA                     u1161:
  6177     01CA  17F2               	bsf	LIN_calcParity@PID,7
  6178     01CB  29CD               	goto	u1174
  6179     01CC                     u1160:
  6180     01CC  13F2               	bcf	LIN_calcParity@PID,7
  6181     01CD                     u1174:
  6182                           
  6183                           ;mcc_generated_files/LINDrivers/lin_slave.c: 296:     PID.P1 = PID.P1 ^ PID.ID4;
  6184     01CD  1A72               	btfsc	LIN_calcParity@PID,4
  6185     01CE  29D0               	goto	u1181
  6186     01CF  29D2               	goto	u1180
  6187     01D0                     u1181:
  6188     01D0  3001               	movlw	1
  6189     01D1  29D3               	goto	u1182
  6190     01D2                     u1180:
  6191     01D2  3000               	movlw	0
  6192     01D3                     u1182:
  6193     01D3  00F0               	movwf	??_LIN_calcParity
  6194     01D4  1BF2               	btfsc	LIN_calcParity@PID,7
  6195     01D5  29D7               	goto	u1191
  6196     01D6  29D9               	goto	u1190
  6197     01D7                     u1191:
  6198     01D7  3001               	movlw	1
  6199     01D8  29DA               	goto	u1192
  6200     01D9                     u1190:
  6201     01D9  3000               	movlw	0
  6202     01DA                     u1192:
  6203     01DA  0670               	xorwf	??_LIN_calcParity,w
  6204     01DB  1D03               	skipz
  6205     01DC  29DE               	goto	u1201
  6206     01DD  29E0               	goto	u1200
  6207     01DE                     u1201:
  6208     01DE  17F2               	bsf	LIN_calcParity@PID,7
  6209     01DF  29E1               	goto	u1214
  6210     01E0                     u1200:
  6211     01E0  13F2               	bcf	LIN_calcParity@PID,7
  6212     01E1                     u1214:
  6213                           
  6214                           ;mcc_generated_files/LINDrivers/lin_slave.c: 297:     PID.P1 = PID.P1 ^ PID.ID5;
  6215     01E1  1AF2               	btfsc	LIN_calcParity@PID,5
  6216     01E2  29E4               	goto	u1221
  6217     01E3  29E6               	goto	u1220
  6218     01E4                     u1221:
  6219     01E4  3001               	movlw	1
  6220     01E5  29E7               	goto	u1222
  6221     01E6                     u1220:
  6222     01E6  3000               	movlw	0
  6223     01E7                     u1222:
  6224     01E7  00F0               	movwf	??_LIN_calcParity
  6225     01E8  1BF2               	btfsc	LIN_calcParity@PID,7
  6226     01E9  29EB               	goto	u1231
  6227     01EA  29ED               	goto	u1230
  6228     01EB                     u1231:
  6229     01EB  3001               	movlw	1
  6230     01EC  29EE               	goto	u1232
  6231     01ED                     u1230:
  6232     01ED  3000               	movlw	0
  6233     01EE                     u1232:
  6234     01EE  0670               	xorwf	??_LIN_calcParity,w
  6235     01EF  1D03               	skipz
  6236     01F0  29F2               	goto	u1241
  6237     01F1  29F4               	goto	u1240
  6238     01F2                     u1241:
  6239     01F2  17F2               	bsf	LIN_calcParity@PID,7
  6240     01F3  29F5               	goto	u1254
  6241     01F4                     u1240:
  6242     01F4  13F2               	bcf	LIN_calcParity@PID,7
  6243     01F5                     u1254:
  6244     01F5                     l1999:
  6245                           
  6246                           ;mcc_generated_files/LINDrivers/lin_slave.c: 298:     PID.P1 = ~PID.P1;
  6247     01F5  1003               	clrc
  6248     01F6  1FF2               	btfss	LIN_calcParity@PID,7
  6249     01F7  1403               	setc
  6250     01F8  1803               	btfsc	3,0
  6251     01F9  29FB               	goto	u1261
  6252     01FA  29FD               	goto	u1260
  6253     01FB                     u1261:
  6254     01FB  17F2               	bsf	LIN_calcParity@PID,7
  6255     01FC  29FE               	goto	u1274
  6256     01FD                     u1260:
  6257     01FD  13F2               	bcf	LIN_calcParity@PID,7
  6258     01FE                     u1274:
  6259     01FE                     l2001:
  6260                           
  6261                           ;mcc_generated_files/LINDrivers/lin_slave.c: 300:     return PID.rawPID;
  6262     01FE  0872               	movf	LIN_calcParity@PID,w
  6263     01FF                     l154:
  6264     01FF  0008               	return
  6265     0200                     __end_of_LIN_calcParity:
  6266                           
  6267                           	psect	text41
  6268     0596                     __ptext41:	
  6269 ;; *************** function _LIN_breakCheck *****************
  6270 ;; Defined at:
  6271 ;;		line 380 in file "mcc_generated_files/LINDrivers/lin_slave.c"
  6272 ;; Parameters:    Size  Location     Type
  6273 ;;		None
  6274 ;; Auto vars:     Size  Location     Type
  6275 ;;		None
  6276 ;; Return value:  Size  Location     Type
  6277 ;;                  1    wreg      _Bool 
  6278 ;; Registers used:
  6279 ;;		wreg, fsr1l, fsr1h, status,2, status,0, pclath, cstack
  6280 ;; Tracked objects:
  6281 ;;		On entry : 0/0
  6282 ;;		On exit  : 0/0
  6283 ;;		Unchanged: 0/0
  6284 ;; Data sizes:     COMMON   BANK0   BANK1   BANK2   BANK3   BANK4   BANK5   BANK6
  6285 ;;      Params:         0       0       0       0       0       0       0       0
  6286 ;;      Locals:         0       0       0       0       0       0       0       0
  6287 ;;      Temps:          0       0       0       0       0       0       0       0
  6288 ;;      Totals:         0       0       0       0       0       0       0       0
  6289 ;;Total ram usage:        0 bytes
  6290 ;; Hardware stack levels used: 1
  6291 ;; Hardware stack levels required when called: 5
  6292 ;; This function calls:
  6293 ;;		_EUSART_Read
  6294 ;;		_EUSART_get_last_status
  6295 ;; This function is called by:
  6296 ;;		_LIN_handler
  6297 ;; This function uses a non-reentrant model
  6298 ;;
  6299                           
  6300     0596                     _LIN_breakCheck:	
  6301                           ;psect for function _LIN_breakCheck
  6302                           
  6303     0596                     l2083:	
  6304                           ;incstack = 0
  6305                           ; Regs used in _LIN_breakCheck: [wreg+fsr1l+fsr1h+status,2+status,0+pclath+cstack]
  6306                           
  6307                           
  6308                           ;mcc_generated_files/LINDrivers/lin_slave.c: 383:     if ((EUSART_Read() == 0x00) && (EU
      +                          SART_get_last_status().ferr == 1))
  6309     0596  3184  2480  3185   	fcall	_EUSART_Read
  6310     0599  3A00               	xorlw	0
  6311     059A  1D03               	skipz
  6312     059B  2D9D               	goto	u1331
  6313     059C  2D9E               	goto	u1330
  6314     059D                     u1331:
  6315     059D  2DA7               	goto	l2091
  6316     059E                     u1330:
  6317     059E                     l2085:
  6318     059E  3186  266C  3185   	fcall	_EUSART_get_last_status
  6319     05A1  1C89               	btfss	9,1
  6320     05A2  2DA4               	goto	u1341
  6321     05A3  2DA5               	goto	u1340
  6322     05A4                     u1341:
  6323     05A4  2DA7               	goto	l2091
  6324     05A5                     u1340:
  6325     05A5                     l2087:
  6326                           
  6327                           ;mcc_generated_files/LINDrivers/lin_slave.c: 384:     {;mcc_generated_files/LINDrivers/l
      +                          in_slave.c: 385:         return 1;
  6328     05A5  3001               	movlw	1
  6329     05A6  2DA8               	goto	l188
  6330     05A7                     l2091:
  6331                           
  6332                           ;mcc_generated_files/LINDrivers/lin_slave.c: 388:     return 0;
  6333     05A7  3000               	movlw	0
  6334     05A8                     l188:
  6335     05A8  0008               	return
  6336     05A9                     __end_of_LIN_breakCheck:
  6337                           
  6338                           	psect	text42
  6339     0480                     __ptext42:	
  6340 ;; *************** function _EUSART_Read *****************
  6341 ;; Defined at:
  6342 ;;		line 151 in file "mcc_generated_files/eusart.c"
  6343 ;; Parameters:    Size  Location     Type
  6344 ;;		None
  6345 ;; Auto vars:     Size  Location     Type
  6346 ;;  readValue       1    0[COMMON] unsigned char 
  6347 ;; Return value:  Size  Location     Type
  6348 ;;                  1    wreg      unsigned char 
  6349 ;; Registers used:
  6350 ;;		wreg, fsr1l, fsr1h, status,2, status,0
  6351 ;; Tracked objects:
  6352 ;;		On entry : 0/0
  6353 ;;		On exit  : 0/0
  6354 ;;		Unchanged: 0/0
  6355 ;; Data sizes:     COMMON   BANK0   BANK1   BANK2   BANK3   BANK4   BANK5   BANK6
  6356 ;;      Params:         0       0       0       0       0       0       0       0
  6357 ;;      Locals:         1       0       0       0       0       0       0       0
  6358 ;;      Temps:          0       0       0       0       0       0       0       0
  6359 ;;      Totals:         1       0       0       0       0       0       0       0
  6360 ;;Total ram usage:        1 bytes
  6361 ;; Hardware stack levels used: 1
  6362 ;; Hardware stack levels required when called: 4
  6363 ;; This function calls:
  6364 ;;		Nothing
  6365 ;; This function is called by:
  6366 ;;		_LIN_handler
  6367 ;;		_LIN_breakCheck
  6368 ;; This function uses a non-reentrant model
  6369 ;;
  6370                           
  6371     0480                     _EUSART_Read:	
  6372                           ;psect for function _EUSART_Read
  6373                           
  6374     0480                     l1915:	
  6375                           ;incstack = 0
  6376                           ; Regs used in _EUSART_Read: [wreg+fsr1l+fsr1h+status,2+status,0]
  6377                           
  6378     0480                     l1917:	
  6379                           ;mcc_generated_files/eusart.c: 155:     while(0 == eusartRxCount)
  6380                           
  6381                           
  6382                           ;mcc_generated_files/eusart.c: 155:     while(0 == eusartRxCount)
  6383     0480  0020               	movlb	0	; select bank0
  6384     0481  0845               	movf	_eusartRxCount,w	;volatile
  6385     0482  1903               	btfsc	3,2
  6386     0483  2C85               	goto	u971
  6387     0484  2C86               	goto	u970
  6388     0485                     u971:
  6389     0485  2C80               	goto	l1917
  6390     0486                     u970:
  6391     0486                     l1919:
  6392                           
  6393                           ;mcc_generated_files/eusart.c: 159:     eusartRxLastError = eusartRxStatusBuffer[eusartR
      +                          xTail];
  6394     0486  0846               	movf	_eusartRxTail,w	;volatile
  6395     0487  3E20               	addlw	(low (_eusartRxStatusBuffer| 0))& (0+255)
  6396     0488  0086               	movwf	6
  6397     0489  0187               	clrf	7
  6398     048A  0801               	movf	1,w
  6399     048B  00C4               	movwf	_eusartRxLastError	;volatile
  6400                           
  6401                           ;mcc_generated_files/eusart.c: 161:     readValue = eusartRxBuffer[eusartRxTail++];
  6402     048C  0846               	movf	_eusartRxTail,w
  6403     048D  3EA0               	addlw	(low (_eusartRxBuffer| 0))& (0+255)
  6404     048E  0086               	movwf	6
  6405     048F  0187               	clrf	7
  6406     0490  0801               	movf	1,w
  6407     0491  00F0               	movwf	EUSART_Read@readValue
  6408     0492                     l1921:
  6409     0492  3001               	movlw	1
  6410     0493  07C6               	addwf	_eusartRxTail,f	;volatile
  6411     0494                     l1923:
  6412                           
  6413                           ;mcc_generated_files/eusart.c: 162:     if(sizeof(eusartRxBuffer) <= eusartRxTail)
  6414     0494  3008               	movlw	8
  6415     0495  0246               	subwf	_eusartRxTail,w	;volatile
  6416     0496  1C03               	skipc
  6417     0497  2C99               	goto	u981
  6418     0498  2C9A               	goto	u980
  6419     0499                     u981:
  6420     0499  2C9B               	goto	l1927
  6421     049A                     u980:
  6422     049A                     l1925:
  6423                           
  6424                           ;mcc_generated_files/eusart.c: 163:     {;mcc_generated_files/eusart.c: 164:         eus
      +                          artRxTail = 0;
  6425     049A  01C6               	clrf	_eusartRxTail	;volatile
  6426     049B                     l1927:
  6427                           
  6428                           ;mcc_generated_files/eusart.c: 166:     PIE1bits.RCIE = 0;
  6429     049B  0021               	movlb	1	; select bank1
  6430     049C  1291               	bcf	17,5	;volatile
  6431     049D                     l1929:
  6432                           
  6433                           ;mcc_generated_files/eusart.c: 167:     eusartRxCount--;
  6434     049D  3001               	movlw	1
  6435     049E  0020               	movlb	0	; select bank0
  6436     049F  02C5               	subwf	_eusartRxCount,f	;volatile
  6437     04A0                     l1931:
  6438                           
  6439                           ;mcc_generated_files/eusart.c: 168:     PIE1bits.RCIE = 1;
  6440     04A0  0021               	movlb	1	; select bank1
  6441     04A1  1691               	bsf	17,5	;volatile
  6442     04A2                     l1933:
  6443                           
  6444                           ;mcc_generated_files/eusart.c: 170:     return readValue;
  6445     04A2  0870               	movf	EUSART_Read@readValue,w
  6446     04A3                     l403:
  6447     04A3  0008               	return
  6448     04A4                     __end_of_EUSART_Read:
  6449                           
  6450                           	psect	text43
  6451     05EB                     __ptext43:	
  6452 ;; *************** function _EUSART_is_rx_ready *****************
  6453 ;; Defined at:
  6454 ;;		line 137 in file "mcc_generated_files/eusart.c"
  6455 ;; Parameters:    Size  Location     Type
  6456 ;;		None
  6457 ;; Auto vars:     Size  Location     Type
  6458 ;;		None
  6459 ;; Return value:  Size  Location     Type
  6460 ;;                  1    wreg      _Bool 
  6461 ;; Registers used:
  6462 ;;		wreg, status,2, status,0
  6463 ;; Tracked objects:
  6464 ;;		On entry : 0/0
  6465 ;;		On exit  : 0/0
  6466 ;;		Unchanged: 0/0
  6467 ;; Data sizes:     COMMON   BANK0   BANK1   BANK2   BANK3   BANK4   BANK5   BANK6
  6468 ;;      Params:         0       0       0       0       0       0       0       0
  6469 ;;      Locals:         0       0       0       0       0       0       0       0
  6470 ;;      Temps:          0       0       0       0       0       0       0       0
  6471 ;;      Totals:         0       0       0       0       0       0       0       0
  6472 ;;Total ram usage:        0 bytes
  6473 ;; Hardware stack levels used: 1
  6474 ;; Hardware stack levels required when called: 4
  6475 ;; This function calls:
  6476 ;;		Nothing
  6477 ;; This function is called by:
  6478 ;;		_LIN_handler
  6479 ;; This function uses a non-reentrant model
  6480 ;;
  6481                           
  6482     05EB                     _EUSART_is_rx_ready:	
  6483                           ;psect for function _EUSART_is_rx_ready
  6484                           
  6485     05EB                     l2069:	
  6486                           ;incstack = 0
  6487                           ; Regs used in _EUSART_is_rx_ready: [wreg+status,2+status,0]
  6488                           
  6489                           
  6490                           ;mcc_generated_files/eusart.c: 139:     return (eusartRxCount ? 1 : 0);
  6491     05EB  0020               	movlb	0	; select bank0
  6492     05EC  0845               	movf	_eusartRxCount,w	;volatile
  6493     05ED  1D03               	btfss	3,2
  6494     05EE  2DF0               	goto	u1311
  6495     05EF  2DF2               	goto	u1310
  6496     05F0                     u1311:
  6497     05F0  3001               	movlw	1
  6498     05F1  2DF3               	goto	u1320
  6499     05F2                     u1310:
  6500     05F2  3000               	movlw	0
  6501     05F3                     u1320:
  6502     05F3                     l390:
  6503     05F3  0008               	return
  6504     05F4                     __end_of_EUSART_is_rx_ready:
  6505                           
  6506                           	psect	text44
  6507     0670                     __ptext44:	
  6508 ;; *************** function _Clear_No_Call_Warning *****************
  6509 ;; Defined at:
  6510 ;;		line 52 in file "main.c"
  6511 ;; Parameters:    Size  Location     Type
  6512 ;;		None
  6513 ;; Auto vars:     Size  Location     Type
  6514 ;;  i               1    0        unsigned char 
  6515 ;; Return value:  Size  Location     Type
  6516 ;;                  1    wreg      void 
  6517 ;; Registers used:
  6518 ;;		status,2, status,0, pclath, cstack
  6519 ;; Tracked objects:
  6520 ;;		On entry : 0/0
  6521 ;;		On exit  : 0/0
  6522 ;;		Unchanged: 0/0
  6523 ;; Data sizes:     COMMON   BANK0   BANK1   BANK2   BANK3   BANK4   BANK5   BANK6
  6524 ;;      Params:         0       0       0       0       0       0       0       0
  6525 ;;      Locals:         0       0       0       0       0       0       0       0
  6526 ;;      Temps:          0       0       0       0       0       0       0       0
  6527 ;;      Totals:         0       0       0       0       0       0       0       0
  6528 ;;Total ram usage:        0 bytes
  6529 ;; Hardware stack levels used: 1
  6530 ;; Hardware stack levels required when called: 5
  6531 ;; This function calls:
  6532 ;;		_EUSART_get_last_status
  6533 ;;		_EUSART_is_tx_done
  6534 ;;		_EUSART_is_tx_ready
  6535 ;;		_PIN_MANAGER_IOC
  6536 ;;		_TMR0_ReadTimer
  6537 ;;		_TMR0_Reload
  6538 ;; This function is called by:
  6539 ;;		_main
  6540 ;; This function uses a non-reentrant model
  6541 ;;
  6542                           
  6543     0670                     _Clear_No_Call_Warning:	
  6544                           ;psect for function _Clear_No_Call_Warning
  6545                           
  6546     0670                     l2387:	
  6547                           ;incstack = 0
  6548                           ; Regs used in _Clear_No_Call_Warning: [status,2+status,0+pclath+cstack]
  6549                           
  6550     0670                     l563:
  6551     0670  0008               	return
  6552     0671                     __end_of_Clear_No_Call_Warning:
  6553                           
  6554                           	psect	text45
  6555     064E                     __ptext45:	
  6556 ;; *************** function _TMR0_Reload *****************
  6557 ;; Defined at:
  6558 ;;		line 102 in file "mcc_generated_files/tmr0.c"
  6559 ;; Parameters:    Size  Location     Type
  6560 ;;		None
  6561 ;; Auto vars:     Size  Location     Type
  6562 ;;		None
  6563 ;; Return value:  Size  Location     Type
  6564 ;;                  1    wreg      void 
  6565 ;; Registers used:
  6566 ;;		wreg
  6567 ;; Tracked objects:
  6568 ;;		On entry : 0/0
  6569 ;;		On exit  : 0/0
  6570 ;;		Unchanged: 0/0
  6571 ;; Data sizes:     COMMON   BANK0   BANK1   BANK2   BANK3   BANK4   BANK5   BANK6
  6572 ;;      Params:         0       0       0       0       0       0       0       0
  6573 ;;      Locals:         0       0       0       0       0       0       0       0
  6574 ;;      Temps:          0       0       0       0       0       0       0       0
  6575 ;;      Totals:         0       0       0       0       0       0       0       0
  6576 ;;Total ram usage:        0 bytes
  6577 ;; Hardware stack levels used: 1
  6578 ;; Hardware stack levels required when called: 4
  6579 ;; This function calls:
  6580 ;;		Nothing
  6581 ;; This function is called by:
  6582 ;;		_Clear_No_Call_Warning
  6583 ;; This function uses a non-reentrant model
  6584 ;;
  6585                           
  6586     064E                     _TMR0_Reload:	
  6587                           ;psect for function _TMR0_Reload
  6588                           
  6589     064E                     l2197:	
  6590                           ;incstack = 0
  6591                           ; Regs used in _TMR0_Reload: [wreg]
  6592                           
  6593                           
  6594                           ;mcc_generated_files/tmr0.c: 105:     TMR0 = timer0ReloadVal;
  6595     064E  0020               	movlb	0	; select bank0
  6596     064F  084A               	movf	_timer0ReloadVal,w	;volatile
  6597     0650  0095               	movwf	21	;volatile
  6598     0651                     l270:
  6599     0651  0008               	return
  6600     0652                     __end_of_TMR0_Reload:
  6601                           
  6602                           	psect	text46
  6603     0666                     __ptext46:	
  6604 ;; *************** function _TMR0_ReadTimer *****************
  6605 ;; Defined at:
  6606 ;;		line 87 in file "mcc_generated_files/tmr0.c"
  6607 ;; Parameters:    Size  Location     Type
  6608 ;;		None
  6609 ;; Auto vars:     Size  Location     Type
  6610 ;;  readVal         1    0        unsigned char 
  6611 ;; Return value:  Size  Location     Type
  6612 ;;                  1    wreg      unsigned char 
  6613 ;; Registers used:
  6614 ;;		wreg
  6615 ;; Tracked objects:
  6616 ;;		On entry : 0/0
  6617 ;;		On exit  : 0/0
  6618 ;;		Unchanged: 0/0
  6619 ;; Data sizes:     COMMON   BANK0   BANK1   BANK2   BANK3   BANK4   BANK5   BANK6
  6620 ;;      Params:         0       0       0       0       0       0       0       0
  6621 ;;      Locals:         0       0       0       0       0       0       0       0
  6622 ;;      Temps:          0       0       0       0       0       0       0       0
  6623 ;;      Totals:         0       0       0       0       0       0       0       0
  6624 ;;Total ram usage:        0 bytes
  6625 ;; Hardware stack levels used: 1
  6626 ;; Hardware stack levels required when called: 4
  6627 ;; This function calls:
  6628 ;;		Nothing
  6629 ;; This function is called by:
  6630 ;;		_Clear_No_Call_Warning
  6631 ;; This function uses a non-reentrant model
  6632 ;;
  6633                           
  6634     0666                     _TMR0_ReadTimer:	
  6635                           ;psect for function _TMR0_ReadTimer
  6636                           
  6637     0666                     l1523:	
  6638                           ;incstack = 0
  6639                           ; Regs used in _TMR0_ReadTimer: [wreg]
  6640                           
  6641     0666  0020               	movlb	0	; select bank0
  6642     0667  0815               	movf	21,w	;volatile
  6643     0668                     l264:
  6644     0668  0008               	return
  6645     0669                     __end_of_TMR0_ReadTimer:
  6646                           
  6647                           	psect	text47
  6648     0671                     __ptext47:	
  6649 ;; *************** function _PIN_MANAGER_IOC *****************
  6650 ;; Defined at:
  6651 ;;		line 99 in file "mcc_generated_files/pin_manager.c"
  6652 ;; Parameters:    Size  Location     Type
  6653 ;;		None
  6654 ;; Auto vars:     Size  Location     Type
  6655 ;;		None
  6656 ;; Return value:  Size  Location     Type
  6657 ;;                  1    wreg      void 
  6658 ;; Registers used:
  6659 ;;		None
  6660 ;; Tracked objects:
  6661 ;;		On entry : 0/0
  6662 ;;		On exit  : 0/0
  6663 ;;		Unchanged: 0/0
  6664 ;; Data sizes:     COMMON   BANK0   BANK1   BANK2   BANK3   BANK4   BANK5   BANK6
  6665 ;;      Params:         0       0       0       0       0       0       0       0
  6666 ;;      Locals:         0       0       0       0       0       0       0       0
  6667 ;;      Temps:          0       0       0       0       0       0       0       0
  6668 ;;      Totals:         0       0       0       0       0       0       0       0
  6669 ;;Total ram usage:        0 bytes
  6670 ;; Hardware stack levels used: 1
  6671 ;; Hardware stack levels required when called: 4
  6672 ;; This function calls:
  6673 ;;		Nothing
  6674 ;; This function is called by:
  6675 ;;		_Clear_No_Call_Warning
  6676 ;; This function uses a non-reentrant model
  6677 ;;
  6678                           
  6679     0671                     _PIN_MANAGER_IOC:	
  6680                           ;psect for function _PIN_MANAGER_IOC
  6681                           
  6682     0671                     l487:	
  6683                           ;incstack = 0
  6684                           ; Regs used in _PIN_MANAGER_IOC: []
  6685                           
  6686     0671  0008               	return
  6687     0672                     __end_of_PIN_MANAGER_IOC:
  6688                           
  6689                           	psect	text48
  6690     0672                     __ptext48:	
  6691 ;; *************** function _EUSART_is_tx_ready *****************
  6692 ;; Defined at:
  6693 ;;		line 132 in file "mcc_generated_files/eusart.c"
  6694 ;; Parameters:    Size  Location     Type
  6695 ;;		None
  6696 ;; Auto vars:     Size  Location     Type
  6697 ;;		None
  6698 ;; Return value:  Size  Location     Type
  6699 ;;                  1    wreg      _Bool 
  6700 ;; Registers used:
  6701 ;;		None
  6702 ;; Tracked objects:
  6703 ;;		On entry : 0/0
  6704 ;;		On exit  : 0/0
  6705 ;;		Unchanged: 0/0
  6706 ;; Data sizes:     COMMON   BANK0   BANK1   BANK2   BANK3   BANK4   BANK5   BANK6
  6707 ;;      Params:         0       0       0       0       0       0       0       0
  6708 ;;      Locals:         0       0       0       0       0       0       0       0
  6709 ;;      Temps:          0       0       0       0       0       0       0       0
  6710 ;;      Totals:         0       0       0       0       0       0       0       0
  6711 ;;Total ram usage:        0 bytes
  6712 ;; Hardware stack levels used: 1
  6713 ;; Hardware stack levels required when called: 4
  6714 ;; This function calls:
  6715 ;;		Nothing
  6716 ;; This function is called by:
  6717 ;;		_Clear_No_Call_Warning
  6718 ;; This function uses a non-reentrant model
  6719 ;;
  6720                           
  6721     0672                     _EUSART_is_tx_ready:	
  6722                           ;psect for function _EUSART_is_tx_ready
  6723                           
  6724     0672                     l2231:	
  6725                           ;incstack = 0
  6726                           ; Regs used in _EUSART_is_tx_ready: []
  6727                           
  6728     0672                     l387:	
  6729                           ;mcc_generated_files/eusart.c: 134:     return (eusartTxBufferRemaining ? 1 : 0);;	Retur
      +                          n value of _EUSART_is_tx_ready is never used
  6730                           
  6731     0672  0008               	return
  6732     0673                     __end_of_EUSART_is_tx_ready:
  6733                           
  6734                           	psect	text49
  6735     0669                     __ptext49:	
  6736 ;; *************** function _EUSART_is_tx_done *****************
  6737 ;; Defined at:
  6738 ;;		line 142 in file "mcc_generated_files/eusart.c"
  6739 ;; Parameters:    Size  Location     Type
  6740 ;;		None
  6741 ;; Auto vars:     Size  Location     Type
  6742 ;;		None
  6743 ;; Return value:  Size  Location     Type
  6744 ;;                  1    wreg      _Bool 
  6745 ;; Registers used:
  6746 ;;		wreg
  6747 ;; Tracked objects:
  6748 ;;		On entry : 0/0
  6749 ;;		On exit  : 0/0
  6750 ;;		Unchanged: 0/0
  6751 ;; Data sizes:     COMMON   BANK0   BANK1   BANK2   BANK3   BANK4   BANK5   BANK6
  6752 ;;      Params:         0       0       0       0       0       0       0       0
  6753 ;;      Locals:         0       0       0       0       0       0       0       0
  6754 ;;      Temps:          0       0       0       0       0       0       0       0
  6755 ;;      Totals:         0       0       0       0       0       0       0       0
  6756 ;;Total ram usage:        0 bytes
  6757 ;; Hardware stack levels used: 1
  6758 ;; Hardware stack levels required when called: 4
  6759 ;; This function calls:
  6760 ;;		Nothing
  6761 ;; This function is called by:
  6762 ;;		_Clear_No_Call_Warning
  6763 ;; This function uses a non-reentrant model
  6764 ;;
  6765                           
  6766     0669                     _EUSART_is_tx_done:	
  6767                           ;psect for function _EUSART_is_tx_done
  6768                           
  6769     0669                     l1563:	
  6770                           ;incstack = 0
  6771                           ; Regs used in _EUSART_is_tx_done: [wreg]
  6772                           
  6773                           
  6774                           ;mcc_generated_files/eusart.c: 144:     return TXSTAbits.TRMT;;	Return value of _EUSART_
      +                          is_tx_done is never used
  6775     0669  0023               	movlb	3	; select bank3
  6776     066A  081E               	movf	30,w	;volatile
  6777     066B                     l393:
  6778     066B  0008               	return
  6779     066C                     __end_of_EUSART_is_tx_done:
  6780                           
  6781                           	psect	text50
  6782     066C                     __ptext50:	
  6783 ;; *************** function _EUSART_get_last_status *****************
  6784 ;; Defined at:
  6785 ;;		line 147 in file "mcc_generated_files/eusart.c"
  6786 ;; Parameters:    Size  Location     Type
  6787 ;;		None
  6788 ;; Auto vars:     Size  Location     Type
  6789 ;;		None
  6790 ;; Return value:  Size  Location     Type
  6791 ;;                  1    wreg      struct .
  6792 ;; Registers used:
  6793 ;;		wreg
  6794 ;; Tracked objects:
  6795 ;;		On entry : 0/0
  6796 ;;		On exit  : 0/0
  6797 ;;		Unchanged: 0/0
  6798 ;; Data sizes:     COMMON   BANK0   BANK1   BANK2   BANK3   BANK4   BANK5   BANK6
  6799 ;;      Params:         0       0       0       0       0       0       0       0
  6800 ;;      Locals:         0       0       0       0       0       0       0       0
  6801 ;;      Temps:          0       0       0       0       0       0       0       0
  6802 ;;      Totals:         0       0       0       0       0       0       0       0
  6803 ;;Total ram usage:        0 bytes
  6804 ;; Hardware stack levels used: 1
  6805 ;; Hardware stack levels required when called: 4
  6806 ;; This function calls:
  6807 ;;		Nothing
  6808 ;; This function is called by:
  6809 ;;		_LIN_breakCheck
  6810 ;;		_Clear_No_Call_Warning
  6811 ;; This function uses a non-reentrant model
  6812 ;;
  6813                           
  6814     066C                     _EUSART_get_last_status:	
  6815                           ;psect for function _EUSART_get_last_status
  6816                           
  6817     066C                     l2007:	
  6818                           ;incstack = 0
  6819                           ; Regs used in _EUSART_get_last_status: [wreg]
  6820                           
  6821                           
  6822                           ;mcc_generated_files/eusart.c: 148:     return eusartRxLastError;
  6823     066C  0020               	movlb	0	; select bank0
  6824     066D  0844               	movf	_eusartRxLastError,w	;volatile
  6825     066E                     l396:
  6826     066E  0008               	return
  6827     066F                     __end_of_EUSART_get_last_status:
  6828                           
  6829                           	psect	intentry
  6830     0004                     __pintentry:	
  6831 ;; *************** function _INTERRUPT_InterruptManager *****************
  6832 ;; Defined at:
  6833 ;;		line 52 in file "mcc_generated_files/interrupt_manager.c"
  6834 ;; Parameters:    Size  Location     Type
  6835 ;;		None
  6836 ;; Auto vars:     Size  Location     Type
  6837 ;;		None
  6838 ;; Return value:  Size  Location     Type
  6839 ;;                  1    wreg      void 
  6840 ;; Registers used:
  6841 ;;		wreg, fsr1l, fsr1h, status,2, status,0, pclath, cstack
  6842 ;; Tracked objects:
  6843 ;;		On entry : 0/0
  6844 ;;		On exit  : 0/0
  6845 ;;		Unchanged: 0/0
  6846 ;; Data sizes:     COMMON   BANK0   BANK1   BANK2   BANK3   BANK4   BANK5   BANK6
  6847 ;;      Params:         0       0       0       0       0       0       0       0
  6848 ;;      Locals:         0       0       0       0       0       0       0       0
  6849 ;;      Temps:          0       0       0       0       0       0       0       0
  6850 ;;      Totals:         0       0       0       0       0       0       0       0
  6851 ;;Total ram usage:        0 bytes
  6852 ;; Hardware stack levels used: 1
  6853 ;; Hardware stack levels required when called: 3
  6854 ;; This function calls:
  6855 ;;		NULL
  6856 ;;		_EUSART_Receive_ISR
  6857 ;;		_EUSART_Transmit_ISR
  6858 ;;		_TMR0_ISR
  6859 ;; This function is called by:
  6860 ;;		Interrupt level 1
  6861 ;; This function uses a non-reentrant model
  6862 ;;
  6863                           
  6864     0004                     _INTERRUPT_InterruptManager:
  6865                           
  6866                           ;incstack = 0
  6867     0004  147E               	bsf	int$flags,0	;set compiler interrupt flag (level 1)
  6868                           
  6869                           ; Regs used in _INTERRUPT_InterruptManager: [wreg+fsr1l+fsr1h+status,2+status,0+pclath+c
      +                          stack]
  6870     0005  3180               	pagesel	$
  6871     0006  3000               	movlw	low ___int_sp
  6872     0007  0086               	movwf	6
  6873     0008  3000               	movlw	high ___int_sp
  6874     0009  0087               	movwf	7
  6875     000A                     i1l2411:
  6876                           
  6877                           ;mcc_generated_files/interrupt_manager.c: 55:     if(INTCONbits.TMR0IE == 1 && INTCONbit
      +                          s.TMR0IF == 1)
  6878     000A  1E8B               	btfss	11,5	;volatile
  6879     000B  280D               	goto	u168_21
  6880     000C  280E               	goto	u168_20
  6881     000D                     u168_21:
  6882     000D  2816               	goto	i1l301
  6883     000E                     u168_20:
  6884     000E                     i1l2413:
  6885     000E  1D0B               	btfss	11,2	;volatile
  6886     000F  2811               	goto	u169_21
  6887     0010  2812               	goto	u169_20
  6888     0011                     u169_21:
  6889     0011  2816               	goto	i1l301
  6890     0012                     u169_20:
  6891     0012                     i1l2415:
  6892                           
  6893                           ;mcc_generated_files/interrupt_manager.c: 56:     {;mcc_generated_files/interrupt_manage
      +                          r.c: 57:         TMR0_ISR();
  6894     0012  3185  25A9  3180   	fcall	_TMR0_ISR
  6895                           
  6896                           ;mcc_generated_files/interrupt_manager.c: 58:     }
  6897     0015  2839               	goto	i1l309
  6898     0016                     i1l301:	
  6899                           ;mcc_generated_files/interrupt_manager.c: 59:     else if(INTCONbits.PEIE == 1)
  6900                           
  6901     0016  1F0B               	btfss	11,6	;volatile
  6902     0017  2819               	goto	u170_21
  6903     0018  281A               	goto	u170_20
  6904     0019                     u170_21:
  6905     0019  2839               	goto	i1l309
  6906     001A                     u170_20:
  6907     001A                     i1l2417:
  6908                           
  6909                           ;mcc_generated_files/interrupt_manager.c: 60:     {;mcc_generated_files/interrupt_manage
      +                          r.c: 61:         if(PIE1bits.TXIE == 1 && PIR1bits.TXIF == 1)
  6910     001A  0021               	movlb	1	; select bank1
  6911     001B  1E11               	btfss	17,4	;volatile
  6912     001C  281E               	goto	u171_21
  6913     001D  281F               	goto	u171_20
  6914     001E                     u171_21:
  6915     001E  282A               	goto	i1l304
  6916     001F                     u171_20:
  6917     001F                     i1l2419:
  6918     001F  0020               	movlb	0	; select bank0
  6919     0020  1E11               	btfss	17,4	;volatile
  6920     0021  2823               	goto	u172_21
  6921     0022  2824               	goto	u172_20
  6922     0023                     u172_21:
  6923     0023  282A               	goto	i1l304
  6924     0024                     u172_20:
  6925     0024                     i1l2421:
  6926                           
  6927                           ;mcc_generated_files/interrupt_manager.c: 62:         {;mcc_generated_files/interrupt_ma
      +                          nager.c: 63:             EUSART_TxDefaultInterruptHandler();
  6928     0024  0839               	movf	_EUSART_TxDefaultInterruptHandler+1,w
  6929     0025  008A               	movwf	10
  6930     0026  0838               	movf	_EUSART_TxDefaultInterruptHandler,w
  6931     0027  000A               	callw
  6932     0028  3180               	pagesel	$
  6933                           
  6934                           ;mcc_generated_files/interrupt_manager.c: 64:         }
  6935     0029  2839               	goto	i1l309
  6936     002A                     i1l304:	
  6937                           ;mcc_generated_files/interrupt_manager.c: 65:         else if(PIE1bits.RCIE == 1 && PIR1
      +                          bits.RCIF == 1)
  6938                           
  6939     002A  0021               	movlb	1	; select bank1
  6940     002B  1E91               	btfss	17,5	;volatile
  6941     002C  282E               	goto	u173_21
  6942     002D  282F               	goto	u173_20
  6943     002E                     u173_21:
  6944     002E  2839               	goto	i1l309
  6945     002F                     u173_20:
  6946     002F                     i1l2423:
  6947     002F  0020               	movlb	0	; select bank0
  6948     0030  1E91               	btfss	17,5	;volatile
  6949     0031  2833               	goto	u174_21
  6950     0032  2834               	goto	u174_20
  6951     0033                     u174_21:
  6952     0033  2839               	goto	i1l309
  6953     0034                     u174_20:
  6954     0034                     i1l2425:
  6955                           
  6956                           ;mcc_generated_files/interrupt_manager.c: 66:         {;mcc_generated_files/interrupt_ma
      +                          nager.c: 67:             EUSART_RxDefaultInterruptHandler();
  6957     0034  0837               	movf	_EUSART_RxDefaultInterruptHandler+1,w
  6958     0035  008A               	movwf	10
  6959     0036  0836               	movf	_EUSART_RxDefaultInterruptHandler,w
  6960     0037  000A               	callw
  6961     0038  3180               	pagesel	$
  6962     0039                     i1l309:	
  6963                           ;mcc_generated_files/interrupt_manager.c: 68:         }
  6964                           
  6965     0039  107E               	bcf	int$flags,0	;clear compiler interrupt flag (level 1)
  6966     003A  0009               	retfie
  6967     003B                     __end_of_INTERRUPT_InterruptManager:
  6968                           
  6969                           	psect	text52
  6970     05A9                     __ptext52:	
  6971 ;; *************** function _TMR0_ISR *****************
  6972 ;; Defined at:
  6973 ;;		line 108 in file "mcc_generated_files/tmr0.c"
  6974 ;; Parameters:    Size  Location     Type
  6975 ;;		None
  6976 ;; Auto vars:     Size  Location     Type
  6977 ;;		None
  6978 ;; Return value:  Size  Location     Type
  6979 ;;                  1    wreg      void 
  6980 ;; Registers used:
  6981 ;;		wreg, status,2, status,0, pclath, cstack
  6982 ;; Tracked objects:
  6983 ;;		On entry : 0/0
  6984 ;;		On exit  : 0/0
  6985 ;;		Unchanged: 0/0
  6986 ;; Data sizes:     COMMON   BANK0   BANK1   BANK2   BANK3   BANK4   BANK5   BANK6
  6987 ;;      Params:         0       0       0       0       0       0       0       0
  6988 ;;      Locals:         0       0       0       0       0       0       0       0
  6989 ;;      Temps:          0       0       0       0       0       0       0       0
  6990 ;;      Totals:         0       0       0       0       0       0       0       0
  6991 ;;Total ram usage:        0 bytes
  6992 ;; Hardware stack levels used: 1
  6993 ;; Hardware stack levels required when called: 1
  6994 ;; This function calls:
  6995 ;;		NULL
  6996 ;;		_LIN_timerHandler
  6997 ;;		_TMR0_DefaultInterruptHandler
  6998 ;; This function is called by:
  6999 ;;		_INTERRUPT_InterruptManager
  7000 ;; This function uses a non-reentrant model
  7001 ;;
  7002                           
  7003     05A9                     _TMR0_ISR:	
  7004                           ;psect for function _TMR0_ISR
  7005                           
  7006     05A9                     i1l2339:	
  7007                           ;incstack = 0
  7008                           ; Regs used in _TMR0_ISR: [wreg+status,2+status,0+pclath+cstack]
  7009                           
  7010                           
  7011                           ;mcc_generated_files/tmr0.c: 112:     INTCONbits.TMR0IF = 0;
  7012     05A9  110B               	bcf	11,2	;volatile
  7013     05AA                     i1l2341:
  7014                           
  7015                           ;mcc_generated_files/tmr0.c: 114:     TMR0 = timer0ReloadVal;
  7016     05AA  0020               	movlb	0	; select bank0
  7017     05AB  084A               	movf	_timer0ReloadVal,w	;volatile
  7018     05AC  0095               	movwf	21	;volatile
  7019     05AD                     i1l2343:
  7020                           
  7021                           ;mcc_generated_files/tmr0.c: 116:     if(TMR0_InterruptHandler)
  7022     05AD  083A               	movf	_TMR0_InterruptHandler,w
  7023     05AE  043B               	iorwf	_TMR0_InterruptHandler+1,w
  7024     05AF  1903               	btfsc	3,2
  7025     05B0  2DB2               	goto	u162_21
  7026     05B1  2DB3               	goto	u162_20
  7027     05B2                     u162_21:
  7028     05B2  2DB8               	goto	i1l274
  7029     05B3                     u162_20:
  7030     05B3                     i1l2345:
  7031                           
  7032                           ;mcc_generated_files/tmr0.c: 117:     {;mcc_generated_files/tmr0.c: 118:         TMR0_In
      +                          terruptHandler();
  7033     05B3  083B               	movf	_TMR0_InterruptHandler+1,w
  7034     05B4  008A               	movwf	10
  7035     05B5  083A               	movf	_TMR0_InterruptHandler,w
  7036     05B6  000A               	callw
  7037     05B7  3185               	pagesel	$
  7038     05B8                     i1l274:
  7039     05B8  0008               	return
  7040     05B9                     __end_of_TMR0_ISR:
  7041                           
  7042                           	psect	text53
  7043     03E3                     __ptext53:	
  7044 ;; *************** function _LIN_timerHandler *****************
  7045 ;; Defined at:
  7046 ;;		line 327 in file "mcc_generated_files/LINDrivers/lin_slave.c"
  7047 ;; Parameters:    Size  Location     Type
  7048 ;;		None
  7049 ;; Auto vars:     Size  Location     Type
  7050 ;;		None
  7051 ;; Return value:  Size  Location     Type
  7052 ;;                  1    wreg      void 
  7053 ;; Registers used:
  7054 ;;		wreg, status,2, status,0
  7055 ;; Tracked objects:
  7056 ;;		On entry : 0/0
  7057 ;;		On exit  : 0/0
  7058 ;;		Unchanged: 0/0
  7059 ;; Data sizes:     COMMON   BANK0   BANK1   BANK2   BANK3   BANK4   BANK5   BANK6
  7060 ;;      Params:         0       0       0       0       0       0       0       0
  7061 ;;      Locals:         0       0       0       0       0       0       0       0
  7062 ;;      Temps:          0       0       0       0       0       0       0       0
  7063 ;;      Totals:         0       0       0       0       0       0       0       0
  7064 ;;Total ram usage:        0 bytes
  7065 ;; Hardware stack levels used: 1
  7066 ;; This function calls:
  7067 ;;		Nothing
  7068 ;; This function is called by:
  7069 ;;		_LIN_setTimerHandler
  7070 ;;		_TMR0_ISR
  7071 ;; This function uses a non-reentrant model
  7072 ;;
  7073                           
  7074     03E3                     _LIN_timerHandler:	
  7075                           ;psect for function _LIN_timerHandler
  7076                           
  7077     03E3                     i1l2113:	
  7078                           ;incstack = 0
  7079                           ; Regs used in _LIN_timerHandler: [wreg+status,2+status,0]
  7080                           
  7081                           
  7082                           ;mcc_generated_files/LINDrivers/lin_slave.c: 330:     if (LIN_validSignalReceived)
  7083     03E3  0020               	movlb	0	; select bank0
  7084     03E4  084F               	movf	_LIN_validSignalReceived,w	;volatile
  7085     03E5  1903               	btfsc	3,2
  7086     03E6  2BE8               	goto	u137_21
  7087     03E7  2BE9               	goto	u137_20
  7088     03E8                     u137_21:
  7089     03E8  2BEF               	goto	i1l2117
  7090     03E9                     u137_20:
  7091     03E9                     i1l2115:
  7092                           
  7093                           ;mcc_generated_files/LINDrivers/lin_slave.c: 331:     {;mcc_generated_files/LINDrivers/l
      +                          in_slave.c: 332:         LIN_validSignalReceived = 0;
  7094     03E9  01CF               	clrf	_LIN_validSignalReceived	;volatile
  7095                           
  7096                           ;mcc_generated_files/LINDrivers/lin_slave.c: 333:         LIN_signalElapsedMs = 0;
  7097     03EA  01BE               	clrf	_LIN_signalElapsedMs	;volatile
  7098     03EB  01BF               	clrf	_LIN_signalElapsedMs+1	;volatile
  7099                           
  7100                           ;mcc_generated_files/LINDrivers/lin_slave.c: 334:         LIN_signalTimedOut = 0;
  7101     03EC  01CE               	clrf	_LIN_signalTimedOut	;volatile
  7102                           
  7103                           ;mcc_generated_files/LINDrivers/lin_slave.c: 335:         LIN_signalTimeoutPending = 0;
  7104     03ED  01CD               	clrf	_LIN_signalTimeoutPending	;volatile
  7105                           
  7106                           ;mcc_generated_files/LINDrivers/lin_slave.c: 336:     }
  7107     03EE  2C05               	goto	i1l2123
  7108     03EF                     i1l2117:
  7109     03EF  084E               	movf	_LIN_signalTimedOut,w	;volatile
  7110     03F0  1D03               	btfss	3,2
  7111     03F1  2BF3               	goto	u138_21
  7112     03F2  2BF4               	goto	u138_20
  7113     03F3                     u138_21:
  7114     03F3  2C05               	goto	i1l2123
  7115     03F4                     u138_20:
  7116     03F4                     i1l2119:
  7117                           
  7118                           ;mcc_generated_files/LINDrivers/lin_slave.c: 338:     {;mcc_generated_files/LINDrivers/l
      +                          in_slave.c: 339:         if (++LIN_signalElapsedMs >= 2000U)
  7119     03F4  3001               	movlw	1
  7120     03F5  07BE               	addwf	_LIN_signalElapsedMs,f	;volatile
  7121     03F6  3000               	movlw	0
  7122     03F7  3DBF               	addwfc	_LIN_signalElapsedMs+1,f	;volatile
  7123     03F8  3007               	movlw	7
  7124     03F9  023F               	subwf	_LIN_signalElapsedMs+1,w	;volatile
  7125     03FA  30D0               	movlw	208
  7126     03FB  1903               	skipnz
  7127     03FC  023E               	subwf	_LIN_signalElapsedMs,w	;volatile
  7128     03FD  1C03               	skipc
  7129     03FE  2C00               	goto	u139_21
  7130     03FF  2C01               	goto	u139_20
  7131     0400                     u139_21:
  7132     0400  2C05               	goto	i1l2123
  7133     0401                     u139_20:
  7134     0401                     i1l2121:
  7135                           
  7136                           ;mcc_generated_files/LINDrivers/lin_slave.c: 340:         {;mcc_generated_files/LINDrive
      +                          rs/lin_slave.c: 341:             LIN_signalTimedOut = 1;
  7137     0401  3001               	movlw	1
  7138     0402  00CE               	movwf	_LIN_signalTimedOut	;volatile
  7139                           
  7140                           ;mcc_generated_files/LINDrivers/lin_slave.c: 342:             LIN_signalTimeoutPending =
      +                           1;
  7141     0403  3001               	movlw	1
  7142     0404  00CD               	movwf	_LIN_signalTimeoutPending	;volatile
  7143     0405                     i1l2123:
  7144                           
  7145                           ;mcc_generated_files/LINDrivers/lin_slave.c: 347:     if (++CountCallBack >= LIN_timeout
      +                          )
  7146     0405  3001               	movlw	1
  7147     0406  07D0               	addwf	_CountCallBack,f	;volatile
  7148     0407  086F               	movf	_LIN_timeout,w
  7149     0408  0250               	subwf	_CountCallBack,w	;volatile
  7150     0409  1C03               	skipc
  7151     040A  2C0C               	goto	u140_21
  7152     040B  2C0D               	goto	u140_20
  7153     040C                     u140_21:
  7154     040C  2C0F               	goto	i1l172
  7155     040D                     u140_20:
  7156     040D                     i1l2125:
  7157                           
  7158                           ;mcc_generated_files/LINDrivers/lin_slave.c: 348:     {;mcc_generated_files/LINDrivers/l
      +                          in_slave.c: 351:         CountCallBack = 0;
  7159     040D  01D0               	clrf	_CountCallBack	;volatile
  7160                           
  7161                           ;mcc_generated_files/LINDrivers/lin_slave.c: 352:         LIN_timerRunning = 0;
  7162     040E  01D1               	clrf	_LIN_timerRunning
  7163     040F                     i1l172:
  7164     040F  0008               	return
  7165     0410                     __end_of_LIN_timerHandler:
  7166                           
  7167                           	psect	text54
  7168     0673                     __ptext54:	
  7169 ;; *************** function _TMR0_DefaultInterruptHandler *****************
  7170 ;; Defined at:
  7171 ;;		line 129 in file "mcc_generated_files/tmr0.c"
  7172 ;; Parameters:    Size  Location     Type
  7173 ;;		None
  7174 ;; Auto vars:     Size  Location     Type
  7175 ;;		None
  7176 ;; Return value:  Size  Location     Type
  7177 ;;                  1    wreg      void 
  7178 ;; Registers used:
  7179 ;;		None
  7180 ;; Tracked objects:
  7181 ;;		On entry : 0/0
  7182 ;;		On exit  : 0/0
  7183 ;;		Unchanged: 0/0
  7184 ;; Data sizes:     COMMON   BANK0   BANK1   BANK2   BANK3   BANK4   BANK5   BANK6
  7185 ;;      Params:         0       0       0       0       0       0       0       0
  7186 ;;      Locals:         0       0       0       0       0       0       0       0
  7187 ;;      Temps:          0       0       0       0       0       0       0       0
  7188 ;;      Totals:         0       0       0       0       0       0       0       0
  7189 ;;Total ram usage:        0 bytes
  7190 ;; Hardware stack levels used: 1
  7191 ;; This function calls:
  7192 ;;		Nothing
  7193 ;; This function is called by:
  7194 ;;		_TMR0_Initialize
  7195 ;;		_TMR0_ISR
  7196 ;; This function uses a non-reentrant model
  7197 ;;
  7198                           
  7199     0673                     _TMR0_DefaultInterruptHandler:	
  7200                           ;psect for function _TMR0_DefaultInterruptHandler
  7201                           
  7202     0673                     i1l280:	
  7203                           ;incstack = 0
  7204                           ; Regs used in _TMR0_DefaultInterruptHandler: []
  7205                           
  7206     0673  0008               	return
  7207     0674                     __end_of_TMR0_DefaultInterruptHandler:
  7208                           
  7209                           	psect	text55
  7210     04C4                     __ptext55:	
  7211 ;; *************** function _EUSART_Transmit_ISR *****************
  7212 ;; Defined at:
  7213 ;;		line 197 in file "mcc_generated_files/eusart.c"
  7214 ;; Parameters:    Size  Location     Type
  7215 ;;		None
  7216 ;; Auto vars:     Size  Location     Type
  7217 ;;		None
  7218 ;; Return value:  Size  Location     Type
  7219 ;;                  1    wreg      void 
  7220 ;; Registers used:
  7221 ;;		wreg, fsr1l, fsr1h, status,2, status,0
  7222 ;; Tracked objects:
  7223 ;;		On entry : 0/0
  7224 ;;		On exit  : 0/0
  7225 ;;		Unchanged: 0/0
  7226 ;; Data sizes:     COMMON   BANK0   BANK1   BANK2   BANK3   BANK4   BANK5   BANK6
  7227 ;;      Params:         0       0       0       0       0       0       0       0
  7228 ;;      Locals:         0       0       0       0       0       0       0       0
  7229 ;;      Temps:          0       0       0       0       0       0       0       0
  7230 ;;      Totals:         0       0       0       0       0       0       0       0
  7231 ;;Total ram usage:        0 bytes
  7232 ;; Hardware stack levels used: 1
  7233 ;; This function calls:
  7234 ;;		Nothing
  7235 ;; This function is called by:
  7236 ;;		_EUSART_Initialize
  7237 ;;		_INTERRUPT_InterruptManager
  7238 ;; This function uses a non-reentrant model
  7239 ;;
  7240                           
  7241     04C4                     _EUSART_Transmit_ISR:	
  7242                           ;psect for function _EUSART_Transmit_ISR
  7243                           
  7244     04C4                     i1l2347:	
  7245                           ;incstack = 0
  7246                           ; Regs used in _EUSART_Transmit_ISR: [wreg+fsr1l+fsr1h+status,2+status,0]
  7247                           
  7248                           
  7249                           ;mcc_generated_files/eusart.c: 201:     if(sizeof(eusartTxBuffer) > eusartTxBufferRemain
      +                          ing)
  7250     04C4  3008               	movlw	8
  7251     04C5  0020               	movlb	0	; select bank0
  7252     04C6  0247               	subwf	_eusartTxBufferRemaining,w	;volatile
  7253     04C7  1803               	skipnc
  7254     04C8  2CCA               	goto	u163_21
  7255     04C9  2CCB               	goto	u163_20
  7256     04CA                     u163_21:
  7257     04CA  2CDF               	goto	i1l415
  7258     04CB                     u163_20:
  7259     04CB                     i1l2349:
  7260                           
  7261                           ;mcc_generated_files/eusart.c: 202:     {;mcc_generated_files/eusart.c: 203:         TXR
      +                          EG = eusartTxBuffer[eusartTxTail++];
  7262     04CB  0848               	movf	_eusartTxTail,w
  7263     04CC  3E28               	addlw	(low (_eusartTxBuffer| 0))& (0+255)
  7264     04CD  0086               	movwf	6
  7265     04CE  0187               	clrf	7
  7266     04CF  0801               	movf	1,w
  7267     04D0  0023               	movlb	3	; select bank3
  7268     04D1  009A               	movwf	26	;volatile
  7269     04D2                     i1l2351:
  7270     04D2  3001               	movlw	1
  7271     04D3  0020               	movlb	0	; select bank0
  7272     04D4  07C8               	addwf	_eusartTxTail,f	;volatile
  7273     04D5                     i1l2353:
  7274                           
  7275                           ;mcc_generated_files/eusart.c: 204:         if(sizeof(eusartTxBuffer) <= eusartTxTail)
  7276     04D5  3008               	movlw	8
  7277     04D6  0248               	subwf	_eusartTxTail,w	;volatile
  7278     04D7  1C03               	skipc
  7279     04D8  2CDA               	goto	u164_21
  7280     04D9  2CDB               	goto	u164_20
  7281     04DA                     u164_21:
  7282     04DA  2CDC               	goto	i1l2357
  7283     04DB                     u164_20:
  7284     04DB                     i1l2355:
  7285                           
  7286                           ;mcc_generated_files/eusart.c: 205:         {;mcc_generated_files/eusart.c: 206:        
      +                               eusartTxTail = 0;
  7287     04DB  01C8               	clrf	_eusartTxTail	;volatile
  7288     04DC                     i1l2357:
  7289                           
  7290                           ;mcc_generated_files/eusart.c: 208:         eusartTxBufferRemaining++;
  7291     04DC  3001               	movlw	1
  7292     04DD  07C7               	addwf	_eusartTxBufferRemaining,f	;volatile
  7293                           
  7294                           ;mcc_generated_files/eusart.c: 209:     }
  7295     04DE  2CE1               	goto	i1l418
  7296     04DF                     i1l415:	
  7297                           ;mcc_generated_files/eusart.c: 210:     else
  7298                           
  7299                           
  7300                           ;mcc_generated_files/eusart.c: 211:     {;mcc_generated_files/eusart.c: 212:         PIE
      +                          1bits.TXIE = 0;
  7301     04DF  0021               	movlb	1	; select bank1
  7302     04E0  1211               	bcf	17,4	;volatile
  7303     04E1                     i1l418:
  7304     04E1  0008               	return
  7305     04E2                     __end_of_EUSART_Transmit_ISR:
  7306                           
  7307                           	psect	text56
  7308     0378                     __ptext56:	
  7309 ;; *************** function _EUSART_Receive_ISR *****************
  7310 ;; Defined at:
  7311 ;;		line 216 in file "mcc_generated_files/eusart.c"
  7312 ;; Parameters:    Size  Location     Type
  7313 ;;		None
  7314 ;; Auto vars:     Size  Location     Type
  7315 ;;		None
  7316 ;; Return value:  Size  Location     Type
  7317 ;;                  1    wreg      void 
  7318 ;; Registers used:
  7319 ;;		wreg, fsr1l, fsr1h, status,2, status,0, pclath, cstack
  7320 ;; Tracked objects:
  7321 ;;		On entry : 0/0
  7322 ;;		On exit  : 0/0
  7323 ;;		Unchanged: 0/0
  7324 ;; Data sizes:     COMMON   BANK0   BANK1   BANK2   BANK3   BANK4   BANK5   BANK6
  7325 ;;      Params:         0       0       0       0       0       0       0       0
  7326 ;;      Locals:         0       0       0       0       0       0       0       0
  7327 ;;      Temps:          0       0       0       0       0       0       0       0
  7328 ;;      Totals:         0       0       0       0       0       0       0       0
  7329 ;;Total ram usage:        0 bytes
  7330 ;; Hardware stack levels used: 1
  7331 ;; Hardware stack levels required when called: 2
  7332 ;; This function calls:
  7333 ;;		NULL
  7334 ;;		_EUSART_DefaultErrorHandler
  7335 ;;		_EUSART_DefaultFramingErrorHandler
  7336 ;;		_EUSART_DefaultOverrunErrorHandler
  7337 ;;		_EUSART_RxDataHandler
  7338 ;; This function is called by:
  7339 ;;		_EUSART_Initialize
  7340 ;;		_INTERRUPT_InterruptManager
  7341 ;; This function uses a non-reentrant model
  7342 ;;
  7343                           
  7344     0378                     _EUSART_Receive_ISR:	
  7345                           ;psect for function _EUSART_Receive_ISR
  7346                           
  7347     0378                     i1l2359:	
  7348                           ;incstack = 0
  7349                           ; Regs used in _EUSART_Receive_ISR: [wreg+fsr1l+fsr1h+status,2+status,0+pclath+cstack]
  7350                           
  7351                           
  7352                           ;mcc_generated_files/eusart.c: 219:     eusartRxStatusBuffer[eusartRxHead].status = 0;
  7353     0378  087D               	movf	_eusartRxHead,w	;volatile
  7354     0379  3E20               	addlw	(low (_eusartRxStatusBuffer| 0))& (0+255)
  7355     037A  0086               	movwf	6
  7356     037B  0187               	clrf	7
  7357     037C  0181               	clrf	1
  7358     037D                     i1l2361:
  7359                           
  7360                           ;mcc_generated_files/eusart.c: 221:     if(RCSTAbits.FERR){
  7361     037D  0023               	movlb	3	; select bank3
  7362     037E  1D1D               	btfss	29,2	;volatile
  7363     037F  2B81               	goto	u165_21
  7364     0380  2B82               	goto	u165_20
  7365     0381                     u165_21:
  7366     0381  2B8D               	goto	i1l2367
  7367     0382                     u165_20:
  7368     0382                     i1l2363:
  7369                           
  7370                           ;mcc_generated_files/eusart.c: 222:         eusartRxStatusBuffer[eusartRxHead].ferr = 1;
  7371     0382  087D               	movf	_eusartRxHead,w	;volatile
  7372     0383  3E20               	addlw	(low (_eusartRxStatusBuffer| 0))& (0+255)
  7373     0384  0086               	movwf	6
  7374     0385  0187               	clrf	7
  7375     0386  1481               	bsf	1,1
  7376     0387                     i1l2365:
  7377                           
  7378                           ;mcc_generated_files/eusart.c: 223:         EUSART_FramingErrorHandler();
  7379     0387  0020               	movlb	0	; select bank0
  7380     0388  0835               	movf	_EUSART_FramingErrorHandler+1,w
  7381     0389  008A               	movwf	10
  7382     038A  0834               	movf	_EUSART_FramingErrorHandler,w
  7383     038B  000A               	callw
  7384     038C  3183               	pagesel	$
  7385     038D                     i1l2367:
  7386                           
  7387                           ;mcc_generated_files/eusart.c: 226:     if(RCSTAbits.OERR){
  7388     038D  0023               	movlb	3	; select bank3
  7389     038E  1C9D               	btfss	29,1	;volatile
  7390     038F  2B91               	goto	u166_21
  7391     0390  2B92               	goto	u166_20
  7392     0391                     u166_21:
  7393     0391  2B9D               	goto	i1l2373
  7394     0392                     u166_20:
  7395     0392                     i1l2369:
  7396                           
  7397                           ;mcc_generated_files/eusart.c: 227:         eusartRxStatusBuffer[eusartRxHead].oerr = 1;
  7398     0392  087D               	movf	_eusartRxHead,w	;volatile
  7399     0393  3E20               	addlw	(low (_eusartRxStatusBuffer| 0))& (0+255)
  7400     0394  0086               	movwf	6
  7401     0395  0187               	clrf	7
  7402     0396  1501               	bsf	1,2
  7403     0397                     i1l2371:
  7404                           
  7405                           ;mcc_generated_files/eusart.c: 228:         EUSART_OverrunErrorHandler();
  7406     0397  0020               	movlb	0	; select bank0
  7407     0398  0833               	movf	_EUSART_OverrunErrorHandler+1,w
  7408     0399  008A               	movwf	10
  7409     039A  0832               	movf	_EUSART_OverrunErrorHandler,w
  7410     039B  000A               	callw
  7411     039C  3183               	pagesel	$
  7412     039D                     i1l2373:
  7413                           
  7414                           ;mcc_generated_files/eusart.c: 231:     if(eusartRxStatusBuffer[eusartRxHead].status){
  7415     039D  087D               	movf	_eusartRxHead,w	;volatile
  7416     039E  3E20               	addlw	(low (_eusartRxStatusBuffer| 0))& (0+255)
  7417     039F  0086               	movwf	6
  7418     03A0  0187               	clrf	7
  7419     03A1  0801               	movf	1,w
  7420     03A2  1903               	btfsc	3,2
  7421     03A3  2BA5               	goto	u167_21
  7422     03A4  2BA6               	goto	u167_20
  7423     03A5                     u167_21:
  7424     03A5  2BAD               	goto	i1l2377
  7425     03A6                     u167_20:
  7426     03A6                     i1l2375:
  7427                           
  7428                           ;mcc_generated_files/eusart.c: 232:         EUSART_ErrorHandler();
  7429     03A6  0020               	movlb	0	; select bank0
  7430     03A7  0831               	movf	_EUSART_ErrorHandler+1,w
  7431     03A8  008A               	movwf	10
  7432     03A9  0830               	movf	_EUSART_ErrorHandler,w
  7433     03AA  000A               	callw
  7434     03AB  3183               	pagesel	$
  7435                           
  7436                           ;mcc_generated_files/eusart.c: 233:     } else {
  7437     03AC  2BB0               	goto	i1l425
  7438     03AD                     i1l2377:
  7439                           
  7440                           ;mcc_generated_files/eusart.c: 234:         EUSART_RxDataHandler();
  7441     03AD  3185  256F  3183   	fcall	_EUSART_RxDataHandler
  7442     03B0                     i1l425:
  7443     03B0  0008               	return
  7444     03B1                     __end_of_EUSART_Receive_ISR:
  7445                           
  7446                           	psect	text57
  7447     0652                     __ptext57:	
  7448 ;; *************** function _EUSART_DefaultOverrunErrorHandler *****************
  7449 ;; Defined at:
  7450 ;;		line 252 in file "mcc_generated_files/eusart.c"
  7451 ;; Parameters:    Size  Location     Type
  7452 ;;		None
  7453 ;; Auto vars:     Size  Location     Type
  7454 ;;		None
  7455 ;; Return value:  Size  Location     Type
  7456 ;;                  1    wreg      void 
  7457 ;; Registers used:
  7458 ;;		None
  7459 ;; Tracked objects:
  7460 ;;		On entry : 0/0
  7461 ;;		On exit  : 0/0
  7462 ;;		Unchanged: 0/0
  7463 ;; Data sizes:     COMMON   BANK0   BANK1   BANK2   BANK3   BANK4   BANK5   BANK6
  7464 ;;      Params:         0       0       0       0       0       0       0       0
  7465 ;;      Locals:         0       0       0       0       0       0       0       0
  7466 ;;      Temps:          0       0       0       0       0       0       0       0
  7467 ;;      Totals:         0       0       0       0       0       0       0       0
  7468 ;;Total ram usage:        0 bytes
  7469 ;; Hardware stack levels used: 1
  7470 ;; This function calls:
  7471 ;;		Nothing
  7472 ;; This function is called by:
  7473 ;;		_EUSART_Initialize
  7474 ;;		_EUSART_Receive_ISR
  7475 ;; This function uses a non-reentrant model
  7476 ;;
  7477                           
  7478     0652                     _EUSART_DefaultOverrunErrorHandler:	
  7479                           ;psect for function _EUSART_DefaultOverrunErrorHandler
  7480                           
  7481     0652                     i1l2233:	
  7482                           ;incstack = 0
  7483                           ; Regs used in _EUSART_DefaultOverrunErrorHandler: []
  7484                           
  7485                           
  7486                           ;mcc_generated_files/eusart.c: 255:     RCSTAbits.CREN = 0;
  7487     0652  0023               	movlb	3	; select bank3
  7488     0653  121D               	bcf	29,4	;volatile
  7489                           
  7490                           ;mcc_generated_files/eusart.c: 256:     RCSTAbits.CREN = 1;
  7491     0654  161D               	bsf	29,4	;volatile
  7492     0655                     i1l435:
  7493     0655  0008               	return
  7494     0656                     __end_of_EUSART_DefaultOverrunErrorHandler:
  7495                           
  7496                           	psect	text58
  7497     0674                     __ptext58:	
  7498 ;; *************** function _EUSART_DefaultFramingErrorHandler *****************
  7499 ;; Defined at:
  7500 ;;		line 250 in file "mcc_generated_files/eusart.c"
  7501 ;; Parameters:    Size  Location     Type
  7502 ;;		None
  7503 ;; Auto vars:     Size  Location     Type
  7504 ;;		None
  7505 ;; Return value:  Size  Location     Type
  7506 ;;                  1    wreg      void 
  7507 ;; Registers used:
  7508 ;;		None
  7509 ;; Tracked objects:
  7510 ;;		On entry : 0/0
  7511 ;;		On exit  : 0/0
  7512 ;;		Unchanged: 0/0
  7513 ;; Data sizes:     COMMON   BANK0   BANK1   BANK2   BANK3   BANK4   BANK5   BANK6
  7514 ;;      Params:         0       0       0       0       0       0       0       0
  7515 ;;      Locals:         0       0       0       0       0       0       0       0
  7516 ;;      Temps:          0       0       0       0       0       0       0       0
  7517 ;;      Totals:         0       0       0       0       0       0       0       0
  7518 ;;Total ram usage:        0 bytes
  7519 ;; Hardware stack levels used: 1
  7520 ;; This function calls:
  7521 ;;		Nothing
  7522 ;; This function is called by:
  7523 ;;		_EUSART_Initialize
  7524 ;;		_EUSART_Receive_ISR
  7525 ;; This function uses a non-reentrant model
  7526 ;;
  7527                           
  7528     0674                     _EUSART_DefaultFramingErrorHandler:	
  7529                           ;psect for function _EUSART_DefaultFramingErrorHandler
  7530                           
  7531     0674                     i1l432:	
  7532                           ;incstack = 0
  7533                           ; Regs used in _EUSART_DefaultFramingErrorHandler: []
  7534                           
  7535     0674  0008               	return
  7536     0675                     __end_of_EUSART_DefaultFramingErrorHandler:
  7537                           
  7538                           	psect	text59
  7539     0656                     __ptext59:	
  7540 ;; *************** function _EUSART_DefaultErrorHandler *****************
  7541 ;; Defined at:
  7542 ;;		line 260 in file "mcc_generated_files/eusart.c"
  7543 ;; Parameters:    Size  Location     Type
  7544 ;;		None
  7545 ;; Auto vars:     Size  Location     Type
  7546 ;;		None
  7547 ;; Return value:  Size  Location     Type
  7548 ;;                  1    wreg      void 
  7549 ;; Registers used:
  7550 ;;		wreg, fsr1l, fsr1h, status,2, status,0, pclath, cstack
  7551 ;; Tracked objects:
  7552 ;;		On entry : 0/0
  7553 ;;		On exit  : 0/0
  7554 ;;		Unchanged: 0/0
  7555 ;; Data sizes:     COMMON   BANK0   BANK1   BANK2   BANK3   BANK4   BANK5   BANK6
  7556 ;;      Params:         0       0       0       0       0       0       0       0
  7557 ;;      Locals:         0       0       0       0       0       0       0       0
  7558 ;;      Temps:          0       0       0       0       0       0       0       0
  7559 ;;      Totals:         0       0       0       0       0       0       0       0
  7560 ;;Total ram usage:        0 bytes
  7561 ;; Hardware stack levels used: 1
  7562 ;; Hardware stack levels required when called: 1
  7563 ;; This function calls:
  7564 ;;		_EUSART_RxDataHandler
  7565 ;; This function is called by:
  7566 ;;		_EUSART_Initialize
  7567 ;;		_EUSART_Receive_ISR
  7568 ;; This function uses a non-reentrant model
  7569 ;;
  7570                           
  7571     0656                     _EUSART_DefaultErrorHandler:	
  7572                           ;psect for function _EUSART_DefaultErrorHandler
  7573                           
  7574     0656                     i1l2235:	
  7575                           ;incstack = 0
  7576                           ; Regs used in _EUSART_DefaultErrorHandler: [wreg+fsr1l+fsr1h+status,2+status,0+pclath+c
      +                          stack]
  7577                           
  7578                           
  7579                           ;mcc_generated_files/eusart.c: 261:     EUSART_RxDataHandler();
  7580     0656  3185  256F  3186   	fcall	_EUSART_RxDataHandler
  7581     0659                     i1l438:
  7582     0659  0008               	return
  7583     065A                     __end_of_EUSART_DefaultErrorHandler:
  7584                           
  7585                           	psect	text60
  7586     056F                     __ptext60:	
  7587 ;; *************** function _EUSART_RxDataHandler *****************
  7588 ;; Defined at:
  7589 ;;		line 240 in file "mcc_generated_files/eusart.c"
  7590 ;; Parameters:    Size  Location     Type
  7591 ;;		None
  7592 ;; Auto vars:     Size  Location     Type
  7593 ;;		None
  7594 ;; Return value:  Size  Location     Type
  7595 ;;                  1    wreg      void 
  7596 ;; Registers used:
  7597 ;;		wreg, fsr1l, fsr1h, status,2, status,0
  7598 ;; Tracked objects:
  7599 ;;		On entry : 0/0
  7600 ;;		On exit  : 0/0
  7601 ;;		Unchanged: 0/0
  7602 ;; Data sizes:     COMMON   BANK0   BANK1   BANK2   BANK3   BANK4   BANK5   BANK6
  7603 ;;      Params:         0       0       0       0       0       0       0       0
  7604 ;;      Locals:         0       0       0       0       0       0       0       0
  7605 ;;      Temps:          0       0       0       0       0       0       0       0
  7606 ;;      Totals:         0       0       0       0       0       0       0       0
  7607 ;;Total ram usage:        0 bytes
  7608 ;; Hardware stack levels used: 1
  7609 ;; This function calls:
  7610 ;;		Nothing
  7611 ;; This function is called by:
  7612 ;;		_EUSART_Receive_ISR
  7613 ;;		_EUSART_DefaultErrorHandler
  7614 ;; This function uses a non-reentrant model
  7615 ;;
  7616                           
  7617     056F                     _EUSART_RxDataHandler:	
  7618                           ;psect for function _EUSART_RxDataHandler
  7619                           
  7620     056F                     i1l2035:	
  7621                           ;incstack = 0
  7622                           ; Regs used in _EUSART_RxDataHandler: [wreg+fsr1l+fsr1h+status,2+status,0]
  7623                           
  7624                           
  7625                           ;mcc_generated_files/eusart.c: 242:     eusartRxBuffer[eusartRxHead++] = RCREG;
  7626     056F  087D               	movf	_eusartRxHead,w
  7627     0570  3EA0               	addlw	(low (_eusartRxBuffer| 0))& (0+255)
  7628     0571  0086               	movwf	6
  7629     0572  0187               	clrf	7
  7630     0573  0023               	movlb	3	; select bank3
  7631     0574  0819               	movf	25,w	;volatile
  7632     0575  0081               	movwf	1
  7633     0576                     i1l2037:
  7634     0576  3001               	movlw	1
  7635     0577  07FD               	addwf	_eusartRxHead,f	;volatile
  7636     0578                     i1l2039:
  7637                           
  7638                           ;mcc_generated_files/eusart.c: 243:     if(sizeof(eusartRxBuffer) <= eusartRxHead)
  7639     0578  3008               	movlw	8
  7640     0579  027D               	subwf	_eusartRxHead,w	;volatile
  7641     057A  1C03               	skipc
  7642     057B  2D7D               	goto	u128_21
  7643     057C  2D7E               	goto	u128_20
  7644     057D                     u128_21:
  7645     057D  2D7F               	goto	i1l2043
  7646     057E                     u128_20:
  7647     057E                     i1l2041:
  7648                           
  7649                           ;mcc_generated_files/eusart.c: 244:     {;mcc_generated_files/eusart.c: 245:         eus
      +                          artRxHead = 0;
  7650     057E  01FD               	clrf	_eusartRxHead	;volatile
  7651     057F                     i1l2043:
  7652                           
  7653                           ;mcc_generated_files/eusart.c: 247:     eusartRxCount++;
  7654     057F  3001               	movlw	1
  7655     0580  0020               	movlb	0	; select bank0
  7656     0581  07C5               	addwf	_eusartRxCount,f	;volatile
  7657     0582                     i1l429:
  7658     0582  0008               	return
  7659     0583                     __end_of_EUSART_RxDataHandler:
  7660     0002                     ___latbits      equ	2
  7661     007E                     btemp           set	126	;btemp
  7662     007E                     int$flags       set	126
  7663     007E                     btemp0          set	126
  7664     007F                     btemp1          set	127
  7665     007E                     wtemp0          set	126
  7666     007F                     wtemp0a         set	127
  7667     007F                     ttemp0a         set	127
  7668     0080                     ltemp0a         set	128
  7669                           
  7670                           	psect	config
  7671                           
  7672                           ;Config register CONFIG1 @ 0x8007
  7673                           ;	Oscillator Selection
  7674                           ;	FOSC = INTOSC, INTOSC oscillator: I/O function on CLKIN pin
  7675                           ;	Watchdog Timer Enable
  7676                           ;	WDTE = OFF, WDT disabled
  7677                           ;	Power-up Timer Enable
  7678                           ;	PWRTE = OFF, PWRT disabled
  7679                           ;	MCLR Pin Function Select
  7680                           ;	MCLRE = ON, MCLR/VPP pin function is MCLR
  7681                           ;	Flash Program Memory Code Protection
  7682                           ;	CP = OFF, Program memory code protection is disabled
  7683                           ;	Data Memory Code Protection
  7684                           ;	CPD = OFF, Data memory code protection is disabled
  7685                           ;	Brown-out Reset Enable
  7686                           ;	BOREN = ON, Brown-out Reset enabled
  7687                           ;	Clock Out Enable
  7688                           ;	CLKOUTEN = OFF, CLKOUT function is disabled. I/O or oscillator function on the CLKOUT 
      +                          pin
  7689                           ;	Internal/External Switchover
  7690                           ;	IESO = ON, Internal/External Switchover mode is enabled
  7691                           ;	Fail-Safe Clock Monitor Enable
  7692                           ;	FCMEN = ON, Fail-Safe Clock Monitor is enabled
  7693     8007                     	org	32775
  7694     8007  3FE4               	dw	16356
  7695                           
  7696                           ;Config register CONFIG2 @ 0x8008
  7697                           ;	Flash Memory Self-Write Protection
  7698                           ;	WRT = OFF, Write protection off
  7699                           ;	Voltage Regulator Capacitor Enable
  7700                           ;	VCAPEN = OFF, All VCAP pin functionality is disabled
  7701                           ;	PLL Enable
  7702                           ;	PLLEN = ON, 4x PLL enabled
  7703                           ;	Stack Overflow/Underflow Reset Enable
  7704                           ;	STVREN = ON, Stack Overflow or Underflow will cause a Reset
  7705                           ;	Brown-out Reset Voltage Selection
  7706                           ;	BORV = LO, Brown-out Reset Voltage (Vbor), low trip point selected.
  7707                           ;	Low-Voltage Programming Enable
  7708                           ;	LVP = OFF, High-voltage on MCLR/VPP must be used for programming
  7709     8008                     	org	32776
  7710     8008  1FFF               	dw	8191

Data Sizes:
    Strings     0
    Constant    5
    Data        1
    BSS         82
    Persistent  48
    Stack       0

Auto Spaces:
    Space          Size  Autos    Used
    COMMON           14     13      14
    BANK0            80     14      80
    BANK1            80      0      16
    BANK2            80      0       0
    BANK3            80      0       0
    BANK4            80      0       0
    BANK5            80      0       0
    BANK6            16      0       0

Pointer List with Targets:

    EUSART_ErrorHandler	PTR FTN()void  size(2) Largest target is 1
		 -> EUSART_DefaultErrorHandler(), NULL(), 

    EUSART_FramingErrorHandler	PTR FTN()void  size(2) Largest target is 1
		 -> EUSART_DefaultFramingErrorHandler(), NULL(), 

    EUSART_OverrunErrorHandler	PTR FTN()void  size(2) Largest target is 1
		 -> EUSART_DefaultOverrunErrorHandler(), NULL(), 

    EUSART_RxDefaultInterruptHandler	PTR FTN()void  size(2) Largest target is 1
		 -> EUSART_Receive_ISR(), NULL(), 

    EUSART_SetErrorHandler@interruptHandler	PTR FTN()void  size(2) Largest target is 1
		 -> EUSART_DefaultErrorHandler(), 

    EUSART_SetFramingErrorHandler@interruptHandler	PTR FTN()void  size(2) Largest target is 1
		 -> EUSART_DefaultFramingErrorHandler(), 

    EUSART_SetOverrunErrorHandler@interruptHandler	PTR FTN()void  size(2) Largest target is 1
		 -> EUSART_DefaultOverrunErrorHandler(), 

    EUSART_SetRxInterruptHandler@interruptHandler	PTR FTN()void  size(2) Largest target is 1
		 -> EUSART_Receive_ISR(), 

    EUSART_SetTxInterruptHandler@interruptHandler	PTR FTN()void  size(2) Largest target is 1
		 -> EUSART_Transmit_ISR(), 

    EUSART_TxDefaultInterruptHandler	PTR FTN()void  size(2) Largest target is 1
		 -> EUSART_Transmit_ISR(), NULL(), 

    LIN_getChecksum@data	PTR unsigned char  size(2) Largest target is 13
		 -> LIN_packet(BANK0[13]), 

    LIN_getFromTable@rxCommand	PTR const struct . size(2) Largest target is 5
		 -> scheduleTable(CODE[5]), NULL(NULL[0]), 

    LIN_getFromTable@rxCommand$data	PTR unsigned char  size(2) Largest target is 8
		 -> SIGNAL_Data(BANK1[8]), 

    LIN_getPacket@data	PTR unsigned char  size(1) Largest target is 8
		 -> processLIN@tempRxData(BANK0[8]), 

    LIN_init@command	const PTR const struct . size(2) Largest target is 5
		 -> scheduleTable(CODE[5]), 

    LIN_init@processData	PTR FTN()void  size(2) Largest target is 1
		 -> processLIN(), 

    LIN_processData	PTR FTN()void  size(2) Largest target is 1
		 -> processLIN(), NULL(), 

    LIN_queuePacket@tempSchedule	PTR const struct . size(2) Largest target is 5
		 -> scheduleTable(CODE[5]), NULL(NULL[0]), 

    LIN_queuePacket@tempSchedule$data	PTR unsigned char  size(2) Largest target is 8
		 -> SIGNAL_Data(BANK1[8]), 

    LIN_rxCommand	PTR const struct . size(2) Largest target is 5
		 -> scheduleTable(CODE[5]), NULL(NULL[0]), 

    LIN_rxCommand$data	PTR unsigned char  size(2) Largest target is 8
		 -> SIGNAL_Data(BANK1[8]), 

    LIN_sendPacket@data	PTR unsigned char  size(2) Largest target is 13
		 -> LIN_packet(BANK0[13]), 

    memcpy@d	PTR unsigned char  size(1) Largest target is 13
		 -> LIN_packet(BANK0[13]), processLIN@tempRxData(BANK0[8]), 

    memcpy@d1	PTR void  size(2) Largest target is 13
		 -> LIN_packet(BANK0[13]), processLIN@tempRxData(BANK0[8]), 

    memcpy@s	PTR const unsigned char  size(1) Largest target is 13
		 -> LIN_packet(BANK0[13]), LIN_packet$data(BANK0[8]), SIGNAL_Data(BANK1[8]), 

    memcpy@s1	PTR const void  size(2) Largest target is 13
		 -> LIN_packet(BANK0[13]), LIN_packet$data(BANK0[8]), SIGNAL_Data(BANK1[8]), 

    memset@dest	PTR void  size(2) Largest target is 13
		 -> LIN_packet(BANK0[13]), 

    memset@p	PTR unsigned char  size(1) Largest target is 13
		 -> LIN_packet(BANK0[13]), 

    S36$data	PTR unsigned char  size(2) Largest target is 8
		 -> SIGNAL_Data(BANK1[8]), 

    scheduleTable$data	PTR unsigned char  size(2) Largest target is 8
		 -> SIGNAL_Data(BANK1[8]), 

    sp__memcpy	PTR void  size(2) Largest target is 13
		 -> LIN_packet(BANK0[13]), processLIN@tempRxData(BANK0[8]), 

    sp__memset	PTR void  size(2) Largest target is 13
		 -> LIN_packet(BANK0[13]), 

    TMR0_InterruptHandler	PTR FTN()void  size(2) Largest target is 1
		 -> LIN_timerHandler(), TMR0_DefaultInterruptHandler(), NULL(), 

    TMR0_SetInterruptHandler@InterruptHandler	PTR FTN()void  size(2) Largest target is 1
		 -> LIN_timerHandler(), TMR0_DefaultInterruptHandler(), 


Critical Paths under _main in COMMON

    _TMR0_Initialize->_TMR0_SetInterruptHandler
    _LIN_Slave_Initialize->_LIN_init
    _LIN_setTimerHandler->_TMR0_SetInterruptHandler
    _EUSART_Initialize->_EUSART_SetErrorHandler
    _EUSART_Initialize->_EUSART_SetFramingErrorHandler
    _EUSART_Initialize->_EUSART_SetOverrunErrorHandler
    _EUSART_Initialize->_EUSART_SetRxInterruptHandler
    _EUSART_Initialize->_EUSART_SetTxInterruptHandler
    _processLIN->_LIN_getPacket
    _LIN_getPacket->_memcpy
    _LIN_startTimer->_TMR0_WriteTimer
    _LIN_queuePacket->_LIN_sendPacket
    _LIN_sendPacket->_EUSART_Write
    _EUSART_Write->_LIN_getChecksum
    _LIN_checkPID->_LIN_getFromTable
    _LIN_breakCheck->_EUSART_Read

Critical Paths under _INTERRUPT_InterruptManager in COMMON

    None.

Critical Paths under _main in BANK0

    _main->_LIN_handler
    _LIN_handler->_LIN_queuePacket
    _LIN_handler->_processLIN
    _LIN_queuePacket->_LIN_sendPacket

Critical Paths under _INTERRUPT_InterruptManager in BANK0

    None.

Critical Paths under _main in BANK1

    None.

Critical Paths under _INTERRUPT_InterruptManager in BANK1

    None.

Critical Paths under _main in BANK2

    None.

Critical Paths under _INTERRUPT_InterruptManager in BANK2

    None.

Critical Paths under _main in BANK3

    None.

Critical Paths under _INTERRUPT_InterruptManager in BANK3

    None.

Critical Paths under _main in BANK4

    None.

Critical Paths under _INTERRUPT_InterruptManager in BANK4

    None.

Critical Paths under _main in BANK5

    None.

Critical Paths under _INTERRUPT_InterruptManager in BANK5

    None.

Critical Paths under _main in BANK6

    None.

Critical Paths under _INTERRUPT_InterruptManager in BANK6

    None.

Call Graph Tables:

 ---------------------------------------------------------------------------------
 (Depth) Function   	        Calls       Base Space   Used Autos Params    Refs
 ---------------------------------------------------------------------------------
 (0) _main                                                 0     0      0    3893
              _Clear_No_Call_Warning
                        _LIN_handler
          _LIN_signalTimeoutOccurred
                  _SYSTEM_Initialize
 ---------------------------------------------------------------------------------
 (1) _SYSTEM_Initialize                                    0     0      0     238
                  _EUSART_Initialize
               _LIN_Slave_Initialize
              _OSCILLATOR_Initialize
             _PIN_MANAGER_Initialize
                    _TMR0_Initialize
                     _WDT_Initialize
 ---------------------------------------------------------------------------------
 (2) _WDT_Initialize                                       0     0      0       0
 ---------------------------------------------------------------------------------
 (2) _TMR0_Initialize                                      0     0      0      24
           _TMR0_SetInterruptHandler
 ---------------------------------------------------------------------------------
 (2) _PIN_MANAGER_Initialize                               0     0      0       0
 ---------------------------------------------------------------------------------
 (2) _OSCILLATOR_Initialize                                0     0      0       0
 ---------------------------------------------------------------------------------
 (2) _LIN_Slave_Initialize                                 0     0      0      99
                           _LIN_init
 ---------------------------------------------------------------------------------
 (3) _LIN_init                                             5     1      4      99
                                              2 COMMON     5     1      4
                       _LIN_enableRx
                _LIN_setTimerHandler
                      _LIN_stopTimer
 ---------------------------------------------------------------------------------
 (4) _LIN_stopTimer                                        0     0      0       0
 ---------------------------------------------------------------------------------
 (4) _LIN_setTimerHandler                                  0     0      0      24
           _TMR0_SetInterruptHandler
 ---------------------------------------------------------------------------------
 (5) _TMR0_SetInterruptHandler                             2     0      2      24
                                              0 COMMON     2     0      2
 ---------------------------------------------------------------------------------
 (2) _EUSART_Initialize                                    0     0      0     115
             _EUSART_SetErrorHandler
      _EUSART_SetFramingErrorHandler
      _EUSART_SetOverrunErrorHandler
       _EUSART_SetRxInterruptHandler
       _EUSART_SetTxInterruptHandler
 ---------------------------------------------------------------------------------
 (3) _EUSART_SetTxInterruptHandler                         2     0      2      23
                                              0 COMMON     2     0      2
 ---------------------------------------------------------------------------------
 (3) _EUSART_SetRxInterruptHandler                         2     0      2      23
                                              0 COMMON     2     0      2
 ---------------------------------------------------------------------------------
 (3) _EUSART_SetOverrunErrorHandler                        2     0      2      23
                                              0 COMMON     2     0      2
 ---------------------------------------------------------------------------------
 (3) _EUSART_SetFramingErrorHandler                        2     0      2      23
                                              0 COMMON     2     0      2
 ---------------------------------------------------------------------------------
 (3) _EUSART_SetErrorHandler                               2     0      2      23
                                              0 COMMON     2     0      2
 ---------------------------------------------------------------------------------
 (1) _LIN_signalTimeoutOccurred                            0     0      0       0
 ---------------------------------------------------------------------------------
 (1) _LIN_handler                                          5     5      0    3539
                                              9 BANK0      5     5      0
                                NULL *
                        _EUSART_Read
                 _EUSART_is_rx_ready
                     _LIN_breakCheck
                       _LIN_checkPID
                      _LIN_disableRx
                       _LIN_enableRx
                    _LIN_getChecksum
                   _LIN_getFromTable
                    _LIN_queuePacket
                     _LIN_startTimer
                             _memset
                         _processLIN *
 ---------------------------------------------------------------------------------
 (2) _processLIN                                          10    10      0     752
                                              0 BANK0      9     9      0
                             _DRL_ON
                        _DRL_POS_OFF
                         _HIBEAM_OFF
                          _HIBEAM_ON
                      _LIN_getPacket
                         _LOBEAM_OFF
                          _LOBEAM_ON
                             _POS_ON
 ---------------------------------------------------------------------------------
 (3) _POS_ON                                               0     0      0       0
 ---------------------------------------------------------------------------------
 (3) _LOBEAM_ON                                            0     0      0       0
 ---------------------------------------------------------------------------------
 (3) _LOBEAM_OFF                                           0     0      0       0
 ---------------------------------------------------------------------------------
 (3) _LIN_getPacket                                        2     1      1     449
                                              9 COMMON     2     1      1
                             _memcpy
                             _memset
 ---------------------------------------------------------------------------------
 (4) _memset                                               7     1      6     155
                                              0 COMMON     7     1      6
 ---------------------------------------------------------------------------------
 (3) _HIBEAM_ON                                            0     0      0       0
 ---------------------------------------------------------------------------------
 (3) _HIBEAM_OFF                                           0     0      0       0
 ---------------------------------------------------------------------------------
 (3) _DRL_POS_OFF                                          0     0      0       0
 ---------------------------------------------------------------------------------
 (3) _DRL_ON                                               0     0      0       0
 ---------------------------------------------------------------------------------
 (2) _LIN_startTimer                                       1     1      0      58
                                              1 COMMON     1     1      0
                    _TMR0_WriteTimer
 ---------------------------------------------------------------------------------
 (3) _TMR0_WriteTimer                                      1     1      0      29
                                              0 COMMON     1     1      0
 ---------------------------------------------------------------------------------
 (2) _LIN_queuePacket                                      7     7      0    1407
                                              2 BANK0      7     7      0
                    _LIN_getChecksum
                     _LIN_sendPacket
                             _memcpy
 ---------------------------------------------------------------------------------
 (4) _memcpy                                               9     3      6     226
                                              0 COMMON     9     3      6
 ---------------------------------------------------------------------------------
 (3) _LIN_sendPacket                                       5     2      3     658
                                             10 COMMON     3     0      3
                                              0 BANK0      2     2      0
                       _EUSART_Write
                    _LIN_getChecksum
 ---------------------------------------------------------------------------------
 (4) _LIN_getChecksum                                      9     6      3     303
                                              0 COMMON     9     6      3
 ---------------------------------------------------------------------------------
 (4) _EUSART_Write                                         1     1      0      94
                                              9 COMMON     1     1      0
                    _LIN_getChecksum (ARG)
 ---------------------------------------------------------------------------------
 (4) _LIN_enableRx                                         0     0      0       0
 ---------------------------------------------------------------------------------
 (2) _LIN_disableRx                                        0     0      0       0
 ---------------------------------------------------------------------------------
 (2) _LIN_checkPID                                         1     1      0     624
                                              7 COMMON     1     1      0
                     _LIN_calcParity
                   _LIN_getFromTable
 ---------------------------------------------------------------------------------
 (3) _LIN_getFromTable                                     7     6      1     192
                                              0 COMMON     7     6      1
 ---------------------------------------------------------------------------------
 (3) _LIN_calcParity                                       3     3      0     345
                                              0 COMMON     3     3      0
 ---------------------------------------------------------------------------------
 (2) _LIN_breakCheck                                       0     0      0      24
                        _EUSART_Read
             _EUSART_get_last_status
 ---------------------------------------------------------------------------------
 (3) _EUSART_Read                                          1     1      0      24
                                              0 COMMON     1     1      0
 ---------------------------------------------------------------------------------
 (2) _EUSART_is_rx_ready                                   0     0      0       0
 ---------------------------------------------------------------------------------
 (8) NULL(Fake)                                            0     0      0       0
 ---------------------------------------------------------------------------------
 (1) _Clear_No_Call_Warning                                1     1      0     116
             _EUSART_get_last_status
                  _EUSART_is_tx_done
                 _EUSART_is_tx_ready
                    _PIN_MANAGER_IOC
                     _TMR0_ReadTimer
                        _TMR0_Reload
 ---------------------------------------------------------------------------------
 (2) _TMR0_Reload                                          0     0      0       0
 ---------------------------------------------------------------------------------
 (2) _TMR0_ReadTimer                                       1     1      0       5
 ---------------------------------------------------------------------------------
 (2) _PIN_MANAGER_IOC                                      0     0      0       0
 ---------------------------------------------------------------------------------
 (2) _EUSART_is_tx_ready                                   0     0      0       0
 ---------------------------------------------------------------------------------
 (2) _EUSART_is_tx_done                                    0     0      0       0
 ---------------------------------------------------------------------------------
 (3) _EUSART_get_last_status                               0     0      0       0
 ---------------------------------------------------------------------------------
 Estimated maximum stack depth 8
 ---------------------------------------------------------------------------------
 (Depth) Function   	        Calls       Base Space   Used Autos Params    Refs
 ---------------------------------------------------------------------------------
 (6) _INTERRUPT_InterruptManager                           0     0      0       0
                                NULL *
                 _EUSART_Receive_ISR *
                _EUSART_Transmit_ISR *
                           _TMR0_ISR
 ---------------------------------------------------------------------------------
 (7) _TMR0_ISR                                             0     0      0       0
                                NULL *
                   _LIN_timerHandler *
       _TMR0_DefaultInterruptHandler *
 ---------------------------------------------------------------------------------
 (8) _TMR0_DefaultInterruptHandler                         0     0      0       0
 ---------------------------------------------------------------------------------
 (8) _LIN_timerHandler                                     0     0      0       0
 ---------------------------------------------------------------------------------
 (7) _EUSART_Transmit_ISR                                  0     0      0       0
 ---------------------------------------------------------------------------------
 (7) _EUSART_Receive_ISR                                   0     0      0       0
                                NULL *
         _EUSART_DefaultErrorHandler *
  _EUSART_DefaultFramingErrorHandler *
  _EUSART_DefaultOverrunErrorHandler *
               _EUSART_RxDataHandler
 ---------------------------------------------------------------------------------
 (8) _EUSART_DefaultOverrunErrorHandler                    0     0      0       0
 ---------------------------------------------------------------------------------
 (8) _EUSART_DefaultFramingErrorHandler                    0     0      0       0
 ---------------------------------------------------------------------------------
 (8) _EUSART_DefaultErrorHandler                           0     0      0       0
               _EUSART_RxDataHandler
 ---------------------------------------------------------------------------------
 (9) _EUSART_RxDataHandler                                 0     0      0       0
 ---------------------------------------------------------------------------------
 (8) NULL(Fake)                                            0     0      0       0
 ---------------------------------------------------------------------------------
 Estimated maximum stack depth 9
 ---------------------------------------------------------------------------------

 Call Graph Graphs:

 _main (ROOT)
   _Clear_No_Call_Warning
     _EUSART_get_last_status
     _EUSART_is_tx_done
     _EUSART_is_tx_ready
     _PIN_MANAGER_IOC
     _TMR0_ReadTimer
     _TMR0_Reload
   _LIN_handler
     NULL(Fake) *
     _EUSART_Read *
     _EUSART_is_rx_ready *
     _LIN_breakCheck *
       _EUSART_Read
       _EUSART_get_last_status
     _LIN_checkPID *
       _LIN_calcParity
       _LIN_getFromTable
     _LIN_disableRx *
     _LIN_enableRx *
     _LIN_getChecksum *
     _LIN_getFromTable *
     _LIN_queuePacket *
       _LIN_getChecksum
       _LIN_sendPacket
         _EUSART_Write
           _LIN_getChecksum (ARG)
         _LIN_getChecksum
       _memcpy
     _LIN_startTimer *
       _TMR0_WriteTimer
     _memset *
     _processLIN *
       _DRL_ON
       _DRL_POS_OFF
       _HIBEAM_OFF
       _HIBEAM_ON
       _LIN_getPacket
         _memcpy
         _memset
       _LOBEAM_OFF
       _LOBEAM_ON
       _POS_ON
   _LIN_signalTimeoutOccurred
   _SYSTEM_Initialize
     _EUSART_Initialize
       _EUSART_SetErrorHandler
       _EUSART_SetFramingErrorHandler
       _EUSART_SetOverrunErrorHandler
       _EUSART_SetRxInterruptHandler
       _EUSART_SetTxInterruptHandler
     _LIN_Slave_Initialize
       _LIN_init
         _LIN_enableRx
         _LIN_setTimerHandler
           _TMR0_SetInterruptHandler
         _LIN_stopTimer
     _OSCILLATOR_Initialize
     _PIN_MANAGER_Initialize
     _TMR0_Initialize
       _TMR0_SetInterruptHandler
     _WDT_Initialize

 _INTERRUPT_InterruptManager (ROOT)
   NULL(Fake) *
   _EUSART_Receive_ISR *
     NULL(Fake) *
     _EUSART_DefaultErrorHandler *
       _EUSART_RxDataHandler
     _EUSART_DefaultFramingErrorHandler *
     _EUSART_DefaultOverrunErrorHandler *
     _EUSART_RxDataHandler *
   _EUSART_Transmit_ISR *
   _TMR0_ISR *
     NULL(Fake) *
     _LIN_timerHandler *
     _TMR0_DefaultInterruptHandler *

Address spaces:
Name               Size   Autos  Total    Usage
BITCOMMON           14      0       0      0.0%
BITBANK0            80      0       0      0.0%
BITBANK1            80      0       0      0.0%
BITBANK2            80      0       0      0.0%
BITBANK3            80      0       0      0.0%
BITBANK4            80      0       0      0.0%
BITBANK5            80      0       0      0.0%
BITBANK6            16      0       0      0.0%
BIGRAM             496      0       0      0.0%
COMMON              14     13      14    100.0%
BANK0               80     14      80    100.0%
BANK1               80      0      16     20.0%
BANK2               80      0       0      0.0%
BANK3               80      0       0      0.0%
BANK4               80      0       0      0.0%
BANK5               80      0       0      0.0%
BANK6               16      0       0      0.0%
STACK                0      0       0      0.0%
DATA                 0      0     107      0.0%


Microchip Technology PIC Macro Assembler V3.10 build 20250813170317 
Symbol Table                                                                                   Wed Sep 16 16:07:50 2026

                       __end_of_LIN_breakCheck 05A9                  ?_EUSART_SetRxInterruptHandler 0070  
                        __end_of_LIN_getPacket 045B                          ??_LIN_setTimerHandler 0072  
                        __end_of_LIN_disableRx 063A                                    ?_LOBEAM_OFF 0070  
                                           l74 05EA                                             l84 02DB  
                                           l77 055A                                             l99 008A  
                              _timer0ReloadVal 004A                                ?_LIN_calcParity 0070  
                                 ?_DRL_POS_OFF 0070                                            l121 014D  
                                          l115 0120                                            l123 0179  
                                          l140 0339                                            l132 045A  
                                          l221 0277                                            l150 0515  
                                          l118 012A                                            l160 03DF  
                                          l161 03E2                                            l129 047F  
                                          l217 05D3                                            l154 01FF  
                                          l403 04A3                                            l412 0435  
                                          l164 05C6                                            l181 0634  
                                          l261 056E                                            l270 0651  
                                          l175 05FB                                            l264 0668  
                                          l184 0639                                            l408 0417  
                                          l409 0420                                            l441 061F  
                                          l450 060D                                            l178 0641  
                                          l522 05DF                                            l267 062F  
                                          l188 05A8                                            l444 0619  
                                          l516 0595                                            l453 0613  
                                          l277 0607                                            l525 063D  
                                          l390 05F3                                            l447 0625  
                                          l519 05DA                                            l384 0377  
                                          l393 066B                                            l387 0672  
                                          l563 0670                                            l396 066E  
                                          l580 0665                                            l484 04FB  
                                          l487 0671                                            l583 065C  
                                          l592 0645                                            l577 0662  
                                          l586 065F                                            l595 0649  
                                          l589 064D                                            u580 05DF  
                                          u581 05DE                                            u970 0486  
                                          u971 0485                                            u980 049A  
                                          u981 0499                                            u990 02F0  
                                          u991 02EF                         ??_EUSART_RxDataHandler 0070  
                                          _cnt 003C                 ?_EUSART_SetFramingErrorHandler 0070  
                     __end_of_LIN_getFromTable 033A                                            wreg 0009  
               __end_of_EUSART_get_last_status 066F                          __end_of_scheduleTable 062B  
                                 ?_EUSART_Read 0070                         ?_Clear_No_Call_Warning 0070  
                                         l2001 01FE                                           l2011 065D  
                                         l2101 050A                                           l2005 062C  
                                         l2013 0646                                           l2021 0660  
                                         l2007 066C                                           l2103 0514  
                                         l2111 0635                                           l2015 064A  
                                         l2023 0663                                           l2031 0614  
                                         l1152 04B7                                           l1161 0544  
                                         l2017 0642                                           l2033 0620  
                                         l2025 060E                                           l2201 033C  
                                         l1155 04C3                                           l2019 065A  
                                         l2027 0608                                           l2211 0353  
                                         l2203 0343                                           l2029 061A  
                                         l2221 0370                                           l2213 0355  
                                         l2205 034C                                           l2231 0672  
                                         l2223 0372                                           l2215 036C  
                                         l2207 034F                                           l2081 05C5  
                                         l2073 05BA                                           l2241 05E7  
                                         l2225 0373                                           l2217 036E  
                                         l2209 0351                                           l1523 0666  
                                         l2091 05A7                                           l2083 0596  
                                         l2075 05BD                                           l2227 0374  
                                         l2219 036F                                           l2069 05EB  
                                         l2085 059E                                           l2501 04A4  
                                         l2077 05C1                                           l2245 05E9  
                                         l2237 05E0                                           l2229 0375  
                                         l2087 05A5                                           l2095 04FD  
                                         l2511 03B9                                           l2503 04A9  
                                         l2079 05C2                                           l2239 05E6  
                                         l2191 0565                                           l2097 0508  
                                         l2521 03D7                                           l2513 03BB  
                                         l2505 04AE                                           l2601 05C7  
                                         l2193 0566                                           l2185 055B  
                                         l1563 0669                                           l2515 03C6  
                                         l2523 03D9                                           l2507 04B0  
                                         l2531 0531                                           l2603 0200  
                                         l1571 04E2                                           l2195 0567  
                                         l2187 0560                                           l2197 064E  
                                         l2541 041C                                           l2525 03E1  
                                         l2517 03CA                                           l2509 03B2  
                                         l2533 0536                                           l2621 0222  
                                         l2613 0214                                           l2605 0207  
                                         l2701 00D2                                           l1901 0554  
                                         l1581 04F2                                           l1573 04E7  
                                         l2189 0563                                           l2551 0431  
                                         l2543 0421                                           l2519 03D3  
                                         l2535 0538                                           l2615 021B  
                                         l2711 00FE                                           l2703 00D5  
                                         l2199 033A                                           l1903 0557  
                                         l1583 04F7                                           l1575 04EA  
                                         l1921 0492                                           l2545 0428  
                                         l2553 0433                                           l2537 0411  
                                         l2561 046C                                           l2529 052E  
                                         l2641 0256                                           l2609 020D  
                                         l2721 0123                                           l2713 00FF  
                                         l2705 00D9                                           l1841 05F4  
                                         l1585 05D4                                           l1577 04EC  
                                         l2387 0670                                           l1931 04A0  
                                         l1923 0494                                           l1915 0480  
                                         l2547 042A                                           l2539 0411  
                                         l2563 0472                                           l2555 045D  
                                         l2571 0456                                           l2651 0271  
                                         l2643 025D                                           l2731 0133  
                                         l2723 0127                                           l2715 0102  
                                         l2707 00E1                                           l1835 0602  
                                         l1587 05D7                                           l1579 04EE  
                                         l1933 04A2                                           l1925 049A  
                                         l1917 0480                                           l1941 02E4  
                                         l2549 0430                                           l2557 045F  
                                         l2581 0280                                           l2573 0459  
                                         l2565 0436                                           l2645 0261  
                                         l2629 0229                                           l2733 0134  
                                         l2725 012F                                           l2717 010A  
                                         l2709 00F6                                           l2661 005C  
                                         l1837 063E                                           l1589 063A  
                                         l1927 049B                                           l1919 0486  
                                         l1943 02E6                                           l1839 0630  
                                         l2559 0469                                           l2583 0282  
                                         l2591 0293                                           l2567 043A  
                                         l2639 0230                                           l2647 0265  
                                         l2831 0159                                           l2735 0142  
                                         l2727 0131                                           l2671 0073  
                                         l2663 0061                                           l2743 0151  
                                         l2751 058C                                           l1929 049D  
                                         l2833 032E                                           l1961 0314  
                                         l1953 0305                                           l1937 02DD  
                                         l2593 0299                                           l2577 027A  
                                         l2569 0448                                           l2649 026B  
                                         l2737 0147                                           l2729 0132  
                                         l2681 0096                                           l2673 0076  
                                         l2665 0064                                           l2753 058F  
                                         l2761 051A                                           l1971 0326  
                                         l1947 02F1                                           l1955 0307  
                                         l1939 02E2                                           l2595 02AB  
                                         l2587 028D                                           l2579 027E  
                                         l2739 014A                                           l2683 009E  
                                         l2675 007E                                           l2667 006C  
                                         l2659 0056                                           l2755 0592  
                                         l2763 051B                                           l1965 031D  
                                         l1957 030E                                           l1949 0303  
                                         l2597 02C4                                           l2589 0291  
                                         l2693 00B9                                           l2685 00A2  
                                         l2677 0086                                           l2669 0070  
                                         l2749 0583                                           l2765 051E  
                                         l2757 0516                                           l2599 02D1  
                                         l2695 00C2                                           l2687 00AA  
                                         l2679 008E                                           l2767 0521  
                                         l2759 0519                                           l2697 00C7  
                                         l2689 00AF                                           l1897 0546  
                                         l2769 0529                                           l2699 00CF  
                                         l1899 0551                                           l1997 017B  
                                         l1999 01F5                                           u1000 0303  
                                         u1001 0302                                           u1010 030D  
                                         u1011 030C                                           u1100 01AA  
                                         u1020 0182                                           u1101 01A8  
                                         u1021 0180                                           u1110 01B1  
                                         u1102 01AB                                           u1030 0189  
                                         u1022 0183                                           u1111 01AF  
                                         u1031 0187                                           u1200 01E0  
                                         u1120 01B8                                           u1112 01B2  
                                         u1040 0190                                           u1032 018A  
                                         u2000 00C7                                           u1201 01DE  
                                         u1121 01B6                                           u1041 018E  
                                         u2001 00C6                                           u2010 00E1  
                                         u2011 00E0                                           u1220 01E6  
                                         u1140 01BE                                           u1060 0196  
                                         u2020 00FE                                           u1221 01E4  
                                         u1141 01BC                                           u1061 0194  
                                         u2021 00FD                                           u1310 05F2  
                                         u1230 01ED                                           u1222 01E7  
                                         u1214 01E1                                           u1150 01C5  
                                         u1142 01BF                                           u1134 01B9  
                                         u1070 019D                                           u1062 0197  
                                         u1054 0191                                           u2030 010A  
                                         u1311 05F0                                           u1231 01EB  
                                         u1151 01C3                                           u1071 019B  
                                         u2031 0109                                           u1320 05F3  
                                         u1240 01F4                                           u1232 01EE  
                                         u1160 01CC                                           u1152 01C6  
                                         u1080 01A4                                           u1072 019E  
                                         u2040 011F                                           u1241 01F2  
                                         u1161 01CA                                           u1081 01A2  
                                         u2041 011E                                           u1330 059E  
                                         u2050 0147                                           u1331 059D  
                                         u2051 0146                                           u1340 05A5  
                                         u1260 01FD                                           u1180 01D2  
                                         u2060 0529                                           u1341 05A4  
                                         u1261 01FB                                           u1181 01D0  
                                         u2061 0528                                           _LATA 010C  
                                         u1254 01F5                                           u1190 01D9  
                                         u1182 01D3                                           u1174 01CD  
                                         u1094 01A5                                           u1350 0508  
                                         _LATB 010D                                           u1191 01D7  
                                         u1351 0507                                           _LATC 010E  
                                         u1192 01DA                                           u1360 0514  
                                         u1361 0513                                           _LATE 0110  
                                         u1274 01FE                                           u1460 05E6  
                                         u1461 05E5                                           u1800 0417  
                                         u1801 0416                                           u1810 041C  
                                         u1811 041B                                           u1820 0430  
                                         u1900 0271                                           u1821 042F  
                                         u1901 0270                                           u1830 0472  
                                         u1910 005C                                           u1831 0471  
                                         u1911 005B                                           u1760 04C3  
                                         u1840 028C                                           u1920 0061  
                                         u1761 04C2                                           u1841 028B  
                                         u1921 0060                                           u1770 03D3  
                                         u1850 0299                                           u1930 006C  
                                         u1771 03D2                                           u1851 0298  
                                         u1931 006B                                           u1780 03DF  
                                         u1860 020C                                           u1940 007E  
                                         u1781 03DE                                           u1861 020B  
                                         u1941 007D                                           u1790 0544  
                                         u1870 0213                                           u1950 0086  
                                         u1791 0543                                           u1871 0212  
                                         u1951 0085                                           u1880 025D  
                                         u1960 0096                                           u1881 025C  
                                         u1961 0095                                           u1890 026B  
                                         u1970 009E                                           u1891 026A  
                                         u1971 009D                                           u1980 00AA  
                                         u1981 00A9                                           u1990 00B8  
                                         u1991 00B7                                           _PLLR 04D6  
                                         _TMR0 0015                                           _WPUB 020D  
                                         _WPUE 0210                                 _LIN_sendPacket 045B  
                                         _main 0516                                           fsr0h 0005  
                                         fsr1h 0007                                           indf0 0000  
                                         fsr0l 0004                                           indf1 0001  
                                         fsr1l 0006                                           btemp 007E  
                                         start 003B                                  processLIN@cmd 0069  
                              ?_LIN_breakCheck 0070                    ??_LIN_signalTimeoutOccurred 0070  
                      __end_of_TMR0_Initialize 056F                 ??_TMR0_DefaultInterruptHandler 0070  
                                ?_EUSART_Write 0070                  __end_of_OSCILLATOR_Initialize 05E0  
                            LIN_sendPacket@pid 007A                                          ?_main 0070  
                              LIN_init@command 0072                                          i1l301 0016  
                                        i1l304 002A                                          i1l172 040F  
                                        i1l309 0039                                          i1l415 04DF  
                                        i1l432 0674                                          i1l280 0673  
                                        i1l425 03B0                                          i1l418 04E1  
                                        i1l274 05B8                                          i1l435 0655  
                                        i1l429 0582                                          i1l438 0659  
                              _TMR0_WriteTimer 062B                                          _RCREG 0199  
                                        _RCSTA 019D                                          _TRISA 008C  
                                        _TRISB 008D                                          _TRISC 008E  
                                        _TRISE 0090                                          _TXREG 019A  
                             __end_of_LIN_init 055B                          __end_of_LIN_stopTimer 0642  
                                        _TXSTA 019E                      ?_TMR0_SetInterruptHandler 0070  
                             __end_of_TMR0_ISR 05B9                        __end_of_PIN_MANAGER_IOC 0672  
                               _WDT_Initialize 063A                         __end_of_LIN_sendPacket 0480  
                                        btemp0 007E                                          btemp1 007F  
                                        pclath 000A                                 _LIN_startTimer 05B9  
                                        status 0003                                          wtemp0 007E  
                           _LIN_signalTimedOut 004E                               ?_LIN_getChecksum 0070  
                            __end_of_HIBEAM_ON 0663                    LIN_queuePacket@tempSchedule 0068  
                              __initialization 003D                                   ?_LIN_handler 0070  
                                 __end_of_main 052E                                 ??_EUSART_Write 0079  
                  ?_INTERRUPT_InterruptManager 0070                 ??_EUSART_SetRxInterruptHandler 0072  
                                       ??_main 007D                              __end_of_LOBEAM_ON 065D  
                       __end_of_WDT_Initialize 063E                             LIN_sendPacket@data 007B  
    __end_of_EUSART_DefaultFramingErrorHandler 0675            ??_EUSART_DefaultFramingErrorHandler 0070  
           ?_EUSART_DefaultFramingErrorHandler 0070              _EUSART_DefaultFramingErrorHandler 0674  
                    _LIN_signalTimeoutOccurred 05E0                     _EUSART_OverrunErrorHandler 0032  
                       __end_of_LIN_startTimer 05C7                                ?_LIN_sendPacket 007A  
                                       _APFCON 011D                                         _ANSELA 018C  
                                       _ANSELB 018D                     __end_of_EUSART_is_rx_ready 05F4  
                                       _BORCON 0116                                         i1l2041 057E  
                                       i1l2121 0401                                         i1l2113 03E3  
                                       i1l2043 057F                                         i1l2035 056F  
                                       i1l2123 0405                                         i1l2115 03E9  
                                       i1l2037 0576                                         i1l2125 040D  
                                       i1l2117 03EF                                         i1l2039 0578  
                                       i1l2119 03F4                                         i1l2233 0652  
                                       i1l2235 0656                                         i1l2411 000A  
                                       i1l2341 05AA                                         i1l2421 0024  
                                       i1l2413 000E                                         i1l2351 04D2  
                                       i1l2343 05AD                                         i1l2423 002F  
                                       i1l2415 0012                                         i1l2361 037D  
                                       i1l2353 04D5                                         i1l2345 05B3  
                                       i1l2425 0034                                         i1l2417 001A  
                                       i1l2371 0397                                         i1l2363 0382  
                                       i1l2355 04DB                                         i1l2347 04C4  
                                       i1l2339 05A9                                         i1l2419 001F  
                                       i1l2373 039D                                         i1l2365 0387  
                                       i1l2357 04DC                                         i1l2349 04CB  
                                       i1l2375 03A6                                         i1l2367 038D  
                                       i1l2359 0378                                         i1l2377 03AD  
                                       i1l2369 0392                                         _DRL_ON 064A  
                                       u140_20 040D                                         u140_21 040C  
                                       u128_20 057E                                         u128_21 057D  
                                       u137_20 03E9                                         u137_21 03E8  
                                       u138_20 03F4                                         u162_20 05B3  
                                       u170_20 001A                                         u138_21 03F3  
                                       u162_21 05B2                                         u170_21 0019  
                                       u163_20 04CB                                         u139_20 0401  
                                       u171_20 001F                                         u163_21 04CA  
                                       u139_21 0400                                         u171_21 001E  
                                       u164_20 04DB                                         u172_20 0024  
                                       u164_21 04DA                                         u172_21 0023  
                   __end_of_EUSART_is_tx_ready 0673                                         u165_20 0382  
                                       u173_20 002F                                         u165_21 0381  
                                       u173_21 002E                                         u166_20 0392  
                                       u174_20 0034                                         u166_21 0391  
                                       u174_21 0033                                         u167_20 03A6  
                                       u167_21 03A5                                         u168_20 000E  
                                       u168_21 000D                                         u169_20 0012  
                                       u169_21 0011                                         _OSCCON 0099  
                                       _SPBRGH 019C                                         _SPBRGL 019B  
                                       _WDTCON 0097                                         _POS_ON 0642  
                              _LIN_processData 0042                            _LIN_signalElapsedMs 003E  
                      _LIN_validSignalReceived 004F                                   ?_TMR0_Reload 0070  
                              _LIN_queuePacket 0278                        __end_of_TMR0_WriteTimer 0630  
                          _EUSART_Transmit_ISR 04C4                                         _memcpy 04A4  
                             ?_TMR0_Initialize 0070                                         _memset 052E  
                                 ??_HIBEAM_OFF 0070                                         ltemp0a 0080  
                              ?_WDT_Initialize 0070                               _LIN_rxInProgress 0053  
                                       ttemp0a 007F       TMR0_SetInterruptHandler@InterruptHandler 0070  
                             ?_PIN_MANAGER_IOC 0070                                         wtemp0a 007F  
                              ?_LIN_startTimer 0070                           ?_EUSART_Transmit_ISR 0070  
                            _SYSTEM_Initialize 0583                        __end_of__initialization 0052  
                           ?_SYSTEM_Initialize 0070                             __end_of_HIBEAM_OFF 0666  
                                ?_LIN_checkPID 0070           __end_of_EUSART_SetTxInterruptHandler 060E  
                 _EUSART_SetTxInterruptHandler 0608                                      ?_LIN_init 0072  
                               __pcstackCOMMON 0070                                  ?_LIN_enableRx 0070  
                             ??_LIN_calcParity 0070                                LIN_sendPacket@i 0062  
                                 __pidataBANK0 066F                            ??_SYSTEM_Initialize 0077  
                                    ?_TMR0_ISR 0070                                   ??_LOBEAM_OFF 0070  
                       LIN_handler@rxDataIndex 004B                       _LIN_signalTimeoutPending 004D  
                               _OPTION_REGbits 0095                           _eusartRxStatusBuffer 0020  
                      ??_Clear_No_Call_Warning 0070                              ?_LIN_getFromTable 0070  
                       LIN_handler@LIN_rxState 004C                ??_EUSART_SetOverrunErrorHandler 0072  
                           ??_LIN_getFromTable 0071                      __end_of_SYSTEM_Initialize 0596  
                        ??_EUSART_Transmit_ISR 0070                                     __pbssBANK0 0020  
                                   __pbssBANK1 00A0                                        ?_DRL_ON 0070  
                         __end_of_EUSART_Write 0436                             __end_of_LOBEAM_OFF 0660  
                                      ?_POS_ON 0070                               ??_LIN_breakCheck 0071  
                               ??_LIN_checkPID 0077                    __end_of_LIN_setTimerHandler 05FC  
                      __end_of_LIN_queuePacket 02DC                                 ??_LIN_enableRx 0070  
                                   __pmaintext 0516                               _LIN_timerHandler 03E3  
                                   ??_LIN_init 0076                            LIN_getChecksum@data 0071  
                ?_EUSART_SetTxInterruptHandler 0070               _EUSART_TxDefaultInterruptHandler 0038  
             __end_of_TMR0_SetInterruptHandler 0608                                     ??_TMR0_ISR 0070  
                                   __pintentry 0004                               ?_TMR0_WriteTimer 0070  
                                      ?_memcpy 0070                                        _BAUDCON 019F  
                                      ?_memset 0070                   ??_EUSART_DefaultErrorHandler 0070  
                        LIN_getChecksum@length 0075                               _LIN_timerRunning 0051  
                                _eusartRxCount 0045                                        _OSCTUNE 0098  
                     ??_EUSART_SetErrorHandler 0072                        LIN_getChecksum@checksum 0077  
                 __end_of_LIN_Slave_Initialize 05D4                                      _HIBEAM_ON 0660  
                                      __ptext1 0583                                        __ptext2 063A  
                                      __ptext3 055B                                        __ptext4 04E2  
                                      __ptext5 05D4                                        __ptext6 05C7  
                                      __ptext7 0545                                        __ptext8 063E  
                                      __ptext9 05F4                          _OSCILLATOR_Initialize 05D4  
                             ??_LIN_sendPacket 007D                       ??_PIN_MANAGER_Initialize 0070  
                                    _LOBEAM_ON 065A                                        clrloop0 05FD  
                    LIN_getFromTable@rxCommand 0075                           end_of_initialization 0052  
        __end_of_EUSART_SetOverrunErrorHandler 061A                  _EUSART_SetOverrunErrorHandler 0614  
                                      memcpy@d 0077                                        memcpy@n 0074  
                                      memcpy@s 0078                                        memset@c 0072  
                                      memset@n 0074                                        memset@p 0076  
                            _EUSART_Initialize 033A                               ?_LIN_queuePacket 0070  
                           ?_EUSART_Initialize 0070                                      _RCSTAbits 019D  
                           _EUSART_is_rx_ready 05EB                             _EUSART_is_tx_ready 0672  
                                _LIN_getPacket 0436                                     ?_HIBEAM_ON 0070  
                               _TMR0_ReadTimer 0666                                  _LIN_disableRx 0635  
                     ??_EUSART_get_last_status 0070                            ??_EUSART_Initialize 0072  
                             ??_WDT_Initialize 0070                 ??_EUSART_SetTxInterruptHandler 0072  
                            LIN_getPacket@data 0079                       _TMR0_SetInterruptHandler 0602  
                          ?_EUSART_is_rx_ready 0070                                     _processLIN 0200  
                          ?_EUSART_is_tx_ready 0070                           __end_of_LIN_checkPID 0516  
                          LIN_init@tableLength 0076                               ??_LIN_startTimer 0071  
                         __end_of_LIN_enableRx 0635                                     ?_LOBEAM_ON 0070  
                                _scheduleTable 0626                      __end_of_EUSART_Initialize 0378  
                         ??_EUSART_is_rx_ready 0070                                 __end_of_DRL_ON 064E  
                         ??_EUSART_is_tx_ready 0070                                      _TXSTAbits 019E  
                               __end_of_POS_ON 0646                                  _LIN_rxCommand 0040  
                       __end_of_TMR0_ReadTimer 0669                                 ?_LIN_getPacket 0079  
                               ?_LIN_disableRx 0070             __end_of_EUSART_DefaultErrorHandler 065A  
                   _EUSART_DefaultErrorHandler 0656                                   _EUSART_Write 0410  
                                ??_DRL_POS_OFF 0070                                 __end_of_memcpy 04C4  
                       ?_OSCILLATOR_Initialize 0070                                 __end_of_memset 0545  
                          start_initialization 003D                                  _LIN_stopTimer 063E  
                     __end_of_LIN_timerHandler 0410                           _LIN_Slave_Initialize 05C7  
                                ??_EUSART_Read 0070                  __end_of_Clear_No_Call_Warning 0671  
 EUSART_SetRxInterruptHandler@interruptHandler 0070   EUSART_SetTxInterruptHandler@interruptHandler 0070  
                                     ??_DRL_ON 0070                          LIN_startTimer@timeout 0071  
                                     ??_POS_ON 0070                              LIN_calcParity@CMD 0071  
               ?_EUSART_SetOverrunErrorHandler 0070                              LIN_calcParity@PID 0072  
                   _EUSART_FramingErrorHandler 0034                                ?_TMR0_ReadTimer 0070  
                       _EUSART_SetErrorHandler 0620                                    ??_HIBEAM_ON 0070  
                                  __pdataBANK0 006F                                       ??_memcpy 0076  
                                     ??_memset 0076                           processLIN@tempRxData 0061  
                                   memset@dest 0070                                    ?_processLIN 0070  
                          LIN_init@processData 0074                    __end_of_EUSART_Transmit_ISR 04E2  
                               ?_LIN_stopTimer 0070                                    __pbssCOMMON 007D  
                                    ___latbits 0002                                  __pcstackBANK0 0061  
                            ??_LIN_getChecksum 0073                          ?_LIN_Slave_Initialize 0070  
                          __end_of_DRL_POS_OFF 064A                                    ??_LOBEAM_ON 0070  
                   __end_of_EUSART_Receive_ISR 03B1               _EUSART_RxDefaultInterruptHandler 0036  
                          __end_of_EUSART_Read 04A4                          _TMR0_InterruptHandler 003A  
                 __end_of_EUSART_RxDataHandler 0583                                ??_LIN_getPacket 007A  
                       _PIN_MANAGER_Initialize 04E2                                  ??_LIN_handler 006A  
                             LIN_getChecksum@i 0076                                ??_LIN_disableRx 0070  
                         EUSART_Read@readValue 0070                             LIN_getChecksum@pid 0070  
                         LIN_sendPacket@length 0061                                   _eusartRxHead 007D  
                                 _eusartTxHead 0049                                   _eusartRxTail 0046  
                                 _eusartTxTail 0048                   ??_INTERRUPT_InterruptManager 0070  
                      _eusartTxBufferRemaining 0047                                LIN_checkPID@pid 0077  
                               _eusartRxBuffer 00A0                         _EUSART_get_last_status 066C  
                            ??_TMR0_Initialize 0072                                 _eusartTxBuffer 0028  
       EUSART_SetErrorHandler@interruptHandler 0070                                       _LATBbits 010D  
                                    clear_ram0 05FC                                       _PIE1bits 0091  
                            _eusartRxLastError 0044                                   _LIN_checkPID 04FC  
                   ??_TMR0_SetInterruptHandler 0072                                       _PIR1bits 0011  
              ??_EUSART_SetFramingErrorHandler 0072                                  ??_TMR0_Reload 0070  
                                     _LIN_init 0545                              _EUSART_is_tx_done 0669  
                                 _LIN_enableRx 0630                                       _TMR0_ISR 05A9  
    __end_of_EUSART_DefaultOverrunErrorHandler 0656            ??_EUSART_DefaultOverrunErrorHandler 0070  
           ?_EUSART_DefaultOverrunErrorHandler 0070              _EUSART_DefaultOverrunErrorHandler 0652  
                             LIN_getPacket@cmd 007A                              ??_PIN_MANAGER_IOC 0070  
                           ?_EUSART_is_tx_done 0070                            __end_of_LIN_handler 017A  
                              ??_LIN_stopTimer 0070                                    _DRL_POS_OFF 0646  
                          ??_EUSART_is_tx_done 0070                         ??_LIN_Slave_Initialize 0077  
                                  _EUSART_Read 0480                               _LIN_getFromTable 02DC  
                    __end_of_EUSART_is_tx_done 066C                                      memcpy@tmp 0076  
                   ?_LIN_signalTimeoutOccurred 0070                        ??_OSCILLATOR_Initialize 0070  
                          _EUSART_ErrorHandler 0030                    ?_EUSART_DefaultErrorHandler 0070  
                                   _HIBEAM_OFF 0663                                       ___int_sp 0000  
                          __end_of_TMR0_Reload 0652                           _EUSART_RxDataHandler 056F  
                                     __ptext10 0602                                       __ptext11 033A  
                                     __ptext20 0642                                       __ptext12 0608  
                                     __ptext21 065A                                       __ptext13 060E  
                                     __ptext30 062B                                       __ptext22 065D  
                                     __ptext14 0614                                       __ptext31 0278  
                                     __ptext23 0436                                       __ptext15 061A  
                                     __ptext40 017A                                       __ptext32 04A4  
                                     __ptext24 052E                                       __ptext16 0620  
                                     __ptext41 0596                                       __ptext33 045B  
                                     __ptext25 0660                                       __ptext17 05E0  
                                     __ptext50 066C                                       __ptext42 0480  
                                     __ptext34 03B1                                       __ptext26 0663  
                                     __ptext18 0056                                       __ptext43 05EB  
                                     __ptext35 0410                                       __ptext27 0646  
                                     __ptext19 0200                                       __ptext60 056F  
                                     __ptext52 05A9                                       __ptext44 0670  
                                     __ptext36 0630                                       __ptext28 064A  
                                     __ptext53 03E3                                       __ptext45 064E  
                                     __ptext37 0635                                       __ptext29 05B9  
                                     __ptext54 0673                                       __ptext46 0666  
                                     __ptext38 04FC                                       __ptext55 04C4  
                                     __ptext47 0671                                       __ptext39 02DC  
                                     __ptext56 0378                                       __ptext48 0672  
                                     __ptext57 0652                                       __ptext49 0669  
                                     __ptext58 0674                                       __ptext59 0656  
                            ?_LIN_timerHandler 0070                        TMR0_WriteTimer@timerVal 0070  
                           ??_LIN_timerHandler 0070                              ??_TMR0_WriteTimer 0070  
                       LIN_getFromTable@length 0074                               ??_TMR0_ReadTimer 0070  
         __end_of_TMR0_DefaultInterruptHandler 0674                   _TMR0_DefaultInterruptHandler 0673  
                                  _SIGNAL_Data 00A8                        ?_EUSART_SetErrorHandler 0070  
                          _LIN_rxCommandLength 0052  EUSART_SetOverrunErrorHandler@interruptHandler 0070  
                                  _LIN_handler 0056                                       int$flags 007E  
                                   _LOBEAM_OFF 065D                                _LIN_getChecksum 03B1  
            __end_of_LIN_signalTimeoutOccurred 05EB             __end_of_INTERRUPT_InterruptManager 003B  
                   _INTERRUPT_InterruptManager 0004          __end_of_EUSART_SetFramingErrorHandler 0620  
                _EUSART_SetFramingErrorHandler 061A                                   ??_processLIN 007B  
                                  _LIN_timeout 006F                                 _LIN_calcParity 017A  
                                   _INTCONbits 000B                          ?_EUSART_RxDataHandler 0070  
                                     memcpy@d1 0070                                       memcpy@s1 0072  
                          _LIN_setTimerHandler 05F4                                       intlevel1 0000  
                                _CountCallBack 0050                          _Clear_No_Call_Warning 0670  
                      ?_PIN_MANAGER_Initialize 0070                 __end_of_EUSART_SetErrorHandler 0626  
                        LIN_getFromTable@param 0070                             __end_of_processLIN 0278  
         __end_of_EUSART_SetRxInterruptHandler 0614                   _EUSART_SetRxInterruptHandler 060E  
                ?_TMR0_DefaultInterruptHandler 0070                                    _TMR0_Reload 064E  
                                   _LIN_packet 0054                             _EUSART_Receive_ISR 0378  
                         ?_LIN_setTimerHandler 0070  EUSART_SetFramingErrorHandler@interruptHandler 0070  
                               _LIN_breakCheck 0596                                    ?_HIBEAM_OFF 0070  
                       __end_of_LIN_calcParity 0200                                  __pstringtext1 0626  
                           LIN_queuePacket@cmd 0066                                     _OPTION_REG 0095  
                          ?_EUSART_Receive_ISR 0070                                _TMR0_Initialize 055B  
                            ??_LIN_queuePacket 0063                        ?_EUSART_get_last_status 0070  
                           EUSART_Write@txData 0079                 __end_of_PIN_MANAGER_Initialize 04FC  
                          LIN_getFromTable@cmd 0073                                _PIN_MANAGER_IOC 0671  
                             LIN_queuePacket@i 0067                           ??_EUSART_Receive_ISR 0070  
                      __end_of_LIN_getChecksum 03E3  
