

Microchip MPLAB XC8 Assembler V3.10 build 20250813170317 
                                                                                               Mon Aug 31 15:17:10 2026

Microchip MPLAB XC8 C Compiler v3.10 (Free license) build 20250813170317 Og1 
     1                           	processor	16F1936
     2                           	pagewidth 120
     3                           	opt	flic
     4                           	psect	idataBANK0,global,class=CODE,space=0,delta=2,noexec
     5                           	psect	stringtext1,global,class=STRCODE,space=0,delta=2,noexec
     6                           	psect	cinit,global,class=CODE,space=0,merge=1,delta=2
     7                           	psect	bssCOMMON,global,class=COMMON,space=1,delta=1,noexec
     8                           	psect	bssBANK0,global,class=BANK0,space=1,delta=1,noexec
     9                           	psect	dataBANK0,global,class=BANK0,space=1,delta=1,noexec
    10                           	psect	bssBANK1,global,class=BANK1,space=1,delta=1,noexec
    11                           	psect	clrtext,global,class=CODE,space=0,delta=2
    12                           	psect	cstackCOMMON,global,class=COMMON,space=1,delta=1,noexec
    13                           	psect	cstackBANK0,global,class=BANK0,space=1,delta=1,noexec
    14                           	psect	maintext,global,class=CODE,space=0,merge=1,split=1,delta=2
    15                           	psect	text1,local,class=CODE,space=0,merge=1,delta=2
    16                           	psect	text2,local,class=CODE,space=0,merge=1,delta=2
    17                           	psect	text3,local,class=CODE,space=0,merge=1,delta=2
    18                           	psect	text4,local,class=CODE,space=0,merge=1,delta=2
    19                           	psect	text5,local,class=CODE,space=0,merge=1,delta=2
    20                           	psect	text6,local,class=CODE,space=0,merge=1,delta=2
    21                           	psect	text7,local,class=CODE,space=0,merge=1,delta=2
    22                           	psect	text8,local,class=CODE,space=0,merge=1,delta=2
    23                           	psect	text9,local,class=CODE,space=0,merge=1,delta=2
    24                           	psect	text10,local,class=CODE,space=0,merge=1,delta=2
    25                           	psect	text11,local,class=CODE,space=0,merge=1,delta=2
    26                           	psect	text12,local,class=CODE,space=0,merge=1,delta=2
    27                           	psect	text13,local,class=CODE,space=0,merge=1,delta=2
    28                           	psect	text14,local,class=CODE,space=0,merge=1,delta=2
    29                           	psect	text15,local,class=CODE,space=0,merge=1,delta=2
    30                           	psect	text16,local,class=CODE,space=0,merge=1,delta=2
    31                           	psect	text17,local,class=CODE,space=0,merge=1,delta=2
    32                           	psect	text18,local,class=CODE,space=0,merge=1,delta=2
    33                           	psect	text19,local,class=CODE,space=0,merge=1,delta=2
    34                           	psect	text20,local,class=CODE,space=0,merge=1,delta=2
    35                           	psect	text21,local,class=CODE,space=0,merge=1,delta=2,group=2
    36                           	psect	text22,local,class=CODE,space=0,merge=1,delta=2
    37                           	psect	text23,local,class=CODE,space=0,merge=1,delta=2
    38                           	psect	text24,local,class=CODE,space=0,merge=1,delta=2
    39                           	psect	text25,local,class=CODE,space=0,merge=1,delta=2,group=2
    40                           	psect	text26,local,class=CODE,space=0,merge=1,delta=2
    41                           	psect	text27,local,class=CODE,space=0,merge=1,delta=2
    42                           	psect	text28,local,class=CODE,space=0,merge=1,delta=2
    43                           	psect	text29,local,class=CODE,space=0,merge=1,delta=2
    44                           	psect	text30,local,class=CODE,space=0,merge=1,delta=2
    45                           	psect	text31,local,class=CODE,space=0,merge=1,delta=2
    46                           	psect	text32,local,class=CODE,space=0,merge=1,delta=2
    47                           	psect	text33,local,class=CODE,space=0,merge=1,delta=2
    48                           	psect	text34,local,class=CODE,space=0,merge=1,delta=2
    49                           	psect	text35,local,class=CODE,space=0,merge=1,delta=2
    50                           	psect	text36,local,class=CODE,space=0,merge=1,delta=2
    51                           	psect	text37,local,class=CODE,space=0,merge=1,delta=2
    52                           	psect	text38,local,class=CODE,space=0,merge=1,delta=2
    53                           	psect	text39,local,class=CODE,space=0,merge=1,delta=2
    54                           	psect	text40,local,class=CODE,space=0,merge=1,delta=2
    55                           	psect	text41,local,class=CODE,space=0,merge=1,delta=2
    56                           	psect	text42,local,class=CODE,space=0,merge=1,delta=2
    57                           	psect	text43,local,class=CODE,space=0,merge=1,delta=2
    58                           	psect	intentry,global,class=CODE,space=0,delta=2
    59                           	psect	text45,local,class=CODE,space=0,merge=1,delta=2
    60                           	psect	text46,local,class=CODE,space=0,merge=1,delta=2
    61                           	psect	text47,local,class=CODE,space=0,merge=1,delta=2
    62                           	psect	text48,local,class=CODE,space=0,merge=1,delta=2
    63                           	psect	text49,local,class=CODE,space=0,merge=1,delta=2
    64                           	psect	text50,local,class=CODE,space=0,merge=1,delta=2
    65                           	psect	text51,local,class=CODE,space=0,merge=1,delta=2
    66                           	psect	text52,local,class=CODE,space=0,merge=1,delta=2
    67                           	psect	text53,local,class=CODE,space=0,merge=1,delta=2
    68                           	psect	config,global,abs,ovrld,class=CONFIG,space=4,delta=2,noexec
    69                           	dabs	1,0x7E,2
    70     0000                     
    71                           ; Generated 22/04/2026 GMT
    72                           ; 
    73                           ; Copyright (c) 2026 Microchip Technology Inc. and its subsidiaries.
    74                           ; 
    75                           ; Licensed under the Apache License, Version 2.0 (the "License");
    76                           ; you may not use this file except in compliance with the License.
    77                           ; You may obtain a copy of the License at
    78                           ; 
    79                           ;   http://www.apache.org/licenses/LICENSE-2.0
    80                           ; 
    81                           ; Unless required by applicable law or agreed to in writing, software
    82                           ; distributed under the License is distributed on an "AS IS" BASIS,
    83                           ; WITHOUT WARRANTIES OR CONDITIONS OF ANY KIND, either express or implied.
    84                           ; See the License for the specific language governing permissions and
    85                           ; limitations under the License.
    86                           ; 
    87                           ; 
    88                           ; Code-generator required, PIC16F1936 Definitions
    89                           ; 
    90                           ; SFR Addresses
    91     0008                     bsr             equ	8
    92     0005                     fsr0h           equ	5
    93     0004                     fsr0l           equ	4
    94     0007                     fsr1h           equ	7
    95     0006                     fsr1l           equ	6
    96     0000                     indf            equ	0
    97     0000                     indf0           equ	0
    98     0001                     indf1           equ	1
    99     000B                     intcon          equ	11
   100     0002                     pc              equ	2
   101     0002                     pcl             equ	2
   102     000A                     pclath          equ	10
   103     0003                     status          equ	3
   104     0009                     wreg            equ	9
   105     0000                     INDF0           equ	0	;# 
   106     0001                     INDF1           equ	1	;# 
   107     0002                     PCL             equ	2	;# 
   108     0003                     STATUS          equ	3	;# 
   109     0004                     FSR0L           equ	4	;# 
   110     0005                     FSR0H           equ	5	;# 
   111     0006                     FSR1L           equ	6	;# 
   112     0007                     FSR1H           equ	7	;# 
   113     0008                     BSR             equ	8	;# 
   114     0009                     WREG            equ	9	;# 
   115     000A                     PCLATH          equ	10	;# 
   116     000B                     INTCON          equ	11	;# 
   117     000C                     PORTA           equ	12	;# 
   118     000D                     PORTB           equ	13	;# 
   119     000E                     PORTC           equ	14	;# 
   120     0010                     PORTE           equ	16	;# 
   121     0011                     PIR1            equ	17	;# 
   122     0012                     PIR2            equ	18	;# 
   123     0013                     PIR3            equ	19	;# 
   124     0015                     TMR0            equ	21	;# 
   125     0016                     TMR1            equ	22	;# 
   126     0016                     TMR1L           equ	22	;# 
   127     0017                     TMR1H           equ	23	;# 
   128     0018                     T1CON           equ	24	;# 
   129     0019                     T1GCON          equ	25	;# 
   130     001A                     TMR2            equ	26	;# 
   131     001B                     PR2             equ	27	;# 
   132     001C                     T2CON           equ	28	;# 
   133     001E                     CPSCON0         equ	30	;# 
   134     001F                     CPSCON1         equ	31	;# 
   135     008C                     TRISA           equ	140	;# 
   136     008D                     TRISB           equ	141	;# 
   137     008E                     TRISC           equ	142	;# 
   138     0090                     TRISE           equ	144	;# 
   139     0091                     PIE1            equ	145	;# 
   140     0092                     PIE2            equ	146	;# 
   141     0093                     PIE3            equ	147	;# 
   142     0095                     OPTION_REG      equ	149	;# 
   143     0096                     PCON            equ	150	;# 
   144     0097                     WDTCON          equ	151	;# 
   145     0098                     OSCTUNE         equ	152	;# 
   146     0099                     OSCCON          equ	153	;# 
   147     009A                     OSCSTAT         equ	154	;# 
   148     009B                     ADRES           equ	155	;# 
   149     009B                     ADRESL          equ	155	;# 
   150     009C                     ADRESH          equ	156	;# 
   151     009D                     ADCON0          equ	157	;# 
   152     009E                     ADCON1          equ	158	;# 
   153     010C                     LATA            equ	268	;# 
   154     010D                     LATB            equ	269	;# 
   155     010E                     LATC            equ	270	;# 
   156     0110                     LATE            equ	272	;# 
   157     0111                     CM1CON0         equ	273	;# 
   158     0112                     CM1CON1         equ	274	;# 
   159     0113                     CM2CON0         equ	275	;# 
   160     0114                     CM2CON1         equ	276	;# 
   161     0115                     CMOUT           equ	277	;# 
   162     0116                     BORCON          equ	278	;# 
   163     0117                     FVRCON          equ	279	;# 
   164     0118                     DACCON0         equ	280	;# 
   165     0119                     DACCON1         equ	281	;# 
   166     011A                     SRCON0          equ	282	;# 
   167     011B                     SRCON1          equ	283	;# 
   168     011D                     APFCON          equ	285	;# 
   169     018C                     ANSELA          equ	396	;# 
   170     018D                     ANSELB          equ	397	;# 
   171     0191                     EEADR           equ	401	;# 
   172     0191                     EEADRL          equ	401	;# 
   173     0192                     EEADRH          equ	402	;# 
   174     0193                     EEDAT           equ	403	;# 
   175     0193                     EEDATL          equ	403	;# 
   176     0193                     EEDATA          equ	403	;# 
   177     0194                     EEDATH          equ	404	;# 
   178     0195                     EECON1          equ	405	;# 
   179     0196                     EECON2          equ	406	;# 
   180     0199                     RCREG           equ	409	;# 
   181     019A                     TXREG           equ	410	;# 
   182     019B                     SP1BRG          equ	411	;# 
   183     019B                     SP1BRGL         equ	411	;# 
   184     019B                     SPBRG           equ	411	;# 
   185     019B                     SPBRGL          equ	411	;# 
   186     019C                     SP1BRGH         equ	412	;# 
   187     019C                     SPBRGH          equ	412	;# 
   188     019D                     RCSTA           equ	413	;# 
   189     019E                     TXSTA           equ	414	;# 
   190     019F                     BAUDCON         equ	415	;# 
   191     020D                     WPUB            equ	525	;# 
   192     0210                     WPUE            equ	528	;# 
   193     0211                     SSPBUF          equ	529	;# 
   194     0212                     SSPADD          equ	530	;# 
   195     0213                     SSPMSK          equ	531	;# 
   196     0214                     SSPSTAT         equ	532	;# 
   197     0215                     SSPCON1         equ	533	;# 
   198     0215                     SSPCON          equ	533	;# 
   199     0216                     SSPCON2         equ	534	;# 
   200     0217                     SSPCON3         equ	535	;# 
   201     0291                     CCPR1           equ	657	;# 
   202     0291                     CCPR1L          equ	657	;# 
   203     0292                     CCPR1H          equ	658	;# 
   204     0293                     CCP1CON         equ	659	;# 
   205     0294                     PWM1CON         equ	660	;# 
   206     0295                     CCP1AS          equ	661	;# 
   207     0295                     ECCP1AS         equ	661	;# 
   208     0296                     PSTR1CON        equ	662	;# 
   209     0298                     CCPR2           equ	664	;# 
   210     0298                     CCPR2L          equ	664	;# 
   211     0299                     CCPR2H          equ	665	;# 
   212     029A                     CCP2CON         equ	666	;# 
   213     029B                     PWM2CON         equ	667	;# 
   214     029C                     CCP2AS          equ	668	;# 
   215     029C                     ECCP2AS         equ	668	;# 
   216     029D                     PSTR2CON        equ	669	;# 
   217     029E                     CCPTMRS0        equ	670	;# 
   218     029F                     CCPTMRS1        equ	671	;# 
   219     0311                     CCPR3           equ	785	;# 
   220     0311                     CCPR3L          equ	785	;# 
   221     0312                     CCPR3H          equ	786	;# 
   222     0313                     CCP3CON         equ	787	;# 
   223     0314                     PWM3CON         equ	788	;# 
   224     0315                     CCP3AS          equ	789	;# 
   225     0315                     ECCP3AS         equ	789	;# 
   226     0316                     PSTR3CON        equ	790	;# 
   227     0318                     CCPR4           equ	792	;# 
   228     0318                     CCPR4L          equ	792	;# 
   229     0319                     CCPR4H          equ	793	;# 
   230     031A                     CCP4CON         equ	794	;# 
   231     031C                     CCPR5           equ	796	;# 
   232     031C                     CCPR5L          equ	796	;# 
   233     031D                     CCPR5H          equ	797	;# 
   234     031E                     CCP5CON         equ	798	;# 
   235     0394                     IOCBP           equ	916	;# 
   236     0395                     IOCBN           equ	917	;# 
   237     0396                     IOCBF           equ	918	;# 
   238     0415                     TMR4            equ	1045	;# 
   239     0416                     PR4             equ	1046	;# 
   240     0417                     T4CON           equ	1047	;# 
   241     041C                     TMR6            equ	1052	;# 
   242     041D                     PR6             equ	1053	;# 
   243     041E                     T6CON           equ	1054	;# 
   244     0791                     LCDCON          equ	1937	;# 
   245     0792                     LCDPS           equ	1938	;# 
   246     0793                     LCDREF          equ	1939	;# 
   247     0794                     LCDCST          equ	1940	;# 
   248     0795                     LCDRL           equ	1941	;# 
   249     0798                     LCDSE0          equ	1944	;# 
   250     0799                     LCDSE1          equ	1945	;# 
   251     07A0                     LCDDATA0        equ	1952	;# 
   252     07A1                     LCDDATA1        equ	1953	;# 
   253     07A3                     LCDDATA3        equ	1955	;# 
   254     07A4                     LCDDATA4        equ	1956	;# 
   255     07A6                     LCDDATA6        equ	1958	;# 
   256     07A7                     LCDDATA7        equ	1959	;# 
   257     07A9                     LCDDATA9        equ	1961	;# 
   258     07AA                     LCDDATA10       equ	1962	;# 
   259     0FE4                     STATUS_SHAD     equ	4068	;# 
   260     0FE5                     WREG_SHAD       equ	4069	;# 
   261     0FE6                     BSR_SHAD        equ	4070	;# 
   262     0FE7                     PCLATH_SHAD     equ	4071	;# 
   263     0FE8                     FSR0L_SHAD      equ	4072	;# 
   264     0FE9                     FSR0H_SHAD      equ	4073	;# 
   265     0FEA                     FSR1L_SHAD      equ	4074	;# 
   266     0FEB                     FSR1H_SHAD      equ	4075	;# 
   267     0FED                     STKPTR          equ	4077	;# 
   268     0FEE                     TOSL            equ	4078	;# 
   269     0FEF                     TOSH            equ	4079	;# 
   270     0000                     INDF0           equ	0	;# 
   271     0001                     INDF1           equ	1	;# 
   272     0002                     PCL             equ	2	;# 
   273     0003                     STATUS          equ	3	;# 
   274     0004                     FSR0L           equ	4	;# 
   275     0005                     FSR0H           equ	5	;# 
   276     0006                     FSR1L           equ	6	;# 
   277     0007                     FSR1H           equ	7	;# 
   278     0008                     BSR             equ	8	;# 
   279     0009                     WREG            equ	9	;# 
   280     000A                     PCLATH          equ	10	;# 
   281     000B                     INTCON          equ	11	;# 
   282     000C                     PORTA           equ	12	;# 
   283     000D                     PORTB           equ	13	;# 
   284     000E                     PORTC           equ	14	;# 
   285     0010                     PORTE           equ	16	;# 
   286     0011                     PIR1            equ	17	;# 
   287     0012                     PIR2            equ	18	;# 
   288     0013                     PIR3            equ	19	;# 
   289     0015                     TMR0            equ	21	;# 
   290     0016                     TMR1            equ	22	;# 
   291     0016                     TMR1L           equ	22	;# 
   292     0017                     TMR1H           equ	23	;# 
   293     0018                     T1CON           equ	24	;# 
   294     0019                     T1GCON          equ	25	;# 
   295     001A                     TMR2            equ	26	;# 
   296     001B                     PR2             equ	27	;# 
   297     001C                     T2CON           equ	28	;# 
   298     001E                     CPSCON0         equ	30	;# 
   299     001F                     CPSCON1         equ	31	;# 
   300     008C                     TRISA           equ	140	;# 
   301     008D                     TRISB           equ	141	;# 
   302     008E                     TRISC           equ	142	;# 
   303     0090                     TRISE           equ	144	;# 
   304     0091                     PIE1            equ	145	;# 
   305     0092                     PIE2            equ	146	;# 
   306     0093                     PIE3            equ	147	;# 
   307     0095                     OPTION_REG      equ	149	;# 
   308     0096                     PCON            equ	150	;# 
   309     0097                     WDTCON          equ	151	;# 
   310     0098                     OSCTUNE         equ	152	;# 
   311     0099                     OSCCON          equ	153	;# 
   312     009A                     OSCSTAT         equ	154	;# 
   313     009B                     ADRES           equ	155	;# 
   314     009B                     ADRESL          equ	155	;# 
   315     009C                     ADRESH          equ	156	;# 
   316     009D                     ADCON0          equ	157	;# 
   317     009E                     ADCON1          equ	158	;# 
   318     010C                     LATA            equ	268	;# 
   319     010D                     LATB            equ	269	;# 
   320     010E                     LATC            equ	270	;# 
   321     0110                     LATE            equ	272	;# 
   322     0111                     CM1CON0         equ	273	;# 
   323     0112                     CM1CON1         equ	274	;# 
   324     0113                     CM2CON0         equ	275	;# 
   325     0114                     CM2CON1         equ	276	;# 
   326     0115                     CMOUT           equ	277	;# 
   327     0116                     BORCON          equ	278	;# 
   328     0117                     FVRCON          equ	279	;# 
   329     0118                     DACCON0         equ	280	;# 
   330     0119                     DACCON1         equ	281	;# 
   331     011A                     SRCON0          equ	282	;# 
   332     011B                     SRCON1          equ	283	;# 
   333     011D                     APFCON          equ	285	;# 
   334     018C                     ANSELA          equ	396	;# 
   335     018D                     ANSELB          equ	397	;# 
   336     0191                     EEADR           equ	401	;# 
   337     0191                     EEADRL          equ	401	;# 
   338     0192                     EEADRH          equ	402	;# 
   339     0193                     EEDAT           equ	403	;# 
   340     0193                     EEDATL          equ	403	;# 
   341     0193                     EEDATA          equ	403	;# 
   342     0194                     EEDATH          equ	404	;# 
   343     0195                     EECON1          equ	405	;# 
   344     0196                     EECON2          equ	406	;# 
   345     0199                     RCREG           equ	409	;# 
   346     019A                     TXREG           equ	410	;# 
   347     019B                     SP1BRG          equ	411	;# 
   348     019B                     SP1BRGL         equ	411	;# 
   349     019B                     SPBRG           equ	411	;# 
   350     019B                     SPBRGL          equ	411	;# 
   351     019C                     SP1BRGH         equ	412	;# 
   352     019C                     SPBRGH          equ	412	;# 
   353     019D                     RCSTA           equ	413	;# 
   354     019E                     TXSTA           equ	414	;# 
   355     019F                     BAUDCON         equ	415	;# 
   356     020D                     WPUB            equ	525	;# 
   357     0210                     WPUE            equ	528	;# 
   358     0211                     SSPBUF          equ	529	;# 
   359     0212                     SSPADD          equ	530	;# 
   360     0213                     SSPMSK          equ	531	;# 
   361     0214                     SSPSTAT         equ	532	;# 
   362     0215                     SSPCON1         equ	533	;# 
   363     0215                     SSPCON          equ	533	;# 
   364     0216                     SSPCON2         equ	534	;# 
   365     0217                     SSPCON3         equ	535	;# 
   366     0291                     CCPR1           equ	657	;# 
   367     0291                     CCPR1L          equ	657	;# 
   368     0292                     CCPR1H          equ	658	;# 
   369     0293                     CCP1CON         equ	659	;# 
   370     0294                     PWM1CON         equ	660	;# 
   371     0295                     CCP1AS          equ	661	;# 
   372     0295                     ECCP1AS         equ	661	;# 
   373     0296                     PSTR1CON        equ	662	;# 
   374     0298                     CCPR2           equ	664	;# 
   375     0298                     CCPR2L          equ	664	;# 
   376     0299                     CCPR2H          equ	665	;# 
   377     029A                     CCP2CON         equ	666	;# 
   378     029B                     PWM2CON         equ	667	;# 
   379     029C                     CCP2AS          equ	668	;# 
   380     029C                     ECCP2AS         equ	668	;# 
   381     029D                     PSTR2CON        equ	669	;# 
   382     029E                     CCPTMRS0        equ	670	;# 
   383     029F                     CCPTMRS1        equ	671	;# 
   384     0311                     CCPR3           equ	785	;# 
   385     0311                     CCPR3L          equ	785	;# 
   386     0312                     CCPR3H          equ	786	;# 
   387     0313                     CCP3CON         equ	787	;# 
   388     0314                     PWM3CON         equ	788	;# 
   389     0315                     CCP3AS          equ	789	;# 
   390     0315                     ECCP3AS         equ	789	;# 
   391     0316                     PSTR3CON        equ	790	;# 
   392     0318                     CCPR4           equ	792	;# 
   393     0318                     CCPR4L          equ	792	;# 
   394     0319                     CCPR4H          equ	793	;# 
   395     031A                     CCP4CON         equ	794	;# 
   396     031C                     CCPR5           equ	796	;# 
   397     031C                     CCPR5L          equ	796	;# 
   398     031D                     CCPR5H          equ	797	;# 
   399     031E                     CCP5CON         equ	798	;# 
   400     0394                     IOCBP           equ	916	;# 
   401     0395                     IOCBN           equ	917	;# 
   402     0396                     IOCBF           equ	918	;# 
   403     0415                     TMR4            equ	1045	;# 
   404     0416                     PR4             equ	1046	;# 
   405     0417                     T4CON           equ	1047	;# 
   406     041C                     TMR6            equ	1052	;# 
   407     041D                     PR6             equ	1053	;# 
   408     041E                     T6CON           equ	1054	;# 
   409     0791                     LCDCON          equ	1937	;# 
   410     0792                     LCDPS           equ	1938	;# 
   411     0793                     LCDREF          equ	1939	;# 
   412     0794                     LCDCST          equ	1940	;# 
   413     0795                     LCDRL           equ	1941	;# 
   414     0798                     LCDSE0          equ	1944	;# 
   415     0799                     LCDSE1          equ	1945	;# 
   416     07A0                     LCDDATA0        equ	1952	;# 
   417     07A1                     LCDDATA1        equ	1953	;# 
   418     07A3                     LCDDATA3        equ	1955	;# 
   419     07A4                     LCDDATA4        equ	1956	;# 
   420     07A6                     LCDDATA6        equ	1958	;# 
   421     07A7                     LCDDATA7        equ	1959	;# 
   422     07A9                     LCDDATA9        equ	1961	;# 
   423     07AA                     LCDDATA10       equ	1962	;# 
   424     0FE4                     STATUS_SHAD     equ	4068	;# 
   425     0FE5                     WREG_SHAD       equ	4069	;# 
   426     0FE6                     BSR_SHAD        equ	4070	;# 
   427     0FE7                     PCLATH_SHAD     equ	4071	;# 
   428     0FE8                     FSR0L_SHAD      equ	4072	;# 
   429     0FE9                     FSR0H_SHAD      equ	4073	;# 
   430     0FEA                     FSR1L_SHAD      equ	4074	;# 
   431     0FEB                     FSR1H_SHAD      equ	4075	;# 
   432     0FED                     STKPTR          equ	4077	;# 
   433     0FEE                     TOSL            equ	4078	;# 
   434     0FEF                     TOSH            equ	4079	;# 
   435     0000                     INDF0           equ	0	;# 
   436     0001                     INDF1           equ	1	;# 
   437     0002                     PCL             equ	2	;# 
   438     0003                     STATUS          equ	3	;# 
   439     0004                     FSR0L           equ	4	;# 
   440     0005                     FSR0H           equ	5	;# 
   441     0006                     FSR1L           equ	6	;# 
   442     0007                     FSR1H           equ	7	;# 
   443     0008                     BSR             equ	8	;# 
   444     0009                     WREG            equ	9	;# 
   445     000A                     PCLATH          equ	10	;# 
   446     000B                     INTCON          equ	11	;# 
   447     000C                     PORTA           equ	12	;# 
   448     000D                     PORTB           equ	13	;# 
   449     000E                     PORTC           equ	14	;# 
   450     0010                     PORTE           equ	16	;# 
   451     0011                     PIR1            equ	17	;# 
   452     0012                     PIR2            equ	18	;# 
   453     0013                     PIR3            equ	19	;# 
   454     0015                     TMR0            equ	21	;# 
   455     0016                     TMR1            equ	22	;# 
   456     0016                     TMR1L           equ	22	;# 
   457     0017                     TMR1H           equ	23	;# 
   458     0018                     T1CON           equ	24	;# 
   459     0019                     T1GCON          equ	25	;# 
   460     001A                     TMR2            equ	26	;# 
   461     001B                     PR2             equ	27	;# 
   462     001C                     T2CON           equ	28	;# 
   463     001E                     CPSCON0         equ	30	;# 
   464     001F                     CPSCON1         equ	31	;# 
   465     008C                     TRISA           equ	140	;# 
   466     008D                     TRISB           equ	141	;# 
   467     008E                     TRISC           equ	142	;# 
   468     0090                     TRISE           equ	144	;# 
   469     0091                     PIE1            equ	145	;# 
   470     0092                     PIE2            equ	146	;# 
   471     0093                     PIE3            equ	147	;# 
   472     0095                     OPTION_REG      equ	149	;# 
   473     0096                     PCON            equ	150	;# 
   474     0097                     WDTCON          equ	151	;# 
   475     0098                     OSCTUNE         equ	152	;# 
   476     0099                     OSCCON          equ	153	;# 
   477     009A                     OSCSTAT         equ	154	;# 
   478     009B                     ADRES           equ	155	;# 
   479     009B                     ADRESL          equ	155	;# 
   480     009C                     ADRESH          equ	156	;# 
   481     009D                     ADCON0          equ	157	;# 
   482     009E                     ADCON1          equ	158	;# 
   483     010C                     LATA            equ	268	;# 
   484     010D                     LATB            equ	269	;# 
   485     010E                     LATC            equ	270	;# 
   486     0110                     LATE            equ	272	;# 
   487     0111                     CM1CON0         equ	273	;# 
   488     0112                     CM1CON1         equ	274	;# 
   489     0113                     CM2CON0         equ	275	;# 
   490     0114                     CM2CON1         equ	276	;# 
   491     0115                     CMOUT           equ	277	;# 
   492     0116                     BORCON          equ	278	;# 
   493     0117                     FVRCON          equ	279	;# 
   494     0118                     DACCON0         equ	280	;# 
   495     0119                     DACCON1         equ	281	;# 
   496     011A                     SRCON0          equ	282	;# 
   497     011B                     SRCON1          equ	283	;# 
   498     011D                     APFCON          equ	285	;# 
   499     018C                     ANSELA          equ	396	;# 
   500     018D                     ANSELB          equ	397	;# 
   501     0191                     EEADR           equ	401	;# 
   502     0191                     EEADRL          equ	401	;# 
   503     0192                     EEADRH          equ	402	;# 
   504     0193                     EEDAT           equ	403	;# 
   505     0193                     EEDATL          equ	403	;# 
   506     0193                     EEDATA          equ	403	;# 
   507     0194                     EEDATH          equ	404	;# 
   508     0195                     EECON1          equ	405	;# 
   509     0196                     EECON2          equ	406	;# 
   510     0199                     RCREG           equ	409	;# 
   511     019A                     TXREG           equ	410	;# 
   512     019B                     SP1BRG          equ	411	;# 
   513     019B                     SP1BRGL         equ	411	;# 
   514     019B                     SPBRG           equ	411	;# 
   515     019B                     SPBRGL          equ	411	;# 
   516     019C                     SP1BRGH         equ	412	;# 
   517     019C                     SPBRGH          equ	412	;# 
   518     019D                     RCSTA           equ	413	;# 
   519     019E                     TXSTA           equ	414	;# 
   520     019F                     BAUDCON         equ	415	;# 
   521     020D                     WPUB            equ	525	;# 
   522     0210                     WPUE            equ	528	;# 
   523     0211                     SSPBUF          equ	529	;# 
   524     0212                     SSPADD          equ	530	;# 
   525     0213                     SSPMSK          equ	531	;# 
   526     0214                     SSPSTAT         equ	532	;# 
   527     0215                     SSPCON1         equ	533	;# 
   528     0215                     SSPCON          equ	533	;# 
   529     0216                     SSPCON2         equ	534	;# 
   530     0217                     SSPCON3         equ	535	;# 
   531     0291                     CCPR1           equ	657	;# 
   532     0291                     CCPR1L          equ	657	;# 
   533     0292                     CCPR1H          equ	658	;# 
   534     0293                     CCP1CON         equ	659	;# 
   535     0294                     PWM1CON         equ	660	;# 
   536     0295                     CCP1AS          equ	661	;# 
   537     0295                     ECCP1AS         equ	661	;# 
   538     0296                     PSTR1CON        equ	662	;# 
   539     0298                     CCPR2           equ	664	;# 
   540     0298                     CCPR2L          equ	664	;# 
   541     0299                     CCPR2H          equ	665	;# 
   542     029A                     CCP2CON         equ	666	;# 
   543     029B                     PWM2CON         equ	667	;# 
   544     029C                     CCP2AS          equ	668	;# 
   545     029C                     ECCP2AS         equ	668	;# 
   546     029D                     PSTR2CON        equ	669	;# 
   547     029E                     CCPTMRS0        equ	670	;# 
   548     029F                     CCPTMRS1        equ	671	;# 
   549     0311                     CCPR3           equ	785	;# 
   550     0311                     CCPR3L          equ	785	;# 
   551     0312                     CCPR3H          equ	786	;# 
   552     0313                     CCP3CON         equ	787	;# 
   553     0314                     PWM3CON         equ	788	;# 
   554     0315                     CCP3AS          equ	789	;# 
   555     0315                     ECCP3AS         equ	789	;# 
   556     0316                     PSTR3CON        equ	790	;# 
   557     0318                     CCPR4           equ	792	;# 
   558     0318                     CCPR4L          equ	792	;# 
   559     0319                     CCPR4H          equ	793	;# 
   560     031A                     CCP4CON         equ	794	;# 
   561     031C                     CCPR5           equ	796	;# 
   562     031C                     CCPR5L          equ	796	;# 
   563     031D                     CCPR5H          equ	797	;# 
   564     031E                     CCP5CON         equ	798	;# 
   565     0394                     IOCBP           equ	916	;# 
   566     0395                     IOCBN           equ	917	;# 
   567     0396                     IOCBF           equ	918	;# 
   568     0415                     TMR4            equ	1045	;# 
   569     0416                     PR4             equ	1046	;# 
   570     0417                     T4CON           equ	1047	;# 
   571     041C                     TMR6            equ	1052	;# 
   572     041D                     PR6             equ	1053	;# 
   573     041E                     T6CON           equ	1054	;# 
   574     0791                     LCDCON          equ	1937	;# 
   575     0792                     LCDPS           equ	1938	;# 
   576     0793                     LCDREF          equ	1939	;# 
   577     0794                     LCDCST          equ	1940	;# 
   578     0795                     LCDRL           equ	1941	;# 
   579     0798                     LCDSE0          equ	1944	;# 
   580     0799                     LCDSE1          equ	1945	;# 
   581     07A0                     LCDDATA0        equ	1952	;# 
   582     07A1                     LCDDATA1        equ	1953	;# 
   583     07A3                     LCDDATA3        equ	1955	;# 
   584     07A4                     LCDDATA4        equ	1956	;# 
   585     07A6                     LCDDATA6        equ	1958	;# 
   586     07A7                     LCDDATA7        equ	1959	;# 
   587     07A9                     LCDDATA9        equ	1961	;# 
   588     07AA                     LCDDATA10       equ	1962	;# 
   589     0FE4                     STATUS_SHAD     equ	4068	;# 
   590     0FE5                     WREG_SHAD       equ	4069	;# 
   591     0FE6                     BSR_SHAD        equ	4070	;# 
   592     0FE7                     PCLATH_SHAD     equ	4071	;# 
   593     0FE8                     FSR0L_SHAD      equ	4072	;# 
   594     0FE9                     FSR0H_SHAD      equ	4073	;# 
   595     0FEA                     FSR1L_SHAD      equ	4074	;# 
   596     0FEB                     FSR1H_SHAD      equ	4075	;# 
   597     0FED                     STKPTR          equ	4077	;# 
   598     0FEE                     TOSL            equ	4078	;# 
   599     0FEF                     TOSH            equ	4079	;# 
   600     0000                     INDF0           equ	0	;# 
   601     0001                     INDF1           equ	1	;# 
   602     0002                     PCL             equ	2	;# 
   603     0003                     STATUS          equ	3	;# 
   604     0004                     FSR0L           equ	4	;# 
   605     0005                     FSR0H           equ	5	;# 
   606     0006                     FSR1L           equ	6	;# 
   607     0007                     FSR1H           equ	7	;# 
   608     0008                     BSR             equ	8	;# 
   609     0009                     WREG            equ	9	;# 
   610     000A                     PCLATH          equ	10	;# 
   611     000B                     INTCON          equ	11	;# 
   612     000C                     PORTA           equ	12	;# 
   613     000D                     PORTB           equ	13	;# 
   614     000E                     PORTC           equ	14	;# 
   615     0010                     PORTE           equ	16	;# 
   616     0011                     PIR1            equ	17	;# 
   617     0012                     PIR2            equ	18	;# 
   618     0013                     PIR3            equ	19	;# 
   619     0015                     TMR0            equ	21	;# 
   620     0016                     TMR1            equ	22	;# 
   621     0016                     TMR1L           equ	22	;# 
   622     0017                     TMR1H           equ	23	;# 
   623     0018                     T1CON           equ	24	;# 
   624     0019                     T1GCON          equ	25	;# 
   625     001A                     TMR2            equ	26	;# 
   626     001B                     PR2             equ	27	;# 
   627     001C                     T2CON           equ	28	;# 
   628     001E                     CPSCON0         equ	30	;# 
   629     001F                     CPSCON1         equ	31	;# 
   630     008C                     TRISA           equ	140	;# 
   631     008D                     TRISB           equ	141	;# 
   632     008E                     TRISC           equ	142	;# 
   633     0090                     TRISE           equ	144	;# 
   634     0091                     PIE1            equ	145	;# 
   635     0092                     PIE2            equ	146	;# 
   636     0093                     PIE3            equ	147	;# 
   637     0095                     OPTION_REG      equ	149	;# 
   638     0096                     PCON            equ	150	;# 
   639     0097                     WDTCON          equ	151	;# 
   640     0098                     OSCTUNE         equ	152	;# 
   641     0099                     OSCCON          equ	153	;# 
   642     009A                     OSCSTAT         equ	154	;# 
   643     009B                     ADRES           equ	155	;# 
   644     009B                     ADRESL          equ	155	;# 
   645     009C                     ADRESH          equ	156	;# 
   646     009D                     ADCON0          equ	157	;# 
   647     009E                     ADCON1          equ	158	;# 
   648     010C                     LATA            equ	268	;# 
   649     010D                     LATB            equ	269	;# 
   650     010E                     LATC            equ	270	;# 
   651     0110                     LATE            equ	272	;# 
   652     0111                     CM1CON0         equ	273	;# 
   653     0112                     CM1CON1         equ	274	;# 
   654     0113                     CM2CON0         equ	275	;# 
   655     0114                     CM2CON1         equ	276	;# 
   656     0115                     CMOUT           equ	277	;# 
   657     0116                     BORCON          equ	278	;# 
   658     0117                     FVRCON          equ	279	;# 
   659     0118                     DACCON0         equ	280	;# 
   660     0119                     DACCON1         equ	281	;# 
   661     011A                     SRCON0          equ	282	;# 
   662     011B                     SRCON1          equ	283	;# 
   663     011D                     APFCON          equ	285	;# 
   664     018C                     ANSELA          equ	396	;# 
   665     018D                     ANSELB          equ	397	;# 
   666     0191                     EEADR           equ	401	;# 
   667     0191                     EEADRL          equ	401	;# 
   668     0192                     EEADRH          equ	402	;# 
   669     0193                     EEDAT           equ	403	;# 
   670     0193                     EEDATL          equ	403	;# 
   671     0193                     EEDATA          equ	403	;# 
   672     0194                     EEDATH          equ	404	;# 
   673     0195                     EECON1          equ	405	;# 
   674     0196                     EECON2          equ	406	;# 
   675     0199                     RCREG           equ	409	;# 
   676     019A                     TXREG           equ	410	;# 
   677     019B                     SP1BRG          equ	411	;# 
   678     019B                     SP1BRGL         equ	411	;# 
   679     019B                     SPBRG           equ	411	;# 
   680     019B                     SPBRGL          equ	411	;# 
   681     019C                     SP1BRGH         equ	412	;# 
   682     019C                     SPBRGH          equ	412	;# 
   683     019D                     RCSTA           equ	413	;# 
   684     019E                     TXSTA           equ	414	;# 
   685     019F                     BAUDCON         equ	415	;# 
   686     020D                     WPUB            equ	525	;# 
   687     0210                     WPUE            equ	528	;# 
   688     0211                     SSPBUF          equ	529	;# 
   689     0212                     SSPADD          equ	530	;# 
   690     0213                     SSPMSK          equ	531	;# 
   691     0214                     SSPSTAT         equ	532	;# 
   692     0215                     SSPCON1         equ	533	;# 
   693     0215                     SSPCON          equ	533	;# 
   694     0216                     SSPCON2         equ	534	;# 
   695     0217                     SSPCON3         equ	535	;# 
   696     0291                     CCPR1           equ	657	;# 
   697     0291                     CCPR1L          equ	657	;# 
   698     0292                     CCPR1H          equ	658	;# 
   699     0293                     CCP1CON         equ	659	;# 
   700     0294                     PWM1CON         equ	660	;# 
   701     0295                     CCP1AS          equ	661	;# 
   702     0295                     ECCP1AS         equ	661	;# 
   703     0296                     PSTR1CON        equ	662	;# 
   704     0298                     CCPR2           equ	664	;# 
   705     0298                     CCPR2L          equ	664	;# 
   706     0299                     CCPR2H          equ	665	;# 
   707     029A                     CCP2CON         equ	666	;# 
   708     029B                     PWM2CON         equ	667	;# 
   709     029C                     CCP2AS          equ	668	;# 
   710     029C                     ECCP2AS         equ	668	;# 
   711     029D                     PSTR2CON        equ	669	;# 
   712     029E                     CCPTMRS0        equ	670	;# 
   713     029F                     CCPTMRS1        equ	671	;# 
   714     0311                     CCPR3           equ	785	;# 
   715     0311                     CCPR3L          equ	785	;# 
   716     0312                     CCPR3H          equ	786	;# 
   717     0313                     CCP3CON         equ	787	;# 
   718     0314                     PWM3CON         equ	788	;# 
   719     0315                     CCP3AS          equ	789	;# 
   720     0315                     ECCP3AS         equ	789	;# 
   721     0316                     PSTR3CON        equ	790	;# 
   722     0318                     CCPR4           equ	792	;# 
   723     0318                     CCPR4L          equ	792	;# 
   724     0319                     CCPR4H          equ	793	;# 
   725     031A                     CCP4CON         equ	794	;# 
   726     031C                     CCPR5           equ	796	;# 
   727     031C                     CCPR5L          equ	796	;# 
   728     031D                     CCPR5H          equ	797	;# 
   729     031E                     CCP5CON         equ	798	;# 
   730     0394                     IOCBP           equ	916	;# 
   731     0395                     IOCBN           equ	917	;# 
   732     0396                     IOCBF           equ	918	;# 
   733     0415                     TMR4            equ	1045	;# 
   734     0416                     PR4             equ	1046	;# 
   735     0417                     T4CON           equ	1047	;# 
   736     041C                     TMR6            equ	1052	;# 
   737     041D                     PR6             equ	1053	;# 
   738     041E                     T6CON           equ	1054	;# 
   739     0791                     LCDCON          equ	1937	;# 
   740     0792                     LCDPS           equ	1938	;# 
   741     0793                     LCDREF          equ	1939	;# 
   742     0794                     LCDCST          equ	1940	;# 
   743     0795                     LCDRL           equ	1941	;# 
   744     0798                     LCDSE0          equ	1944	;# 
   745     0799                     LCDSE1          equ	1945	;# 
   746     07A0                     LCDDATA0        equ	1952	;# 
   747     07A1                     LCDDATA1        equ	1953	;# 
   748     07A3                     LCDDATA3        equ	1955	;# 
   749     07A4                     LCDDATA4        equ	1956	;# 
   750     07A6                     LCDDATA6        equ	1958	;# 
   751     07A7                     LCDDATA7        equ	1959	;# 
   752     07A9                     LCDDATA9        equ	1961	;# 
   753     07AA                     LCDDATA10       equ	1962	;# 
   754     0FE4                     STATUS_SHAD     equ	4068	;# 
   755     0FE5                     WREG_SHAD       equ	4069	;# 
   756     0FE6                     BSR_SHAD        equ	4070	;# 
   757     0FE7                     PCLATH_SHAD     equ	4071	;# 
   758     0FE8                     FSR0L_SHAD      equ	4072	;# 
   759     0FE9                     FSR0H_SHAD      equ	4073	;# 
   760     0FEA                     FSR1L_SHAD      equ	4074	;# 
   761     0FEB                     FSR1H_SHAD      equ	4075	;# 
   762     0FED                     STKPTR          equ	4077	;# 
   763     0FEE                     TOSL            equ	4078	;# 
   764     0FEF                     TOSH            equ	4079	;# 
   765     0000                     INDF0           equ	0	;# 
   766     0001                     INDF1           equ	1	;# 
   767     0002                     PCL             equ	2	;# 
   768     0003                     STATUS          equ	3	;# 
   769     0004                     FSR0L           equ	4	;# 
   770     0005                     FSR0H           equ	5	;# 
   771     0006                     FSR1L           equ	6	;# 
   772     0007                     FSR1H           equ	7	;# 
   773     0008                     BSR             equ	8	;# 
   774     0009                     WREG            equ	9	;# 
   775     000A                     PCLATH          equ	10	;# 
   776     000B                     INTCON          equ	11	;# 
   777     000C                     PORTA           equ	12	;# 
   778     000D                     PORTB           equ	13	;# 
   779     000E                     PORTC           equ	14	;# 
   780     0010                     PORTE           equ	16	;# 
   781     0011                     PIR1            equ	17	;# 
   782     0012                     PIR2            equ	18	;# 
   783     0013                     PIR3            equ	19	;# 
   784     0015                     TMR0            equ	21	;# 
   785     0016                     TMR1            equ	22	;# 
   786     0016                     TMR1L           equ	22	;# 
   787     0017                     TMR1H           equ	23	;# 
   788     0018                     T1CON           equ	24	;# 
   789     0019                     T1GCON          equ	25	;# 
   790     001A                     TMR2            equ	26	;# 
   791     001B                     PR2             equ	27	;# 
   792     001C                     T2CON           equ	28	;# 
   793     001E                     CPSCON0         equ	30	;# 
   794     001F                     CPSCON1         equ	31	;# 
   795     008C                     TRISA           equ	140	;# 
   796     008D                     TRISB           equ	141	;# 
   797     008E                     TRISC           equ	142	;# 
   798     0090                     TRISE           equ	144	;# 
   799     0091                     PIE1            equ	145	;# 
   800     0092                     PIE2            equ	146	;# 
   801     0093                     PIE3            equ	147	;# 
   802     0095                     OPTION_REG      equ	149	;# 
   803     0096                     PCON            equ	150	;# 
   804     0097                     WDTCON          equ	151	;# 
   805     0098                     OSCTUNE         equ	152	;# 
   806     0099                     OSCCON          equ	153	;# 
   807     009A                     OSCSTAT         equ	154	;# 
   808     009B                     ADRES           equ	155	;# 
   809     009B                     ADRESL          equ	155	;# 
   810     009C                     ADRESH          equ	156	;# 
   811     009D                     ADCON0          equ	157	;# 
   812     009E                     ADCON1          equ	158	;# 
   813     010C                     LATA            equ	268	;# 
   814     010D                     LATB            equ	269	;# 
   815     010E                     LATC            equ	270	;# 
   816     0110                     LATE            equ	272	;# 
   817     0111                     CM1CON0         equ	273	;# 
   818     0112                     CM1CON1         equ	274	;# 
   819     0113                     CM2CON0         equ	275	;# 
   820     0114                     CM2CON1         equ	276	;# 
   821     0115                     CMOUT           equ	277	;# 
   822     0116                     BORCON          equ	278	;# 
   823     0117                     FVRCON          equ	279	;# 
   824     0118                     DACCON0         equ	280	;# 
   825     0119                     DACCON1         equ	281	;# 
   826     011A                     SRCON0          equ	282	;# 
   827     011B                     SRCON1          equ	283	;# 
   828     011D                     APFCON          equ	285	;# 
   829     018C                     ANSELA          equ	396	;# 
   830     018D                     ANSELB          equ	397	;# 
   831     0191                     EEADR           equ	401	;# 
   832     0191                     EEADRL          equ	401	;# 
   833     0192                     EEADRH          equ	402	;# 
   834     0193                     EEDAT           equ	403	;# 
   835     0193                     EEDATL          equ	403	;# 
   836     0193                     EEDATA          equ	403	;# 
   837     0194                     EEDATH          equ	404	;# 
   838     0195                     EECON1          equ	405	;# 
   839     0196                     EECON2          equ	406	;# 
   840     0199                     RCREG           equ	409	;# 
   841     019A                     TXREG           equ	410	;# 
   842     019B                     SP1BRG          equ	411	;# 
   843     019B                     SP1BRGL         equ	411	;# 
   844     019B                     SPBRG           equ	411	;# 
   845     019B                     SPBRGL          equ	411	;# 
   846     019C                     SP1BRGH         equ	412	;# 
   847     019C                     SPBRGH          equ	412	;# 
   848     019D                     RCSTA           equ	413	;# 
   849     019E                     TXSTA           equ	414	;# 
   850     019F                     BAUDCON         equ	415	;# 
   851     020D                     WPUB            equ	525	;# 
   852     0210                     WPUE            equ	528	;# 
   853     0211                     SSPBUF          equ	529	;# 
   854     0212                     SSPADD          equ	530	;# 
   855     0213                     SSPMSK          equ	531	;# 
   856     0214                     SSPSTAT         equ	532	;# 
   857     0215                     SSPCON1         equ	533	;# 
   858     0215                     SSPCON          equ	533	;# 
   859     0216                     SSPCON2         equ	534	;# 
   860     0217                     SSPCON3         equ	535	;# 
   861     0291                     CCPR1           equ	657	;# 
   862     0291                     CCPR1L          equ	657	;# 
   863     0292                     CCPR1H          equ	658	;# 
   864     0293                     CCP1CON         equ	659	;# 
   865     0294                     PWM1CON         equ	660	;# 
   866     0295                     CCP1AS          equ	661	;# 
   867     0295                     ECCP1AS         equ	661	;# 
   868     0296                     PSTR1CON        equ	662	;# 
   869     0298                     CCPR2           equ	664	;# 
   870     0298                     CCPR2L          equ	664	;# 
   871     0299                     CCPR2H          equ	665	;# 
   872     029A                     CCP2CON         equ	666	;# 
   873     029B                     PWM2CON         equ	667	;# 
   874     029C                     CCP2AS          equ	668	;# 
   875     029C                     ECCP2AS         equ	668	;# 
   876     029D                     PSTR2CON        equ	669	;# 
   877     029E                     CCPTMRS0        equ	670	;# 
   878     029F                     CCPTMRS1        equ	671	;# 
   879     0311                     CCPR3           equ	785	;# 
   880     0311                     CCPR3L          equ	785	;# 
   881     0312                     CCPR3H          equ	786	;# 
   882     0313                     CCP3CON         equ	787	;# 
   883     0314                     PWM3CON         equ	788	;# 
   884     0315                     CCP3AS          equ	789	;# 
   885     0315                     ECCP3AS         equ	789	;# 
   886     0316                     PSTR3CON        equ	790	;# 
   887     0318                     CCPR4           equ	792	;# 
   888     0318                     CCPR4L          equ	792	;# 
   889     0319                     CCPR4H          equ	793	;# 
   890     031A                     CCP4CON         equ	794	;# 
   891     031C                     CCPR5           equ	796	;# 
   892     031C                     CCPR5L          equ	796	;# 
   893     031D                     CCPR5H          equ	797	;# 
   894     031E                     CCP5CON         equ	798	;# 
   895     0394                     IOCBP           equ	916	;# 
   896     0395                     IOCBN           equ	917	;# 
   897     0396                     IOCBF           equ	918	;# 
   898     0415                     TMR4            equ	1045	;# 
   899     0416                     PR4             equ	1046	;# 
   900     0417                     T4CON           equ	1047	;# 
   901     041C                     TMR6            equ	1052	;# 
   902     041D                     PR6             equ	1053	;# 
   903     041E                     T6CON           equ	1054	;# 
   904     0791                     LCDCON          equ	1937	;# 
   905     0792                     LCDPS           equ	1938	;# 
   906     0793                     LCDREF          equ	1939	;# 
   907     0794                     LCDCST          equ	1940	;# 
   908     0795                     LCDRL           equ	1941	;# 
   909     0798                     LCDSE0          equ	1944	;# 
   910     0799                     LCDSE1          equ	1945	;# 
   911     07A0                     LCDDATA0        equ	1952	;# 
   912     07A1                     LCDDATA1        equ	1953	;# 
   913     07A3                     LCDDATA3        equ	1955	;# 
   914     07A4                     LCDDATA4        equ	1956	;# 
   915     07A6                     LCDDATA6        equ	1958	;# 
   916     07A7                     LCDDATA7        equ	1959	;# 
   917     07A9                     LCDDATA9        equ	1961	;# 
   918     07AA                     LCDDATA10       equ	1962	;# 
   919     0FE4                     STATUS_SHAD     equ	4068	;# 
   920     0FE5                     WREG_SHAD       equ	4069	;# 
   921     0FE6                     BSR_SHAD        equ	4070	;# 
   922     0FE7                     PCLATH_SHAD     equ	4071	;# 
   923     0FE8                     FSR0L_SHAD      equ	4072	;# 
   924     0FE9                     FSR0H_SHAD      equ	4073	;# 
   925     0FEA                     FSR1L_SHAD      equ	4074	;# 
   926     0FEB                     FSR1H_SHAD      equ	4075	;# 
   927     0FED                     STKPTR          equ	4077	;# 
   928     0FEE                     TOSL            equ	4078	;# 
   929     0FEF                     TOSH            equ	4079	;# 
   930     0000                     INDF0           equ	0	;# 
   931     0001                     INDF1           equ	1	;# 
   932     0002                     PCL             equ	2	;# 
   933     0003                     STATUS          equ	3	;# 
   934     0004                     FSR0L           equ	4	;# 
   935     0005                     FSR0H           equ	5	;# 
   936     0006                     FSR1L           equ	6	;# 
   937     0007                     FSR1H           equ	7	;# 
   938     0008                     BSR             equ	8	;# 
   939     0009                     WREG            equ	9	;# 
   940     000A                     PCLATH          equ	10	;# 
   941     000B                     INTCON          equ	11	;# 
   942     000C                     PORTA           equ	12	;# 
   943     000D                     PORTB           equ	13	;# 
   944     000E                     PORTC           equ	14	;# 
   945     0010                     PORTE           equ	16	;# 
   946     0011                     PIR1            equ	17	;# 
   947     0012                     PIR2            equ	18	;# 
   948     0013                     PIR3            equ	19	;# 
   949     0015                     TMR0            equ	21	;# 
   950     0016                     TMR1            equ	22	;# 
   951     0016                     TMR1L           equ	22	;# 
   952     0017                     TMR1H           equ	23	;# 
   953     0018                     T1CON           equ	24	;# 
   954     0019                     T1GCON          equ	25	;# 
   955     001A                     TMR2            equ	26	;# 
   956     001B                     PR2             equ	27	;# 
   957     001C                     T2CON           equ	28	;# 
   958     001E                     CPSCON0         equ	30	;# 
   959     001F                     CPSCON1         equ	31	;# 
   960     008C                     TRISA           equ	140	;# 
   961     008D                     TRISB           equ	141	;# 
   962     008E                     TRISC           equ	142	;# 
   963     0090                     TRISE           equ	144	;# 
   964     0091                     PIE1            equ	145	;# 
   965     0092                     PIE2            equ	146	;# 
   966     0093                     PIE3            equ	147	;# 
   967     0095                     OPTION_REG      equ	149	;# 
   968     0096                     PCON            equ	150	;# 
   969     0097                     WDTCON          equ	151	;# 
   970     0098                     OSCTUNE         equ	152	;# 
   971     0099                     OSCCON          equ	153	;# 
   972     009A                     OSCSTAT         equ	154	;# 
   973     009B                     ADRES           equ	155	;# 
   974     009B                     ADRESL          equ	155	;# 
   975     009C                     ADRESH          equ	156	;# 
   976     009D                     ADCON0          equ	157	;# 
   977     009E                     ADCON1          equ	158	;# 
   978     010C                     LATA            equ	268	;# 
   979     010D                     LATB            equ	269	;# 
   980     010E                     LATC            equ	270	;# 
   981     0110                     LATE            equ	272	;# 
   982     0111                     CM1CON0         equ	273	;# 
   983     0112                     CM1CON1         equ	274	;# 
   984     0113                     CM2CON0         equ	275	;# 
   985     0114                     CM2CON1         equ	276	;# 
   986     0115                     CMOUT           equ	277	;# 
   987     0116                     BORCON          equ	278	;# 
   988     0117                     FVRCON          equ	279	;# 
   989     0118                     DACCON0         equ	280	;# 
   990     0119                     DACCON1         equ	281	;# 
   991     011A                     SRCON0          equ	282	;# 
   992     011B                     SRCON1          equ	283	;# 
   993     011D                     APFCON          equ	285	;# 
   994     018C                     ANSELA          equ	396	;# 
   995     018D                     ANSELB          equ	397	;# 
   996     0191                     EEADR           equ	401	;# 
   997     0191                     EEADRL          equ	401	;# 
   998     0192                     EEADRH          equ	402	;# 
   999     0193                     EEDAT           equ	403	;# 
  1000     0193                     EEDATL          equ	403	;# 
  1001     0193                     EEDATA          equ	403	;# 
  1002     0194                     EEDATH          equ	404	;# 
  1003     0195                     EECON1          equ	405	;# 
  1004     0196                     EECON2          equ	406	;# 
  1005     0199                     RCREG           equ	409	;# 
  1006     019A                     TXREG           equ	410	;# 
  1007     019B                     SP1BRG          equ	411	;# 
  1008     019B                     SP1BRGL         equ	411	;# 
  1009     019B                     SPBRG           equ	411	;# 
  1010     019B                     SPBRGL          equ	411	;# 
  1011     019C                     SP1BRGH         equ	412	;# 
  1012     019C                     SPBRGH          equ	412	;# 
  1013     019D                     RCSTA           equ	413	;# 
  1014     019E                     TXSTA           equ	414	;# 
  1015     019F                     BAUDCON         equ	415	;# 
  1016     020D                     WPUB            equ	525	;# 
  1017     0210                     WPUE            equ	528	;# 
  1018     0211                     SSPBUF          equ	529	;# 
  1019     0212                     SSPADD          equ	530	;# 
  1020     0213                     SSPMSK          equ	531	;# 
  1021     0214                     SSPSTAT         equ	532	;# 
  1022     0215                     SSPCON1         equ	533	;# 
  1023     0215                     SSPCON          equ	533	;# 
  1024     0216                     SSPCON2         equ	534	;# 
  1025     0217                     SSPCON3         equ	535	;# 
  1026     0291                     CCPR1           equ	657	;# 
  1027     0291                     CCPR1L          equ	657	;# 
  1028     0292                     CCPR1H          equ	658	;# 
  1029     0293                     CCP1CON         equ	659	;# 
  1030     0294                     PWM1CON         equ	660	;# 
  1031     0295                     CCP1AS          equ	661	;# 
  1032     0295                     ECCP1AS         equ	661	;# 
  1033     0296                     PSTR1CON        equ	662	;# 
  1034     0298                     CCPR2           equ	664	;# 
  1035     0298                     CCPR2L          equ	664	;# 
  1036     0299                     CCPR2H          equ	665	;# 
  1037     029A                     CCP2CON         equ	666	;# 
  1038     029B                     PWM2CON         equ	667	;# 
  1039     029C                     CCP2AS          equ	668	;# 
  1040     029C                     ECCP2AS         equ	668	;# 
  1041     029D                     PSTR2CON        equ	669	;# 
  1042     029E                     CCPTMRS0        equ	670	;# 
  1043     029F                     CCPTMRS1        equ	671	;# 
  1044     0311                     CCPR3           equ	785	;# 
  1045     0311                     CCPR3L          equ	785	;# 
  1046     0312                     CCPR3H          equ	786	;# 
  1047     0313                     CCP3CON         equ	787	;# 
  1048     0314                     PWM3CON         equ	788	;# 
  1049     0315                     CCP3AS          equ	789	;# 
  1050     0315                     ECCP3AS         equ	789	;# 
  1051     0316                     PSTR3CON        equ	790	;# 
  1052     0318                     CCPR4           equ	792	;# 
  1053     0318                     CCPR4L          equ	792	;# 
  1054     0319                     CCPR4H          equ	793	;# 
  1055     031A                     CCP4CON         equ	794	;# 
  1056     031C                     CCPR5           equ	796	;# 
  1057     031C                     CCPR5L          equ	796	;# 
  1058     031D                     CCPR5H          equ	797	;# 
  1059     031E                     CCP5CON         equ	798	;# 
  1060     0394                     IOCBP           equ	916	;# 
  1061     0395                     IOCBN           equ	917	;# 
  1062     0396                     IOCBF           equ	918	;# 
  1063     0415                     TMR4            equ	1045	;# 
  1064     0416                     PR4             equ	1046	;# 
  1065     0417                     T4CON           equ	1047	;# 
  1066     041C                     TMR6            equ	1052	;# 
  1067     041D                     PR6             equ	1053	;# 
  1068     041E                     T6CON           equ	1054	;# 
  1069     0791                     LCDCON          equ	1937	;# 
  1070     0792                     LCDPS           equ	1938	;# 
  1071     0793                     LCDREF          equ	1939	;# 
  1072     0794                     LCDCST          equ	1940	;# 
  1073     0795                     LCDRL           equ	1941	;# 
  1074     0798                     LCDSE0          equ	1944	;# 
  1075     0799                     LCDSE1          equ	1945	;# 
  1076     07A0                     LCDDATA0        equ	1952	;# 
  1077     07A1                     LCDDATA1        equ	1953	;# 
  1078     07A3                     LCDDATA3        equ	1955	;# 
  1079     07A4                     LCDDATA4        equ	1956	;# 
  1080     07A6                     LCDDATA6        equ	1958	;# 
  1081     07A7                     LCDDATA7        equ	1959	;# 
  1082     07A9                     LCDDATA9        equ	1961	;# 
  1083     07AA                     LCDDATA10       equ	1962	;# 
  1084     0FE4                     STATUS_SHAD     equ	4068	;# 
  1085     0FE5                     WREG_SHAD       equ	4069	;# 
  1086     0FE6                     BSR_SHAD        equ	4070	;# 
  1087     0FE7                     PCLATH_SHAD     equ	4071	;# 
  1088     0FE8                     FSR0L_SHAD      equ	4072	;# 
  1089     0FE9                     FSR0H_SHAD      equ	4073	;# 
  1090     0FEA                     FSR1L_SHAD      equ	4074	;# 
  1091     0FEB                     FSR1H_SHAD      equ	4075	;# 
  1092     0FED                     STKPTR          equ	4077	;# 
  1093     0FEE                     TOSL            equ	4078	;# 
  1094     0FEF                     TOSH            equ	4079	;# 
  1095     0000                     INDF0           equ	0	;# 
  1096     0001                     INDF1           equ	1	;# 
  1097     0002                     PCL             equ	2	;# 
  1098     0003                     STATUS          equ	3	;# 
  1099     0004                     FSR0L           equ	4	;# 
  1100     0005                     FSR0H           equ	5	;# 
  1101     0006                     FSR1L           equ	6	;# 
  1102     0007                     FSR1H           equ	7	;# 
  1103     0008                     BSR             equ	8	;# 
  1104     0009                     WREG            equ	9	;# 
  1105     000A                     PCLATH          equ	10	;# 
  1106     000B                     INTCON          equ	11	;# 
  1107     000C                     PORTA           equ	12	;# 
  1108     000D                     PORTB           equ	13	;# 
  1109     000E                     PORTC           equ	14	;# 
  1110     0010                     PORTE           equ	16	;# 
  1111     0011                     PIR1            equ	17	;# 
  1112     0012                     PIR2            equ	18	;# 
  1113     0013                     PIR3            equ	19	;# 
  1114     0015                     TMR0            equ	21	;# 
  1115     0016                     TMR1            equ	22	;# 
  1116     0016                     TMR1L           equ	22	;# 
  1117     0017                     TMR1H           equ	23	;# 
  1118     0018                     T1CON           equ	24	;# 
  1119     0019                     T1GCON          equ	25	;# 
  1120     001A                     TMR2            equ	26	;# 
  1121     001B                     PR2             equ	27	;# 
  1122     001C                     T2CON           equ	28	;# 
  1123     001E                     CPSCON0         equ	30	;# 
  1124     001F                     CPSCON1         equ	31	;# 
  1125     008C                     TRISA           equ	140	;# 
  1126     008D                     TRISB           equ	141	;# 
  1127     008E                     TRISC           equ	142	;# 
  1128     0090                     TRISE           equ	144	;# 
  1129     0091                     PIE1            equ	145	;# 
  1130     0092                     PIE2            equ	146	;# 
  1131     0093                     PIE3            equ	147	;# 
  1132     0095                     OPTION_REG      equ	149	;# 
  1133     0096                     PCON            equ	150	;# 
  1134     0097                     WDTCON          equ	151	;# 
  1135     0098                     OSCTUNE         equ	152	;# 
  1136     0099                     OSCCON          equ	153	;# 
  1137     009A                     OSCSTAT         equ	154	;# 
  1138     009B                     ADRES           equ	155	;# 
  1139     009B                     ADRESL          equ	155	;# 
  1140     009C                     ADRESH          equ	156	;# 
  1141     009D                     ADCON0          equ	157	;# 
  1142     009E                     ADCON1          equ	158	;# 
  1143     010C                     LATA            equ	268	;# 
  1144     010D                     LATB            equ	269	;# 
  1145     010E                     LATC            equ	270	;# 
  1146     0110                     LATE            equ	272	;# 
  1147     0111                     CM1CON0         equ	273	;# 
  1148     0112                     CM1CON1         equ	274	;# 
  1149     0113                     CM2CON0         equ	275	;# 
  1150     0114                     CM2CON1         equ	276	;# 
  1151     0115                     CMOUT           equ	277	;# 
  1152     0116                     BORCON          equ	278	;# 
  1153     0117                     FVRCON          equ	279	;# 
  1154     0118                     DACCON0         equ	280	;# 
  1155     0119                     DACCON1         equ	281	;# 
  1156     011A                     SRCON0          equ	282	;# 
  1157     011B                     SRCON1          equ	283	;# 
  1158     011D                     APFCON          equ	285	;# 
  1159     018C                     ANSELA          equ	396	;# 
  1160     018D                     ANSELB          equ	397	;# 
  1161     0191                     EEADR           equ	401	;# 
  1162     0191                     EEADRL          equ	401	;# 
  1163     0192                     EEADRH          equ	402	;# 
  1164     0193                     EEDAT           equ	403	;# 
  1165     0193                     EEDATL          equ	403	;# 
  1166     0193                     EEDATA          equ	403	;# 
  1167     0194                     EEDATH          equ	404	;# 
  1168     0195                     EECON1          equ	405	;# 
  1169     0196                     EECON2          equ	406	;# 
  1170     0199                     RCREG           equ	409	;# 
  1171     019A                     TXREG           equ	410	;# 
  1172     019B                     SP1BRG          equ	411	;# 
  1173     019B                     SP1BRGL         equ	411	;# 
  1174     019B                     SPBRG           equ	411	;# 
  1175     019B                     SPBRGL          equ	411	;# 
  1176     019C                     SP1BRGH         equ	412	;# 
  1177     019C                     SPBRGH          equ	412	;# 
  1178     019D                     RCSTA           equ	413	;# 
  1179     019E                     TXSTA           equ	414	;# 
  1180     019F                     BAUDCON         equ	415	;# 
  1181     020D                     WPUB            equ	525	;# 
  1182     0210                     WPUE            equ	528	;# 
  1183     0211                     SSPBUF          equ	529	;# 
  1184     0212                     SSPADD          equ	530	;# 
  1185     0213                     SSPMSK          equ	531	;# 
  1186     0214                     SSPSTAT         equ	532	;# 
  1187     0215                     SSPCON1         equ	533	;# 
  1188     0215                     SSPCON          equ	533	;# 
  1189     0216                     SSPCON2         equ	534	;# 
  1190     0217                     SSPCON3         equ	535	;# 
  1191     0291                     CCPR1           equ	657	;# 
  1192     0291                     CCPR1L          equ	657	;# 
  1193     0292                     CCPR1H          equ	658	;# 
  1194     0293                     CCP1CON         equ	659	;# 
  1195     0294                     PWM1CON         equ	660	;# 
  1196     0295                     CCP1AS          equ	661	;# 
  1197     0295                     ECCP1AS         equ	661	;# 
  1198     0296                     PSTR1CON        equ	662	;# 
  1199     0298                     CCPR2           equ	664	;# 
  1200     0298                     CCPR2L          equ	664	;# 
  1201     0299                     CCPR2H          equ	665	;# 
  1202     029A                     CCP2CON         equ	666	;# 
  1203     029B                     PWM2CON         equ	667	;# 
  1204     029C                     CCP2AS          equ	668	;# 
  1205     029C                     ECCP2AS         equ	668	;# 
  1206     029D                     PSTR2CON        equ	669	;# 
  1207     029E                     CCPTMRS0        equ	670	;# 
  1208     029F                     CCPTMRS1        equ	671	;# 
  1209     0311                     CCPR3           equ	785	;# 
  1210     0311                     CCPR3L          equ	785	;# 
  1211     0312                     CCPR3H          equ	786	;# 
  1212     0313                     CCP3CON         equ	787	;# 
  1213     0314                     PWM3CON         equ	788	;# 
  1214     0315                     CCP3AS          equ	789	;# 
  1215     0315                     ECCP3AS         equ	789	;# 
  1216     0316                     PSTR3CON        equ	790	;# 
  1217     0318                     CCPR4           equ	792	;# 
  1218     0318                     CCPR4L          equ	792	;# 
  1219     0319                     CCPR4H          equ	793	;# 
  1220     031A                     CCP4CON         equ	794	;# 
  1221     031C                     CCPR5           equ	796	;# 
  1222     031C                     CCPR5L          equ	796	;# 
  1223     031D                     CCPR5H          equ	797	;# 
  1224     031E                     CCP5CON         equ	798	;# 
  1225     0394                     IOCBP           equ	916	;# 
  1226     0395                     IOCBN           equ	917	;# 
  1227     0396                     IOCBF           equ	918	;# 
  1228     0415                     TMR4            equ	1045	;# 
  1229     0416                     PR4             equ	1046	;# 
  1230     0417                     T4CON           equ	1047	;# 
  1231     041C                     TMR6            equ	1052	;# 
  1232     041D                     PR6             equ	1053	;# 
  1233     041E                     T6CON           equ	1054	;# 
  1234     0791                     LCDCON          equ	1937	;# 
  1235     0792                     LCDPS           equ	1938	;# 
  1236     0793                     LCDREF          equ	1939	;# 
  1237     0794                     LCDCST          equ	1940	;# 
  1238     0795                     LCDRL           equ	1941	;# 
  1239     0798                     LCDSE0          equ	1944	;# 
  1240     0799                     LCDSE1          equ	1945	;# 
  1241     07A0                     LCDDATA0        equ	1952	;# 
  1242     07A1                     LCDDATA1        equ	1953	;# 
  1243     07A3                     LCDDATA3        equ	1955	;# 
  1244     07A4                     LCDDATA4        equ	1956	;# 
  1245     07A6                     LCDDATA6        equ	1958	;# 
  1246     07A7                     LCDDATA7        equ	1959	;# 
  1247     07A9                     LCDDATA9        equ	1961	;# 
  1248     07AA                     LCDDATA10       equ	1962	;# 
  1249     0FE4                     STATUS_SHAD     equ	4068	;# 
  1250     0FE5                     WREG_SHAD       equ	4069	;# 
  1251     0FE6                     BSR_SHAD        equ	4070	;# 
  1252     0FE7                     PCLATH_SHAD     equ	4071	;# 
  1253     0FE8                     FSR0L_SHAD      equ	4072	;# 
  1254     0FE9                     FSR0H_SHAD      equ	4073	;# 
  1255     0FEA                     FSR1L_SHAD      equ	4074	;# 
  1256     0FEB                     FSR1H_SHAD      equ	4075	;# 
  1257     0FED                     STKPTR          equ	4077	;# 
  1258     0FEE                     TOSL            equ	4078	;# 
  1259     0FEF                     TOSH            equ	4079	;# 
  1260     0000                     INDF0           equ	0	;# 
  1261     0001                     INDF1           equ	1	;# 
  1262     0002                     PCL             equ	2	;# 
  1263     0003                     STATUS          equ	3	;# 
  1264     0004                     FSR0L           equ	4	;# 
  1265     0005                     FSR0H           equ	5	;# 
  1266     0006                     FSR1L           equ	6	;# 
  1267     0007                     FSR1H           equ	7	;# 
  1268     0008                     BSR             equ	8	;# 
  1269     0009                     WREG            equ	9	;# 
  1270     000A                     PCLATH          equ	10	;# 
  1271     000B                     INTCON          equ	11	;# 
  1272     000C                     PORTA           equ	12	;# 
  1273     000D                     PORTB           equ	13	;# 
  1274     000E                     PORTC           equ	14	;# 
  1275     0010                     PORTE           equ	16	;# 
  1276     0011                     PIR1            equ	17	;# 
  1277     0012                     PIR2            equ	18	;# 
  1278     0013                     PIR3            equ	19	;# 
  1279     0015                     TMR0            equ	21	;# 
  1280     0016                     TMR1            equ	22	;# 
  1281     0016                     TMR1L           equ	22	;# 
  1282     0017                     TMR1H           equ	23	;# 
  1283     0018                     T1CON           equ	24	;# 
  1284     0019                     T1GCON          equ	25	;# 
  1285     001A                     TMR2            equ	26	;# 
  1286     001B                     PR2             equ	27	;# 
  1287     001C                     T2CON           equ	28	;# 
  1288     001E                     CPSCON0         equ	30	;# 
  1289     001F                     CPSCON1         equ	31	;# 
  1290     008C                     TRISA           equ	140	;# 
  1291     008D                     TRISB           equ	141	;# 
  1292     008E                     TRISC           equ	142	;# 
  1293     0090                     TRISE           equ	144	;# 
  1294     0091                     PIE1            equ	145	;# 
  1295     0092                     PIE2            equ	146	;# 
  1296     0093                     PIE3            equ	147	;# 
  1297     0095                     OPTION_REG      equ	149	;# 
  1298     0096                     PCON            equ	150	;# 
  1299     0097                     WDTCON          equ	151	;# 
  1300     0098                     OSCTUNE         equ	152	;# 
  1301     0099                     OSCCON          equ	153	;# 
  1302     009A                     OSCSTAT         equ	154	;# 
  1303     009B                     ADRES           equ	155	;# 
  1304     009B                     ADRESL          equ	155	;# 
  1305     009C                     ADRESH          equ	156	;# 
  1306     009D                     ADCON0          equ	157	;# 
  1307     009E                     ADCON1          equ	158	;# 
  1308     010C                     LATA            equ	268	;# 
  1309     010D                     LATB            equ	269	;# 
  1310     010E                     LATC            equ	270	;# 
  1311     0110                     LATE            equ	272	;# 
  1312     0111                     CM1CON0         equ	273	;# 
  1313     0112                     CM1CON1         equ	274	;# 
  1314     0113                     CM2CON0         equ	275	;# 
  1315     0114                     CM2CON1         equ	276	;# 
  1316     0115                     CMOUT           equ	277	;# 
  1317     0116                     BORCON          equ	278	;# 
  1318     0117                     FVRCON          equ	279	;# 
  1319     0118                     DACCON0         equ	280	;# 
  1320     0119                     DACCON1         equ	281	;# 
  1321     011A                     SRCON0          equ	282	;# 
  1322     011B                     SRCON1          equ	283	;# 
  1323     011D                     APFCON          equ	285	;# 
  1324     018C                     ANSELA          equ	396	;# 
  1325     018D                     ANSELB          equ	397	;# 
  1326     0191                     EEADR           equ	401	;# 
  1327     0191                     EEADRL          equ	401	;# 
  1328     0192                     EEADRH          equ	402	;# 
  1329     0193                     EEDAT           equ	403	;# 
  1330     0193                     EEDATL          equ	403	;# 
  1331     0193                     EEDATA          equ	403	;# 
  1332     0194                     EEDATH          equ	404	;# 
  1333     0195                     EECON1          equ	405	;# 
  1334     0196                     EECON2          equ	406	;# 
  1335     0199                     RCREG           equ	409	;# 
  1336     019A                     TXREG           equ	410	;# 
  1337     019B                     SP1BRG          equ	411	;# 
  1338     019B                     SP1BRGL         equ	411	;# 
  1339     019B                     SPBRG           equ	411	;# 
  1340     019B                     SPBRGL          equ	411	;# 
  1341     019C                     SP1BRGH         equ	412	;# 
  1342     019C                     SPBRGH          equ	412	;# 
  1343     019D                     RCSTA           equ	413	;# 
  1344     019E                     TXSTA           equ	414	;# 
  1345     019F                     BAUDCON         equ	415	;# 
  1346     020D                     WPUB            equ	525	;# 
  1347     0210                     WPUE            equ	528	;# 
  1348     0211                     SSPBUF          equ	529	;# 
  1349     0212                     SSPADD          equ	530	;# 
  1350     0213                     SSPMSK          equ	531	;# 
  1351     0214                     SSPSTAT         equ	532	;# 
  1352     0215                     SSPCON1         equ	533	;# 
  1353     0215                     SSPCON          equ	533	;# 
  1354     0216                     SSPCON2         equ	534	;# 
  1355     0217                     SSPCON3         equ	535	;# 
  1356     0291                     CCPR1           equ	657	;# 
  1357     0291                     CCPR1L          equ	657	;# 
  1358     0292                     CCPR1H          equ	658	;# 
  1359     0293                     CCP1CON         equ	659	;# 
  1360     0294                     PWM1CON         equ	660	;# 
  1361     0295                     CCP1AS          equ	661	;# 
  1362     0295                     ECCP1AS         equ	661	;# 
  1363     0296                     PSTR1CON        equ	662	;# 
  1364     0298                     CCPR2           equ	664	;# 
  1365     0298                     CCPR2L          equ	664	;# 
  1366     0299                     CCPR2H          equ	665	;# 
  1367     029A                     CCP2CON         equ	666	;# 
  1368     029B                     PWM2CON         equ	667	;# 
  1369     029C                     CCP2AS          equ	668	;# 
  1370     029C                     ECCP2AS         equ	668	;# 
  1371     029D                     PSTR2CON        equ	669	;# 
  1372     029E                     CCPTMRS0        equ	670	;# 
  1373     029F                     CCPTMRS1        equ	671	;# 
  1374     0311                     CCPR3           equ	785	;# 
  1375     0311                     CCPR3L          equ	785	;# 
  1376     0312                     CCPR3H          equ	786	;# 
  1377     0313                     CCP3CON         equ	787	;# 
  1378     0314                     PWM3CON         equ	788	;# 
  1379     0315                     CCP3AS          equ	789	;# 
  1380     0315                     ECCP3AS         equ	789	;# 
  1381     0316                     PSTR3CON        equ	790	;# 
  1382     0318                     CCPR4           equ	792	;# 
  1383     0318                     CCPR4L          equ	792	;# 
  1384     0319                     CCPR4H          equ	793	;# 
  1385     031A                     CCP4CON         equ	794	;# 
  1386     031C                     CCPR5           equ	796	;# 
  1387     031C                     CCPR5L          equ	796	;# 
  1388     031D                     CCPR5H          equ	797	;# 
  1389     031E                     CCP5CON         equ	798	;# 
  1390     0394                     IOCBP           equ	916	;# 
  1391     0395                     IOCBN           equ	917	;# 
  1392     0396                     IOCBF           equ	918	;# 
  1393     0415                     TMR4            equ	1045	;# 
  1394     0416                     PR4             equ	1046	;# 
  1395     0417                     T4CON           equ	1047	;# 
  1396     041C                     TMR6            equ	1052	;# 
  1397     041D                     PR6             equ	1053	;# 
  1398     041E                     T6CON           equ	1054	;# 
  1399     0791                     LCDCON          equ	1937	;# 
  1400     0792                     LCDPS           equ	1938	;# 
  1401     0793                     LCDREF          equ	1939	;# 
  1402     0794                     LCDCST          equ	1940	;# 
  1403     0795                     LCDRL           equ	1941	;# 
  1404     0798                     LCDSE0          equ	1944	;# 
  1405     0799                     LCDSE1          equ	1945	;# 
  1406     07A0                     LCDDATA0        equ	1952	;# 
  1407     07A1                     LCDDATA1        equ	1953	;# 
  1408     07A3                     LCDDATA3        equ	1955	;# 
  1409     07A4                     LCDDATA4        equ	1956	;# 
  1410     07A6                     LCDDATA6        equ	1958	;# 
  1411     07A7                     LCDDATA7        equ	1959	;# 
  1412     07A9                     LCDDATA9        equ	1961	;# 
  1413     07AA                     LCDDATA10       equ	1962	;# 
  1414     0FE4                     STATUS_SHAD     equ	4068	;# 
  1415     0FE5                     WREG_SHAD       equ	4069	;# 
  1416     0FE6                     BSR_SHAD        equ	4070	;# 
  1417     0FE7                     PCLATH_SHAD     equ	4071	;# 
  1418     0FE8                     FSR0L_SHAD      equ	4072	;# 
  1419     0FE9                     FSR0H_SHAD      equ	4073	;# 
  1420     0FEA                     FSR1L_SHAD      equ	4074	;# 
  1421     0FEB                     FSR1H_SHAD      equ	4075	;# 
  1422     0FED                     STKPTR          equ	4077	;# 
  1423     0FEE                     TOSL            equ	4078	;# 
  1424     0FEF                     TOSH            equ	4079	;# 
  1425     0000                     INDF0           equ	0	;# 
  1426     0001                     INDF1           equ	1	;# 
  1427     0002                     PCL             equ	2	;# 
  1428     0003                     STATUS          equ	3	;# 
  1429     0004                     FSR0L           equ	4	;# 
  1430     0005                     FSR0H           equ	5	;# 
  1431     0006                     FSR1L           equ	6	;# 
  1432     0007                     FSR1H           equ	7	;# 
  1433     0008                     BSR             equ	8	;# 
  1434     0009                     WREG            equ	9	;# 
  1435     000A                     PCLATH          equ	10	;# 
  1436     000B                     INTCON          equ	11	;# 
  1437     000C                     PORTA           equ	12	;# 
  1438     000D                     PORTB           equ	13	;# 
  1439     000E                     PORTC           equ	14	;# 
  1440     0010                     PORTE           equ	16	;# 
  1441     0011                     PIR1            equ	17	;# 
  1442     0012                     PIR2            equ	18	;# 
  1443     0013                     PIR3            equ	19	;# 
  1444     0015                     TMR0            equ	21	;# 
  1445     0016                     TMR1            equ	22	;# 
  1446     0016                     TMR1L           equ	22	;# 
  1447     0017                     TMR1H           equ	23	;# 
  1448     0018                     T1CON           equ	24	;# 
  1449     0019                     T1GCON          equ	25	;# 
  1450     001A                     TMR2            equ	26	;# 
  1451     001B                     PR2             equ	27	;# 
  1452     001C                     T2CON           equ	28	;# 
  1453     001E                     CPSCON0         equ	30	;# 
  1454     001F                     CPSCON1         equ	31	;# 
  1455     008C                     TRISA           equ	140	;# 
  1456     008D                     TRISB           equ	141	;# 
  1457     008E                     TRISC           equ	142	;# 
  1458     0090                     TRISE           equ	144	;# 
  1459     0091                     PIE1            equ	145	;# 
  1460     0092                     PIE2            equ	146	;# 
  1461     0093                     PIE3            equ	147	;# 
  1462     0095                     OPTION_REG      equ	149	;# 
  1463     0096                     PCON            equ	150	;# 
  1464     0097                     WDTCON          equ	151	;# 
  1465     0098                     OSCTUNE         equ	152	;# 
  1466     0099                     OSCCON          equ	153	;# 
  1467     009A                     OSCSTAT         equ	154	;# 
  1468     009B                     ADRES           equ	155	;# 
  1469     009B                     ADRESL          equ	155	;# 
  1470     009C                     ADRESH          equ	156	;# 
  1471     009D                     ADCON0          equ	157	;# 
  1472     009E                     ADCON1          equ	158	;# 
  1473     010C                     LATA            equ	268	;# 
  1474     010D                     LATB            equ	269	;# 
  1475     010E                     LATC            equ	270	;# 
  1476     0110                     LATE            equ	272	;# 
  1477     0111                     CM1CON0         equ	273	;# 
  1478     0112                     CM1CON1         equ	274	;# 
  1479     0113                     CM2CON0         equ	275	;# 
  1480     0114                     CM2CON1         equ	276	;# 
  1481     0115                     CMOUT           equ	277	;# 
  1482     0116                     BORCON          equ	278	;# 
  1483     0117                     FVRCON          equ	279	;# 
  1484     0118                     DACCON0         equ	280	;# 
  1485     0119                     DACCON1         equ	281	;# 
  1486     011A                     SRCON0          equ	282	;# 
  1487     011B                     SRCON1          equ	283	;# 
  1488     011D                     APFCON          equ	285	;# 
  1489     018C                     ANSELA          equ	396	;# 
  1490     018D                     ANSELB          equ	397	;# 
  1491     0191                     EEADR           equ	401	;# 
  1492     0191                     EEADRL          equ	401	;# 
  1493     0192                     EEADRH          equ	402	;# 
  1494     0193                     EEDAT           equ	403	;# 
  1495     0193                     EEDATL          equ	403	;# 
  1496     0193                     EEDATA          equ	403	;# 
  1497     0194                     EEDATH          equ	404	;# 
  1498     0195                     EECON1          equ	405	;# 
  1499     0196                     EECON2          equ	406	;# 
  1500     0199                     RCREG           equ	409	;# 
  1501     019A                     TXREG           equ	410	;# 
  1502     019B                     SP1BRG          equ	411	;# 
  1503     019B                     SP1BRGL         equ	411	;# 
  1504     019B                     SPBRG           equ	411	;# 
  1505     019B                     SPBRGL          equ	411	;# 
  1506     019C                     SP1BRGH         equ	412	;# 
  1507     019C                     SPBRGH          equ	412	;# 
  1508     019D                     RCSTA           equ	413	;# 
  1509     019E                     TXSTA           equ	414	;# 
  1510     019F                     BAUDCON         equ	415	;# 
  1511     020D                     WPUB            equ	525	;# 
  1512     0210                     WPUE            equ	528	;# 
  1513     0211                     SSPBUF          equ	529	;# 
  1514     0212                     SSPADD          equ	530	;# 
  1515     0213                     SSPMSK          equ	531	;# 
  1516     0214                     SSPSTAT         equ	532	;# 
  1517     0215                     SSPCON1         equ	533	;# 
  1518     0215                     SSPCON          equ	533	;# 
  1519     0216                     SSPCON2         equ	534	;# 
  1520     0217                     SSPCON3         equ	535	;# 
  1521     0291                     CCPR1           equ	657	;# 
  1522     0291                     CCPR1L          equ	657	;# 
  1523     0292                     CCPR1H          equ	658	;# 
  1524     0293                     CCP1CON         equ	659	;# 
  1525     0294                     PWM1CON         equ	660	;# 
  1526     0295                     CCP1AS          equ	661	;# 
  1527     0295                     ECCP1AS         equ	661	;# 
  1528     0296                     PSTR1CON        equ	662	;# 
  1529     0298                     CCPR2           equ	664	;# 
  1530     0298                     CCPR2L          equ	664	;# 
  1531     0299                     CCPR2H          equ	665	;# 
  1532     029A                     CCP2CON         equ	666	;# 
  1533     029B                     PWM2CON         equ	667	;# 
  1534     029C                     CCP2AS          equ	668	;# 
  1535     029C                     ECCP2AS         equ	668	;# 
  1536     029D                     PSTR2CON        equ	669	;# 
  1537     029E                     CCPTMRS0        equ	670	;# 
  1538     029F                     CCPTMRS1        equ	671	;# 
  1539     0311                     CCPR3           equ	785	;# 
  1540     0311                     CCPR3L          equ	785	;# 
  1541     0312                     CCPR3H          equ	786	;# 
  1542     0313                     CCP3CON         equ	787	;# 
  1543     0314                     PWM3CON         equ	788	;# 
  1544     0315                     CCP3AS          equ	789	;# 
  1545     0315                     ECCP3AS         equ	789	;# 
  1546     0316                     PSTR3CON        equ	790	;# 
  1547     0318                     CCPR4           equ	792	;# 
  1548     0318                     CCPR4L          equ	792	;# 
  1549     0319                     CCPR4H          equ	793	;# 
  1550     031A                     CCP4CON         equ	794	;# 
  1551     031C                     CCPR5           equ	796	;# 
  1552     031C                     CCPR5L          equ	796	;# 
  1553     031D                     CCPR5H          equ	797	;# 
  1554     031E                     CCP5CON         equ	798	;# 
  1555     0394                     IOCBP           equ	916	;# 
  1556     0395                     IOCBN           equ	917	;# 
  1557     0396                     IOCBF           equ	918	;# 
  1558     0415                     TMR4            equ	1045	;# 
  1559     0416                     PR4             equ	1046	;# 
  1560     0417                     T4CON           equ	1047	;# 
  1561     041C                     TMR6            equ	1052	;# 
  1562     041D                     PR6             equ	1053	;# 
  1563     041E                     T6CON           equ	1054	;# 
  1564     0791                     LCDCON          equ	1937	;# 
  1565     0792                     LCDPS           equ	1938	;# 
  1566     0793                     LCDREF          equ	1939	;# 
  1567     0794                     LCDCST          equ	1940	;# 
  1568     0795                     LCDRL           equ	1941	;# 
  1569     0798                     LCDSE0          equ	1944	;# 
  1570     0799                     LCDSE1          equ	1945	;# 
  1571     07A0                     LCDDATA0        equ	1952	;# 
  1572     07A1                     LCDDATA1        equ	1953	;# 
  1573     07A3                     LCDDATA3        equ	1955	;# 
  1574     07A4                     LCDDATA4        equ	1956	;# 
  1575     07A6                     LCDDATA6        equ	1958	;# 
  1576     07A7                     LCDDATA7        equ	1959	;# 
  1577     07A9                     LCDDATA9        equ	1961	;# 
  1578     07AA                     LCDDATA10       equ	1962	;# 
  1579     0FE4                     STATUS_SHAD     equ	4068	;# 
  1580     0FE5                     WREG_SHAD       equ	4069	;# 
  1581     0FE6                     BSR_SHAD        equ	4070	;# 
  1582     0FE7                     PCLATH_SHAD     equ	4071	;# 
  1583     0FE8                     FSR0L_SHAD      equ	4072	;# 
  1584     0FE9                     FSR0H_SHAD      equ	4073	;# 
  1585     0FEA                     FSR1L_SHAD      equ	4074	;# 
  1586     0FEB                     FSR1H_SHAD      equ	4075	;# 
  1587     0FED                     STKPTR          equ	4077	;# 
  1588     0FEE                     TOSL            equ	4078	;# 
  1589     0FEF                     TOSH            equ	4079	;# 
  1590                           
  1591                           	psect	idataBANK0
  1592     060D                     __pidataBANK0:
  1593                           
  1594                           ;initializer for _LIN_timeout
  1595     060D  340A               	retlw	10
  1596                           
  1597                           	psect	stringtext1
  1598     05DC                     __pstringtext1:
  1599     05DC                     _scheduleTable:
  1600     05DC  3401               	retlw	1
  1601     05DD  3401               	retlw	1
  1602     05DE  3408               	retlw	8
  1603     05DF  34A8               	retlw	low (_SIGNAL_Data| 0)
  1604     05E0  3400               	retlw	high (_SIGNAL_Data| 0)
  1605     05E1                     __end_of_scheduleTable:
  1606     0011                     _PIR1bits       set	17
  1607     000B                     _INTCONbits     set	11
  1608     0015                     _TMR0           set	21
  1609     0097                     _WDTCON         set	151
  1610     0098                     _OSCTUNE        set	152
  1611     0099                     _OSCCON         set	153
  1612     0095                     _OPTION_REGbits set	149
  1613     008E                     _TRISC          set	142
  1614     008D                     _TRISB          set	141
  1615     008C                     _TRISA          set	140
  1616     0090                     _TRISE          set	144
  1617     0095                     _OPTION_REG     set	149
  1618     0091                     _PIE1bits       set	145
  1619     04D6                     _PLLR           set	1238
  1620     0116                     _BORCON         set	278
  1621     011D                     _APFCON         set	285
  1622     010E                     _LATC           set	270
  1623     010D                     _LATB           set	269
  1624     010C                     _LATA           set	268
  1625     0110                     _LATE           set	272
  1626     010D                     _LATBbits       set	269
  1627     018C                     _ANSELA         set	396
  1628     018D                     _ANSELB         set	397
  1629     0199                     _RCREG          set	409
  1630     019A                     _TXREG          set	410
  1631     019C                     _SPBRGH         set	412
  1632     019B                     _SPBRGL         set	411
  1633     019E                     _TXSTA          set	414
  1634     019D                     _RCSTA          set	413
  1635     019F                     _BAUDCON        set	415
  1636     019D                     _RCSTAbits      set	413
  1637     019E                     _TXSTAbits      set	414
  1638     020D                     _WPUB           set	525
  1639     0210                     _WPUE           set	528
  1640                           
  1641                           	psect	cinit
  1642     003D                     start_initialization:	
  1643                           ; #config settings
  1644                           
  1645     003D                     __initialization:
  1646                           
  1647                           ; Initialize objects allocated to BANK0
  1648     003D  3186  260D  3180   	fcall	__pidataBANK0	;fetch initializer
  1649     0040  00EF               	movwf	__pdataBANK0& (0+127)
  1650                           
  1651                           ; Clear objects allocated to COMMON
  1652     0041  01FD               	clrf	__pbssCOMMON& (0+127)
  1653                           
  1654                           ; Clear objects allocated to BANK0
  1655     0042  3020               	movlw	low __pbssBANK0
  1656     0043  0084               	movwf	4
  1657     0044  3000               	movlw	high __pbssBANK0
  1658     0045  0085               	movwf	5
  1659     0046  3041               	movlw	65
  1660     0047  3185  25B2  3180   	fcall	clear_ram0
  1661                           
  1662                           ; Clear objects allocated to BANK1
  1663     004A  30A0               	movlw	low __pbssBANK1
  1664     004B  0084               	movwf	4
  1665     004C  3000               	movlw	high __pbssBANK1
  1666     004D  0085               	movwf	5
  1667     004E  3010               	movlw	16
  1668     004F  3185  25B2  3180   	fcall	clear_ram0
  1669     0052                     end_of_initialization:	
  1670                           ;End of C runtime variable initialization code
  1671                           
  1672     0052                     __end_of__initialization:
  1673     0052  107E               	bcf	int$flags,0	;clear compiler interrupt flag (level 1)
  1674     0053  0020               	movlb	0
  1675     0054  3184  2CCC         	ljmp	_main	;jump to C main() function
  1676                           
  1677                           	psect	bssCOMMON
  1678     007D                     __pbssCOMMON:
  1679     007D                     _eusartRxHead:
  1680     007D                     	ds	1
  1681                           
  1682                           	psect	bssBANK0
  1683     0020                     __pbssBANK0:
  1684     0020                     _eusartRxStatusBuffer:
  1685     0020                     	ds	8
  1686     0028                     _eusartTxBuffer:
  1687     0028                     	ds	8
  1688     0030                     _EUSART_ErrorHandler:
  1689     0030                     	ds	2
  1690     0032                     _EUSART_OverrunErrorHandler:
  1691     0032                     	ds	2
  1692     0034                     _EUSART_FramingErrorHandler:
  1693     0034                     	ds	2
  1694     0036                     _EUSART_RxDefaultInterruptHandler:
  1695     0036                     	ds	2
  1696     0038                     _EUSART_TxDefaultInterruptHandler:
  1697     0038                     	ds	2
  1698     003A                     _TMR0_InterruptHandler:
  1699     003A                     	ds	2
  1700     003C                     _cnt:
  1701     003C                     	ds	2
  1702     003E                     _LIN_signalElapsedMs:
  1703     003E                     	ds	2
  1704     0040                     _LIN_rxCommand:
  1705     0040                     	ds	2
  1706     0042                     _LIN_processData:
  1707     0042                     	ds	2
  1708     0044                     _eusartRxLastError:
  1709     0044                     	ds	1
  1710     0045                     _eusartRxCount:
  1711     0045                     	ds	1
  1712     0046                     _eusartRxTail:
  1713     0046                     	ds	1
  1714     0047                     _eusartTxBufferRemaining:
  1715     0047                     	ds	1
  1716     0048                     _eusartTxTail:
  1717     0048                     	ds	1
  1718     0049                     _eusartTxHead:
  1719     0049                     	ds	1
  1720     004A                     _timer0ReloadVal:
  1721     004A                     	ds	1
  1722     004B                     LIN_handler@rxDataIndex:
  1723     004B                     	ds	1
  1724     004C                     LIN_handler@LIN_rxState:
  1725     004C                     	ds	1
  1726     004D                     _LIN_signalTimeoutPending:
  1727     004D                     	ds	1
  1728     004E                     _LIN_signalTimedOut:
  1729     004E                     	ds	1
  1730     004F                     _LIN_validSignalReceived:
  1731     004F                     	ds	1
  1732     0050                     _CountCallBack:
  1733     0050                     	ds	1
  1734     0051                     _LIN_timerRunning:
  1735     0051                     	ds	1
  1736     0052                     _LIN_rxCommandLength:
  1737     0052                     	ds	1
  1738     0053                     _LIN_rxInProgress:
  1739     0053                     	ds	1
  1740     0054                     _LIN_packet:
  1741     0054                     	ds	13
  1742                           
  1743                           	psect	dataBANK0
  1744     006F                     __pdataBANK0:
  1745     006F                     _LIN_timeout:
  1746     006F                     	ds	1
  1747                           
  1748                           	psect	bssBANK1
  1749     00A0                     __pbssBANK1:
  1750     00A0                     _eusartRxBuffer:
  1751     00A0                     	ds	8
  1752     00A8                     _SIGNAL_Data:
  1753     00A8                     	ds	8
  1754                           
  1755                           	psect	clrtext
  1756     05B2                     clear_ram0:	
  1757                           ;	Called with FSR0 containing the base address, and
  1758                           ;	WREG with the size to clear
  1759                           
  1760     05B2  0064               	clrwdt	;clear the watchdog before getting into this loop
  1761     05B3                     clrloop0:
  1762     05B3  0180               	clrf	0	;clear RAM location pointed to by FSR
  1763     05B4  3101               	addfsr 0,1
  1764     05B5  0B89               	decfsz	9,f	;Have we reached the end of clearing yet?
  1765     05B6  2DB3               	goto	clrloop0	;have we reached the end yet?
  1766     05B7  3400               	retlw	0	;all done for this memory range, return
  1767                           
  1768                           	psect	cstackCOMMON
  1769     0070                     __pcstackCOMMON:
  1770     0070                     ?_LIN_stopTimer:
  1771     0070                     ?_LIN_enableRx:	
  1772                           ; 1 bytes @ 0x0
  1773                           
  1774     0070                     ?_LIN_setTimerHandler:	
  1775                           ; 1 bytes @ 0x0
  1776                           
  1777     0070                     ?_LIN_getChecksum:	
  1778                           ; 1 bytes @ 0x0
  1779                           
  1780     0070                     ?_EUSART_is_rx_ready:	
  1781                           ; 1 bytes @ 0x0
  1782                           
  1783     0070                     ?_LIN_startTimer:	
  1784                           ; 1 bytes @ 0x0
  1785                           
  1786     0070                     ?_LIN_breakCheck:	
  1787                           ; 1 bytes @ 0x0
  1788                           
  1789     0070                     ?_EUSART_Read:	
  1790                           ; 1 bytes @ 0x0
  1791                           
  1792     0070                     ?_LIN_checkPID:	
  1793                           ; 1 bytes @ 0x0
  1794                           
  1795     0070                     ?_LIN_getFromTable:	
  1796                           ; 1 bytes @ 0x0
  1797                           
  1798     0070                     ?_LIN_disableRx:	
  1799                           ; 1 bytes @ 0x0
  1800                           
  1801     0070                     ?_EUSART_Write:	
  1802                           ; 1 bytes @ 0x0
  1803                           
  1804     0070                     ?_LIN_calcParity:	
  1805                           ; 1 bytes @ 0x0
  1806                           
  1807     0070                     ?_TMR0_WriteTimer:	
  1808                           ; 1 bytes @ 0x0
  1809                           
  1810     0070                     ?_TMR0_SetInterruptHandler:	
  1811                           ; 1 bytes @ 0x0
  1812                           
  1813     0070                     ?_EUSART_get_last_status:	
  1814                           ; 1 bytes @ 0x0
  1815                           
  1816     0070                     ?_processLIN:	
  1817                           ; 1 bytes @ 0x0
  1818                           
  1819     0070                     ?_TMR0_DefaultInterruptHandler:	
  1820                           ; 1 bytes @ 0x0
  1821                           
  1822     0070                     ?_EUSART_SetRxInterruptHandler:	
  1823                           ; 1 bytes @ 0x0
  1824                           
  1825     0070                     ?_EUSART_Receive_ISR:	
  1826                           ; 1 bytes @ 0x0
  1827                           
  1828     0070                     ?_EUSART_SetTxInterruptHandler:	
  1829                           ; 1 bytes @ 0x0
  1830                           
  1831     0070                     ?_EUSART_Transmit_ISR:	
  1832                           ; 1 bytes @ 0x0
  1833                           
  1834     0070                     ?_EUSART_SetFramingErrorHandler:	
  1835                           ; 1 bytes @ 0x0
  1836                           
  1837     0070                     ?_EUSART_DefaultFramingErrorHandler:	
  1838                           ; 1 bytes @ 0x0
  1839                           
  1840     0070                     ?_EUSART_SetOverrunErrorHandler:	
  1841                           ; 1 bytes @ 0x0
  1842                           
  1843     0070                     ?_EUSART_DefaultOverrunErrorHandler:	
  1844                           ; 1 bytes @ 0x0
  1845                           
  1846     0070                     ?_EUSART_SetErrorHandler:	
  1847                           ; 1 bytes @ 0x0
  1848                           
  1849     0070                     ?_EUSART_DefaultErrorHandler:	
  1850                           ; 1 bytes @ 0x0
  1851                           
  1852     0070                     ?_EUSART_RxDataHandler:	
  1853                           ; 1 bytes @ 0x0
  1854                           
  1855     0070                     ?_OSCILLATOR_Initialize:	
  1856                           ; 1 bytes @ 0x0
  1857                           
  1858     0070                     ?_WDT_Initialize:	
  1859                           ; 1 bytes @ 0x0
  1860                           
  1861     0070                     ?_LIN_signalTimeoutOccurred:	
  1862                           ; 1 bytes @ 0x0
  1863                           
  1864     0070                     ?_LIN_queuePacket:	
  1865                           ; 1 bytes @ 0x0
  1866                           
  1867     0070                     ?_LIN_handler:	
  1868                           ; 1 bytes @ 0x0
  1869                           
  1870     0070                     ?_LIN_timerHandler:	
  1871                           ; 1 bytes @ 0x0
  1872                           
  1873     0070                     ?_LIN_Slave_Initialize:	
  1874                           ; 1 bytes @ 0x0
  1875                           
  1876     0070                     ?_TMR0_Initialize:	
  1877                           ; 1 bytes @ 0x0
  1878                           
  1879     0070                     ?_TMR0_ReadTimer:	
  1880                           ; 1 bytes @ 0x0
  1881                           
  1882     0070                     ?_TMR0_Reload:	
  1883                           ; 1 bytes @ 0x0
  1884                           
  1885     0070                     ?_TMR0_ISR:	
  1886                           ; 1 bytes @ 0x0
  1887                           
  1888     0070                     ?_INTERRUPT_InterruptManager:	
  1889                           ; 1 bytes @ 0x0
  1890                           
  1891     0070                     ?_EUSART_Initialize:	
  1892                           ; 1 bytes @ 0x0
  1893                           
  1894     0070                     ?_EUSART_is_tx_ready:	
  1895                           ; 1 bytes @ 0x0
  1896                           
  1897     0070                     ?_EUSART_is_tx_done:	
  1898                           ; 1 bytes @ 0x0
  1899                           
  1900     0070                     ?_PIN_MANAGER_Initialize:	
  1901                           ; 1 bytes @ 0x0
  1902                           
  1903     0070                     ?_PIN_MANAGER_IOC:	
  1904                           ; 1 bytes @ 0x0
  1905                           
  1906     0070                     ?_SYSTEM_Initialize:	
  1907                           ; 1 bytes @ 0x0
  1908                           
  1909     0070                     ?_Clear_No_Call_Warning:	
  1910                           ; 1 bytes @ 0x0
  1911                           
  1912     0070                     ?_memcpy:	
  1913                           ; 1 bytes @ 0x0
  1914                           
  1915     0070                     ?_memset:	
  1916                           ; 2 bytes @ 0x0
  1917                           
  1918     0070                     ?_main:	
  1919                           ; 2 bytes @ 0x0
  1920                           
  1921     0070                     LIN_getFromTable@param:	
  1922                           ; 2 bytes @ 0x0
  1923                           
  1924     0070                     LIN_getChecksum@pid:	
  1925                           ; 1 bytes @ 0x0
  1926                           
  1927     0070                     TMR0_WriteTimer@timerVal:	
  1928                           ; 1 bytes @ 0x0
  1929                           
  1930     0070                     EUSART_Read@readValue:	
  1931                           ; 1 bytes @ 0x0
  1932                           
  1933     0070                     TMR0_SetInterruptHandler@InterruptHandler:	
  1934                           ; 1 bytes @ 0x0
  1935                           
  1936     0070                     EUSART_SetFramingErrorHandler@interruptHandler:	
  1937                           ; 2 bytes @ 0x0
  1938                           
  1939     0070                     EUSART_SetOverrunErrorHandler@interruptHandler:	
  1940                           ; 2 bytes @ 0x0
  1941                           
  1942     0070                     EUSART_SetErrorHandler@interruptHandler:	
  1943                           ; 2 bytes @ 0x0
  1944                           
  1945     0070                     EUSART_SetTxInterruptHandler@interruptHandler:	
  1946                           ; 2 bytes @ 0x0
  1947                           
  1948     0070                     EUSART_SetRxInterruptHandler@interruptHandler:	
  1949                           ; 2 bytes @ 0x0
  1950                           
  1951     0070                     memcpy@d1:	
  1952                           ; 2 bytes @ 0x0
  1953                           
  1954     0070                     memset@dest:	
  1955                           ; 2 bytes @ 0x0
  1956                           
  1957     0070                     ??_LIN_stopTimer:	
  1958                           ; 2 bytes @ 0x0
  1959                           
  1960     0070                     ??_LIN_enableRx:	
  1961                           ; 1 bytes @ 0x0
  1962                           
  1963     0070                     ??_EUSART_is_rx_ready:	
  1964                           ; 1 bytes @ 0x0
  1965                           
  1966     0070                     ??_EUSART_Read:	
  1967                           ; 1 bytes @ 0x0
  1968                           
  1969     0070                     ??_LIN_disableRx:	
  1970                           ; 1 bytes @ 0x0
  1971                           
  1972     0070                     ??_LIN_calcParity:	
  1973                           ; 1 bytes @ 0x0
  1974                           
  1975     0070                     ??_TMR0_WriteTimer:	
  1976                           ; 1 bytes @ 0x0
  1977                           
  1978     0070                     ??_EUSART_get_last_status:	
  1979                           ; 1 bytes @ 0x0
  1980                           
  1981     0070                     ??_TMR0_DefaultInterruptHandler:	
  1982                           ; 1 bytes @ 0x0
  1983                           
  1984     0070                     ??_EUSART_Receive_ISR:	
  1985                           ; 1 bytes @ 0x0
  1986                           
  1987     0070                     ??_EUSART_Transmit_ISR:	
  1988                           ; 1 bytes @ 0x0
  1989                           
  1990     0070                     ??_EUSART_DefaultFramingErrorHandler:	
  1991                           ; 1 bytes @ 0x0
  1992                           
  1993     0070                     ??_EUSART_DefaultOverrunErrorHandler:	
  1994                           ; 1 bytes @ 0x0
  1995                           
  1996     0070                     ??_EUSART_DefaultErrorHandler:	
  1997                           ; 1 bytes @ 0x0
  1998                           
  1999     0070                     ??_EUSART_RxDataHandler:	
  2000                           ; 1 bytes @ 0x0
  2001                           
  2002     0070                     ??_OSCILLATOR_Initialize:	
  2003                           ; 1 bytes @ 0x0
  2004                           
  2005     0070                     ??_WDT_Initialize:	
  2006                           ; 1 bytes @ 0x0
  2007                           
  2008     0070                     ??_LIN_signalTimeoutOccurred:	
  2009                           ; 1 bytes @ 0x0
  2010                           
  2011     0070                     ??_LIN_timerHandler:	
  2012                           ; 1 bytes @ 0x0
  2013                           
  2014     0070                     ??_TMR0_ReadTimer:	
  2015                           ; 1 bytes @ 0x0
  2016                           
  2017     0070                     ??_TMR0_Reload:	
  2018                           ; 1 bytes @ 0x0
  2019                           
  2020     0070                     ??_TMR0_ISR:	
  2021                           ; 1 bytes @ 0x0
  2022                           
  2023     0070                     ??_INTERRUPT_InterruptManager:	
  2024                           ; 1 bytes @ 0x0
  2025                           
  2026     0070                     ??_EUSART_is_tx_ready:	
  2027                           ; 1 bytes @ 0x0
  2028                           
  2029     0070                     ??_EUSART_is_tx_done:	
  2030                           ; 1 bytes @ 0x0
  2031                           
  2032     0070                     ??_PIN_MANAGER_Initialize:	
  2033                           ; 1 bytes @ 0x0
  2034                           
  2035     0070                     ??_PIN_MANAGER_IOC:	
  2036                           ; 1 bytes @ 0x0
  2037                           
  2038     0070                     ??_Clear_No_Call_Warning:	
  2039                           ; 1 bytes @ 0x0
  2040                           
  2041                           
  2042                           ; 1 bytes @ 0x0
  2043     0070                     	ds	1
  2044     0071                     LIN_calcParity@CMD:
  2045     0071                     LIN_startTimer@timeout:	
  2046                           ; 1 bytes @ 0x1
  2047                           
  2048     0071                     LIN_getChecksum@data:	
  2049                           ; 1 bytes @ 0x1
  2050                           
  2051     0071                     ??_LIN_startTimer:	
  2052                           ; 2 bytes @ 0x1
  2053                           
  2054     0071                     ??_LIN_breakCheck:	
  2055                           ; 1 bytes @ 0x1
  2056                           
  2057     0071                     ??_LIN_getFromTable:	
  2058                           ; 1 bytes @ 0x1
  2059                           
  2060                           
  2061                           ; 1 bytes @ 0x1
  2062     0071                     	ds	1
  2063     0072                     ?_LIN_init:
  2064     0072                     LIN_calcParity@PID:	
  2065                           ; 1 bytes @ 0x2
  2066                           
  2067     0072                     LIN_init@command:	
  2068                           ; 1 bytes @ 0x2
  2069                           
  2070     0072                     memcpy@s1:	
  2071                           ; 2 bytes @ 0x2
  2072                           
  2073     0072                     memset@c:	
  2074                           ; 2 bytes @ 0x2
  2075                           
  2076     0072                     ??_LIN_setTimerHandler:	
  2077                           ; 2 bytes @ 0x2
  2078                           
  2079     0072                     ??_TMR0_SetInterruptHandler:	
  2080                           ; 1 bytes @ 0x2
  2081                           
  2082     0072                     ??_EUSART_SetRxInterruptHandler:	
  2083                           ; 1 bytes @ 0x2
  2084                           
  2085     0072                     ??_EUSART_SetTxInterruptHandler:	
  2086                           ; 1 bytes @ 0x2
  2087                           
  2088     0072                     ??_EUSART_SetFramingErrorHandler:	
  2089                           ; 1 bytes @ 0x2
  2090                           
  2091     0072                     ??_EUSART_SetOverrunErrorHandler:	
  2092                           ; 1 bytes @ 0x2
  2093                           
  2094     0072                     ??_EUSART_SetErrorHandler:	
  2095                           ; 1 bytes @ 0x2
  2096                           
  2097     0072                     ??_TMR0_Initialize:	
  2098                           ; 1 bytes @ 0x2
  2099                           
  2100     0072                     ??_EUSART_Initialize:	
  2101                           ; 1 bytes @ 0x2
  2102                           
  2103                           
  2104                           ; 1 bytes @ 0x2
  2105     0072                     	ds	1
  2106     0073                     LIN_getFromTable@cmd:
  2107     0073                     ??_LIN_getChecksum:	
  2108                           ; 1 bytes @ 0x3
  2109                           
  2110                           
  2111                           ; 1 bytes @ 0x3
  2112     0073                     	ds	1
  2113     0074                     LIN_getFromTable@length:
  2114     0074                     LIN_init@processData:	
  2115                           ; 1 bytes @ 0x4
  2116                           
  2117     0074                     memcpy@n:	
  2118                           ; 2 bytes @ 0x4
  2119                           
  2120     0074                     memset@n:	
  2121                           ; 2 bytes @ 0x4
  2122                           
  2123                           
  2124                           ; 2 bytes @ 0x4
  2125     0074                     	ds	1
  2126     0075                     LIN_getChecksum@length:
  2127     0075                     LIN_getFromTable@rxCommand:	
  2128                           ; 1 bytes @ 0x5
  2129                           
  2130                           
  2131                           ; 2 bytes @ 0x5
  2132     0075                     	ds	1
  2133     0076                     LIN_init@tableLength:
  2134     0076                     LIN_getChecksum@i:	
  2135                           ; 1 bytes @ 0x6
  2136                           
  2137     0076                     memcpy@tmp:	
  2138                           ; 1 bytes @ 0x6
  2139                           
  2140     0076                     memset@p:	
  2141                           ; 1 bytes @ 0x6
  2142                           
  2143     0076                     ??_memcpy:	
  2144                           ; 1 bytes @ 0x6
  2145                           
  2146     0076                     ??_memset:	
  2147                           ; 1 bytes @ 0x6
  2148                           
  2149     0076                     ??_LIN_init:	
  2150                           ; 1 bytes @ 0x6
  2151                           
  2152                           
  2153                           ; 1 bytes @ 0x6
  2154     0076                     	ds	1
  2155     0077                     LIN_checkPID@pid:
  2156     0077                     memcpy@d:	
  2157                           ; 1 bytes @ 0x7
  2158                           
  2159     0077                     LIN_getChecksum@checksum:	
  2160                           ; 1 bytes @ 0x7
  2161                           
  2162     0077                     ??_LIN_checkPID:	
  2163                           ; 2 bytes @ 0x7
  2164                           
  2165     0077                     ??_LIN_Slave_Initialize:	
  2166                           ; 1 bytes @ 0x7
  2167                           
  2168     0077                     ??_SYSTEM_Initialize:	
  2169                           ; 1 bytes @ 0x7
  2170                           
  2171                           
  2172                           ; 1 bytes @ 0x7
  2173     0077                     	ds	1
  2174     0078                     memcpy@s:
  2175                           
  2176                           ; 1 bytes @ 0x8
  2177     0078                     	ds	1
  2178     0079                     ?_LIN_getPacket:
  2179     0079                     LIN_getPacket@data:	
  2180                           ; 1 bytes @ 0x9
  2181                           
  2182     0079                     EUSART_Write@txData:	
  2183                           ; 1 bytes @ 0x9
  2184                           
  2185     0079                     ??_EUSART_Write:	
  2186                           ; 1 bytes @ 0x9
  2187                           
  2188                           
  2189                           ; 1 bytes @ 0x9
  2190     0079                     	ds	1
  2191     007A                     ?_LIN_sendPacket:
  2192     007A                     LIN_sendPacket@pid:	
  2193                           ; 1 bytes @ 0xA
  2194                           
  2195     007A                     LIN_getPacket@cmd:	
  2196                           ; 1 bytes @ 0xA
  2197                           
  2198     007A                     ??_LIN_getPacket:	
  2199                           ; 1 bytes @ 0xA
  2200                           
  2201                           
  2202                           ; 1 bytes @ 0xA
  2203     007A                     	ds	1
  2204     007B                     LIN_sendPacket@data:
  2205     007B                     ??_processLIN:	
  2206                           ; 2 bytes @ 0xB
  2207                           
  2208                           
  2209                           ; 1 bytes @ 0xB
  2210     007B                     	ds	2
  2211     007D                     ??_LIN_sendPacket:
  2212     007D                     ??_main:	
  2213                           ; 1 bytes @ 0xD
  2214                           
  2215                           
  2216                           	psect	cstackBANK0
  2217     0061                     __pcstackBANK0:	
  2218                           ; 1 bytes @ 0xD
  2219                           
  2220     0061                     LIN_sendPacket@length:
  2221     0061                     processLIN@tempRxData:	
  2222                           ; 1 bytes @ 0x0
  2223                           
  2224                           
  2225                           ; 8 bytes @ 0x0
  2226     0061                     	ds	1
  2227     0062                     LIN_sendPacket@i:
  2228                           
  2229                           ; 1 bytes @ 0x1
  2230     0062                     	ds	1
  2231     0063                     ??_LIN_queuePacket:
  2232                           
  2233                           ; 1 bytes @ 0x2
  2234     0063                     	ds	3
  2235     0066                     LIN_queuePacket@cmd:
  2236                           
  2237                           ; 1 bytes @ 0x5
  2238     0066                     	ds	1
  2239     0067                     LIN_queuePacket@i:
  2240                           
  2241                           ; 1 bytes @ 0x6
  2242     0067                     	ds	1
  2243     0068                     LIN_queuePacket@tempSchedule:
  2244                           
  2245                           ; 2 bytes @ 0x7
  2246     0068                     	ds	1
  2247     0069                     processLIN@cmd:
  2248                           
  2249                           ; 1 bytes @ 0x8
  2250     0069                     	ds	1
  2251     006A                     ??_LIN_handler:
  2252                           
  2253                           ; 1 bytes @ 0x9
  2254     006A                     	ds	5
  2255                           
  2256                           	psect	maintext
  2257     04CC                     __pmaintext:	
  2258 ;;
  2259 ;;Main: autosize = 0, tempsize = 0, incstack = 0, save=0
  2260 ;;
  2261 ;; *************** function _main *****************
  2262 ;; Defined at:
  2263 ;;		line 77 in file "main.c"
  2264 ;; Parameters:    Size  Location     Type
  2265 ;;		None
  2266 ;; Auto vars:     Size  Location     Type
  2267 ;;		None
  2268 ;; Return value:  Size  Location     Type
  2269 ;;                  2  540[None  ] int 
  2270 ;; Registers used:
  2271 ;;		wreg, fsr0l, fsr0h, fsr1l, fsr1h, status,2, status,0, pclath, cstack
  2272 ;; Tracked objects:
  2273 ;;		On entry : B1F/0
  2274 ;;		On exit  : 0/0
  2275 ;;		Unchanged: 0/0
  2276 ;; Data sizes:     COMMON   BANK0   BANK1   BANK2   BANK3   BANK4   BANK5   BANK6
  2277 ;;      Params:         0       0       0       0       0       0       0       0
  2278 ;;      Locals:         0       0       0       0       0       0       0       0
  2279 ;;      Temps:          0       0       0       0       0       0       0       0
  2280 ;;      Totals:         0       0       0       0       0       0       0       0
  2281 ;;Total ram usage:        0 bytes
  2282 ;; Hardware stack levels required when called: 9
  2283 ;; This function calls:
  2284 ;;		_Clear_No_Call_Warning
  2285 ;;		_LIN_handler
  2286 ;;		_LIN_signalTimeoutOccurred
  2287 ;;		_SYSTEM_Initialize
  2288 ;; This function is called by:
  2289 ;;		Startup code after reset
  2290 ;; This function uses a non-reentrant model
  2291 ;;
  2292                           
  2293     04CC                     _main:	
  2294                           ;psect for function _main
  2295                           
  2296     04CC                     l2589:	
  2297                           ;incstack = 0
  2298                           ; Regs used in _main: [wreg-fsr1h+status,2+status,0+pclath+cstack]
  2299                           
  2300                           
  2301                           ;main.c: 80:   SYSTEM_Initialize();
  2302     04CC  3185  2539  3184   	fcall	_SYSTEM_Initialize
  2303     04CF                     l2591:
  2304                           
  2305                           ;main.c: 83:   (INTCONbits.GIE = 1);
  2306     04CF  178B               	bsf	11,7	;volatile
  2307     04D0                     l2593:
  2308                           
  2309                           ;main.c: 85:   (INTCONbits.PEIE = 1);
  2310     04D0  170B               	bsf	11,6	;volatile
  2311     04D1                     l2595:
  2312                           
  2313                           ;main.c: 87:   Clear_No_Call_Warning();
  2314     04D1  3186  260E  3184   	fcall	_Clear_No_Call_Warning
  2315     04D4                     l2597:
  2316                           
  2317                           ;main.c: 89:   {;main.c: 91:     LIN_handler();
  2318     04D4  3180  2056  3184   	fcall	_LIN_handler
  2319     04D7                     l2599:
  2320                           
  2321                           ;main.c: 92:     if (LIN_signalTimeoutOccurred())
  2322     04D7  3185  2596  3184   	fcall	_LIN_signalTimeoutOccurred
  2323     04DA  3A00               	xorlw	0
  2324     04DB  1903               	skipnz
  2325     04DC  2CDE               	goto	u2061
  2326     04DD  2CDF               	goto	u2060
  2327     04DE                     u2061:
  2328     04DE  2CD4               	goto	l2597
  2329     04DF                     u2060:
  2330     04DF                     l2601:
  2331                           
  2332                           ;main.c: 93:     {;main.c: 94:       LATBbits.LATB2 = 0;
  2333     04DF  0022               	movlb	2	; select bank2
  2334     04E0  110D               	bcf	13,2	;volatile
  2335     04E1  2CD4               	goto	l2597
  2336     04E2  3180  283B         	ljmp	start
  2337     04E4                     __end_of_main:
  2338                           
  2339                           	psect	text1
  2340     0539                     __ptext1:	
  2341 ;; *************** function _SYSTEM_Initialize *****************
  2342 ;; Defined at:
  2343 ;;		line 50 in file "mcc_generated_files/mcc.c"
  2344 ;; Parameters:    Size  Location     Type
  2345 ;;		None
  2346 ;; Auto vars:     Size  Location     Type
  2347 ;;		None
  2348 ;; Return value:  Size  Location     Type
  2349 ;;                  1    wreg      void 
  2350 ;; Registers used:
  2351 ;;		wreg, status,2, status,0, pclath, cstack
  2352 ;; Tracked objects:
  2353 ;;		On entry : 0/0
  2354 ;;		On exit  : 0/0
  2355 ;;		Unchanged: 0/0
  2356 ;; Data sizes:     COMMON   BANK0   BANK1   BANK2   BANK3   BANK4   BANK5   BANK6
  2357 ;;      Params:         0       0       0       0       0       0       0       0
  2358 ;;      Locals:         0       0       0       0       0       0       0       0
  2359 ;;      Temps:          0       0       0       0       0       0       0       0
  2360 ;;      Totals:         0       0       0       0       0       0       0       0
  2361 ;;Total ram usage:        0 bytes
  2362 ;; Hardware stack levels used: 1
  2363 ;; Hardware stack levels required when called: 8
  2364 ;; This function calls:
  2365 ;;		_EUSART_Initialize
  2366 ;;		_LIN_Slave_Initialize
  2367 ;;		_OSCILLATOR_Initialize
  2368 ;;		_PIN_MANAGER_Initialize
  2369 ;;		_TMR0_Initialize
  2370 ;;		_WDT_Initialize
  2371 ;; This function is called by:
  2372 ;;		_main
  2373 ;; This function uses a non-reentrant model
  2374 ;;
  2375                           
  2376     0539                     _SYSTEM_Initialize:	
  2377                           ;psect for function _SYSTEM_Initialize
  2378                           
  2379     0539                     l2581:	
  2380                           ;incstack = 0
  2381                           ; Regs used in _SYSTEM_Initialize: [wreg+status,2+status,0+pclath+cstack]
  2382                           
  2383                           
  2384                           ;mcc_generated_files/mcc.c: 53:     PIN_MANAGER_Initialize();
  2385     0539  3184  2498  3185   	fcall	_PIN_MANAGER_Initialize
  2386                           
  2387                           ;mcc_generated_files/mcc.c: 54:     OSCILLATOR_Initialize();
  2388     053C  3185  258A  3185   	fcall	_OSCILLATOR_Initialize
  2389                           
  2390                           ;mcc_generated_files/mcc.c: 55:     WDT_Initialize();
  2391     053F  3185  25F0  3185   	fcall	_WDT_Initialize
  2392     0542                     l2583:
  2393                           
  2394                           ;mcc_generated_files/mcc.c: 56:     TMR0_Initialize();
  2395     0542  3185  2511  3185   	fcall	_TMR0_Initialize
  2396     0545                     l2585:
  2397                           
  2398                           ;mcc_generated_files/mcc.c: 57:     EUSART_Initialize();
  2399     0545  3182  22C2  3185   	fcall	_EUSART_Initialize
  2400     0548                     l2587:
  2401                           
  2402                           ;mcc_generated_files/mcc.c: 58:     LIN_Slave_Initialize();
  2403     0548  3185  257D  3185   	fcall	_LIN_Slave_Initialize
  2404     054B                     l489:
  2405     054B  0008               	return
  2406     054C                     __end_of_SYSTEM_Initialize:
  2407                           
  2408                           	psect	text2
  2409     05F0                     __ptext2:	
  2410 ;; *************** function _WDT_Initialize *****************
  2411 ;; Defined at:
  2412 ;;		line 75 in file "mcc_generated_files/mcc.c"
  2413 ;; Parameters:    Size  Location     Type
  2414 ;;		None
  2415 ;; Auto vars:     Size  Location     Type
  2416 ;;		None
  2417 ;; Return value:  Size  Location     Type
  2418 ;;                  1    wreg      void 
  2419 ;; Registers used:
  2420 ;;		None
  2421 ;; Tracked objects:
  2422 ;;		On entry : 0/0
  2423 ;;		On exit  : 0/0
  2424 ;;		Unchanged: 0/0
  2425 ;; Data sizes:     COMMON   BANK0   BANK1   BANK2   BANK3   BANK4   BANK5   BANK6
  2426 ;;      Params:         0       0       0       0       0       0       0       0
  2427 ;;      Locals:         0       0       0       0       0       0       0       0
  2428 ;;      Temps:          0       0       0       0       0       0       0       0
  2429 ;;      Totals:         0       0       0       0       0       0       0       0
  2430 ;;Total ram usage:        0 bytes
  2431 ;; Hardware stack levels used: 1
  2432 ;; Hardware stack levels required when called: 4
  2433 ;; This function calls:
  2434 ;;		Nothing
  2435 ;; This function is called by:
  2436 ;;		_SYSTEM_Initialize
  2437 ;; This function uses a non-reentrant model
  2438 ;;
  2439                           
  2440     05F0                     _WDT_Initialize:	
  2441                           ;psect for function _WDT_Initialize
  2442                           
  2443     05F0                     l1493:	
  2444                           ;incstack = 0
  2445                           ; Regs used in _WDT_Initialize: []
  2446                           
  2447                           
  2448                           ;mcc_generated_files/mcc.c: 78:     WDTCON = 0x16;
  2449     05F0  3016               	movlw	22
  2450     05F1  0021               	movlb	1	; select bank1
  2451     05F2  0097               	movwf	23	;volatile
  2452     05F3                     l498:
  2453     05F3  0008               	return
  2454     05F4                     __end_of_WDT_Initialize:
  2455                           
  2456                           	psect	text3
  2457     0511                     __ptext3:	
  2458 ;; *************** function _TMR0_Initialize *****************
  2459 ;; Defined at:
  2460 ;;		line 64 in file "mcc_generated_files/tmr0.c"
  2461 ;; Parameters:    Size  Location     Type
  2462 ;;		None
  2463 ;; Auto vars:     Size  Location     Type
  2464 ;;		None
  2465 ;; Return value:  Size  Location     Type
  2466 ;;                  1    wreg      void 
  2467 ;; Registers used:
  2468 ;;		wreg, status,2, status,0, pclath, cstack
  2469 ;; Tracked objects:
  2470 ;;		On entry : 0/0
  2471 ;;		On exit  : 0/0
  2472 ;;		Unchanged: 0/0
  2473 ;; Data sizes:     COMMON   BANK0   BANK1   BANK2   BANK3   BANK4   BANK5   BANK6
  2474 ;;      Params:         0       0       0       0       0       0       0       0
  2475 ;;      Locals:         0       0       0       0       0       0       0       0
  2476 ;;      Temps:          0       0       0       0       0       0       0       0
  2477 ;;      Totals:         0       0       0       0       0       0       0       0
  2478 ;;Total ram usage:        0 bytes
  2479 ;; Hardware stack levels used: 1
  2480 ;; Hardware stack levels required when called: 5
  2481 ;; This function calls:
  2482 ;;		_TMR0_SetInterruptHandler
  2483 ;; This function is called by:
  2484 ;;		_SYSTEM_Initialize
  2485 ;; This function uses a non-reentrant model
  2486 ;;
  2487                           
  2488     0511                     _TMR0_Initialize:	
  2489                           ;psect for function _TMR0_Initialize
  2490                           
  2491     0511                     l2045:	
  2492                           ;incstack = 0
  2493                           ; Regs used in _TMR0_Initialize: [wreg+status,2+status,0+pclath+cstack]
  2494                           
  2495                           
  2496                           ;mcc_generated_files/tmr0.c: 69:     OPTION_REG = (uint8_t)((OPTION_REG & 0xC0) | (0xD4 
      +                          & 0x3F));
  2497     0511  0021               	movlb	1	; select bank1
  2498     0512  0815               	movf	21,w	;volatile
  2499     0513  39C0               	andlw	192
  2500     0514  3814               	iorlw	20
  2501     0515  0095               	movwf	21	;volatile
  2502     0516                     l2047:
  2503                           
  2504                           ;mcc_generated_files/tmr0.c: 72:     TMR0 = 0x06;
  2505     0516  3006               	movlw	6
  2506     0517  0020               	movlb	0	; select bank0
  2507     0518  0095               	movwf	21	;volatile
  2508     0519                     l2049:
  2509                           
  2510                           ;mcc_generated_files/tmr0.c: 75:     timer0ReloadVal= 6;
  2511     0519  3006               	movlw	6
  2512     051A  00CA               	movwf	_timer0ReloadVal	;volatile
  2513     051B                     l2051:
  2514                           
  2515                           ;mcc_generated_files/tmr0.c: 78:     INTCONbits.TMR0IF = 0;
  2516     051B  110B               	bcf	11,2	;volatile
  2517     051C                     l2053:
  2518                           
  2519                           ;mcc_generated_files/tmr0.c: 81:     INTCONbits.TMR0IE = 1;
  2520     051C  168B               	bsf	11,5	;volatile
  2521     051D                     l2055:
  2522                           
  2523                           ;mcc_generated_files/tmr0.c: 84:     TMR0_SetInterruptHandler(TMR0_DefaultInterruptHandl
      +                          er);
  2524     051D  3011               	movlw	low _TMR0_DefaultInterruptHandler
  2525     051E  00F0               	movwf	TMR0_SetInterruptHandler@InterruptHandler
  2526     051F  3006               	movlw	high _TMR0_DefaultInterruptHandler
  2527     0520  00F1               	movwf	TMR0_SetInterruptHandler@InterruptHandler+1
  2528     0521  3185  25B8  3185   	fcall	_TMR0_SetInterruptHandler
  2529     0524                     l234:
  2530     0524  0008               	return
  2531     0525                     __end_of_TMR0_Initialize:
  2532                           
  2533                           	psect	text4
  2534     0498                     __ptext4:	
  2535 ;; *************** function _PIN_MANAGER_Initialize *****************
  2536 ;; Defined at:
  2537 ;;		line 55 in file "mcc_generated_files/pin_manager.c"
  2538 ;; Parameters:    Size  Location     Type
  2539 ;;		None
  2540 ;; Auto vars:     Size  Location     Type
  2541 ;;		None
  2542 ;; Return value:  Size  Location     Type
  2543 ;;                  1    wreg      void 
  2544 ;; Registers used:
  2545 ;;		status,2
  2546 ;; Tracked objects:
  2547 ;;		On entry : 0/0
  2548 ;;		On exit  : 0/0
  2549 ;;		Unchanged: 0/0
  2550 ;; Data sizes:     COMMON   BANK0   BANK1   BANK2   BANK3   BANK4   BANK5   BANK6
  2551 ;;      Params:         0       0       0       0       0       0       0       0
  2552 ;;      Locals:         0       0       0       0       0       0       0       0
  2553 ;;      Temps:          0       0       0       0       0       0       0       0
  2554 ;;      Totals:         0       0       0       0       0       0       0       0
  2555 ;;Total ram usage:        0 bytes
  2556 ;; Hardware stack levels used: 1
  2557 ;; Hardware stack levels required when called: 4
  2558 ;; This function calls:
  2559 ;;		Nothing
  2560 ;; This function is called by:
  2561 ;;		_SYSTEM_Initialize
  2562 ;; This function uses a non-reentrant model
  2563 ;;
  2564                           
  2565     0498                     _PIN_MANAGER_Initialize:	
  2566                           ;psect for function _PIN_MANAGER_Initialize
  2567                           
  2568     0498                     l1475:	
  2569                           ;incstack = 0
  2570                           ; Regs used in _PIN_MANAGER_Initialize: [status,2]
  2571                           
  2572                           
  2573                           ;mcc_generated_files/pin_manager.c: 60:     LATE = 0x00;
  2574     0498  0022               	movlb	2	; select bank2
  2575     0499  0190               	clrf	16	;volatile
  2576                           
  2577                           ;mcc_generated_files/pin_manager.c: 61:     LATA = 0x00;
  2578     049A  018C               	clrf	12	;volatile
  2579                           
  2580                           ;mcc_generated_files/pin_manager.c: 62:     LATB = 0x00;
  2581     049B  018D               	clrf	13	;volatile
  2582                           
  2583                           ;mcc_generated_files/pin_manager.c: 63:     LATC = 0x00;
  2584     049C  018E               	clrf	14	;volatile
  2585     049D                     l1477:
  2586                           
  2587                           ;mcc_generated_files/pin_manager.c: 68:     TRISE = 0x08;
  2588     049D  3008               	movlw	8
  2589     049E  0021               	movlb	1	; select bank1
  2590     049F  0090               	movwf	16	;volatile
  2591     04A0                     l1479:
  2592                           
  2593                           ;mcc_generated_files/pin_manager.c: 69:     TRISA = 0xFF;
  2594     04A0  30FF               	movlw	255
  2595     04A1  008C               	movwf	12	;volatile
  2596     04A2                     l1481:
  2597                           
  2598                           ;mcc_generated_files/pin_manager.c: 70:     TRISB = 0xC0;
  2599     04A2  30C0               	movlw	192
  2600     04A3  008D               	movwf	13	;volatile
  2601     04A4                     l1483:
  2602                           
  2603                           ;mcc_generated_files/pin_manager.c: 71:     TRISC = 0xBF;
  2604     04A4  30BF               	movlw	191
  2605     04A5  008E               	movwf	14	;volatile
  2606                           
  2607                           ;mcc_generated_files/pin_manager.c: 76:     ANSELB = 0x00;
  2608     04A6  0023               	movlb	3	; select bank3
  2609     04A7  018D               	clrf	13	;volatile
  2610     04A8                     l1485:
  2611                           
  2612                           ;mcc_generated_files/pin_manager.c: 77:     ANSELA = 0x3F;
  2613     04A8  303F               	movlw	63
  2614     04A9  008C               	movwf	12	;volatile
  2615                           
  2616                           ;mcc_generated_files/pin_manager.c: 82:     WPUE = 0x00;
  2617     04AA  0024               	movlb	4	; select bank4
  2618     04AB  0190               	clrf	16	;volatile
  2619                           
  2620                           ;mcc_generated_files/pin_manager.c: 83:     WPUB = 0x00;
  2621     04AC  018D               	clrf	13	;volatile
  2622     04AD                     l1487:
  2623                           
  2624                           ;mcc_generated_files/pin_manager.c: 84:     OPTION_REGbits.nWPUEN = 1;
  2625     04AD  0021               	movlb	1	; select bank1
  2626     04AE  1795               	bsf	21,7	;volatile
  2627                           
  2628                           ;mcc_generated_files/pin_manager.c: 90:     APFCON = 0x00;
  2629     04AF  0022               	movlb	2	; select bank2
  2630     04B0  019D               	clrf	29	;volatile
  2631     04B1                     l457:
  2632     04B1  0008               	return
  2633     04B2                     __end_of_PIN_MANAGER_Initialize:
  2634                           
  2635                           	psect	text5
  2636     058A                     __ptext5:	
  2637 ;; *************** function _OSCILLATOR_Initialize *****************
  2638 ;; Defined at:
  2639 ;;		line 61 in file "mcc_generated_files/mcc.c"
  2640 ;; Parameters:    Size  Location     Type
  2641 ;;		None
  2642 ;; Auto vars:     Size  Location     Type
  2643 ;;		None
  2644 ;; Return value:  Size  Location     Type
  2645 ;;                  1    wreg      void 
  2646 ;; Registers used:
  2647 ;;		status,2
  2648 ;; Tracked objects:
  2649 ;;		On entry : 0/0
  2650 ;;		On exit  : 0/0
  2651 ;;		Unchanged: 0/0
  2652 ;; Data sizes:     COMMON   BANK0   BANK1   BANK2   BANK3   BANK4   BANK5   BANK6
  2653 ;;      Params:         0       0       0       0       0       0       0       0
  2654 ;;      Locals:         0       0       0       0       0       0       0       0
  2655 ;;      Temps:          0       0       0       0       0       0       0       0
  2656 ;;      Totals:         0       0       0       0       0       0       0       0
  2657 ;;Total ram usage:        0 bytes
  2658 ;; Hardware stack levels used: 1
  2659 ;; Hardware stack levels required when called: 4
  2660 ;; This function calls:
  2661 ;;		Nothing
  2662 ;; This function is called by:
  2663 ;;		_SYSTEM_Initialize
  2664 ;; This function uses a non-reentrant model
  2665 ;;
  2666                           
  2667     058A                     _OSCILLATOR_Initialize:	
  2668                           ;psect for function _OSCILLATOR_Initialize
  2669                           
  2670     058A                     l1489:	
  2671                           ;incstack = 0
  2672                           ; Regs used in _OSCILLATOR_Initialize: [status,2]
  2673                           
  2674                           
  2675                           ;mcc_generated_files/mcc.c: 64:     OSCCON = 0x70;
  2676     058A  3070               	movlw	112
  2677     058B  0021               	movlb	1	; select bank1
  2678     058C  0099               	movwf	25	;volatile
  2679     058D                     l1491:
  2680                           
  2681                           ;mcc_generated_files/mcc.c: 66:     OSCTUNE = 0x00;
  2682     058D  0198               	clrf	24	;volatile
  2683                           
  2684                           ;mcc_generated_files/mcc.c: 68:     BORCON = 0x00;
  2685     058E  0022               	movlb	2	; select bank2
  2686     058F  0196               	clrf	22	;volatile
  2687     0590                     l492:	
  2688                           ;mcc_generated_files/mcc.c: 71:     {;mcc_generated_files/mcc.c: 72:     }
  2689                           
  2690                           
  2691                           ;mcc_generated_files/mcc.c: 70:     while(PLLR == 0)
  2692     0590  0021               	movlb	1	; select bank1
  2693     0591  1F1A               	btfss	26,6	;volatile
  2694     0592  2D94               	goto	u581
  2695     0593  2D95               	goto	u580
  2696     0594                     u581:
  2697     0594  2D90               	goto	l492
  2698     0595                     u580:
  2699     0595                     l495:
  2700     0595  0008               	return
  2701     0596                     __end_of_OSCILLATOR_Initialize:
  2702                           
  2703                           	psect	text6
  2704     057D                     __ptext6:	
  2705 ;; *************** function _LIN_Slave_Initialize *****************
  2706 ;; Defined at:
  2707 ;;		line 63 in file "mcc_generated_files/LINDrivers/lin_app.c"
  2708 ;; Parameters:    Size  Location     Type
  2709 ;;		None
  2710 ;; Auto vars:     Size  Location     Type
  2711 ;;		None
  2712 ;; Return value:  Size  Location     Type
  2713 ;;                  1    wreg      void 
  2714 ;; Registers used:
  2715 ;;		wreg, status,2, status,0, pclath, cstack
  2716 ;; Tracked objects:
  2717 ;;		On entry : 0/0
  2718 ;;		On exit  : 0/0
  2719 ;;		Unchanged: 0/0
  2720 ;; Data sizes:     COMMON   BANK0   BANK1   BANK2   BANK3   BANK4   BANK5   BANK6
  2721 ;;      Params:         0       0       0       0       0       0       0       0
  2722 ;;      Locals:         0       0       0       0       0       0       0       0
  2723 ;;      Temps:          0       0       0       0       0       0       0       0
  2724 ;;      Totals:         0       0       0       0       0       0       0       0
  2725 ;;Total ram usage:        0 bytes
  2726 ;; Hardware stack levels used: 1
  2727 ;; Hardware stack levels required when called: 7
  2728 ;; This function calls:
  2729 ;;		_LIN_init
  2730 ;; This function is called by:
  2731 ;;		_SYSTEM_Initialize
  2732 ;; This function uses a non-reentrant model
  2733 ;;
  2734                           
  2735     057D                     _LIN_Slave_Initialize:	
  2736                           ;psect for function _LIN_Slave_Initialize
  2737                           
  2738     057D                     l2463:	
  2739                           ;incstack = 0
  2740                           ; Regs used in _LIN_Slave_Initialize: [wreg+status,2+status,0+pclath+cstack]
  2741                           
  2742                           
  2743                           ;mcc_generated_files/LINDrivers/lin_app.c: 65:   LIN_init((sizeof(scheduleTable)/sizeof(
      +                          lin_rx_cmd_t)), scheduleTable, processLIN);
  2744     057D  30DC               	movlw	low (_scheduleTable| (0+32768))
  2745     057E  00F2               	movwf	LIN_init@command
  2746     057F  3085               	movlw	high (_scheduleTable| (0+32768))
  2747     0580  00F3               	movwf	LIN_init@command+1
  2748     0581  306B               	movlw	low _processLIN
  2749     0582  00F4               	movwf	LIN_init@processData
  2750     0583  3003               	movlw	high _processLIN
  2751     0584  00F5               	movwf	LIN_init@processData+1
  2752     0585  3001               	movlw	1
  2753     0586  3184  24FB  3185   	fcall	_LIN_init
  2754     0589                     l205:
  2755     0589  0008               	return
  2756     058A                     __end_of_LIN_Slave_Initialize:
  2757                           
  2758                           	psect	text7
  2759     04FB                     __ptext7:	
  2760 ;; *************** function _LIN_init *****************
  2761 ;; Defined at:
  2762 ;;		line 49 in file "mcc_generated_files/LINDrivers/lin_slave.c"
  2763 ;; Parameters:    Size  Location     Type
  2764 ;;  tableLength     1    wreg     unsigned char 
  2765 ;;  command         2    2[COMMON] const PTR const struct .
  2766 ;;		 -> scheduleTable(5), 
  2767 ;;  processData     2    4[COMMON] PTR FTN()void 
  2768 ;;		 -> processLIN(1), 
  2769 ;; Auto vars:     Size  Location     Type
  2770 ;;  tableLength     1    6[COMMON] unsigned char 
  2771 ;; Return value:  Size  Location     Type
  2772 ;;                  1    wreg      void 
  2773 ;; Registers used:
  2774 ;;		wreg, status,2, status,0, pclath, cstack
  2775 ;; Tracked objects:
  2776 ;;		On entry : 0/0
  2777 ;;		On exit  : 0/0
  2778 ;;		Unchanged: 0/0
  2779 ;; Data sizes:     COMMON   BANK0   BANK1   BANK2   BANK3   BANK4   BANK5   BANK6
  2780 ;;      Params:         4       0       0       0       0       0       0       0
  2781 ;;      Locals:         1       0       0       0       0       0       0       0
  2782 ;;      Temps:          0       0       0       0       0       0       0       0
  2783 ;;      Totals:         5       0       0       0       0       0       0       0
  2784 ;;Total ram usage:        5 bytes
  2785 ;; Hardware stack levels used: 1
  2786 ;; Hardware stack levels required when called: 6
  2787 ;; This function calls:
  2788 ;;		_LIN_enableRx
  2789 ;;		_LIN_setTimerHandler
  2790 ;;		_LIN_stopTimer
  2791 ;; This function is called by:
  2792 ;;		_LIN_Slave_Initialize
  2793 ;; This function uses a non-reentrant model
  2794 ;;
  2795                           
  2796     04FB                     _LIN_init:	
  2797                           ;psect for function _LIN_init
  2798                           
  2799                           
  2800                           ;incstack = 0
  2801                           ; Regs used in _LIN_init: [wreg+status,2+status,0+pclath+cstack]
  2802                           ;LIN_init@tableLength stored from wreg
  2803     04FB  00F6               	movwf	LIN_init@tableLength
  2804     04FC                     l1803:
  2805                           
  2806                           ;mcc_generated_files/LINDrivers/lin_slave.c: 49: void LIN_init(uint8_t tableLength, cons
      +                          t lin_rx_cmd_t *const command, void (*processData)(void));mcc_generated_files/LINDrivers
      +                          /lin_slave.c: 50: {;mcc_generated_files/LINDrivers/lin_slave.c: 51:     LIN_rxCommand = 
      +                          command;
  2807     04FC  0873               	movf	LIN_init@command+1,w
  2808     04FD  0020               	movlb	0	; select bank0
  2809     04FE  00C1               	movwf	_LIN_rxCommand+1
  2810     04FF  0872               	movf	LIN_init@command,w
  2811     0500  00C0               	movwf	_LIN_rxCommand
  2812                           
  2813                           ;mcc_generated_files/LINDrivers/lin_slave.c: 52:     LIN_rxCommandLength = tableLength;
  2814     0501  0876               	movf	LIN_init@tableLength,w
  2815     0502  00D2               	movwf	_LIN_rxCommandLength
  2816                           
  2817                           ;mcc_generated_files/LINDrivers/lin_slave.c: 53:     LIN_processData = processData;
  2818     0503  0875               	movf	LIN_init@processData+1,w
  2819     0504  00C3               	movwf	_LIN_processData+1
  2820     0505  0874               	movf	LIN_init@processData,w
  2821     0506  00C2               	movwf	_LIN_processData
  2822     0507                     l1805:
  2823                           
  2824                           ;mcc_generated_files/LINDrivers/lin_slave.c: 54:     LIN_stopTimer();
  2825     0507  3185  25F4  3184   	fcall	_LIN_stopTimer
  2826     050A                     l1807:
  2827                           
  2828                           ;mcc_generated_files/LINDrivers/lin_slave.c: 56:     LIN_enableRx();
  2829     050A  3185  25E6  3184   	fcall	_LIN_enableRx
  2830     050D                     l1809:
  2831                           
  2832                           ;mcc_generated_files/LINDrivers/lin_slave.c: 57:     LIN_setTimerHandler();
  2833     050D  3185  25AA  3184   	fcall	_LIN_setTimerHandler
  2834     0510                     l77:
  2835     0510  0008               	return
  2836     0511                     __end_of_LIN_init:
  2837                           
  2838                           	psect	text8
  2839     05F4                     __ptext8:	
  2840 ;; *************** function _LIN_stopTimer *****************
  2841 ;; Defined at:
  2842 ;;		line 361 in file "mcc_generated_files/LINDrivers/lin_slave.c"
  2843 ;; Parameters:    Size  Location     Type
  2844 ;;		None
  2845 ;; Auto vars:     Size  Location     Type
  2846 ;;		None
  2847 ;; Return value:  Size  Location     Type
  2848 ;;                  1    wreg      void 
  2849 ;; Registers used:
  2850 ;;		status,2
  2851 ;; Tracked objects:
  2852 ;;		On entry : 0/0
  2853 ;;		On exit  : 0/0
  2854 ;;		Unchanged: 0/0
  2855 ;; Data sizes:     COMMON   BANK0   BANK1   BANK2   BANK3   BANK4   BANK5   BANK6
  2856 ;;      Params:         0       0       0       0       0       0       0       0
  2857 ;;      Locals:         0       0       0       0       0       0       0       0
  2858 ;;      Temps:          0       0       0       0       0       0       0       0
  2859 ;;      Totals:         0       0       0       0       0       0       0       0
  2860 ;;Total ram usage:        0 bytes
  2861 ;; Hardware stack levels used: 1
  2862 ;; Hardware stack levels required when called: 4
  2863 ;; This function calls:
  2864 ;;		Nothing
  2865 ;; This function is called by:
  2866 ;;		_LIN_init
  2867 ;; This function uses a non-reentrant model
  2868 ;;
  2869                           
  2870     05F4                     _LIN_stopTimer:	
  2871                           ;psect for function _LIN_stopTimer
  2872                           
  2873     05F4                     l1743:	
  2874                           ;incstack = 0
  2875                           ; Regs used in _LIN_stopTimer: [status,2]
  2876                           
  2877                           
  2878                           ;mcc_generated_files/LINDrivers/lin_slave.c: 364:     CountCallBack = 0;
  2879     05F4  0020               	movlb	0	; select bank0
  2880     05F5  01D0               	clrf	_CountCallBack	;volatile
  2881                           
  2882                           ;mcc_generated_files/LINDrivers/lin_slave.c: 365:     LIN_timerRunning = 0;
  2883     05F6  01D1               	clrf	_LIN_timerRunning
  2884     05F7                     l178:
  2885     05F7  0008               	return
  2886     05F8                     __end_of_LIN_stopTimer:
  2887                           
  2888                           	psect	text9
  2889     05AA                     __ptext9:	
  2890 ;; *************** function _LIN_setTimerHandler *****************
  2891 ;; Defined at:
  2892 ;;		line 356 in file "mcc_generated_files/LINDrivers/lin_slave.c"
  2893 ;; Parameters:    Size  Location     Type
  2894 ;;		None
  2895 ;; Auto vars:     Size  Location     Type
  2896 ;;		None
  2897 ;; Return value:  Size  Location     Type
  2898 ;;                  1    wreg      void 
  2899 ;; Registers used:
  2900 ;;		wreg, status,2, status,0, pclath, cstack
  2901 ;; Tracked objects:
  2902 ;;		On entry : 0/0
  2903 ;;		On exit  : 0/0
  2904 ;;		Unchanged: 0/0
  2905 ;; Data sizes:     COMMON   BANK0   BANK1   BANK2   BANK3   BANK4   BANK5   BANK6
  2906 ;;      Params:         0       0       0       0       0       0       0       0
  2907 ;;      Locals:         0       0       0       0       0       0       0       0
  2908 ;;      Temps:          0       0       0       0       0       0       0       0
  2909 ;;      Totals:         0       0       0       0       0       0       0       0
  2910 ;;Total ram usage:        0 bytes
  2911 ;; Hardware stack levels used: 1
  2912 ;; Hardware stack levels required when called: 5
  2913 ;; This function calls:
  2914 ;;		_TMR0_SetInterruptHandler
  2915 ;; This function is called by:
  2916 ;;		_LIN_init
  2917 ;; This function uses a non-reentrant model
  2918 ;;
  2919                           
  2920     05AA                     _LIN_setTimerHandler:	
  2921                           ;psect for function _LIN_setTimerHandler
  2922                           
  2923     05AA                     l1747:	
  2924                           ;incstack = 0
  2925                           ; Regs used in _LIN_setTimerHandler: [wreg+status,2+status,0+pclath+cstack]
  2926                           
  2927                           
  2928                           ;mcc_generated_files/LINDrivers/lin_slave.c: 358:     TMR0_SetInterruptHandler(LIN_timer
      +                          Handler);
  2929     05AA  3099               	movlw	low _LIN_timerHandler
  2930     05AB  00F0               	movwf	TMR0_SetInterruptHandler@InterruptHandler
  2931     05AC  3003               	movlw	high _LIN_timerHandler
  2932     05AD  00F1               	movwf	TMR0_SetInterruptHandler@InterruptHandler+1
  2933     05AE  3185  25B8  3185   	fcall	_TMR0_SetInterruptHandler
  2934     05B1                     l175:
  2935     05B1  0008               	return
  2936     05B2                     __end_of_LIN_setTimerHandler:
  2937                           
  2938                           	psect	text10
  2939     05B8                     __ptext10:	
  2940 ;; *************** function _TMR0_SetInterruptHandler *****************
  2941 ;; Defined at:
  2942 ;;		line 125 in file "mcc_generated_files/tmr0.c"
  2943 ;; Parameters:    Size  Location     Type
  2944 ;;  InterruptHan    2    0[COMMON] PTR FTN()void 
  2945 ;;		 -> TMR0_DefaultInterruptHandler(1), LIN_timerHandler(1), 
  2946 ;; Auto vars:     Size  Location     Type
  2947 ;;		None
  2948 ;; Return value:  Size  Location     Type
  2949 ;;                  1    wreg      void 
  2950 ;; Registers used:
  2951 ;;		wreg
  2952 ;; Tracked objects:
  2953 ;;		On entry : 0/0
  2954 ;;		On exit  : 0/0
  2955 ;;		Unchanged: 0/0
  2956 ;; Data sizes:     COMMON   BANK0   BANK1   BANK2   BANK3   BANK4   BANK5   BANK6
  2957 ;;      Params:         2       0       0       0       0       0       0       0
  2958 ;;      Locals:         0       0       0       0       0       0       0       0
  2959 ;;      Temps:          0       0       0       0       0       0       0       0
  2960 ;;      Totals:         2       0       0       0       0       0       0       0
  2961 ;;Total ram usage:        2 bytes
  2962 ;; Hardware stack levels used: 1
  2963 ;; Hardware stack levels required when called: 4
  2964 ;; This function calls:
  2965 ;;		Nothing
  2966 ;; This function is called by:
  2967 ;;		_LIN_setTimerHandler
  2968 ;;		_TMR0_Initialize
  2969 ;; This function uses a non-reentrant model
  2970 ;;
  2971                           
  2972     05B8                     _TMR0_SetInterruptHandler:	
  2973                           ;psect for function _TMR0_SetInterruptHandler
  2974                           
  2975     05B8                     l1741:	
  2976                           ;incstack = 0
  2977                           ; Regs used in _TMR0_SetInterruptHandler: [wreg]
  2978                           
  2979                           
  2980                           ;mcc_generated_files/tmr0.c: 126:     TMR0_InterruptHandler = InterruptHandler;
  2981     05B8  0871               	movf	TMR0_SetInterruptHandler@InterruptHandler+1,w
  2982     05B9  0020               	movlb	0	; select bank0
  2983     05BA  00BB               	movwf	_TMR0_InterruptHandler+1
  2984     05BB  0870               	movf	TMR0_SetInterruptHandler@InterruptHandler,w
  2985     05BC  00BA               	movwf	_TMR0_InterruptHandler
  2986     05BD                     l250:
  2987     05BD  0008               	return
  2988     05BE                     __end_of_TMR0_SetInterruptHandler:
  2989                           
  2990                           	psect	text11
  2991     02C2                     __ptext11:	
  2992 ;; *************** function _EUSART_Initialize *****************
  2993 ;; Defined at:
  2994 ;;		line 88 in file "mcc_generated_files/eusart.c"
  2995 ;; Parameters:    Size  Location     Type
  2996 ;;		None
  2997 ;; Auto vars:     Size  Location     Type
  2998 ;;		None
  2999 ;; Return value:  Size  Location     Type
  3000 ;;                  1    wreg      void 
  3001 ;; Registers used:
  3002 ;;		wreg, status,2, status,0, pclath, cstack
  3003 ;; Tracked objects:
  3004 ;;		On entry : 0/0
  3005 ;;		On exit  : 0/0
  3006 ;;		Unchanged: 0/0
  3007 ;; Data sizes:     COMMON   BANK0   BANK1   BANK2   BANK3   BANK4   BANK5   BANK6
  3008 ;;      Params:         0       0       0       0       0       0       0       0
  3009 ;;      Locals:         0       0       0       0       0       0       0       0
  3010 ;;      Temps:          0       0       0       0       0       0       0       0
  3011 ;;      Totals:         0       0       0       0       0       0       0       0
  3012 ;;Total ram usage:        0 bytes
  3013 ;; Hardware stack levels used: 1
  3014 ;; Hardware stack levels required when called: 5
  3015 ;; This function calls:
  3016 ;;		_EUSART_SetErrorHandler
  3017 ;;		_EUSART_SetFramingErrorHandler
  3018 ;;		_EUSART_SetOverrunErrorHandler
  3019 ;;		_EUSART_SetRxInterruptHandler
  3020 ;;		_EUSART_SetTxInterruptHandler
  3021 ;; This function is called by:
  3022 ;;		_SYSTEM_Initialize
  3023 ;; This function uses a non-reentrant model
  3024 ;;
  3025                           
  3026     02C2                     _EUSART_Initialize:	
  3027                           ;psect for function _EUSART_Initialize
  3028                           
  3029     02C2                     l2059:	
  3030                           ;incstack = 0
  3031                           ; Regs used in _EUSART_Initialize: [wreg+status,2+status,0+pclath+cstack]
  3032                           
  3033                           
  3034                           ;mcc_generated_files/eusart.c: 91:     PIE1bits.RCIE = 0;
  3035     02C2  0021               	movlb	1	; select bank1
  3036     02C3  1291               	bcf	17,5	;volatile
  3037     02C4                     l2061:
  3038                           
  3039                           ;mcc_generated_files/eusart.c: 92:     EUSART_SetRxInterruptHandler(EUSART_Receive_ISR);
  3040     02C4  3000               	movlw	low _EUSART_Receive_ISR
  3041     02C5  00F0               	movwf	EUSART_SetRxInterruptHandler@interruptHandler
  3042     02C6  3003               	movlw	high _EUSART_Receive_ISR
  3043     02C7  00F1               	movwf	EUSART_SetRxInterruptHandler@interruptHandler+1
  3044     02C8  3185  25C4  3182   	fcall	_EUSART_SetRxInterruptHandler
  3045     02CB                     l2063:
  3046                           
  3047                           ;mcc_generated_files/eusart.c: 93:     PIE1bits.TXIE = 0;
  3048     02CB  0021               	movlb	1	; select bank1
  3049     02CC  1211               	bcf	17,4	;volatile
  3050                           
  3051                           ;mcc_generated_files/eusart.c: 94:     EUSART_SetTxInterruptHandler(EUSART_Transmit_ISR)
      +                          ;
  3052     02CD  307A               	movlw	low _EUSART_Transmit_ISR
  3053     02CE  00F0               	movwf	EUSART_SetTxInterruptHandler@interruptHandler
  3054     02CF  3004               	movlw	high _EUSART_Transmit_ISR
  3055     02D0  00F1               	movwf	EUSART_SetTxInterruptHandler@interruptHandler+1
  3056     02D1  3185  25BE  3182   	fcall	_EUSART_SetTxInterruptHandler
  3057     02D4                     l2065:
  3058                           
  3059                           ;mcc_generated_files/eusart.c: 98:     BAUDCON = 0x18;
  3060     02D4  3018               	movlw	24
  3061     02D5  0023               	movlb	3	; select bank3
  3062     02D6  009F               	movwf	31	;volatile
  3063     02D7                     l2067:
  3064                           
  3065                           ;mcc_generated_files/eusart.c: 101:     RCSTA = 0x90;
  3066     02D7  3090               	movlw	144
  3067     02D8  009D               	movwf	29	;volatile
  3068     02D9                     l2069:
  3069                           
  3070                           ;mcc_generated_files/eusart.c: 104:     TXSTA = 0x24;
  3071     02D9  3024               	movlw	36
  3072     02DA  009E               	movwf	30	;volatile
  3073     02DB                     l2071:
  3074                           
  3075                           ;mcc_generated_files/eusart.c: 107:     SPBRGL = 0xFF;
  3076     02DB  30FF               	movlw	255
  3077     02DC  009B               	movwf	27	;volatile
  3078     02DD                     l2073:
  3079                           
  3080                           ;mcc_generated_files/eusart.c: 110:     SPBRGH = 0x02;
  3081     02DD  3002               	movlw	2
  3082     02DE  009C               	movwf	28	;volatile
  3083                           
  3084                           ;mcc_generated_files/eusart.c: 113:     EUSART_SetFramingErrorHandler(EUSART_DefaultFram
      +                          ingErrorHandler);
  3085     02DF  3012               	movlw	low _EUSART_DefaultFramingErrorHandler
  3086     02E0  00F0               	movwf	EUSART_SetFramingErrorHandler@interruptHandler
  3087     02E1  3006               	movlw	high _EUSART_DefaultFramingErrorHandler
  3088     02E2  00F1               	movwf	EUSART_SetFramingErrorHandler@interruptHandler+1
  3089     02E3  3185  25D0  3182   	fcall	_EUSART_SetFramingErrorHandler
  3090                           
  3091                           ;mcc_generated_files/eusart.c: 114:     EUSART_SetOverrunErrorHandler(EUSART_DefaultOver
      +                          runErrorHandler);
  3092     02E6  30FC               	movlw	low _EUSART_DefaultOverrunErrorHandler
  3093     02E7  00F0               	movwf	EUSART_SetOverrunErrorHandler@interruptHandler
  3094     02E8  3005               	movlw	high _EUSART_DefaultOverrunErrorHandler
  3095     02E9  00F1               	movwf	EUSART_SetOverrunErrorHandler@interruptHandler+1
  3096     02EA  3185  25CA  3182   	fcall	_EUSART_SetOverrunErrorHandler
  3097                           
  3098                           ;mcc_generated_files/eusart.c: 115:     EUSART_SetErrorHandler(EUSART_DefaultErrorHandle
      +                          r);
  3099     02ED  3000               	movlw	low _EUSART_DefaultErrorHandler
  3100     02EE  00F0               	movwf	EUSART_SetErrorHandler@interruptHandler
  3101     02EF  3006               	movlw	high _EUSART_DefaultErrorHandler
  3102     02F0  00F1               	movwf	EUSART_SetErrorHandler@interruptHandler+1
  3103     02F1  3185  25D6  3182   	fcall	_EUSART_SetErrorHandler
  3104     02F4                     l2075:
  3105                           
  3106                           ;mcc_generated_files/eusart.c: 117:     eusartRxLastError.status = 0;
  3107     02F4  0020               	movlb	0	; select bank0
  3108     02F5  01C4               	clrf	_eusartRxLastError	;volatile
  3109     02F6                     l2077:
  3110                           
  3111                           ;mcc_generated_files/eusart.c: 120:     eusartTxHead = 0;
  3112     02F6  01C9               	clrf	_eusartTxHead	;volatile
  3113     02F7                     l2079:
  3114                           
  3115                           ;mcc_generated_files/eusart.c: 121:     eusartTxTail = 0;
  3116     02F7  01C8               	clrf	_eusartTxTail	;volatile
  3117     02F8                     l2081:
  3118                           
  3119                           ;mcc_generated_files/eusart.c: 122:     eusartTxBufferRemaining = sizeof(eusartTxBuffer)
      +                          ;
  3120     02F8  3008               	movlw	8
  3121     02F9  00C7               	movwf	_eusartTxBufferRemaining	;volatile
  3122     02FA                     l2083:
  3123                           
  3124                           ;mcc_generated_files/eusart.c: 124:     eusartRxHead = 0;
  3125     02FA  01FD               	clrf	_eusartRxHead	;volatile
  3126     02FB                     l2085:
  3127                           
  3128                           ;mcc_generated_files/eusart.c: 125:     eusartRxTail = 0;
  3129     02FB  01C6               	clrf	_eusartRxTail	;volatile
  3130     02FC                     l2087:
  3131                           
  3132                           ;mcc_generated_files/eusart.c: 126:     eusartRxCount = 0;
  3133     02FC  01C5               	clrf	_eusartRxCount	;volatile
  3134     02FD                     l2089:
  3135                           
  3136                           ;mcc_generated_files/eusart.c: 129:     PIE1bits.RCIE = 1;
  3137     02FD  0021               	movlb	1	; select bank1
  3138     02FE  1691               	bsf	17,5	;volatile
  3139     02FF                     l357:
  3140     02FF  0008               	return
  3141     0300                     __end_of_EUSART_Initialize:
  3142                           
  3143                           	psect	text12
  3144     05BE                     __ptext12:	
  3145 ;; *************** function _EUSART_SetTxInterruptHandler *****************
  3146 ;; Defined at:
  3147 ;;		line 276 in file "mcc_generated_files/eusart.c"
  3148 ;; Parameters:    Size  Location     Type
  3149 ;;  interruptHan    2    0[COMMON] PTR FTN()void 
  3150 ;;		 -> EUSART_Transmit_ISR(1), 
  3151 ;; Auto vars:     Size  Location     Type
  3152 ;;		None
  3153 ;; Return value:  Size  Location     Type
  3154 ;;                  1    wreg      void 
  3155 ;; Registers used:
  3156 ;;		wreg
  3157 ;; Tracked objects:
  3158 ;;		On entry : 0/0
  3159 ;;		On exit  : 0/0
  3160 ;;		Unchanged: 0/0
  3161 ;; Data sizes:     COMMON   BANK0   BANK1   BANK2   BANK3   BANK4   BANK5   BANK6
  3162 ;;      Params:         2       0       0       0       0       0       0       0
  3163 ;;      Locals:         0       0       0       0       0       0       0       0
  3164 ;;      Temps:          0       0       0       0       0       0       0       0
  3165 ;;      Totals:         2       0       0       0       0       0       0       0
  3166 ;;Total ram usage:        2 bytes
  3167 ;; Hardware stack levels used: 1
  3168 ;; Hardware stack levels required when called: 4
  3169 ;; This function calls:
  3170 ;;		Nothing
  3171 ;; This function is called by:
  3172 ;;		_EUSART_Initialize
  3173 ;; This function uses a non-reentrant model
  3174 ;;
  3175                           
  3176     05BE                     _EUSART_SetTxInterruptHandler:	
  3177                           ;psect for function _EUSART_SetTxInterruptHandler
  3178                           
  3179     05BE                     l1919:	
  3180                           ;incstack = 0
  3181                           ; Regs used in _EUSART_SetTxInterruptHandler: [wreg]
  3182                           
  3183                           
  3184                           ;mcc_generated_files/eusart.c: 277:     EUSART_TxDefaultInterruptHandler = interruptHand
      +                          ler;
  3185     05BE  0871               	movf	EUSART_SetTxInterruptHandler@interruptHandler+1,w
  3186     05BF  0020               	movlb	0	; select bank0
  3187     05C0  00B9               	movwf	_EUSART_TxDefaultInterruptHandler+1
  3188     05C1  0870               	movf	EUSART_SetTxInterruptHandler@interruptHandler,w
  3189     05C2  00B8               	movwf	_EUSART_TxDefaultInterruptHandler
  3190     05C3                     l423:
  3191     05C3  0008               	return
  3192     05C4                     __end_of_EUSART_SetTxInterruptHandler:
  3193                           
  3194                           	psect	text13
  3195     05C4                     __ptext13:	
  3196 ;; *************** function _EUSART_SetRxInterruptHandler *****************
  3197 ;; Defined at:
  3198 ;;		line 280 in file "mcc_generated_files/eusart.c"
  3199 ;; Parameters:    Size  Location     Type
  3200 ;;  interruptHan    2    0[COMMON] PTR FTN()void 
  3201 ;;		 -> EUSART_Receive_ISR(1), 
  3202 ;; Auto vars:     Size  Location     Type
  3203 ;;		None
  3204 ;; Return value:  Size  Location     Type
  3205 ;;                  1    wreg      void 
  3206 ;; Registers used:
  3207 ;;		wreg
  3208 ;; Tracked objects:
  3209 ;;		On entry : 0/0
  3210 ;;		On exit  : 0/0
  3211 ;;		Unchanged: 0/0
  3212 ;; Data sizes:     COMMON   BANK0   BANK1   BANK2   BANK3   BANK4   BANK5   BANK6
  3213 ;;      Params:         2       0       0       0       0       0       0       0
  3214 ;;      Locals:         0       0       0       0       0       0       0       0
  3215 ;;      Temps:          0       0       0       0       0       0       0       0
  3216 ;;      Totals:         2       0       0       0       0       0       0       0
  3217 ;;Total ram usage:        2 bytes
  3218 ;; Hardware stack levels used: 1
  3219 ;; Hardware stack levels required when called: 4
  3220 ;; This function calls:
  3221 ;;		Nothing
  3222 ;; This function is called by:
  3223 ;;		_EUSART_Initialize
  3224 ;; This function uses a non-reentrant model
  3225 ;;
  3226                           
  3227     05C4                     _EUSART_SetRxInterruptHandler:	
  3228                           ;psect for function _EUSART_SetRxInterruptHandler
  3229                           
  3230     05C4                     l1917:	
  3231                           ;incstack = 0
  3232                           ; Regs used in _EUSART_SetRxInterruptHandler: [wreg]
  3233                           
  3234                           
  3235                           ;mcc_generated_files/eusart.c: 281:     EUSART_RxDefaultInterruptHandler = interruptHand
      +                          ler;
  3236     05C4  0871               	movf	EUSART_SetRxInterruptHandler@interruptHandler+1,w
  3237     05C5  0020               	movlb	0	; select bank0
  3238     05C6  00B7               	movwf	_EUSART_RxDefaultInterruptHandler+1
  3239     05C7  0870               	movf	EUSART_SetRxInterruptHandler@interruptHandler,w
  3240     05C8  00B6               	movwf	_EUSART_RxDefaultInterruptHandler
  3241     05C9                     l426:
  3242     05C9  0008               	return
  3243     05CA                     __end_of_EUSART_SetRxInterruptHandler:
  3244                           
  3245                           	psect	text14
  3246     05CA                     __ptext14:	
  3247 ;; *************** function _EUSART_SetOverrunErrorHandler *****************
  3248 ;; Defined at:
  3249 ;;		line 268 in file "mcc_generated_files/eusart.c"
  3250 ;; Parameters:    Size  Location     Type
  3251 ;;  interruptHan    2    0[COMMON] PTR FTN()void 
  3252 ;;		 -> EUSART_DefaultOverrunErrorHandler(1), 
  3253 ;; Auto vars:     Size  Location     Type
  3254 ;;		None
  3255 ;; Return value:  Size  Location     Type
  3256 ;;                  1    wreg      void 
  3257 ;; Registers used:
  3258 ;;		wreg
  3259 ;; Tracked objects:
  3260 ;;		On entry : 0/0
  3261 ;;		On exit  : 0/0
  3262 ;;		Unchanged: 0/0
  3263 ;; Data sizes:     COMMON   BANK0   BANK1   BANK2   BANK3   BANK4   BANK5   BANK6
  3264 ;;      Params:         2       0       0       0       0       0       0       0
  3265 ;;      Locals:         0       0       0       0       0       0       0       0
  3266 ;;      Temps:          0       0       0       0       0       0       0       0
  3267 ;;      Totals:         2       0       0       0       0       0       0       0
  3268 ;;Total ram usage:        2 bytes
  3269 ;; Hardware stack levels used: 1
  3270 ;; Hardware stack levels required when called: 4
  3271 ;; This function calls:
  3272 ;;		Nothing
  3273 ;; This function is called by:
  3274 ;;		_EUSART_Initialize
  3275 ;; This function uses a non-reentrant model
  3276 ;;
  3277                           
  3278     05CA                     _EUSART_SetOverrunErrorHandler:	
  3279                           ;psect for function _EUSART_SetOverrunErrorHandler
  3280                           
  3281     05CA                     l1923:	
  3282                           ;incstack = 0
  3283                           ; Regs used in _EUSART_SetOverrunErrorHandler: [wreg]
  3284                           
  3285                           
  3286                           ;mcc_generated_files/eusart.c: 269:     EUSART_OverrunErrorHandler = interruptHandler;
  3287     05CA  0871               	movf	EUSART_SetOverrunErrorHandler@interruptHandler+1,w
  3288     05CB  0020               	movlb	0	; select bank0
  3289     05CC  00B3               	movwf	_EUSART_OverrunErrorHandler+1
  3290     05CD  0870               	movf	EUSART_SetOverrunErrorHandler@interruptHandler,w
  3291     05CE  00B2               	movwf	_EUSART_OverrunErrorHandler
  3292     05CF                     l417:
  3293     05CF  0008               	return
  3294     05D0                     __end_of_EUSART_SetOverrunErrorHandler:
  3295                           
  3296                           	psect	text15
  3297     05D0                     __ptext15:	
  3298 ;; *************** function _EUSART_SetFramingErrorHandler *****************
  3299 ;; Defined at:
  3300 ;;		line 264 in file "mcc_generated_files/eusart.c"
  3301 ;; Parameters:    Size  Location     Type
  3302 ;;  interruptHan    2    0[COMMON] PTR FTN()void 
  3303 ;;		 -> EUSART_DefaultFramingErrorHandler(1), 
  3304 ;; Auto vars:     Size  Location     Type
  3305 ;;		None
  3306 ;; Return value:  Size  Location     Type
  3307 ;;                  1    wreg      void 
  3308 ;; Registers used:
  3309 ;;		wreg
  3310 ;; Tracked objects:
  3311 ;;		On entry : 0/0
  3312 ;;		On exit  : 0/0
  3313 ;;		Unchanged: 0/0
  3314 ;; Data sizes:     COMMON   BANK0   BANK1   BANK2   BANK3   BANK4   BANK5   BANK6
  3315 ;;      Params:         2       0       0       0       0       0       0       0
  3316 ;;      Locals:         0       0       0       0       0       0       0       0
  3317 ;;      Temps:          0       0       0       0       0       0       0       0
  3318 ;;      Totals:         2       0       0       0       0       0       0       0
  3319 ;;Total ram usage:        2 bytes
  3320 ;; Hardware stack levels used: 1
  3321 ;; Hardware stack levels required when called: 4
  3322 ;; This function calls:
  3323 ;;		Nothing
  3324 ;; This function is called by:
  3325 ;;		_EUSART_Initialize
  3326 ;; This function uses a non-reentrant model
  3327 ;;
  3328                           
  3329     05D0                     _EUSART_SetFramingErrorHandler:	
  3330                           ;psect for function _EUSART_SetFramingErrorHandler
  3331                           
  3332     05D0                     l1921:	
  3333                           ;incstack = 0
  3334                           ; Regs used in _EUSART_SetFramingErrorHandler: [wreg]
  3335                           
  3336                           
  3337                           ;mcc_generated_files/eusart.c: 265:     EUSART_FramingErrorHandler = interruptHandler;
  3338     05D0  0871               	movf	EUSART_SetFramingErrorHandler@interruptHandler+1,w
  3339     05D1  0020               	movlb	0	; select bank0
  3340     05D2  00B5               	movwf	_EUSART_FramingErrorHandler+1
  3341     05D3  0870               	movf	EUSART_SetFramingErrorHandler@interruptHandler,w
  3342     05D4  00B4               	movwf	_EUSART_FramingErrorHandler
  3343     05D5                     l414:
  3344     05D5  0008               	return
  3345     05D6                     __end_of_EUSART_SetFramingErrorHandler:
  3346                           
  3347                           	psect	text16
  3348     05D6                     __ptext16:	
  3349 ;; *************** function _EUSART_SetErrorHandler *****************
  3350 ;; Defined at:
  3351 ;;		line 272 in file "mcc_generated_files/eusart.c"
  3352 ;; Parameters:    Size  Location     Type
  3353 ;;  interruptHan    2    0[COMMON] PTR FTN()void 
  3354 ;;		 -> EUSART_DefaultErrorHandler(1), 
  3355 ;; Auto vars:     Size  Location     Type
  3356 ;;		None
  3357 ;; Return value:  Size  Location     Type
  3358 ;;                  1    wreg      void 
  3359 ;; Registers used:
  3360 ;;		wreg
  3361 ;; Tracked objects:
  3362 ;;		On entry : 0/0
  3363 ;;		On exit  : 0/0
  3364 ;;		Unchanged: 0/0
  3365 ;; Data sizes:     COMMON   BANK0   BANK1   BANK2   BANK3   BANK4   BANK5   BANK6
  3366 ;;      Params:         2       0       0       0       0       0       0       0
  3367 ;;      Locals:         0       0       0       0       0       0       0       0
  3368 ;;      Temps:          0       0       0       0       0       0       0       0
  3369 ;;      Totals:         2       0       0       0       0       0       0       0
  3370 ;;Total ram usage:        2 bytes
  3371 ;; Hardware stack levels used: 1
  3372 ;; Hardware stack levels required when called: 4
  3373 ;; This function calls:
  3374 ;;		Nothing
  3375 ;; This function is called by:
  3376 ;;		_EUSART_Initialize
  3377 ;; This function uses a non-reentrant model
  3378 ;;
  3379                           
  3380     05D6                     _EUSART_SetErrorHandler:	
  3381                           ;psect for function _EUSART_SetErrorHandler
  3382                           
  3383     05D6                     l1925:	
  3384                           ;incstack = 0
  3385                           ; Regs used in _EUSART_SetErrorHandler: [wreg]
  3386                           
  3387                           
  3388                           ;mcc_generated_files/eusart.c: 273:     EUSART_ErrorHandler = interruptHandler;
  3389     05D6  0871               	movf	EUSART_SetErrorHandler@interruptHandler+1,w
  3390     05D7  0020               	movlb	0	; select bank0
  3391     05D8  00B1               	movwf	_EUSART_ErrorHandler+1
  3392     05D9  0870               	movf	EUSART_SetErrorHandler@interruptHandler,w
  3393     05DA  00B0               	movwf	_EUSART_ErrorHandler
  3394     05DB                     l420:
  3395     05DB  0008               	return
  3396     05DC                     __end_of_EUSART_SetErrorHandler:
  3397                           
  3398                           	psect	text17
  3399     0596                     __ptext17:	
  3400 ;; *************** function _LIN_signalTimeoutOccurred *****************
  3401 ;; Defined at:
  3402 ;;		line 40 in file "mcc_generated_files/LINDrivers/lin_slave.c"
  3403 ;; Parameters:    Size  Location     Type
  3404 ;;		None
  3405 ;; Auto vars:     Size  Location     Type
  3406 ;;		None
  3407 ;; Return value:  Size  Location     Type
  3408 ;;                  1    wreg      _Bool 
  3409 ;; Registers used:
  3410 ;;		wreg, status,2, status,0
  3411 ;; Tracked objects:
  3412 ;;		On entry : 0/0
  3413 ;;		On exit  : 0/0
  3414 ;;		Unchanged: 0/0
  3415 ;; Data sizes:     COMMON   BANK0   BANK1   BANK2   BANK3   BANK4   BANK5   BANK6
  3416 ;;      Params:         0       0       0       0       0       0       0       0
  3417 ;;      Locals:         0       0       0       0       0       0       0       0
  3418 ;;      Temps:          0       0       0       0       0       0       0       0
  3419 ;;      Totals:         0       0       0       0       0       0       0       0
  3420 ;;Total ram usage:        0 bytes
  3421 ;; Hardware stack levels used: 1
  3422 ;; Hardware stack levels required when called: 4
  3423 ;; This function calls:
  3424 ;;		Nothing
  3425 ;; This function is called by:
  3426 ;;		_main
  3427 ;; This function uses a non-reentrant model
  3428 ;;
  3429                           
  3430     0596                     _LIN_signalTimeoutOccurred:	
  3431                           ;psect for function _LIN_signalTimeoutOccurred
  3432                           
  3433     0596                     l2097:	
  3434                           ;incstack = 0
  3435                           ; Regs used in _LIN_signalTimeoutOccurred: [wreg+status,2+status,0]
  3436                           
  3437                           
  3438                           ;mcc_generated_files/LINDrivers/lin_slave.c: 41:   if (LIN_signalTimeoutPending) {
  3439     0596  0020               	movlb	0	; select bank0
  3440     0597  084D               	movf	_LIN_signalTimeoutPending,w	;volatile
  3441     0598  1903               	btfsc	3,2
  3442     0599  2D9B               	goto	u1461
  3443     059A  2D9C               	goto	u1460
  3444     059B                     u1461:
  3445     059B  2D9F               	goto	l2105
  3446     059C                     u1460:
  3447     059C                     l2099:
  3448                           
  3449                           ;mcc_generated_files/LINDrivers/lin_slave.c: 42:     LIN_signalTimeoutPending = 0;
  3450     059C  01CD               	clrf	_LIN_signalTimeoutPending	;volatile
  3451     059D                     l2101:
  3452                           
  3453                           ;mcc_generated_files/LINDrivers/lin_slave.c: 43:     return 1;
  3454     059D  3001               	movlw	1
  3455     059E  2DA0               	goto	l74
  3456     059F                     l2105:
  3457                           
  3458                           ;mcc_generated_files/LINDrivers/lin_slave.c: 46:   return 0;
  3459     059F  3000               	movlw	0
  3460     05A0                     l74:
  3461     05A0  0008               	return
  3462     05A1                     __end_of_LIN_signalTimeoutOccurred:
  3463                           
  3464                           	psect	text18
  3465     0056                     __ptext18:	
  3466 ;; *************** function _LIN_handler *****************
  3467 ;; Defined at:
  3468 ;;		line 86 in file "mcc_generated_files/LINDrivers/lin_slave.c"
  3469 ;; Parameters:    Size  Location     Type
  3470 ;;		None
  3471 ;; Auto vars:     Size  Location     Type
  3472 ;;		None
  3473 ;; Return value:  Size  Location     Type
  3474 ;;                  1    wreg      enum E204
  3475 ;; Registers used:
  3476 ;;		wreg, fsr0l, fsr0h, fsr1l, fsr1h, status,2, status,0, pclath, cstack
  3477 ;; Tracked objects:
  3478 ;;		On entry : 0/0
  3479 ;;		On exit  : 0/0
  3480 ;;		Unchanged: 0/0
  3481 ;; Data sizes:     COMMON   BANK0   BANK1   BANK2   BANK3   BANK4   BANK5   BANK6
  3482 ;;      Params:         0       0       0       0       0       0       0       0
  3483 ;;      Locals:         0       0       0       0       0       0       0       0
  3484 ;;      Temps:          0       5       0       0       0       0       0       0
  3485 ;;      Totals:         0       5       0       0       0       0       0       0
  3486 ;;Total ram usage:        5 bytes
  3487 ;; Hardware stack levels used: 1
  3488 ;; Hardware stack levels required when called: 7
  3489 ;; This function calls:
  3490 ;;		NULL
  3491 ;;		_EUSART_Read
  3492 ;;		_EUSART_is_rx_ready
  3493 ;;		_LIN_breakCheck
  3494 ;;		_LIN_checkPID
  3495 ;;		_LIN_disableRx
  3496 ;;		_LIN_enableRx
  3497 ;;		_LIN_getChecksum
  3498 ;;		_LIN_getFromTable
  3499 ;;		_LIN_queuePacket
  3500 ;;		_LIN_startTimer
  3501 ;;		_memset
  3502 ;;		_processLIN
  3503 ;; This function is called by:
  3504 ;;		_main
  3505 ;; This function uses a non-reentrant model
  3506 ;;
  3507                           
  3508     0056                     _LIN_handler:	
  3509                           ;psect for function _LIN_handler
  3510                           
  3511     0056                     l2489:	
  3512                           ;incstack = 0
  3513                           ; Regs used in _LIN_handler: [wreg-fsr1h+status,2+status,0+pclath+cstack]
  3514                           
  3515                           
  3516                           ;mcc_generated_files/LINDrivers/lin_slave.c: 88:     static lin_rx_state_t LIN_rxState =
      +                           LIN_RX_IDLE;;mcc_generated_files/LINDrivers/lin_slave.c: 89:     static uint8_t rxDataI
      +                          ndex = 0;;mcc_generated_files/LINDrivers/lin_slave.c: 91:     if (LIN_rxInProgress == 1)
  3517     0056  0020               	movlb	0	; select bank0
  3518     0057  0353               	decf	_LIN_rxInProgress,w
  3519     0058  1D03               	btfss	3,2
  3520     0059  285B               	goto	u1911
  3521     005A  285C               	goto	u1910
  3522     005B                     u1911:
  3523     005B  2951               	goto	l2575
  3524     005C                     u1910:
  3525     005C                     l2491:
  3526                           
  3527                           ;mcc_generated_files/LINDrivers/lin_slave.c: 92:     {;mcc_generated_files/LINDrivers/li
      +                          n_slave.c: 93:         if (LIN_timerRunning == 0)
  3528     005C  0851               	movf	_LIN_timerRunning,w
  3529     005D  1D03               	btfss	3,2
  3530     005E  2860               	goto	u1921
  3531     005F  2861               	goto	u1920
  3532     0060                     u1921:
  3533     0060  2951               	goto	l2575
  3534     0061                     u1920:
  3535     0061                     l2493:
  3536                           
  3537                           ;mcc_generated_files/LINDrivers/lin_slave.c: 94:         {;mcc_generated_files/LINDriver
      +                          s/lin_slave.c: 96:             LIN_rxState = LIN_RX_ERROR;
  3538     0061  3008               	movlw	8
  3539     0062  00CC               	movwf	LIN_handler@LIN_rxState
  3540     0063  2951               	goto	l2575
  3541     0064                     l2495:
  3542                           
  3543                           ;mcc_generated_files/LINDrivers/lin_slave.c: 103:         if (EUSART_is_rx_ready() > 0)
  3544     0064  3185  25A1  3180   	fcall	_EUSART_is_rx_ready
  3545     0067  3A00               	xorlw	0
  3546     0068  1903               	skipnz
  3547     0069  286B               	goto	u1931
  3548     006A  286C               	goto	u1930
  3549     006B                     u1931:
  3550     006B  2979               	goto	l123
  3551     006C                     u1930:
  3552     006C                     l2497:
  3553                           
  3554                           ;mcc_generated_files/LINDrivers/lin_slave.c: 104:         {;mcc_generated_files/LINDrive
      +                          rs/lin_slave.c: 106:             LIN_startTimer(20);
  3555     006C  3014               	movlw	20
  3556     006D  3185  256F  3180   	fcall	_LIN_startTimer
  3557     0070                     l2499:
  3558                           
  3559                           ;mcc_generated_files/LINDrivers/lin_slave.c: 107:             LIN_rxInProgress = 1;
  3560     0070  3001               	movlw	1
  3561     0071  0020               	movlb	0	; select bank0
  3562     0072  00D3               	movwf	_LIN_rxInProgress
  3563     0073                     l2501:
  3564                           
  3565                           ;mcc_generated_files/LINDrivers/lin_slave.c: 108:             LIN_rxState = LIN_RX_BREAK
      +                          ;
  3566     0073  3001               	movlw	1
  3567     0074  00CC               	movwf	LIN_handler@LIN_rxState
  3568     0075  2979               	goto	l123
  3569     0076                     l2503:
  3570                           
  3571                           ;mcc_generated_files/LINDrivers/lin_slave.c: 112:         if (EUSART_is_rx_ready() > 0)
  3572     0076  3185  25A1  3180   	fcall	_EUSART_is_rx_ready
  3573     0079  3A00               	xorlw	0
  3574     007A  1903               	skipnz
  3575     007B  287D               	goto	u1941
  3576     007C  287E               	goto	u1940
  3577     007D                     u1941:
  3578     007D  2979               	goto	l123
  3579     007E                     u1940:
  3580     007E                     l2505:
  3581                           
  3582                           ;mcc_generated_files/LINDrivers/lin_slave.c: 113:         {;mcc_generated_files/LINDrive
      +                          rs/lin_slave.c: 114:             if (LIN_breakCheck() == 1)
  3583     007E  3185  254C  3180   	fcall	_LIN_breakCheck
  3584     0081  3A01               	xorlw	1
  3585     0082  1D03               	skipz
  3586     0083  2885               	goto	u1951
  3587     0084  2886               	goto	u1950
  3588     0085                     u1951:
  3589     0085  288A               	goto	l99
  3590     0086                     u1950:
  3591     0086                     l2507:
  3592                           
  3593                           ;mcc_generated_files/LINDrivers/lin_slave.c: 115:             {;mcc_generated_files/LIND
      +                          rivers/lin_slave.c: 116:                 LIN_rxState = LIN_RX_SYNC;
  3594     0086  3002               	movlw	2
  3595     0087  0020               	movlb	0	; select bank0
  3596     0088  00CC               	movwf	LIN_handler@LIN_rxState
  3597                           
  3598                           ;mcc_generated_files/LINDrivers/lin_slave.c: 117:             }
  3599     0089  2979               	goto	l123
  3600     008A                     l99:	
  3601                           ;mcc_generated_files/LINDrivers/lin_slave.c: 118:             else
  3602                           
  3603                           
  3604                           ;mcc_generated_files/LINDrivers/lin_slave.c: 119:             {;mcc_generated_files/LIND
      +                          rivers/lin_slave.c: 120:                 LIN_rxState = LIN_RX_ERROR;
  3605     008A  3008               	movlw	8
  3606     008B  0020               	movlb	0	; select bank0
  3607     008C  00CC               	movwf	LIN_handler@LIN_rxState
  3608     008D  2979               	goto	l123
  3609     008E                     l2509:
  3610                           
  3611                           ;mcc_generated_files/LINDrivers/lin_slave.c: 125:         if (EUSART_is_rx_ready() > 0)
  3612     008E  3185  25A1  3180   	fcall	_EUSART_is_rx_ready
  3613     0091  3A00               	xorlw	0
  3614     0092  1903               	skipnz
  3615     0093  2895               	goto	u1961
  3616     0094  2896               	goto	u1960
  3617     0095                     u1961:
  3618     0095  2979               	goto	l123
  3619     0096                     u1960:
  3620     0096                     l2511:
  3621                           
  3622                           ;mcc_generated_files/LINDrivers/lin_slave.c: 126:         {;mcc_generated_files/LINDrive
      +                          rs/lin_slave.c: 127:             if (EUSART_Read() == 0x55)
  3623     0096  3184  2436  3180   	fcall	_EUSART_Read
  3624     0099  3A55               	xorlw	85
  3625     009A  1D03               	skipz
  3626     009B  289D               	goto	u1971
  3627     009C  289E               	goto	u1970
  3628     009D                     u1971:
  3629     009D  288A               	goto	l99
  3630     009E                     u1970:
  3631     009E                     l2513:
  3632                           
  3633                           ;mcc_generated_files/LINDrivers/lin_slave.c: 128:             {;mcc_generated_files/LIND
      +                          rivers/lin_slave.c: 129:                 LIN_rxState = LIN_RX_PID;
  3634     009E  3003               	movlw	3
  3635     009F  0020               	movlb	0	; select bank0
  3636     00A0  00CC               	movwf	LIN_handler@LIN_rxState
  3637                           
  3638                           ;mcc_generated_files/LINDrivers/lin_slave.c: 130:             }
  3639     00A1  2979               	goto	l123
  3640     00A2                     l2515:
  3641                           
  3642                           ;mcc_generated_files/LINDrivers/lin_slave.c: 138:         if (EUSART_is_rx_ready() > 0)
  3643     00A2  3185  25A1  3180   	fcall	_EUSART_is_rx_ready
  3644     00A5  3A00               	xorlw	0
  3645     00A6  1903               	skipnz
  3646     00A7  28A9               	goto	u1981
  3647     00A8  28AA               	goto	u1980
  3648     00A9                     u1981:
  3649     00A9  2979               	goto	l123
  3650     00AA                     u1980:
  3651     00AA                     l2517:
  3652                           
  3653                           ;mcc_generated_files/LINDrivers/lin_slave.c: 139:         {;mcc_generated_files/LINDrive
      +                          rs/lin_slave.c: 140:             LIN_packet.PID = EUSART_Read();
  3654     00AA  3184  2436  3180   	fcall	_EUSART_Read
  3655     00AD  0020               	movlb	0	; select bank0
  3656     00AE  00D4               	movwf	_LIN_packet
  3657     00AF                     l2519:
  3658                           
  3659                           ;mcc_generated_files/LINDrivers/lin_slave.c: 143:             if (LIN_checkPID(LIN_packe
      +                          t.PID) == 0)
  3660     00AF  0854               	movf	_LIN_packet,w
  3661     00B0  3184  24B2  3180   	fcall	_LIN_checkPID
  3662     00B3  3A00               	xorlw	0
  3663     00B4  1D03               	skipz
  3664     00B5  28B7               	goto	u1991
  3665     00B6  28B8               	goto	u1990
  3666     00B7                     u1991:
  3667     00B7  28B9               	goto	l2523
  3668     00B8                     u1990:
  3669     00B8  288A               	goto	l99
  3670     00B9                     l2523:
  3671                           
  3672                           ;mcc_generated_files/LINDrivers/lin_slave.c: 148:             LIN_packet.type = LIN_getF
      +                          romTable(LIN_packet.PID, TYPE);
  3673     00B9  01F0               	clrf	LIN_getFromTable@param
  3674     00BA  0AF0               	incf	LIN_getFromTable@param,f
  3675     00BB  0020               	movlb	0	; select bank0
  3676     00BC  0854               	movf	_LIN_packet,w
  3677     00BD  3182  2264  3180   	fcall	_LIN_getFromTable
  3678     00C0  0020               	movlb	0	; select bank0
  3679     00C1  00DE               	movwf	_LIN_packet+10
  3680     00C2                     l2525:
  3681                           
  3682                           ;mcc_generated_files/LINDrivers/lin_slave.c: 149:             if (LIN_packet.type == REC
      +                          EIVE)
  3683     00C2  035E               	decf	_LIN_packet+10,w
  3684     00C3  1D03               	btfss	3,2
  3685     00C4  28C6               	goto	u2001
  3686     00C5  28C7               	goto	u2000
  3687     00C6                     u2001:
  3688     00C6  28D2               	goto	l2531
  3689     00C7                     u2000:
  3690     00C7                     l2527:
  3691                           
  3692                           ;mcc_generated_files/LINDrivers/lin_slave.c: 150:             {;mcc_generated_files/LIND
      +                          rivers/lin_slave.c: 151:                 LIN_packet.length = LIN_getFromTable(LIN_packet
      +                          .PID, LENGTH);
  3693     00C7  3002               	movlw	2
  3694     00C8  00F0               	movwf	LIN_getFromTable@param
  3695     00C9  0854               	movf	_LIN_packet,w
  3696     00CA  3182  2264  3180   	fcall	_LIN_getFromTable
  3697     00CD  0020               	movlb	0	; select bank0
  3698     00CE  00DF               	movwf	_LIN_packet+11
  3699     00CF                     l2529:
  3700                           
  3701                           ;mcc_generated_files/LINDrivers/lin_slave.c: 152:                 LIN_rxState = LIN_RX_D
      +                          ATA;
  3702     00CF  3004               	movlw	4
  3703     00D0  00CC               	movwf	LIN_handler@LIN_rxState
  3704                           
  3705                           ;mcc_generated_files/LINDrivers/lin_slave.c: 153:             }
  3706     00D1  2979               	goto	l123
  3707     00D2                     l2531:
  3708                           
  3709                           ;mcc_generated_files/LINDrivers/lin_slave.c: 155:             {;mcc_generated_files/LIND
      +                          rivers/lin_slave.c: 156:                 LIN_disableRx();
  3710     00D2  3185  25EB  3180   	fcall	_LIN_disableRx
  3711     00D5                     l2533:
  3712                           
  3713                           ;mcc_generated_files/LINDrivers/lin_slave.c: 157:                 LIN_rxState = LIN_RX_T
      +                          X_DATA;
  3714     00D5  3006               	movlw	6
  3715     00D6  0020               	movlb	0	; select bank0
  3716     00D7  00CC               	movwf	LIN_handler@LIN_rxState
  3717     00D8  2979               	goto	l123
  3718     00D9                     l2535:
  3719                           
  3720                           ;mcc_generated_files/LINDrivers/lin_slave.c: 162:         if (EUSART_is_rx_ready() > 0)
  3721     00D9  3185  25A1  3180   	fcall	_EUSART_is_rx_ready
  3722     00DC  3A00               	xorlw	0
  3723     00DD  1903               	skipnz
  3724     00DE  28E0               	goto	u2011
  3725     00DF  28E1               	goto	u2010
  3726     00E0                     u2011:
  3727     00E0  2979               	goto	l123
  3728     00E1                     u2010:
  3729     00E1                     l2537:
  3730                           
  3731                           ;mcc_generated_files/LINDrivers/lin_slave.c: 163:         {;mcc_generated_files/LINDrive
      +                          rs/lin_slave.c: 164:             LIN_packet.data[rxDataIndex] = EUSART_Read();
  3732     00E1  3184  2436  3180   	fcall	_EUSART_Read
  3733     00E4  0020               	movlb	0	; select bank0
  3734     00E5  00EA               	movwf	??_LIN_handler
  3735     00E6  3055               	movlw	low (_LIN_packet+1)
  3736     00E7  00EB               	movwf	??_LIN_handler+1
  3737     00E8  3000               	movlw	high (_LIN_packet+1)
  3738     00E9  00EC               	movwf	??_LIN_handler+2
  3739     00EA  084B               	movf	LIN_handler@rxDataIndex,w
  3740     00EB  076B               	addwf	??_LIN_handler+1,w
  3741     00EC  00ED               	movwf	??_LIN_handler+3
  3742     00ED  3000               	movlw	0
  3743     00EE  3D6C               	addwfc	??_LIN_handler+2,w
  3744     00EF  00EE               	movwf	??_LIN_handler+4
  3745     00F0  086D               	movf	??_LIN_handler+3,w
  3746     00F1  0086               	movwf	6
  3747     00F2  086E               	movf	??_LIN_handler+4,w
  3748     00F3  0087               	movwf	7
  3749     00F4  086A               	movf	??_LIN_handler,w
  3750     00F5  0081               	movwf	1
  3751     00F6                     l2539:
  3752                           
  3753                           ;mcc_generated_files/LINDrivers/lin_slave.c: 165:             if (++rxDataIndex >= LIN_p
      +                          acket.length)
  3754     00F6  3001               	movlw	1
  3755     00F7  07CB               	addwf	LIN_handler@rxDataIndex,f
  3756     00F8  085F               	movf	_LIN_packet+11,w
  3757     00F9  024B               	subwf	LIN_handler@rxDataIndex,w
  3758     00FA  1C03               	skipc
  3759     00FB  28FD               	goto	u2021
  3760     00FC  28FE               	goto	u2020
  3761     00FD                     u2021:
  3762     00FD  2979               	goto	l123
  3763     00FE                     u2020:
  3764     00FE                     l2541:
  3765                           
  3766                           ;mcc_generated_files/LINDrivers/lin_slave.c: 166:             {;mcc_generated_files/LIND
      +                          rivers/lin_slave.c: 168:                 rxDataIndex = 0;
  3767     00FE  01CB               	clrf	LIN_handler@rxDataIndex
  3768     00FF                     l2543:
  3769                           
  3770                           ;mcc_generated_files/LINDrivers/lin_slave.c: 169:                 LIN_rxState = LIN_RX_C
      +                          HECKSUM;
  3771     00FF  3005               	movlw	5
  3772     0100  00CC               	movwf	LIN_handler@LIN_rxState
  3773     0101  2979               	goto	l123
  3774     0102                     l2545:
  3775                           
  3776                           ;mcc_generated_files/LINDrivers/lin_slave.c: 174:         if (EUSART_is_rx_ready() > 0)
  3777     0102  3185  25A1  3180   	fcall	_EUSART_is_rx_ready
  3778     0105  3A00               	xorlw	0
  3779     0106  1903               	skipnz
  3780     0107  2909               	goto	u2031
  3781     0108  290A               	goto	u2030
  3782     0109                     u2031:
  3783     0109  2979               	goto	l123
  3784     010A                     u2030:
  3785     010A                     l2547:
  3786                           
  3787                           ;mcc_generated_files/LINDrivers/lin_slave.c: 175:         {;mcc_generated_files/LINDrive
      +                          rs/lin_slave.c: 176:             LIN_packet.checksum = EUSART_Read();
  3788     010A  3184  2436  3180   	fcall	_EUSART_Read
  3789     010D  0020               	movlb	0	; select bank0
  3790     010E  00DD               	movwf	_LIN_packet+9
  3791                           
  3792                           ;mcc_generated_files/LINDrivers/lin_slave.c: 177:             if (LIN_packet.checksum !=
      +                           LIN_getChecksum(LIN_packet.length, LIN_packet.PID, LIN_packet.data))
  3793     010F  0854               	movf	_LIN_packet,w
  3794     0110  00F0               	movwf	LIN_getChecksum@pid
  3795     0111  3055               	movlw	low (_LIN_packet+1)
  3796     0112  00F1               	movwf	LIN_getChecksum@data
  3797     0113  3000               	movlw	high (_LIN_packet+1)
  3798     0114  00F2               	movwf	LIN_getChecksum@data+1
  3799     0115  085F               	movf	_LIN_packet+11,w
  3800     0116  3183  2339  3180   	fcall	_LIN_getChecksum
  3801     0119  0020               	movlb	0	; select bank0
  3802     011A  065D               	xorwf	_LIN_packet+9,w
  3803     011B  1903               	skipnz
  3804     011C  291E               	goto	u2041
  3805     011D  291F               	goto	u2040
  3806     011E                     u2041:
  3807     011E  2920               	goto	l115
  3808     011F                     u2040:
  3809     011F  288A               	goto	l99
  3810     0120                     l115:	
  3811                           ;mcc_generated_files/LINDrivers/lin_slave.c: 181:             else
  3812                           
  3813                           
  3814                           ;mcc_generated_files/LINDrivers/lin_slave.c: 182:             {;mcc_generated_files/LIND
      +                          rivers/lin_slave.c: 183:                 LIN_rxState = LIN_RX_RDY;
  3815     0120  3007               	movlw	7
  3816     0121  00CC               	movwf	LIN_handler@LIN_rxState
  3817     0122  2979               	goto	l123
  3818     0123                     l2551:
  3819                           
  3820                           ;mcc_generated_files/LINDrivers/lin_slave.c: 188:         LIN_queuePacket(LIN_packet.PID
      +                          );
  3821     0123  0854               	movf	_LIN_packet,w
  3822     0124  3182  2200  3180   	fcall	_LIN_queuePacket
  3823     0127                     l2553:
  3824                           
  3825                           ;mcc_generated_files/LINDrivers/lin_slave.c: 189:         LIN_rxState = LIN_RX_RDY;
  3826     0127  3007               	movlw	7
  3827     0128  0020               	movlb	0	; select bank0
  3828     0129  00CC               	movwf	LIN_handler@LIN_rxState
  3829     012A                     l2555:
  3830                           
  3831                           ;mcc_generated_files/LINDrivers/lin_slave.c: 191:         LIN_processData();
  3832     012A  0843               	movf	_LIN_processData+1,w
  3833     012B  008A               	movwf	10
  3834     012C  0842               	movf	_LIN_processData,w
  3835     012D  000A               	callw
  3836     012E  3180               	pagesel	$
  3837     012F                     l2557:
  3838                           
  3839                           ;mcc_generated_files/LINDrivers/lin_slave.c: 195:         CountCallBack = 0;
  3840     012F  0020               	movlb	0	; select bank0
  3841     0130  01D0               	clrf	_CountCallBack	;volatile
  3842     0131                     l2559:
  3843                           
  3844                           ;mcc_generated_files/LINDrivers/lin_slave.c: 196:         LIN_timerRunning = 0;
  3845     0131  01D1               	clrf	_LIN_timerRunning
  3846     0132                     l2561:
  3847                           
  3848                           ;mcc_generated_files/LINDrivers/lin_slave.c: 198:         rxDataIndex = 0;
  3849     0132  01CB               	clrf	LIN_handler@rxDataIndex
  3850     0133                     l2563:
  3851                           
  3852                           ;mcc_generated_files/LINDrivers/lin_slave.c: 199:         LIN_rxInProgress = 0;
  3853     0133  01D3               	clrf	_LIN_rxInProgress
  3854     0134                     l2565:
  3855                           
  3856                           ;mcc_generated_files/LINDrivers/lin_slave.c: 200:         memset(LIN_packet.rawPacket, 0
      +                          , sizeof(LIN_packet.rawPacket));
  3857     0134  3054               	movlw	low _LIN_packet
  3858     0135  00F0               	movwf	memset@dest
  3859     0136  3000               	movlw	high _LIN_packet
  3860     0137  00F1               	movwf	memset@dest+1
  3861     0138  3000               	movlw	0
  3862     0139  00F2               	movwf	memset@c
  3863     013A  00F3               	movwf	memset@c+1
  3864     013B  300D               	movlw	13
  3865     013C  00F4               	movwf	memset@n
  3866     013D  3000               	movlw	0
  3867     013E  00F5               	movwf	memset@n+1
  3868     013F  3184  24E4  3180   	fcall	_memset
  3869     0142                     l2567:
  3870                           
  3871                           ;mcc_generated_files/LINDrivers/lin_slave.c: 202:         if (TXSTAbits.TRMT)
  3872     0142  0023               	movlb	3	; select bank3
  3873     0143  1C9E               	btfss	30,1	;volatile
  3874     0144  2946               	goto	u2051
  3875     0145  2947               	goto	u2050
  3876     0146                     u2051:
  3877     0146  294D               	goto	l121
  3878     0147                     u2050:
  3879     0147                     l2569:
  3880                           
  3881                           ;mcc_generated_files/LINDrivers/lin_slave.c: 203:         {;mcc_generated_files/LINDrive
      +                          rs/lin_slave.c: 204:             LIN_enableRx();
  3882     0147  3185  25E6  3180   	fcall	_LIN_enableRx
  3883     014A                     l2571:
  3884                           
  3885                           ;mcc_generated_files/LINDrivers/lin_slave.c: 205:             LIN_rxState = LIN_RX_IDLE;
  3886     014A  0020               	movlb	0	; select bank0
  3887     014B  01CC               	clrf	LIN_handler@LIN_rxState
  3888                           
  3889                           ;mcc_generated_files/LINDrivers/lin_slave.c: 206:         }
  3890     014C  2979               	goto	l123
  3891     014D                     l121:	
  3892                           ;mcc_generated_files/LINDrivers/lin_slave.c: 207:         else
  3893                           
  3894                           
  3895                           ;mcc_generated_files/LINDrivers/lin_slave.c: 208:         {;mcc_generated_files/LINDrive
      +                          rs/lin_slave.c: 209:             LIN_rxState = LIN_RX_WAIT;
  3896     014D  3009               	movlw	9
  3897     014E  0020               	movlb	0	; select bank0
  3898     014F  00CC               	movwf	LIN_handler@LIN_rxState
  3899     0150  2979               	goto	l123
  3900     0151                     l2575:
  3901     0151  084C               	movf	LIN_handler@LIN_rxState,w
  3902     0152  00EA               	movwf	??_LIN_handler
  3903     0153  01EB               	clrf	??_LIN_handler+1
  3904                           
  3905                           ; Switch on 2 bytes has been partitioned into a top level switch of size 1, and 1 sub-sw
      +                          itches
  3906                           ; Switch size 1, requested type "simple"
  3907                           ; Number of cases is 1, Range of values is 0 to 0
  3908                           ; switch strategies available:
  3909                           ; Name         Instructions Cycles
  3910                           ; simple_byte            4     3 (average)
  3911                           ; direct_byte            8     6 (fixed)
  3912                           ; jumptable            260     6 (fixed)
  3913                           ;	Chosen strategy is simple_byte
  3914     0154  086B               	movf	??_LIN_handler+1,w
  3915     0155  3A00               	xorlw	0	; case 0
  3916     0156  1903               	skipnz
  3917     0157  2959               	goto	l2663
  3918     0158  2979               	goto	l123
  3919     0159                     l2663:
  3920                           
  3921                           ; Switch size 1, requested type "simple"
  3922                           ; Number of cases is 10, Range of values is 0 to 9
  3923                           ; switch strategies available:
  3924                           ; Name         Instructions Cycles
  3925                           ; direct_byte           26     6 (fixed)
  3926                           ; simple_byte           31    16 (average)
  3927                           ; jumptable            260     6 (fixed)
  3928                           ;	Chosen strategy is simple_byte
  3929     0159  086A               	movf	??_LIN_handler,w
  3930     015A  3A00               	xorlw	0	; case 0
  3931     015B  1903               	skipnz
  3932     015C  2864               	goto	l2495
  3933     015D  3A01               	xorlw	1	; case 1
  3934     015E  1903               	skipnz
  3935     015F  2876               	goto	l2503
  3936     0160  3A03               	xorlw	3	; case 2
  3937     0161  1903               	skipnz
  3938     0162  288E               	goto	l2509
  3939     0163  3A01               	xorlw	1	; case 3
  3940     0164  1903               	skipnz
  3941     0165  28A2               	goto	l2515
  3942     0166  3A07               	xorlw	7	; case 4
  3943     0167  1903               	skipnz
  3944     0168  28D9               	goto	l2535
  3945     0169  3A01               	xorlw	1	; case 5
  3946     016A  1903               	skipnz
  3947     016B  2902               	goto	l2545
  3948     016C  3A03               	xorlw	3	; case 6
  3949     016D  1903               	skipnz
  3950     016E  2923               	goto	l2551
  3951     016F  3A01               	xorlw	1	; case 7
  3952     0170  1903               	skipnz
  3953     0171  292A               	goto	l2555
  3954     0172  3A0F               	xorlw	15	; case 8
  3955     0173  1903               	skipnz
  3956     0174  292F               	goto	l2557
  3957     0175  3A01               	xorlw	1	; case 9
  3958     0176  1903               	skipnz
  3959     0177  2942               	goto	l2567
  3960     0178  2979               	goto	l123
  3961     0179                     l123:
  3962     0179  0008               	return
  3963     017A                     __end_of_LIN_handler:
  3964                           
  3965                           	psect	text19
  3966     036B                     __ptext19:	
  3967 ;; *************** function _processLIN *****************
  3968 ;; Defined at:
  3969 ;;		line 68 in file "mcc_generated_files/LINDrivers/lin_app.c"
  3970 ;; Parameters:    Size  Location     Type
  3971 ;;		None
  3972 ;; Auto vars:     Size  Location     Type
  3973 ;;  tempRxData      8    0[BANK0 ] unsigned char [8]
  3974 ;;  cmd             1    8[BANK0 ] unsigned char 
  3975 ;;  mode            1    0        enum E3437
  3976 ;; Return value:  Size  Location     Type
  3977 ;;                  1    wreg      void 
  3978 ;; Registers used:
  3979 ;;		wreg, fsr1l, fsr1h, status,2, status,0, pclath, cstack
  3980 ;; Tracked objects:
  3981 ;;		On entry : 0/0
  3982 ;;		On exit  : 0/0
  3983 ;;		Unchanged: 0/0
  3984 ;; Data sizes:     COMMON   BANK0   BANK1   BANK2   BANK3   BANK4   BANK5   BANK6
  3985 ;;      Params:         0       0       0       0       0       0       0       0
  3986 ;;      Locals:         0       9       0       0       0       0       0       0
  3987 ;;      Temps:          0       0       0       0       0       0       0       0
  3988 ;;      Totals:         0       9       0       0       0       0       0       0
  3989 ;;Total ram usage:        9 bytes
  3990 ;; Hardware stack levels used: 1
  3991 ;; Hardware stack levels required when called: 6
  3992 ;; This function calls:
  3993 ;;		_LIN_getPacket
  3994 ;; This function is called by:
  3995 ;;		_LIN_Slave_Initialize
  3996 ;;		_LIN_handler
  3997 ;; This function uses a non-reentrant model
  3998 ;;
  3999                           
  4000     036B                     _processLIN:	
  4001                           ;psect for function _processLIN
  4002                           
  4003     036B                     l2465:	
  4004                           ;incstack = 0
  4005                           ; Regs used in _processLIN: [wreg+fsr1l+fsr1h+status,2+status,0+pclath+cstack]
  4006                           
  4007                           
  4008                           ;mcc_generated_files/LINDrivers/lin_app.c: 70:   uint8_t tempRxData[8];;mcc_generated_fi
      +                          les/LINDrivers/lin_app.c: 71:   uint8_t cmd;;mcc_generated_files/LINDrivers/lin_app.c: 7
      +                          2:   ControlCode mode;;mcc_generated_files/LINDrivers/lin_app.c: 74:   cmd = LIN_getPack
      +                          et(tempRxData);
  4009     036B  3061               	movlw	(low (processLIN@tempRxData| 0))& (0+255)
  4010     036C  00F9               	movwf	LIN_getPacket@data
  4011     036D  3183  23EC  3183   	fcall	_LIN_getPacket
  4012     0370  0020               	movlb	0	; select bank0
  4013     0371  00E9               	movwf	processLIN@cmd
  4014     0372                     l2467:
  4015                           
  4016                           ;mcc_generated_files/LINDrivers/lin_app.c: 77:   if (cmd != SIGNAL)
  4017     0372  0369               	decf	processLIN@cmd,w
  4018     0373  1903               	btfsc	3,2
  4019     0374  2B76               	goto	u1861
  4020     0375  2B77               	goto	u1860
  4021     0376                     u1861:
  4022     0376  2B78               	goto	l2471
  4023     0377                     u1860:
  4024     0377  2B98               	goto	l209
  4025     0378                     l2471:
  4026                           
  4027                           ;mcc_generated_files/LINDrivers/lin_app.c: 82:   if (tempRxData[0] == 0x24)
  4028     0378  3024               	movlw	36
  4029     0379  0661               	xorwf	processLIN@tempRxData,w
  4030     037A  1D03               	btfss	3,2
  4031     037B  2B7D               	goto	u1871
  4032     037C  2B7E               	goto	u1870
  4033     037D                     u1871:
  4034     037D  2B8A               	goto	l2477
  4035     037E                     u1870:
  4036     037E                     l2473:
  4037                           
  4038                           ;mcc_generated_files/LINDrivers/lin_app.c: 83:   {;mcc_generated_files/LINDrivers/lin_ap
      +                          p.c: 157:     if (tempRxData[1] & 0xC0)
  4039     037E  0862               	movf	processLIN@tempRxData+1,w
  4040     037F  39C0               	andlw	192
  4041     0380  1903               	btfsc	3,2
  4042     0381  2B83               	goto	u1881
  4043     0382  2B84               	goto	u1880
  4044     0383                     u1881:
  4045     0383  2B87               	goto	l211
  4046     0384                     u1880:
  4047     0384                     l2475:
  4048                           
  4049                           ;mcc_generated_files/LINDrivers/lin_app.c: 158:     {;mcc_generated_files/LINDrivers/lin
      +                          _app.c: 159:       LATBbits.LATB2 = 1;
  4050     0384  0022               	movlb	2	; select bank2
  4051     0385  150D               	bsf	13,2	;volatile
  4052                           
  4053                           ;mcc_generated_files/LINDrivers/lin_app.c: 160:     }
  4054     0386  2B98               	goto	l209
  4055     0387                     l211:	
  4056                           ;mcc_generated_files/LINDrivers/lin_app.c: 161:     else
  4057                           
  4058                           
  4059                           ;mcc_generated_files/LINDrivers/lin_app.c: 162:     {;mcc_generated_files/LINDrivers/lin
      +                          _app.c: 163:       LATBbits.LATB2 = 0;
  4060     0387  0022               	movlb	2	; select bank2
  4061     0388  110D               	bcf	13,2	;volatile
  4062     0389  2B98               	goto	l209
  4063     038A                     l2477:
  4064     038A  3031               	movlw	49
  4065     038B  0661               	xorwf	processLIN@tempRxData,w
  4066     038C  1D03               	btfss	3,2
  4067     038D  2B8F               	goto	u1891
  4068     038E  2B90               	goto	u1890
  4069     038F                     u1891:
  4070     038F  2B98               	goto	l209
  4071     0390                     u1890:
  4072     0390                     l2479:
  4073     0390  3008               	movlw	8
  4074     0391  0662               	xorwf	processLIN@tempRxData+1,w
  4075     0392  1D03               	btfss	3,2
  4076     0393  2B95               	goto	u1901
  4077     0394  2B96               	goto	u1900
  4078     0395                     u1901:
  4079     0395  2B98               	goto	l209
  4080     0396                     u1900:
  4081     0396                     l2481:
  4082                           
  4083                           ;mcc_generated_files/LINDrivers/lin_app.c: 167:   {;mcc_generated_files/LINDrivers/lin_a
      +                          pp.c: 168:     LATBbits.LATB2 = 0;
  4084     0396  0022               	movlb	2	; select bank2
  4085     0397  110D               	bcf	13,2	;volatile
  4086     0398                     l209:	
  4087                           ;mcc_generated_files/LINDrivers/lin_app.c: 169:   }
  4088                           
  4089     0398  0008               	return
  4090     0399                     __end_of_processLIN:
  4091                           
  4092                           	psect	text20
  4093     03EC                     __ptext20:	
  4094 ;; *************** function _LIN_getPacket *****************
  4095 ;; Defined at:
  4096 ;;		line 228 in file "mcc_generated_files/LINDrivers/lin_slave.c"
  4097 ;; Parameters:    Size  Location     Type
  4098 ;;  data            1    9[COMMON] PTR unsigned char 
  4099 ;;		 -> processLIN@tempRxData(8), 
  4100 ;; Auto vars:     Size  Location     Type
  4101 ;;  cmd             1   10[COMMON] unsigned char 
  4102 ;; Return value:  Size  Location     Type
  4103 ;;                  1    wreg      unsigned char 
  4104 ;; Registers used:
  4105 ;;		wreg, fsr1l, fsr1h, status,2, status,0, pclath, cstack
  4106 ;; Tracked objects:
  4107 ;;		On entry : 0/0
  4108 ;;		On exit  : 0/0
  4109 ;;		Unchanged: 0/0
  4110 ;; Data sizes:     COMMON   BANK0   BANK1   BANK2   BANK3   BANK4   BANK5   BANK6
  4111 ;;      Params:         1       0       0       0       0       0       0       0
  4112 ;;      Locals:         1       0       0       0       0       0       0       0
  4113 ;;      Temps:          0       0       0       0       0       0       0       0
  4114 ;;      Totals:         2       0       0       0       0       0       0       0
  4115 ;;Total ram usage:        2 bytes
  4116 ;; Hardware stack levels used: 1
  4117 ;; Hardware stack levels required when called: 5
  4118 ;; This function calls:
  4119 ;;		_memcpy
  4120 ;;		_memset
  4121 ;; This function is called by:
  4122 ;;		_processLIN
  4123 ;; This function uses a non-reentrant model
  4124 ;;
  4125                           
  4126     03EC                     _LIN_getPacket:	
  4127                           ;psect for function _LIN_getPacket
  4128                           
  4129     03EC                     l2427:	
  4130                           ;incstack = 0
  4131                           ; Regs used in _LIN_getPacket: [wreg+fsr1l+fsr1h+status,2+status,0+pclath+cstack]
  4132                           
  4133                           
  4134                           ;mcc_generated_files/LINDrivers/lin_slave.c: 228: uint8_t LIN_getPacket(uint8_t *data);m
      +                          cc_generated_files/LINDrivers/lin_slave.c: 229: {;mcc_generated_files/LINDrivers/lin_sla
      +                          ve.c: 230:     uint8_t cmd = LIN_packet.PID & 0x3F;
  4135     03EC  0020               	movlb	0	; select bank0
  4136     03ED  0854               	movf	_LIN_packet,w
  4137     03EE  393F               	andlw	63
  4138     03EF  00FA               	movwf	LIN_getPacket@cmd
  4139     03F0                     l2429:
  4140                           
  4141                           ;mcc_generated_files/LINDrivers/lin_slave.c: 232:     memcpy(data, LIN_packet.data, size
      +                          of(LIN_packet.data));
  4142     03F0  0879               	movf	LIN_getPacket@data,w
  4143     03F1  00F0               	movwf	memcpy@d1
  4144     03F2  01F1               	clrf	memcpy@d1+1
  4145     03F3  3055               	movlw	low (_LIN_packet+1)
  4146     03F4  00F2               	movwf	memcpy@s1
  4147     03F5  3000               	movlw	high (_LIN_packet+1)
  4148     03F6  00F3               	movwf	memcpy@s1+1
  4149     03F7  3008               	movlw	8
  4150     03F8  00F4               	movwf	memcpy@n
  4151     03F9  3000               	movlw	0
  4152     03FA  00F5               	movwf	memcpy@n+1
  4153     03FB  3184  245A  3183   	fcall	_memcpy
  4154     03FE                     l2431:
  4155                           
  4156                           ;mcc_generated_files/LINDrivers/lin_slave.c: 233:     memset(LIN_packet.rawPacket, 0, si
      +                          zeof(LIN_packet.rawPacket));
  4157     03FE  3054               	movlw	low _LIN_packet
  4158     03FF  00F0               	movwf	memset@dest
  4159     0400  3000               	movlw	high _LIN_packet
  4160     0401  00F1               	movwf	memset@dest+1
  4161     0402  3000               	movlw	0
  4162     0403  00F2               	movwf	memset@c
  4163     0404  00F3               	movwf	memset@c+1
  4164     0405  300D               	movlw	13
  4165     0406  00F4               	movwf	memset@n
  4166     0407  3000               	movlw	0
  4167     0408  00F5               	movwf	memset@n+1
  4168     0409  3184  24E4  3183   	fcall	_memset
  4169     040C                     l2433:
  4170                           
  4171                           ;mcc_generated_files/LINDrivers/lin_slave.c: 234:     LIN_validSignalReceived = 1;
  4172     040C  3001               	movlw	1
  4173     040D  0020               	movlb	0	; select bank0
  4174     040E  00CF               	movwf	_LIN_validSignalReceived	;volatile
  4175     040F                     l2435:
  4176                           
  4177                           ;mcc_generated_files/LINDrivers/lin_slave.c: 235:     return cmd;
  4178     040F  087A               	movf	LIN_getPacket@cmd,w
  4179     0410                     l132:
  4180     0410  0008               	return
  4181     0411                     __end_of_LIN_getPacket:
  4182                           
  4183                           	psect	text21
  4184     04E4                     __ptext21:	
  4185 ;; *************** function _memset *****************
  4186 ;; Defined at:
  4187 ;;		line 3 in file "C:\Program Files\Microchip\xc8\v3.10\pic\sources\c99\common\memset.c"
  4188 ;; Parameters:    Size  Location     Type
  4189 ;;  dest            2    0[COMMON] PTR void 
  4190 ;;		 -> LIN_packet(13), 
  4191 ;;  c               2    2[COMMON] int 
  4192 ;;  n               2    4[COMMON] unsigned int 
  4193 ;; Auto vars:     Size  Location     Type
  4194 ;;  p               1    6[COMMON] PTR unsigned char 
  4195 ;;		 -> LIN_packet(13), 
  4196 ;; Return value:  Size  Location     Type
  4197 ;;                  2    0[COMMON] PTR void 
  4198 ;; Registers used:
  4199 ;;		wreg, fsr1l, fsr1h, status,2, status,0
  4200 ;; Tracked objects:
  4201 ;;		On entry : 0/0
  4202 ;;		On exit  : 0/0
  4203 ;;		Unchanged: 0/0
  4204 ;; Data sizes:     COMMON   BANK0   BANK1   BANK2   BANK3   BANK4   BANK5   BANK6
  4205 ;;      Params:         6       0       0       0       0       0       0       0
  4206 ;;      Locals:         1       0       0       0       0       0       0       0
  4207 ;;      Temps:          0       0       0       0       0       0       0       0
  4208 ;;      Totals:         7       0       0       0       0       0       0       0
  4209 ;;Total ram usage:        7 bytes
  4210 ;; Hardware stack levels used: 1
  4211 ;; Hardware stack levels required when called: 4
  4212 ;; This function calls:
  4213 ;;		Nothing
  4214 ;; This function is called by:
  4215 ;;		_LIN_handler
  4216 ;;		_LIN_getPacket
  4217 ;; This function uses a non-reentrant model
  4218 ;;
  4219                           
  4220     04E4                     _memset:	
  4221                           ;psect for function _memset
  4222                           
  4223     04E4                     l2391:	
  4224                           ;incstack = 0
  4225                           ; Regs used in _memset: [wreg+fsr1l+fsr1h+status,2+status,0]
  4226                           
  4227     04E4  0870               	movf	memset@dest,w
  4228     04E5  00F6               	movwf	memset@p
  4229     04E6  2CEE               	goto	l2397
  4230     04E7                     l2393:
  4231     04E7  0876               	movf	memset@p,w
  4232     04E8  0086               	movwf	6
  4233     04E9  0187               	clrf	7
  4234     04EA  0872               	movf	memset@c,w
  4235     04EB  0081               	movwf	1
  4236     04EC                     l2395:
  4237     04EC  3001               	movlw	1
  4238     04ED  07F6               	addwf	memset@p,f
  4239     04EE                     l2397:
  4240     04EE  3001               	movlw	1
  4241     04EF  02F4               	subwf	memset@n,f
  4242     04F0  3000               	movlw	0
  4243     04F1  3BF5               	subwfb	memset@n+1,f
  4244     04F2  0A74               	incf	memset@n,w
  4245     04F3  1D03               	skipz
  4246     04F4  2CF9               	goto	u1791
  4247     04F5  0A75               	incf	memset@n+1,w
  4248     04F6  1D03               	btfss	3,2
  4249     04F7  2CF9               	goto	u1791
  4250     04F8  2CFA               	goto	u1790
  4251     04F9                     u1791:
  4252     04F9  2CE7               	goto	l2393
  4253     04FA                     u1790:
  4254     04FA                     l1111:
  4255     04FA  0008               	return
  4256     04FB                     __end_of_memset:
  4257                           
  4258                           	psect	text22
  4259     056F                     __ptext22:	
  4260 ;; *************** function _LIN_startTimer *****************
  4261 ;; Defined at:
  4262 ;;		line 318 in file "mcc_generated_files/LINDrivers/lin_slave.c"
  4263 ;; Parameters:    Size  Location     Type
  4264 ;;  timeout         1    wreg     unsigned char 
  4265 ;; Auto vars:     Size  Location     Type
  4266 ;;  timeout         1    1[COMMON] unsigned char 
  4267 ;; Return value:  Size  Location     Type
  4268 ;;                  1    wreg      void 
  4269 ;; Registers used:
  4270 ;;		wreg, status,2, status,0, pclath, cstack
  4271 ;; Tracked objects:
  4272 ;;		On entry : 0/0
  4273 ;;		On exit  : 0/0
  4274 ;;		Unchanged: 0/0
  4275 ;; Data sizes:     COMMON   BANK0   BANK1   BANK2   BANK3   BANK4   BANK5   BANK6
  4276 ;;      Params:         0       0       0       0       0       0       0       0
  4277 ;;      Locals:         1       0       0       0       0       0       0       0
  4278 ;;      Temps:          0       0       0       0       0       0       0       0
  4279 ;;      Totals:         1       0       0       0       0       0       0       0
  4280 ;;Total ram usage:        1 bytes
  4281 ;; Hardware stack levels used: 1
  4282 ;; Hardware stack levels required when called: 5
  4283 ;; This function calls:
  4284 ;;		_TMR0_WriteTimer
  4285 ;; This function is called by:
  4286 ;;		_LIN_handler
  4287 ;; This function uses a non-reentrant model
  4288 ;;
  4289                           
  4290     056F                     _LIN_startTimer:	
  4291                           ;psect for function _LIN_startTimer
  4292                           
  4293                           
  4294                           ;incstack = 0
  4295                           ; Regs used in _LIN_startTimer: [wreg+status,2+status,0+pclath+cstack]
  4296                           ;LIN_startTimer@timeout stored from wreg
  4297     056F  00F1               	movwf	LIN_startTimer@timeout
  4298     0570                     l1965:
  4299                           
  4300                           ;mcc_generated_files/LINDrivers/lin_slave.c: 318: void LIN_startTimer(uint8_t timeout);m
      +                          cc_generated_files/LINDrivers/lin_slave.c: 319: {;mcc_generated_files/LINDrivers/lin_sla
      +                          ve.c: 320:     LIN_timeout = timeout;
  4301     0570  0871               	movf	LIN_startTimer@timeout,w
  4302     0571  0020               	movlb	0	; select bank0
  4303     0572  00EF               	movwf	_LIN_timeout
  4304     0573                     l1967:
  4305                           
  4306                           ;mcc_generated_files/LINDrivers/lin_slave.c: 321:     TMR0_WriteTimer(0);
  4307     0573  3000               	movlw	0
  4308     0574  3185  25E1  3185   	fcall	_TMR0_WriteTimer
  4309     0577                     l1969:
  4310                           
  4311                           ;mcc_generated_files/LINDrivers/lin_slave.c: 322:     __nop();
  4312     0577  0000               	nop
  4313     0578                     l1971:
  4314                           
  4315                           ;mcc_generated_files/LINDrivers/lin_slave.c: 323:     LIN_timerRunning = 1;
  4316     0578  3001               	movlw	1
  4317     0579  0020               	movlb	0	; select bank0
  4318     057A  00D1               	movwf	_LIN_timerRunning
  4319     057B                     l1973:
  4320                           
  4321                           ;mcc_generated_files/LINDrivers/lin_slave.c: 324:     CountCallBack = 0;
  4322     057B  01D0               	clrf	_CountCallBack	;volatile
  4323     057C                     l164:
  4324     057C  0008               	return
  4325     057D                     __end_of_LIN_startTimer:
  4326                           
  4327                           	psect	text23
  4328     05E1                     __ptext23:	
  4329 ;; *************** function _TMR0_WriteTimer *****************
  4330 ;; Defined at:
  4331 ;;		line 96 in file "mcc_generated_files/tmr0.c"
  4332 ;; Parameters:    Size  Location     Type
  4333 ;;  timerVal        1    wreg     unsigned char 
  4334 ;; Auto vars:     Size  Location     Type
  4335 ;;  timerVal        1    0[COMMON] unsigned char 
  4336 ;; Return value:  Size  Location     Type
  4337 ;;                  1    wreg      void 
  4338 ;; Registers used:
  4339 ;;		wreg
  4340 ;; Tracked objects:
  4341 ;;		On entry : 0/0
  4342 ;;		On exit  : 0/0
  4343 ;;		Unchanged: 0/0
  4344 ;; Data sizes:     COMMON   BANK0   BANK1   BANK2   BANK3   BANK4   BANK5   BANK6
  4345 ;;      Params:         0       0       0       0       0       0       0       0
  4346 ;;      Locals:         1       0       0       0       0       0       0       0
  4347 ;;      Temps:          0       0       0       0       0       0       0       0
  4348 ;;      Totals:         1       0       0       0       0       0       0       0
  4349 ;;Total ram usage:        1 bytes
  4350 ;; Hardware stack levels used: 1
  4351 ;; Hardware stack levels required when called: 4
  4352 ;; This function calls:
  4353 ;;		Nothing
  4354 ;; This function is called by:
  4355 ;;		_LIN_startTimer
  4356 ;; This function uses a non-reentrant model
  4357 ;;
  4358                           
  4359     05E1                     _TMR0_WriteTimer:	
  4360                           ;psect for function _TMR0_WriteTimer
  4361                           
  4362                           
  4363                           ;incstack = 0
  4364                           ; Regs used in _TMR0_WriteTimer: [wreg]
  4365                           ;TMR0_WriteTimer@timerVal stored from wreg
  4366     05E1  00F0               	movwf	TMR0_WriteTimer@timerVal
  4367     05E2                     l1911:
  4368                           
  4369                           ;mcc_generated_files/tmr0.c: 96: void TMR0_WriteTimer(uint8_t timerVal);mcc_generated_fi
      +                          les/tmr0.c: 97: {;mcc_generated_files/tmr0.c: 99:     TMR0 = timerVal;
  4370     05E2  0870               	movf	TMR0_WriteTimer@timerVal,w
  4371     05E3  0020               	movlb	0	; select bank0
  4372     05E4  0095               	movwf	21	;volatile
  4373     05E5                     l240:
  4374     05E5  0008               	return
  4375     05E6                     __end_of_TMR0_WriteTimer:
  4376                           
  4377                           	psect	text24
  4378     0200                     __ptext24:	
  4379 ;; *************** function _LIN_queuePacket *****************
  4380 ;; Defined at:
  4381 ;;		line 60 in file "mcc_generated_files/LINDrivers/lin_slave.c"
  4382 ;; Parameters:    Size  Location     Type
  4383 ;;  cmd             1    wreg     unsigned char 
  4384 ;; Auto vars:     Size  Location     Type
  4385 ;;  cmd             1    5[BANK0 ] unsigned char 
  4386 ;;  i               1    6[BANK0 ] unsigned char 
  4387 ;;  tempSchedule    2    7[BANK0 ] PTR const struct .
  4388 ;;		 -> NULL(0), scheduleTable(5), 
  4389 ;; Return value:  Size  Location     Type
  4390 ;;                  1    wreg      void 
  4391 ;; Registers used:
  4392 ;;		wreg, fsr0l, fsr0h, fsr1l, fsr1h, status,2, status,0, pclath, cstack
  4393 ;; Tracked objects:
  4394 ;;		On entry : 0/0
  4395 ;;		On exit  : 0/0
  4396 ;;		Unchanged: 0/0
  4397 ;; Data sizes:     COMMON   BANK0   BANK1   BANK2   BANK3   BANK4   BANK5   BANK6
  4398 ;;      Params:         0       0       0       0       0       0       0       0
  4399 ;;      Locals:         0       4       0       0       0       0       0       0
  4400 ;;      Temps:          0       3       0       0       0       0       0       0
  4401 ;;      Totals:         0       7       0       0       0       0       0       0
  4402 ;;Total ram usage:        7 bytes
  4403 ;; Hardware stack levels used: 1
  4404 ;; Hardware stack levels required when called: 6
  4405 ;; This function calls:
  4406 ;;		_LIN_getChecksum
  4407 ;;		_LIN_sendPacket
  4408 ;;		_memcpy
  4409 ;; This function is called by:
  4410 ;;		_LIN_handler
  4411 ;; This function uses a non-reentrant model
  4412 ;;
  4413                           
  4414     0200                     _LIN_queuePacket:	
  4415                           ;psect for function _LIN_queuePacket
  4416                           
  4417                           
  4418                           ;incstack = 0
  4419                           ; Regs used in _LIN_queuePacket: [wreg-fsr1h+status,2+status,0+pclath+cstack]
  4420                           ;LIN_queuePacket@cmd stored from wreg
  4421     0200  0020               	movlb	0	; select bank0
  4422     0201  00E6               	movwf	LIN_queuePacket@cmd
  4423     0202                     l2439:
  4424                           
  4425                           ;mcc_generated_files/LINDrivers/lin_slave.c: 60: void LIN_queuePacket(uint8_t cmd);mcc_g
      +                          enerated_files/LINDrivers/lin_slave.c: 61: {;mcc_generated_files/LINDrivers/lin_slave.c:
      +                           62:     const lin_rx_cmd_t *tempSchedule = LIN_rxCommand;
  4426     0202  0841               	movf	_LIN_rxCommand+1,w
  4427     0203  00E9               	movwf	LIN_queuePacket@tempSchedule+1
  4428     0204  0840               	movf	_LIN_rxCommand,w
  4429     0205  00E8               	movwf	LIN_queuePacket@tempSchedule
  4430     0206                     l2441:
  4431                           
  4432                           ;mcc_generated_files/LINDrivers/lin_slave.c: 64:     cmd &= 0x3F;
  4433     0206  303F               	movlw	63
  4434     0207  05E6               	andwf	LIN_queuePacket@cmd,f
  4435     0208                     l2443:
  4436                           
  4437                           ;mcc_generated_files/LINDrivers/lin_slave.c: 65:     for (uint8_t i = 0; i < LIN_rxComma
      +                          ndLength; i++)
  4438     0208  01E7               	clrf	LIN_queuePacket@i
  4439     0209  2A1B               	goto	l2453
  4440     020A                     l2445:
  4441                           
  4442                           ;mcc_generated_files/LINDrivers/lin_slave.c: 66:     {;mcc_generated_files/LINDrivers/li
      +                          n_slave.c: 67:         if (cmd == tempSchedule->cmd)
  4443     020A  0868               	movf	LIN_queuePacket@tempSchedule,w
  4444     020B  0084               	movwf	4
  4445     020C  0869               	movf	LIN_queuePacket@tempSchedule+1,w
  4446     020D  0085               	movwf	5
  4447     020E  0800               	movf	0,w	;code access
  4448     020F  0666               	xorwf	LIN_queuePacket@cmd,w
  4449     0210  1D03               	skipz
  4450     0211  2A13               	goto	u1841
  4451     0212  2A14               	goto	u1840
  4452     0213                     u1841:
  4453     0213  2A15               	goto	l2449
  4454     0214                     u1840:
  4455     0214  2A21               	goto	l2455
  4456     0215                     l2449:
  4457                           
  4458                           ;mcc_generated_files/LINDrivers/lin_slave.c: 71:         tempSchedule++;
  4459     0215  3005               	movlw	5
  4460     0216  07E8               	addwf	LIN_queuePacket@tempSchedule,f
  4461     0217  3000               	movlw	0
  4462     0218  3DE9               	addwfc	LIN_queuePacket@tempSchedule+1,f
  4463     0219                     l2451:
  4464                           
  4465                           ;mcc_generated_files/LINDrivers/lin_slave.c: 72:     }
  4466     0219  3001               	movlw	1
  4467     021A  07E7               	addwf	LIN_queuePacket@i,f
  4468     021B                     l2453:
  4469     021B  0852               	movf	_LIN_rxCommandLength,w
  4470     021C  0267               	subwf	LIN_queuePacket@i,w
  4471     021D  1C03               	skipc
  4472     021E  2A20               	goto	u1851
  4473     021F  2A21               	goto	u1850
  4474     0220                     u1851:
  4475     0220  2A0A               	goto	l2445
  4476     0221                     u1850:
  4477     0221                     l2455:
  4478                           
  4479                           ;mcc_generated_files/LINDrivers/lin_slave.c: 74:     LIN_packet.type = tempSchedule->typ
      +                          e;
  4480     0221  3001               	movlw	1
  4481     0222  0768               	addwf	LIN_queuePacket@tempSchedule,w
  4482     0223  0084               	movwf	4
  4483     0224  0869               	movf	LIN_queuePacket@tempSchedule+1,w
  4484     0225  1803               	skipnc
  4485     0226  3E01               	addlw	1
  4486     0227  0085               	movwf	5
  4487     0228  0800               	movf	0,w	;code access
  4488     0229  00DE               	movwf	_LIN_packet+10
  4489                           
  4490                           ;mcc_generated_files/LINDrivers/lin_slave.c: 75:     LIN_packet.length = tempSchedule->l
      +                          ength;
  4491     022A  3002               	movlw	2
  4492     022B  0768               	addwf	LIN_queuePacket@tempSchedule,w
  4493     022C  0084               	movwf	4
  4494     022D  0869               	movf	LIN_queuePacket@tempSchedule+1,w
  4495     022E  1803               	skipnc
  4496     022F  3E01               	addlw	1
  4497     0230  0085               	movwf	5
  4498     0231  0800               	movf	0,w	;code access
  4499     0232  00DF               	movwf	_LIN_packet+11
  4500     0233                     l2457:
  4501                           
  4502                           ;mcc_generated_files/LINDrivers/lin_slave.c: 79:     memcpy(LIN_packet.data, tempSchedul
      +                          e->data, LIN_packet.length);
  4503     0233  3055               	movlw	low (_LIN_packet+1)
  4504     0234  00F0               	movwf	memcpy@d1
  4505     0235  3000               	movlw	high (_LIN_packet+1)
  4506     0236  00F1               	movwf	memcpy@d1+1
  4507     0237  3003               	movlw	3
  4508     0238  0768               	addwf	LIN_queuePacket@tempSchedule,w
  4509     0239  0084               	movwf	4
  4510     023A  0869               	movf	LIN_queuePacket@tempSchedule+1,w
  4511     023B  1803               	skipnc
  4512     023C  3E01               	addlw	1
  4513     023D  0085               	movwf	5
  4514     023E  3F00               	moviw [0]fsr0
  4515     023F  00F2               	movwf	memcpy@s1
  4516     0240  3F01               	moviw [1]fsr0
  4517     0241  00F3               	movwf	memcpy@s1+1
  4518     0242  085F               	movf	_LIN_packet+11,w
  4519     0243  00E4               	movwf	??_LIN_queuePacket+1
  4520     0244  01E5               	clrf	??_LIN_queuePacket+2
  4521     0245  0864               	movf	??_LIN_queuePacket+1,w
  4522     0246  00F4               	movwf	memcpy@n
  4523     0247  0865               	movf	??_LIN_queuePacket+2,w
  4524     0248  00F5               	movwf	memcpy@n+1
  4525     0249  3184  245A  3182   	fcall	_memcpy
  4526     024C                     l2459:
  4527                           
  4528                           ;mcc_generated_files/LINDrivers/lin_slave.c: 82:     LIN_packet.checksum = LIN_getChecks
      +                          um(LIN_packet.length, LIN_packet.PID, LIN_packet.data);
  4529     024C  0020               	movlb	0	; select bank0
  4530     024D  0854               	movf	_LIN_packet,w
  4531     024E  00F0               	movwf	LIN_getChecksum@pid
  4532     024F  3055               	movlw	low (_LIN_packet+1)
  4533     0250  00F1               	movwf	LIN_getChecksum@data
  4534     0251  3000               	movlw	high (_LIN_packet+1)
  4535     0252  00F2               	movwf	LIN_getChecksum@data+1
  4536     0253  085F               	movf	_LIN_packet+11,w
  4537     0254  3183  2339  3182   	fcall	_LIN_getChecksum
  4538     0257  0020               	movlb	0	; select bank0
  4539     0258  00DD               	movwf	_LIN_packet+9
  4540     0259                     l2461:
  4541                           
  4542                           ;mcc_generated_files/LINDrivers/lin_slave.c: 83:     LIN_sendPacket(LIN_packet.length, L
      +                          IN_packet.PID, LIN_packet.data);
  4543     0259  0854               	movf	_LIN_packet,w
  4544     025A  00FA               	movwf	LIN_sendPacket@pid
  4545     025B  3055               	movlw	low (_LIN_packet+1)
  4546     025C  00FB               	movwf	LIN_sendPacket@data
  4547     025D  3000               	movlw	high (_LIN_packet+1)
  4548     025E  00FC               	movwf	LIN_sendPacket@data+1
  4549     025F  085F               	movf	_LIN_packet+11,w
  4550     0260  3184  2411  3182   	fcall	_LIN_sendPacket
  4551     0263                     l84:
  4552     0263  0008               	return
  4553     0264                     __end_of_LIN_queuePacket:
  4554                           
  4555                           	psect	text25
  4556     045A                     __ptext25:	
  4557 ;; *************** function _memcpy *****************
  4558 ;; Defined at:
  4559 ;;		line 4 in file "C:\Program Files\Microchip\xc8\v3.10\pic\sources\c99\common\memcpy.c"
  4560 ;; Parameters:    Size  Location     Type
  4561 ;;  d1              2    0[COMMON] PTR void 
  4562 ;;		 -> processLIN@tempRxData(8), LIN_packet(13), 
  4563 ;;  s1              2    2[COMMON] PTR const void 
  4564 ;;		 -> SIGNAL_Data(8), LIN_packet$data(8), LIN_packet(13), 
  4565 ;;  n               2    4[COMMON] unsigned int 
  4566 ;; Auto vars:     Size  Location     Type
  4567 ;;  s               1    8[COMMON] PTR const unsigned char 
  4568 ;;		 -> SIGNAL_Data(8), LIN_packet$data(8), LIN_packet(13), 
  4569 ;;  d               1    7[COMMON] PTR unsigned char 
  4570 ;;		 -> processLIN@tempRxData(8), LIN_packet(13), 
  4571 ;;  tmp             1    6[COMMON] unsigned char 
  4572 ;; Return value:  Size  Location     Type
  4573 ;;                  2    0[COMMON] PTR void 
  4574 ;; Registers used:
  4575 ;;		wreg, fsr1l, fsr1h, status,2, status,0
  4576 ;; Tracked objects:
  4577 ;;		On entry : 0/0
  4578 ;;		On exit  : 0/0
  4579 ;;		Unchanged: 0/0
  4580 ;; Data sizes:     COMMON   BANK0   BANK1   BANK2   BANK3   BANK4   BANK5   BANK6
  4581 ;;      Params:         6       0       0       0       0       0       0       0
  4582 ;;      Locals:         3       0       0       0       0       0       0       0
  4583 ;;      Temps:          0       0       0       0       0       0       0       0
  4584 ;;      Totals:         9       0       0       0       0       0       0       0
  4585 ;;Total ram usage:        9 bytes
  4586 ;; Hardware stack levels used: 1
  4587 ;; Hardware stack levels required when called: 4
  4588 ;; This function calls:
  4589 ;;		Nothing
  4590 ;; This function is called by:
  4591 ;;		_LIN_queuePacket
  4592 ;;		_LIN_getPacket
  4593 ;; This function uses a non-reentrant model
  4594 ;;
  4595                           
  4596     045A                     _memcpy:	
  4597                           ;psect for function _memcpy
  4598                           
  4599     045A                     l2363:	
  4600                           ;incstack = 0
  4601                           ; Regs used in _memcpy: [wreg+fsr1l+fsr1h+status,2+status,0]
  4602                           
  4603     045A  0872               	movf	memcpy@s1,w
  4604     045B  00F8               	movwf	memcpy@s
  4605     045C  0870               	movf	memcpy@d1,w
  4606     045D  00F7               	movwf	memcpy@d
  4607     045E  2C6D               	goto	l1102
  4608     045F                     l2365:
  4609     045F  0878               	movf	memcpy@s,w
  4610     0460  0086               	movwf	6
  4611     0461  0187               	clrf	7
  4612     0462  0801               	movf	1,w
  4613     0463  00F6               	movwf	memcpy@tmp
  4614     0464                     l2367:
  4615     0464  3001               	movlw	1
  4616     0465  07F8               	addwf	memcpy@s,f
  4617     0466                     l2369:
  4618     0466  0877               	movf	memcpy@d,w
  4619     0467  0086               	movwf	6
  4620     0468  0187               	clrf	7
  4621     0469  0876               	movf	memcpy@tmp,w
  4622     046A  0081               	movwf	1
  4623     046B  3001               	movlw	1
  4624     046C  07F7               	addwf	memcpy@d,f
  4625     046D                     l1102:
  4626     046D  3001               	movlw	1
  4627     046E  02F4               	subwf	memcpy@n,f
  4628     046F  3000               	movlw	0
  4629     0470  3BF5               	subwfb	memcpy@n+1,f
  4630     0471  0A74               	incf	memcpy@n,w
  4631     0472  1D03               	skipz
  4632     0473  2C78               	goto	u1761
  4633     0474  0A75               	incf	memcpy@n+1,w
  4634     0475  1D03               	btfss	3,2
  4635     0476  2C78               	goto	u1761
  4636     0477  2C79               	goto	u1760
  4637     0478                     u1761:
  4638     0478  2C5F               	goto	l2365
  4639     0479                     u1760:
  4640     0479                     l1105:
  4641     0479  0008               	return
  4642     047A                     __end_of_memcpy:
  4643                           
  4644                           	psect	text26
  4645     0411                     __ptext26:	
  4646 ;; *************** function _LIN_sendPacket *****************
  4647 ;; Defined at:
  4648 ;;		line 216 in file "mcc_generated_files/LINDrivers/lin_slave.c"
  4649 ;; Parameters:    Size  Location     Type
  4650 ;;  length          1    wreg     unsigned char 
  4651 ;;  pid             1   10[COMMON] unsigned char 
  4652 ;;  data            2   11[COMMON] PTR unsigned char 
  4653 ;;		 -> LIN_packet(13), 
  4654 ;; Auto vars:     Size  Location     Type
  4655 ;;  length          1    0[BANK0 ] unsigned char 
  4656 ;;  i               1    1[BANK0 ] unsigned char 
  4657 ;; Return value:  Size  Location     Type
  4658 ;;                  1    wreg      void 
  4659 ;; Registers used:
  4660 ;;		wreg, fsr1l, fsr1h, status,2, status,0, pclath, cstack
  4661 ;; Tracked objects:
  4662 ;;		On entry : 0/0
  4663 ;;		On exit  : 0/0
  4664 ;;		Unchanged: 0/0
  4665 ;; Data sizes:     COMMON   BANK0   BANK1   BANK2   BANK3   BANK4   BANK5   BANK6
  4666 ;;      Params:         3       0       0       0       0       0       0       0
  4667 ;;      Locals:         0       2       0       0       0       0       0       0
  4668 ;;      Temps:          0       0       0       0       0       0       0       0
  4669 ;;      Totals:         3       2       0       0       0       0       0       0
  4670 ;;Total ram usage:        5 bytes
  4671 ;; Hardware stack levels used: 1
  4672 ;; Hardware stack levels required when called: 5
  4673 ;; This function calls:
  4674 ;;		_EUSART_Write
  4675 ;;		_LIN_getChecksum
  4676 ;; This function is called by:
  4677 ;;		_LIN_queuePacket
  4678 ;; This function uses a non-reentrant model
  4679 ;;
  4680                           
  4681     0411                     _LIN_sendPacket:	
  4682                           ;psect for function _LIN_sendPacket
  4683                           
  4684                           
  4685                           ;incstack = 0
  4686                           ; Regs used in _LIN_sendPacket: [wreg+fsr1l+fsr1h+status,2+status,0+pclath+cstack]
  4687                           ;LIN_sendPacket@length stored from wreg
  4688     0411  0020               	movlb	0	; select bank0
  4689     0412  00E1               	movwf	LIN_sendPacket@length
  4690     0413                     l2417:
  4691                           
  4692                           ;mcc_generated_files/LINDrivers/lin_slave.c: 216: void LIN_sendPacket(uint8_t length, ui
      +                          nt8_t pid, uint8_t *data);mcc_generated_files/LINDrivers/lin_slave.c: 217: {;mcc_generat
      +                          ed_files/LINDrivers/lin_slave.c: 220:     for (uint8_t i = 0; i < length; i++)
  4693     0413  01E2               	clrf	LIN_sendPacket@i
  4694     0414  2C22               	goto	l2423
  4695     0415                     l2419:
  4696                           
  4697                           ;mcc_generated_files/LINDrivers/lin_slave.c: 221:     {;mcc_generated_files/LINDrivers/l
      +                          in_slave.c: 222:         EUSART_Write(*(data + i));
  4698     0415  0862               	movf	LIN_sendPacket@i,w
  4699     0416  077B               	addwf	LIN_sendPacket@data,w
  4700     0417  0086               	movwf	6
  4701     0418  3000               	movlw	0
  4702     0419  3D7C               	addwfc	LIN_sendPacket@data+1,w
  4703     041A  0087               	movwf	7
  4704     041B  0801               	movf	1,w
  4705     041C  3183  23C6  3184   	fcall	_EUSART_Write
  4706     041F                     l2421:
  4707                           
  4708                           ;mcc_generated_files/LINDrivers/lin_slave.c: 223:     }
  4709     041F  3001               	movlw	1
  4710     0420  0020               	movlb	0	; select bank0
  4711     0421  07E2               	addwf	LIN_sendPacket@i,f
  4712     0422                     l2423:
  4713     0422  0861               	movf	LIN_sendPacket@length,w
  4714     0423  0262               	subwf	LIN_sendPacket@i,w
  4715     0424  1C03               	skipc
  4716     0425  2C27               	goto	u1831
  4717     0426  2C28               	goto	u1830
  4718     0427                     u1831:
  4719     0427  2C15               	goto	l2419
  4720     0428                     u1830:
  4721     0428                     l2425:
  4722                           
  4723                           ;mcc_generated_files/LINDrivers/lin_slave.c: 225:     EUSART_Write(LIN_getChecksum(lengt
      +                          h, pid, data));
  4724     0428  087A               	movf	LIN_sendPacket@pid,w
  4725     0429  00F0               	movwf	LIN_getChecksum@pid
  4726     042A  087C               	movf	LIN_sendPacket@data+1,w
  4727     042B  00F2               	movwf	LIN_getChecksum@data+1
  4728     042C  087B               	movf	LIN_sendPacket@data,w
  4729     042D  00F1               	movwf	LIN_getChecksum@data
  4730     042E  0861               	movf	LIN_sendPacket@length,w
  4731     042F  3183  2339  3184   	fcall	_LIN_getChecksum
  4732     0432  3183  23C6  3184   	fcall	_EUSART_Write
  4733     0435                     l129:
  4734     0435  0008               	return
  4735     0436                     __end_of_LIN_sendPacket:
  4736                           
  4737                           	psect	text27
  4738     0339                     __ptext27:	
  4739 ;; *************** function _LIN_getChecksum *****************
  4740 ;; Defined at:
  4741 ;;		line 303 in file "mcc_generated_files/LINDrivers/lin_slave.c"
  4742 ;; Parameters:    Size  Location     Type
  4743 ;;  length          1    wreg     unsigned char 
  4744 ;;  pid             1    0[COMMON] unsigned char 
  4745 ;;  data            2    1[COMMON] PTR unsigned char 
  4746 ;;		 -> LIN_packet(13), 
  4747 ;; Auto vars:     Size  Location     Type
  4748 ;;  length          1    5[COMMON] unsigned char 
  4749 ;;  i               1    6[COMMON] unsigned char 
  4750 ;;  checksum        2    7[COMMON] unsigned short 
  4751 ;; Return value:  Size  Location     Type
  4752 ;;                  1    wreg      unsigned char 
  4753 ;; Registers used:
  4754 ;;		wreg, fsr1l, fsr1h, status,2, status,0
  4755 ;; Tracked objects:
  4756 ;;		On entry : 0/0
  4757 ;;		On exit  : 0/0
  4758 ;;		Unchanged: 0/0
  4759 ;; Data sizes:     COMMON   BANK0   BANK1   BANK2   BANK3   BANK4   BANK5   BANK6
  4760 ;;      Params:         3       0       0       0       0       0       0       0
  4761 ;;      Locals:         4       0       0       0       0       0       0       0
  4762 ;;      Temps:          2       0       0       0       0       0       0       0
  4763 ;;      Totals:         9       0       0       0       0       0       0       0
  4764 ;;Total ram usage:        9 bytes
  4765 ;; Hardware stack levels used: 1
  4766 ;; Hardware stack levels required when called: 4
  4767 ;; This function calls:
  4768 ;;		Nothing
  4769 ;; This function is called by:
  4770 ;;		_LIN_queuePacket
  4771 ;;		_LIN_handler
  4772 ;;		_LIN_sendPacket
  4773 ;; This function uses a non-reentrant model
  4774 ;;
  4775                           
  4776     0339                     _LIN_getChecksum:	
  4777                           ;psect for function _LIN_getChecksum
  4778                           
  4779                           
  4780                           ;incstack = 0
  4781                           ; Regs used in _LIN_getChecksum: [wreg+fsr1l+fsr1h+status,2+status,0]
  4782                           ;LIN_getChecksum@length stored from wreg
  4783     0339  00F5               	movwf	LIN_getChecksum@length
  4784     033A                     l2371:
  4785                           
  4786                           ;mcc_generated_files/LINDrivers/lin_slave.c: 303: uint8_t LIN_getChecksum(uint8_t length
      +                          , uint8_t pid, uint8_t *data);mcc_generated_files/LINDrivers/lin_slave.c: 304: {;mcc_gen
      +                          erated_files/LINDrivers/lin_slave.c: 305:     uint16_t checksum = pid;
  4787     033A  0870               	movf	LIN_getChecksum@pid,w
  4788     033B  00F3               	movwf	??_LIN_getChecksum
  4789     033C  01F4               	clrf	??_LIN_getChecksum+1
  4790     033D  0873               	movf	??_LIN_getChecksum,w
  4791     033E  00F7               	movwf	LIN_getChecksum@checksum
  4792     033F  0874               	movf	??_LIN_getChecksum+1,w
  4793     0340  00F8               	movwf	LIN_getChecksum@checksum+1
  4794     0341                     l2373:
  4795                           
  4796                           ;mcc_generated_files/LINDrivers/lin_slave.c: 307:     for (uint8_t i = 0; i < length; i+
      +                          +)
  4797     0341  01F6               	clrf	LIN_getChecksum@i
  4798     0342  2B61               	goto	l2385
  4799     0343                     l2375:
  4800                           
  4801                           ;mcc_generated_files/LINDrivers/lin_slave.c: 308:     {;mcc_generated_files/LINDrivers/l
      +                          in_slave.c: 309:         checksum = checksum + *data++;
  4802     0343  0871               	movf	LIN_getChecksum@data,w
  4803     0344  0086               	movwf	6
  4804     0345  0872               	movf	LIN_getChecksum@data+1,w
  4805     0346  0087               	movwf	7
  4806     0347  0801               	movf	1,w
  4807     0348  0777               	addwf	LIN_getChecksum@checksum,w
  4808     0349  00F7               	movwf	LIN_getChecksum@checksum
  4809     034A  0878               	movf	LIN_getChecksum@checksum+1,w
  4810     034B  1803               	skipnc
  4811     034C  0A78               	incf	LIN_getChecksum@checksum+1,w
  4812     034D  00F8               	movwf	LIN_getChecksum@checksum+1
  4813     034E                     l2377:
  4814     034E  3001               	movlw	1
  4815     034F  07F1               	addwf	LIN_getChecksum@data,f
  4816     0350  3000               	movlw	0
  4817     0351  3DF2               	addwfc	LIN_getChecksum@data+1,f
  4818     0352                     l2379:
  4819                           
  4820                           ;mcc_generated_files/LINDrivers/lin_slave.c: 310:         if (checksum > 0xFF)
  4821     0352  3001               	movlw	1
  4822     0353  0278               	subwf	LIN_getChecksum@checksum+1,w
  4823     0354  3000               	movlw	0
  4824     0355  1903               	skipnz
  4825     0356  0277               	subwf	LIN_getChecksum@checksum,w
  4826     0357  1C03               	skipc
  4827     0358  2B5A               	goto	u1771
  4828     0359  2B5B               	goto	u1770
  4829     035A                     u1771:
  4830     035A  2B5F               	goto	l2383
  4831     035B                     u1770:
  4832     035B                     l2381:
  4833                           
  4834                           ;mcc_generated_files/LINDrivers/lin_slave.c: 311:             checksum -= 0xFF;
  4835     035B  30FF               	movlw	255
  4836     035C  02F7               	subwf	LIN_getChecksum@checksum,f
  4837     035D  3000               	movlw	0
  4838     035E  3BF8               	subwfb	LIN_getChecksum@checksum+1,f
  4839     035F                     l2383:
  4840                           
  4841                           ;mcc_generated_files/LINDrivers/lin_slave.c: 312:     }
  4842     035F  3001               	movlw	1
  4843     0360  07F6               	addwf	LIN_getChecksum@i,f
  4844     0361                     l2385:
  4845     0361  0875               	movf	LIN_getChecksum@length,w
  4846     0362  0276               	subwf	LIN_getChecksum@i,w
  4847     0363  1C03               	skipc
  4848     0364  2B66               	goto	u1781
  4849     0365  2B67               	goto	u1780
  4850     0366                     u1781:
  4851     0366  2B43               	goto	l2375
  4852     0367                     u1780:
  4853     0367                     l160:
  4854                           
  4855                           ;mcc_generated_files/LINDrivers/lin_slave.c: 313:     checksum = ~checksum;
  4856     0367  09F7               	comf	LIN_getChecksum@checksum,f
  4857     0368  09F8               	comf	LIN_getChecksum@checksum+1,f
  4858     0369                     l2387:
  4859                           
  4860                           ;mcc_generated_files/LINDrivers/lin_slave.c: 315:     return (uint8_t)checksum;
  4861     0369  0877               	movf	LIN_getChecksum@checksum,w
  4862     036A                     l161:
  4863     036A  0008               	return
  4864     036B                     __end_of_LIN_getChecksum:
  4865                           
  4866                           	psect	text28
  4867     03C6                     __ptext28:	
  4868 ;; *************** function _EUSART_Write *****************
  4869 ;; Defined at:
  4870 ;;		line 173 in file "mcc_generated_files/eusart.c"
  4871 ;; Parameters:    Size  Location     Type
  4872 ;;  txData          1    wreg     unsigned char 
  4873 ;; Auto vars:     Size  Location     Type
  4874 ;;  txData          1    9[COMMON] unsigned char 
  4875 ;; Return value:  Size  Location     Type
  4876 ;;                  1    wreg      void 
  4877 ;; Registers used:
  4878 ;;		wreg, fsr1l, fsr1h, status,2, status,0
  4879 ;; Tracked objects:
  4880 ;;		On entry : 0/0
  4881 ;;		On exit  : 0/0
  4882 ;;		Unchanged: 0/0
  4883 ;; Data sizes:     COMMON   BANK0   BANK1   BANK2   BANK3   BANK4   BANK5   BANK6
  4884 ;;      Params:         0       0       0       0       0       0       0       0
  4885 ;;      Locals:         1       0       0       0       0       0       0       0
  4886 ;;      Temps:          0       0       0       0       0       0       0       0
  4887 ;;      Totals:         1       0       0       0       0       0       0       0
  4888 ;;Total ram usage:        1 bytes
  4889 ;; Hardware stack levels used: 1
  4890 ;; Hardware stack levels required when called: 4
  4891 ;; This function calls:
  4892 ;;		Nothing
  4893 ;; This function is called by:
  4894 ;;		_LIN_sendPacket
  4895 ;; This function uses a non-reentrant model
  4896 ;;
  4897                           
  4898     03C6                     _EUSART_Write:	
  4899                           ;psect for function _EUSART_Write
  4900                           
  4901                           
  4902                           ;incstack = 0
  4903                           ; Regs used in _EUSART_Write: [wreg+fsr1l+fsr1h+status,2+status,0]
  4904                           ;EUSART_Write@txData stored from wreg
  4905     03C6  00F9               	movwf	EUSART_Write@txData
  4906     03C7                     l2399:
  4907     03C7                     l2401:	
  4908                           ;mcc_generated_files/eusart.c: 173: void EUSART_Write(uint8_t txData);mcc_generated_file
      +                          s/eusart.c: 174: {;mcc_generated_files/eusart.c: 175:     while(0 == eusartTxBufferRemai
      +                          ning)
  4909                           
  4910                           
  4911                           ;mcc_generated_files/eusart.c: 175:     while(0 == eusartTxBufferRemaining)
  4912     03C7  0020               	movlb	0	; select bank0
  4913     03C8  0847               	movf	_eusartTxBufferRemaining,w	;volatile
  4914     03C9  1903               	btfsc	3,2
  4915     03CA  2BCC               	goto	u1801
  4916     03CB  2BCD               	goto	u1800
  4917     03CC                     u1801:
  4918     03CC  2BC7               	goto	l2401
  4919     03CD                     u1800:
  4920     03CD                     l381:
  4921                           
  4922                           ;mcc_generated_files/eusart.c: 179:     if(0 == PIE1bits.TXIE)
  4923     03CD  0021               	movlb	1	; select bank1
  4924     03CE  1A11               	btfsc	17,4	;volatile
  4925     03CF  2BD1               	goto	u1811
  4926     03D0  2BD2               	goto	u1810
  4927     03D1                     u1811:
  4928     03D1  2BD6               	goto	l382
  4929     03D2                     u1810:
  4930     03D2                     l2403:
  4931                           
  4932                           ;mcc_generated_files/eusart.c: 180:     {;mcc_generated_files/eusart.c: 181:         TXR
      +                          EG = txData;
  4933     03D2  0879               	movf	EUSART_Write@txData,w
  4934     03D3  0023               	movlb	3	; select bank3
  4935     03D4  009A               	movwf	26	;volatile
  4936                           
  4937                           ;mcc_generated_files/eusart.c: 182:     }
  4938     03D5  2BE9               	goto	l2415
  4939     03D6                     l382:	
  4940                           ;mcc_generated_files/eusart.c: 183:     else
  4941                           
  4942                           
  4943                           ;mcc_generated_files/eusart.c: 184:     {;mcc_generated_files/eusart.c: 185:         PIE
      +                          1bits.TXIE = 0;
  4944     03D6  1211               	bcf	17,4	;volatile
  4945     03D7                     l2405:
  4946                           
  4947                           ;mcc_generated_files/eusart.c: 186:         eusartTxBuffer[eusartTxHead++] = txData;
  4948     03D7  0020               	movlb	0	; select bank0
  4949     03D8  0849               	movf	_eusartTxHead,w
  4950     03D9  3E28               	addlw	(low (_eusartTxBuffer| 0))& (0+255)
  4951     03DA  0086               	movwf	6
  4952     03DB  0187               	clrf	7
  4953     03DC  0879               	movf	EUSART_Write@txData,w
  4954     03DD  0081               	movwf	1
  4955     03DE                     l2407:
  4956     03DE  3001               	movlw	1
  4957     03DF  07C9               	addwf	_eusartTxHead,f	;volatile
  4958     03E0                     l2409:
  4959                           
  4960                           ;mcc_generated_files/eusart.c: 187:         if(sizeof(eusartTxBuffer) <= eusartTxHead)
  4961     03E0  3008               	movlw	8
  4962     03E1  0249               	subwf	_eusartTxHead,w	;volatile
  4963     03E2  1C03               	skipc
  4964     03E3  2BE5               	goto	u1821
  4965     03E4  2BE6               	goto	u1820
  4966     03E5                     u1821:
  4967     03E5  2BE7               	goto	l2413
  4968     03E6                     u1820:
  4969     03E6                     l2411:
  4970                           
  4971                           ;mcc_generated_files/eusart.c: 188:         {;mcc_generated_files/eusart.c: 189:        
      +                               eusartTxHead = 0;
  4972     03E6  01C9               	clrf	_eusartTxHead	;volatile
  4973     03E7                     l2413:
  4974                           
  4975                           ;mcc_generated_files/eusart.c: 191:         eusartTxBufferRemaining--;
  4976     03E7  3001               	movlw	1
  4977     03E8  02C7               	subwf	_eusartTxBufferRemaining,f	;volatile
  4978     03E9                     l2415:
  4979                           
  4980                           ;mcc_generated_files/eusart.c: 193:     PIE1bits.TXIE = 1;
  4981     03E9  0021               	movlb	1	; select bank1
  4982     03EA  1611               	bsf	17,4	;volatile
  4983     03EB                     l385:
  4984     03EB  0008               	return
  4985     03EC                     __end_of_EUSART_Write:
  4986                           
  4987                           	psect	text29
  4988     05E6                     __ptext29:	
  4989 ;; *************** function _LIN_enableRx *****************
  4990 ;; Defined at:
  4991 ;;		line 368 in file "mcc_generated_files/LINDrivers/lin_slave.c"
  4992 ;; Parameters:    Size  Location     Type
  4993 ;;		None
  4994 ;; Auto vars:     Size  Location     Type
  4995 ;;		None
  4996 ;; Return value:  Size  Location     Type
  4997 ;;                  1    wreg      void 
  4998 ;; Registers used:
  4999 ;;		None
  5000 ;; Tracked objects:
  5001 ;;		On entry : 0/0
  5002 ;;		On exit  : 0/0
  5003 ;;		Unchanged: 0/0
  5004 ;; Data sizes:     COMMON   BANK0   BANK1   BANK2   BANK3   BANK4   BANK5   BANK6
  5005 ;;      Params:         0       0       0       0       0       0       0       0
  5006 ;;      Locals:         0       0       0       0       0       0       0       0
  5007 ;;      Temps:          0       0       0       0       0       0       0       0
  5008 ;;      Totals:         0       0       0       0       0       0       0       0
  5009 ;;Total ram usage:        0 bytes
  5010 ;; Hardware stack levels used: 1
  5011 ;; Hardware stack levels required when called: 4
  5012 ;; This function calls:
  5013 ;;		Nothing
  5014 ;; This function is called by:
  5015 ;;		_LIN_init
  5016 ;;		_LIN_handler
  5017 ;; This function uses a non-reentrant model
  5018 ;;
  5019                           
  5020     05E6                     _LIN_enableRx:	
  5021                           ;psect for function _LIN_enableRx
  5022                           
  5023     05E6                     l1745:	
  5024                           ;incstack = 0
  5025                           ; Regs used in _LIN_enableRx: []
  5026                           
  5027                           
  5028                           ;mcc_generated_files/LINDrivers/lin_slave.c: 370:     RCSTAbits.CREN = 1;
  5029     05E6  0023               	movlb	3	; select bank3
  5030     05E7  161D               	bsf	29,4	;volatile
  5031                           
  5032                           ;mcc_generated_files/LINDrivers/lin_slave.c: 371:     PIE1bits.RCIE = 1;
  5033     05E8  0021               	movlb	1	; select bank1
  5034     05E9  1691               	bsf	17,5	;volatile
  5035     05EA                     l181:
  5036     05EA  0008               	return
  5037     05EB                     __end_of_LIN_enableRx:
  5038                           
  5039                           	psect	text30
  5040     05EB                     __ptext30:	
  5041 ;; *************** function _LIN_disableRx *****************
  5042 ;; Defined at:
  5043 ;;		line 374 in file "mcc_generated_files/LINDrivers/lin_slave.c"
  5044 ;; Parameters:    Size  Location     Type
  5045 ;;		None
  5046 ;; Auto vars:     Size  Location     Type
  5047 ;;		None
  5048 ;; Return value:  Size  Location     Type
  5049 ;;                  1    wreg      void 
  5050 ;; Registers used:
  5051 ;;		None
  5052 ;; Tracked objects:
  5053 ;;		On entry : 0/0
  5054 ;;		On exit  : 0/0
  5055 ;;		Unchanged: 0/0
  5056 ;; Data sizes:     COMMON   BANK0   BANK1   BANK2   BANK3   BANK4   BANK5   BANK6
  5057 ;;      Params:         0       0       0       0       0       0       0       0
  5058 ;;      Locals:         0       0       0       0       0       0       0       0
  5059 ;;      Temps:          0       0       0       0       0       0       0       0
  5060 ;;      Totals:         0       0       0       0       0       0       0       0
  5061 ;;Total ram usage:        0 bytes
  5062 ;; Hardware stack levels used: 1
  5063 ;; Hardware stack levels required when called: 4
  5064 ;; This function calls:
  5065 ;;		Nothing
  5066 ;; This function is called by:
  5067 ;;		_LIN_handler
  5068 ;; This function uses a non-reentrant model
  5069 ;;
  5070                           
  5071     05EB                     _LIN_disableRx:	
  5072                           ;psect for function _LIN_disableRx
  5073                           
  5074     05EB                     l2003:	
  5075                           ;incstack = 0
  5076                           ; Regs used in _LIN_disableRx: []
  5077                           
  5078                           
  5079                           ;mcc_generated_files/LINDrivers/lin_slave.c: 376:     RCSTAbits.CREN = 0;
  5080     05EB  0023               	movlb	3	; select bank3
  5081     05EC  121D               	bcf	29,4	;volatile
  5082                           
  5083                           ;mcc_generated_files/LINDrivers/lin_slave.c: 377:     PIE1bits.RCIE = 0;
  5084     05ED  0021               	movlb	1	; select bank1
  5085     05EE  1291               	bcf	17,5	;volatile
  5086     05EF                     l184:
  5087     05EF  0008               	return
  5088     05F0                     __end_of_LIN_disableRx:
  5089                           
  5090                           	psect	text31
  5091     04B2                     __ptext31:	
  5092 ;; *************** function _LIN_checkPID *****************
  5093 ;; Defined at:
  5094 ;;		line 273 in file "mcc_generated_files/LINDrivers/lin_slave.c"
  5095 ;; Parameters:    Size  Location     Type
  5096 ;;  pid             1    wreg     unsigned char 
  5097 ;; Auto vars:     Size  Location     Type
  5098 ;;  pid             1    7[COMMON] unsigned char 
  5099 ;; Return value:  Size  Location     Type
  5100 ;;                  1    wreg      _Bool 
  5101 ;; Registers used:
  5102 ;;		wreg, fsr0l, fsr0h, status,2, status,0, pclath, cstack
  5103 ;; Tracked objects:
  5104 ;;		On entry : 0/0
  5105 ;;		On exit  : 0/0
  5106 ;;		Unchanged: 0/0
  5107 ;; Data sizes:     COMMON   BANK0   BANK1   BANK2   BANK3   BANK4   BANK5   BANK6
  5108 ;;      Params:         0       0       0       0       0       0       0       0
  5109 ;;      Locals:         1       0       0       0       0       0       0       0
  5110 ;;      Temps:          0       0       0       0       0       0       0       0
  5111 ;;      Totals:         1       0       0       0       0       0       0       0
  5112 ;;Total ram usage:        1 bytes
  5113 ;; Hardware stack levels used: 1
  5114 ;; Hardware stack levels required when called: 5
  5115 ;; This function calls:
  5116 ;;		_LIN_calcParity
  5117 ;;		_LIN_getFromTable
  5118 ;; This function is called by:
  5119 ;;		_LIN_handler
  5120 ;; This function uses a non-reentrant model
  5121 ;;
  5122                           
  5123     04B2                     _LIN_checkPID:	
  5124                           ;psect for function _LIN_checkPID
  5125                           
  5126                           
  5127                           ;incstack = 0
  5128                           ; Regs used in _LIN_checkPID: [wreg-fsr0h+status,2+status,0+pclath+cstack]
  5129                           ;LIN_checkPID@pid stored from wreg
  5130     04B2  00F7               	movwf	LIN_checkPID@pid
  5131     04B3                     l1987:
  5132                           
  5133                           ;mcc_generated_files/LINDrivers/lin_slave.c: 273: _Bool LIN_checkPID(uint8_t pid);mcc_ge
      +                          nerated_files/LINDrivers/lin_slave.c: 274: {;mcc_generated_files/LINDrivers/lin_slave.c:
      +                           275:     if (LIN_getFromTable(pid, TYPE) == ERROR)
  5134     04B3  01F0               	clrf	LIN_getFromTable@param
  5135     04B4  0AF0               	incf	LIN_getFromTable@param,f
  5136     04B5  0877               	movf	LIN_checkPID@pid,w
  5137     04B6  3182  2264  3184   	fcall	_LIN_getFromTable
  5138     04B9  3A02               	xorlw	2
  5139     04BA  1D03               	skipz
  5140     04BB  2CBD               	goto	u1351
  5141     04BC  2CBE               	goto	u1350
  5142     04BD                     u1351:
  5143     04BD  2CC0               	goto	l1993
  5144     04BE                     u1350:
  5145     04BE                     l1989:
  5146                           
  5147                           ;mcc_generated_files/LINDrivers/lin_slave.c: 276:         return 0;
  5148     04BE  3000               	movlw	0
  5149     04BF  2CCB               	goto	l150
  5150     04C0                     l1993:
  5151                           
  5152                           ;mcc_generated_files/LINDrivers/lin_slave.c: 278:     if (pid == LIN_calcParity(pid & 0x
      +                          3F))
  5153     04C0  0877               	movf	LIN_checkPID@pid,w
  5154     04C1  393F               	andlw	63
  5155     04C2  3181  217A  3184   	fcall	_LIN_calcParity
  5156     04C5  0677               	xorwf	LIN_checkPID@pid,w
  5157     04C6  1D03               	skipz
  5158     04C7  2CC9               	goto	u1361
  5159     04C8  2CCA               	goto	u1360
  5160     04C9                     u1361:
  5161     04C9  2CBE               	goto	l1989
  5162     04CA                     u1360:
  5163     04CA                     l1995:
  5164                           
  5165                           ;mcc_generated_files/LINDrivers/lin_slave.c: 279:         return 1;
  5166     04CA  3001               	movlw	1
  5167     04CB                     l150:
  5168     04CB  0008               	return
  5169     04CC                     __end_of_LIN_checkPID:
  5170                           
  5171                           	psect	text32
  5172     0264                     __ptext32:	
  5173 ;; *************** function _LIN_getFromTable *****************
  5174 ;; Defined at:
  5175 ;;		line 238 in file "mcc_generated_files/LINDrivers/lin_slave.c"
  5176 ;; Parameters:    Size  Location     Type
  5177 ;;  cmd             1    wreg     unsigned char 
  5178 ;;  param           1    0[COMMON] enum E221
  5179 ;; Auto vars:     Size  Location     Type
  5180 ;;  cmd             1    3[COMMON] unsigned char 
  5181 ;;  length          1    4[COMMON] unsigned char 
  5182 ;;  rxCommand       2    5[COMMON] PTR const struct .
  5183 ;;		 -> NULL(0), scheduleTable(5), 
  5184 ;; Return value:  Size  Location     Type
  5185 ;;                  1    wreg      unsigned char 
  5186 ;; Registers used:
  5187 ;;		wreg, fsr0l, fsr0h, status,2, status,0, pclath
  5188 ;; Tracked objects:
  5189 ;;		On entry : 0/0
  5190 ;;		On exit  : 0/0
  5191 ;;		Unchanged: 0/0
  5192 ;; Data sizes:     COMMON   BANK0   BANK1   BANK2   BANK3   BANK4   BANK5   BANK6
  5193 ;;      Params:         1       0       0       0       0       0       0       0
  5194 ;;      Locals:         4       0       0       0       0       0       0       0
  5195 ;;      Temps:          2       0       0       0       0       0       0       0
  5196 ;;      Totals:         7       0       0       0       0       0       0       0
  5197 ;;Total ram usage:        7 bytes
  5198 ;; Hardware stack levels used: 1
  5199 ;; Hardware stack levels required when called: 4
  5200 ;; This function calls:
  5201 ;;		Nothing
  5202 ;; This function is called by:
  5203 ;;		_LIN_handler
  5204 ;;		_LIN_checkPID
  5205 ;; This function uses a non-reentrant model
  5206 ;;
  5207                           
  5208     0264                     _LIN_getFromTable:	
  5209                           ;psect for function _LIN_getFromTable
  5210                           
  5211                           
  5212                           ;incstack = 0
  5213                           ; Regs used in _LIN_getFromTable: [wreg-fsr0h+status,2+status,0+pclath]
  5214                           ;LIN_getFromTable@cmd stored from wreg
  5215     0264  00F3               	movwf	LIN_getFromTable@cmd
  5216     0265                     l1843:
  5217                           
  5218                           ;mcc_generated_files/LINDrivers/lin_slave.c: 238: uint8_t LIN_getFromTable(uint8_t cmd, 
      +                          lin_sch_param_t param);mcc_generated_files/LINDrivers/lin_slave.c: 239: {;mcc_generated_
      +                          files/LINDrivers/lin_slave.c: 240:     const lin_rx_cmd_t *rxCommand = LIN_rxCommand;
  5219     0265  0020               	movlb	0	; select bank0
  5220     0266  0841               	movf	_LIN_rxCommand+1,w
  5221     0267  00F6               	movwf	LIN_getFromTable@rxCommand+1
  5222     0268  0840               	movf	_LIN_rxCommand,w
  5223     0269  00F5               	movwf	LIN_getFromTable@rxCommand
  5224     026A                     l1845:
  5225                           
  5226                           ;mcc_generated_files/LINDrivers/lin_slave.c: 242:     cmd &= 0x3F;
  5227     026A  303F               	movlw	63
  5228     026B  05F3               	andwf	LIN_getFromTable@cmd,f
  5229     026C                     l1847:
  5230                           
  5231                           ;mcc_generated_files/LINDrivers/lin_slave.c: 244:     for (uint8_t length = 0; length < 
      +                          LIN_rxCommandLength; length++)
  5232     026C  01F4               	clrf	LIN_getFromTable@length
  5233     026D  2A8F               	goto	l1861
  5234     026E                     l1849:
  5235                           
  5236                           ;mcc_generated_files/LINDrivers/lin_slave.c: 245:     {;mcc_generated_files/LINDrivers/l
      +                          in_slave.c: 246:         if (cmd == rxCommand->cmd)
  5237     026E  0875               	movf	LIN_getFromTable@rxCommand,w
  5238     026F  0084               	movwf	4
  5239     0270  0876               	movf	LIN_getFromTable@rxCommand+1,w
  5240     0271  0085               	movwf	5
  5241     0272  0800               	movf	0,w	;code access
  5242     0273  0673               	xorwf	LIN_getFromTable@cmd,w
  5243     0274  1D03               	skipz
  5244     0275  2A77               	goto	u991
  5245     0276  2A78               	goto	u990
  5246     0277                     u991:
  5247     0277  2A79               	goto	l1853
  5248     0278                     u990:
  5249     0278  2AAE               	goto	l1877
  5250     0279                     l1853:
  5251                           
  5252                           ;mcc_generated_files/LINDrivers/lin_slave.c: 250:         rxCommand++;
  5253     0279  3005               	movlw	5
  5254     027A  07F5               	addwf	LIN_getFromTable@rxCommand,f
  5255     027B  3000               	movlw	0
  5256     027C  3DF6               	addwfc	LIN_getFromTable@rxCommand+1,f
  5257                           
  5258                           ;mcc_generated_files/LINDrivers/lin_slave.c: 252:         if (length == (LIN_rxCommandLe
      +                          ngth - 1))
  5259     027D  0852               	movf	_LIN_rxCommandLength,w
  5260     027E  3EFF               	addlw	255
  5261     027F  00F1               	movwf	??_LIN_getFromTable
  5262     0280  30FF               	movlw	255
  5263     0281  1803               	skipnc
  5264     0282  3000               	movlw	0
  5265     0283  00F2               	movwf	??_LIN_getFromTable+1
  5266     0284  0874               	movf	LIN_getFromTable@length,w
  5267     0285  0671               	xorwf	??_LIN_getFromTable,w
  5268     0286  0472               	iorwf	??_LIN_getFromTable+1,w
  5269     0287  1D03               	skipz
  5270     0288  2A8A               	goto	u1001
  5271     0289  2A8B               	goto	u1000
  5272     028A                     u1001:
  5273     028A  2A8D               	goto	l1859
  5274     028B                     u1000:
  5275     028B                     l1855:
  5276                           
  5277                           ;mcc_generated_files/LINDrivers/lin_slave.c: 253:         {;mcc_generated_files/LINDrive
      +                          rs/lin_slave.c: 254:             return ERROR;
  5278     028B  3002               	movlw	2
  5279     028C  2AC1               	goto	l140
  5280     028D                     l1859:
  5281                           
  5282                           ;mcc_generated_files/LINDrivers/lin_slave.c: 256:     }
  5283     028D  3001               	movlw	1
  5284     028E  07F4               	addwf	LIN_getFromTable@length,f
  5285     028F                     l1861:
  5286     028F  0852               	movf	_LIN_rxCommandLength,w
  5287     0290  0274               	subwf	LIN_getFromTable@length,w
  5288     0291  1C03               	skipc
  5289     0292  2A94               	goto	u1011
  5290     0293  2A95               	goto	u1010
  5291     0294                     u1011:
  5292     0294  2A6E               	goto	l1849
  5293     0295                     u1010:
  5294     0295  2AAE               	goto	l1877
  5295     0296                     l1863:
  5296                           
  5297                           ;mcc_generated_files/LINDrivers/lin_slave.c: 261:         return (uint8_t)rxCommand->cmd
      +                          ;
  5298     0296  0875               	movf	LIN_getFromTable@rxCommand,w
  5299     0297  0084               	movwf	4
  5300     0298  0876               	movf	LIN_getFromTable@rxCommand+1,w
  5301     0299  0085               	movwf	5
  5302     029A  0800               	movf	0,w	;code access
  5303     029B  2AC1               	goto	l140
  5304     029C                     l1867:
  5305                           
  5306                           ;mcc_generated_files/LINDrivers/lin_slave.c: 263:         return (uint8_t)rxCommand->typ
      +                          e;
  5307     029C  3001               	movlw	1
  5308     029D  0775               	addwf	LIN_getFromTable@rxCommand,w
  5309     029E  0084               	movwf	4
  5310     029F  0876               	movf	LIN_getFromTable@rxCommand+1,w
  5311     02A0  1803               	skipnc
  5312     02A1  3E01               	addlw	1
  5313     02A2  0085               	movwf	5
  5314     02A3  0800               	movf	0,w	;code access
  5315     02A4  2AC1               	goto	l140
  5316     02A5                     l1871:
  5317                           
  5318                           ;mcc_generated_files/LINDrivers/lin_slave.c: 265:         return (uint8_t)rxCommand->len
      +                          gth;
  5319     02A5  3002               	movlw	2
  5320     02A6  0775               	addwf	LIN_getFromTable@rxCommand,w
  5321     02A7  0084               	movwf	4
  5322     02A8  0876               	movf	LIN_getFromTable@rxCommand+1,w
  5323     02A9  1803               	skipnc
  5324     02AA  3E01               	addlw	1
  5325     02AB  0085               	movwf	5
  5326     02AC  0800               	movf	0,w	;code access
  5327     02AD  2AC1               	goto	l140
  5328     02AE                     l1877:
  5329     02AE  0870               	movf	LIN_getFromTable@param,w
  5330     02AF  00F1               	movwf	??_LIN_getFromTable
  5331     02B0  01F2               	clrf	??_LIN_getFromTable+1
  5332                           
  5333                           ; Switch on 2 bytes has been partitioned into a top level switch of size 1, and 1 sub-sw
      +                          itches
  5334                           ; Switch size 1, requested type "simple"
  5335                           ; Number of cases is 1, Range of values is 0 to 0
  5336                           ; switch strategies available:
  5337                           ; Name         Instructions Cycles
  5338                           ; simple_byte            4     3 (average)
  5339                           ; direct_byte            8     6 (fixed)
  5340                           ; jumptable            260     6 (fixed)
  5341                           ;	Chosen strategy is simple_byte
  5342     02B1  0872               	movf	??_LIN_getFromTable+1,w
  5343     02B2  3A00               	xorlw	0	; case 0
  5344     02B3  1903               	skipnz
  5345     02B4  2AB6               	goto	l2665
  5346     02B5  2A8B               	goto	l1855
  5347     02B6                     l2665:
  5348                           
  5349                           ; Switch size 1, requested type "simple"
  5350                           ; Number of cases is 3, Range of values is 0 to 2
  5351                           ; switch strategies available:
  5352                           ; Name         Instructions Cycles
  5353                           ; simple_byte           10     6 (average)
  5354                           ; direct_byte           12     6 (fixed)
  5355                           ; jumptable            260     6 (fixed)
  5356                           ;	Chosen strategy is simple_byte
  5357     02B6  0871               	movf	??_LIN_getFromTable,w
  5358     02B7  3A00               	xorlw	0	; case 0
  5359     02B8  1903               	skipnz
  5360     02B9  2A96               	goto	l1863
  5361     02BA  3A01               	xorlw	1	; case 1
  5362     02BB  1903               	skipnz
  5363     02BC  2A9C               	goto	l1867
  5364     02BD  3A03               	xorlw	3	; case 2
  5365     02BE  1903               	skipnz
  5366     02BF  2AA5               	goto	l1871
  5367     02C0  2A8B               	goto	l1855
  5368     02C1                     l140:
  5369     02C1  0008               	return
  5370     02C2                     __end_of_LIN_getFromTable:
  5371                           
  5372                           	psect	text33
  5373     017A                     __ptext33:	
  5374 ;; *************** function _LIN_calcParity *****************
  5375 ;; Defined at:
  5376 ;;		line 284 in file "mcc_generated_files/LINDrivers/lin_slave.c"
  5377 ;; Parameters:    Size  Location     Type
  5378 ;;  CMD             1    wreg     unsigned char 
  5379 ;; Auto vars:     Size  Location     Type
  5380 ;;  CMD             1    1[COMMON] unsigned char 
  5381 ;;  PID             1    2[COMMON] struct .
  5382 ;; Return value:  Size  Location     Type
  5383 ;;                  1    wreg      unsigned char 
  5384 ;; Registers used:
  5385 ;;		wreg, status,0
  5386 ;; Tracked objects:
  5387 ;;		On entry : 0/0
  5388 ;;		On exit  : 0/0
  5389 ;;		Unchanged: 0/0
  5390 ;; Data sizes:     COMMON   BANK0   BANK1   BANK2   BANK3   BANK4   BANK5   BANK6
  5391 ;;      Params:         0       0       0       0       0       0       0       0
  5392 ;;      Locals:         2       0       0       0       0       0       0       0
  5393 ;;      Temps:          1       0       0       0       0       0       0       0
  5394 ;;      Totals:         3       0       0       0       0       0       0       0
  5395 ;;Total ram usage:        3 bytes
  5396 ;; Hardware stack levels used: 1
  5397 ;; Hardware stack levels required when called: 4
  5398 ;; This function calls:
  5399 ;;		Nothing
  5400 ;; This function is called by:
  5401 ;;		_LIN_checkPID
  5402 ;; This function uses a non-reentrant model
  5403 ;;
  5404                           
  5405     017A                     _LIN_calcParity:	
  5406                           ;psect for function _LIN_calcParity
  5407                           
  5408                           
  5409                           ;incstack = 0
  5410                           ; Regs used in _LIN_calcParity: [wreg+status,0]
  5411                           ;LIN_calcParity@CMD stored from wreg
  5412     017A  00F1               	movwf	LIN_calcParity@CMD
  5413     017B                     l1903:
  5414                           
  5415                           ;mcc_generated_files/LINDrivers/lin_slave.c: 284: uint8_t LIN_calcParity(uint8_t CMD);mc
      +                          c_generated_files/LINDrivers/lin_slave.c: 285: {;mcc_generated_files/LINDrivers/lin_slav
      +                          e.c: 286:     lin_pid_t PID;;mcc_generated_files/LINDrivers/lin_slave.c: 287:     PID.ra
      +                          wPID = CMD;
  5416     017B  0871               	movf	LIN_calcParity@CMD,w
  5417     017C  00F2               	movwf	LIN_calcParity@PID
  5418                           
  5419                           ;mcc_generated_files/LINDrivers/lin_slave.c: 292:     PID.P0 = PID.ID0 ^ PID.ID1;
  5420     017D  18F2               	btfsc	LIN_calcParity@PID,1
  5421     017E  2980               	goto	u1021
  5422     017F  2982               	goto	u1020
  5423     0180                     u1021:
  5424     0180  3001               	movlw	1
  5425     0181  2983               	goto	u1022
  5426     0182                     u1020:
  5427     0182  3000               	movlw	0
  5428     0183                     u1022:
  5429     0183  00F0               	movwf	??_LIN_calcParity
  5430     0184  1872               	btfsc	LIN_calcParity@PID,0
  5431     0185  2987               	goto	u1031
  5432     0186  2989               	goto	u1030
  5433     0187                     u1031:
  5434     0187  3001               	movlw	1
  5435     0188  298A               	goto	u1032
  5436     0189                     u1030:
  5437     0189  3000               	movlw	0
  5438     018A                     u1032:
  5439     018A  0670               	xorwf	??_LIN_calcParity,w
  5440     018B  1D03               	skipz
  5441     018C  298E               	goto	u1041
  5442     018D  2990               	goto	u1040
  5443     018E                     u1041:
  5444     018E  1772               	bsf	LIN_calcParity@PID,6
  5445     018F  2991               	goto	u1054
  5446     0190                     u1040:
  5447     0190  1372               	bcf	LIN_calcParity@PID,6
  5448     0191                     u1054:
  5449                           
  5450                           ;mcc_generated_files/LINDrivers/lin_slave.c: 293:     PID.P0 = PID.P0 ^ PID.ID2;
  5451     0191  1972               	btfsc	LIN_calcParity@PID,2
  5452     0192  2994               	goto	u1061
  5453     0193  2996               	goto	u1060
  5454     0194                     u1061:
  5455     0194  3001               	movlw	1
  5456     0195  2997               	goto	u1062
  5457     0196                     u1060:
  5458     0196  3000               	movlw	0
  5459     0197                     u1062:
  5460     0197  00F0               	movwf	??_LIN_calcParity
  5461     0198  1B72               	btfsc	LIN_calcParity@PID,6
  5462     0199  299B               	goto	u1071
  5463     019A  299D               	goto	u1070
  5464     019B                     u1071:
  5465     019B  3001               	movlw	1
  5466     019C  299E               	goto	u1072
  5467     019D                     u1070:
  5468     019D  3000               	movlw	0
  5469     019E                     u1072:
  5470     019E  0670               	xorwf	??_LIN_calcParity,w
  5471     019F  1D03               	skipz
  5472     01A0  29A2               	goto	u1081
  5473     01A1  29A4               	goto	u1080
  5474     01A2                     u1081:
  5475     01A2  1772               	bsf	LIN_calcParity@PID,6
  5476     01A3  29A5               	goto	u1094
  5477     01A4                     u1080:
  5478     01A4  1372               	bcf	LIN_calcParity@PID,6
  5479     01A5                     u1094:
  5480                           
  5481                           ;mcc_generated_files/LINDrivers/lin_slave.c: 294:     PID.P0 = PID.P0 ^ PID.ID4;
  5482     01A5  1A72               	btfsc	LIN_calcParity@PID,4
  5483     01A6  29A8               	goto	u1101
  5484     01A7  29AA               	goto	u1100
  5485     01A8                     u1101:
  5486     01A8  3001               	movlw	1
  5487     01A9  29AB               	goto	u1102
  5488     01AA                     u1100:
  5489     01AA  3000               	movlw	0
  5490     01AB                     u1102:
  5491     01AB  00F0               	movwf	??_LIN_calcParity
  5492     01AC  1B72               	btfsc	LIN_calcParity@PID,6
  5493     01AD  29AF               	goto	u1111
  5494     01AE  29B1               	goto	u1110
  5495     01AF                     u1111:
  5496     01AF  3001               	movlw	1
  5497     01B0  29B2               	goto	u1112
  5498     01B1                     u1110:
  5499     01B1  3000               	movlw	0
  5500     01B2                     u1112:
  5501     01B2  0670               	xorwf	??_LIN_calcParity,w
  5502     01B3  1D03               	skipz
  5503     01B4  29B6               	goto	u1121
  5504     01B5  29B8               	goto	u1120
  5505     01B6                     u1121:
  5506     01B6  1772               	bsf	LIN_calcParity@PID,6
  5507     01B7  29B9               	goto	u1134
  5508     01B8                     u1120:
  5509     01B8  1372               	bcf	LIN_calcParity@PID,6
  5510     01B9                     u1134:
  5511                           
  5512                           ;mcc_generated_files/LINDrivers/lin_slave.c: 295:     PID.P1 = PID.ID1 ^ PID.ID3;
  5513     01B9  19F2               	btfsc	LIN_calcParity@PID,3
  5514     01BA  29BC               	goto	u1141
  5515     01BB  29BE               	goto	u1140
  5516     01BC                     u1141:
  5517     01BC  3001               	movlw	1
  5518     01BD  29BF               	goto	u1142
  5519     01BE                     u1140:
  5520     01BE  3000               	movlw	0
  5521     01BF                     u1142:
  5522     01BF  00F0               	movwf	??_LIN_calcParity
  5523     01C0  18F2               	btfsc	LIN_calcParity@PID,1
  5524     01C1  29C3               	goto	u1151
  5525     01C2  29C5               	goto	u1150
  5526     01C3                     u1151:
  5527     01C3  3001               	movlw	1
  5528     01C4  29C6               	goto	u1152
  5529     01C5                     u1150:
  5530     01C5  3000               	movlw	0
  5531     01C6                     u1152:
  5532     01C6  0670               	xorwf	??_LIN_calcParity,w
  5533     01C7  1D03               	skipz
  5534     01C8  29CA               	goto	u1161
  5535     01C9  29CC               	goto	u1160
  5536     01CA                     u1161:
  5537     01CA  17F2               	bsf	LIN_calcParity@PID,7
  5538     01CB  29CD               	goto	u1174
  5539     01CC                     u1160:
  5540     01CC  13F2               	bcf	LIN_calcParity@PID,7
  5541     01CD                     u1174:
  5542                           
  5543                           ;mcc_generated_files/LINDrivers/lin_slave.c: 296:     PID.P1 = PID.P1 ^ PID.ID4;
  5544     01CD  1A72               	btfsc	LIN_calcParity@PID,4
  5545     01CE  29D0               	goto	u1181
  5546     01CF  29D2               	goto	u1180
  5547     01D0                     u1181:
  5548     01D0  3001               	movlw	1
  5549     01D1  29D3               	goto	u1182
  5550     01D2                     u1180:
  5551     01D2  3000               	movlw	0
  5552     01D3                     u1182:
  5553     01D3  00F0               	movwf	??_LIN_calcParity
  5554     01D4  1BF2               	btfsc	LIN_calcParity@PID,7
  5555     01D5  29D7               	goto	u1191
  5556     01D6  29D9               	goto	u1190
  5557     01D7                     u1191:
  5558     01D7  3001               	movlw	1
  5559     01D8  29DA               	goto	u1192
  5560     01D9                     u1190:
  5561     01D9  3000               	movlw	0
  5562     01DA                     u1192:
  5563     01DA  0670               	xorwf	??_LIN_calcParity,w
  5564     01DB  1D03               	skipz
  5565     01DC  29DE               	goto	u1201
  5566     01DD  29E0               	goto	u1200
  5567     01DE                     u1201:
  5568     01DE  17F2               	bsf	LIN_calcParity@PID,7
  5569     01DF  29E1               	goto	u1214
  5570     01E0                     u1200:
  5571     01E0  13F2               	bcf	LIN_calcParity@PID,7
  5572     01E1                     u1214:
  5573                           
  5574                           ;mcc_generated_files/LINDrivers/lin_slave.c: 297:     PID.P1 = PID.P1 ^ PID.ID5;
  5575     01E1  1AF2               	btfsc	LIN_calcParity@PID,5
  5576     01E2  29E4               	goto	u1221
  5577     01E3  29E6               	goto	u1220
  5578     01E4                     u1221:
  5579     01E4  3001               	movlw	1
  5580     01E5  29E7               	goto	u1222
  5581     01E6                     u1220:
  5582     01E6  3000               	movlw	0
  5583     01E7                     u1222:
  5584     01E7  00F0               	movwf	??_LIN_calcParity
  5585     01E8  1BF2               	btfsc	LIN_calcParity@PID,7
  5586     01E9  29EB               	goto	u1231
  5587     01EA  29ED               	goto	u1230
  5588     01EB                     u1231:
  5589     01EB  3001               	movlw	1
  5590     01EC  29EE               	goto	u1232
  5591     01ED                     u1230:
  5592     01ED  3000               	movlw	0
  5593     01EE                     u1232:
  5594     01EE  0670               	xorwf	??_LIN_calcParity,w
  5595     01EF  1D03               	skipz
  5596     01F0  29F2               	goto	u1241
  5597     01F1  29F4               	goto	u1240
  5598     01F2                     u1241:
  5599     01F2  17F2               	bsf	LIN_calcParity@PID,7
  5600     01F3  29F5               	goto	u1254
  5601     01F4                     u1240:
  5602     01F4  13F2               	bcf	LIN_calcParity@PID,7
  5603     01F5                     u1254:
  5604     01F5                     l1905:
  5605                           
  5606                           ;mcc_generated_files/LINDrivers/lin_slave.c: 298:     PID.P1 = ~PID.P1;
  5607     01F5  1003               	clrc
  5608     01F6  1FF2               	btfss	LIN_calcParity@PID,7
  5609     01F7  1403               	setc
  5610     01F8  1803               	btfsc	3,0
  5611     01F9  29FB               	goto	u1261
  5612     01FA  29FD               	goto	u1260
  5613     01FB                     u1261:
  5614     01FB  17F2               	bsf	LIN_calcParity@PID,7
  5615     01FC  29FE               	goto	u1274
  5616     01FD                     u1260:
  5617     01FD  13F2               	bcf	LIN_calcParity@PID,7
  5618     01FE                     u1274:
  5619     01FE                     l1907:
  5620                           
  5621                           ;mcc_generated_files/LINDrivers/lin_slave.c: 300:     return PID.rawPID;
  5622     01FE  0872               	movf	LIN_calcParity@PID,w
  5623     01FF                     l154:
  5624     01FF  0008               	return
  5625     0200                     __end_of_LIN_calcParity:
  5626                           
  5627                           	psect	text34
  5628     054C                     __ptext34:	
  5629 ;; *************** function _LIN_breakCheck *****************
  5630 ;; Defined at:
  5631 ;;		line 380 in file "mcc_generated_files/LINDrivers/lin_slave.c"
  5632 ;; Parameters:    Size  Location     Type
  5633 ;;		None
  5634 ;; Auto vars:     Size  Location     Type
  5635 ;;		None
  5636 ;; Return value:  Size  Location     Type
  5637 ;;                  1    wreg      _Bool 
  5638 ;; Registers used:
  5639 ;;		wreg, fsr1l, fsr1h, status,2, status,0, pclath, cstack
  5640 ;; Tracked objects:
  5641 ;;		On entry : 0/0
  5642 ;;		On exit  : 0/0
  5643 ;;		Unchanged: 0/0
  5644 ;; Data sizes:     COMMON   BANK0   BANK1   BANK2   BANK3   BANK4   BANK5   BANK6
  5645 ;;      Params:         0       0       0       0       0       0       0       0
  5646 ;;      Locals:         0       0       0       0       0       0       0       0
  5647 ;;      Temps:          0       0       0       0       0       0       0       0
  5648 ;;      Totals:         0       0       0       0       0       0       0       0
  5649 ;;Total ram usage:        0 bytes
  5650 ;; Hardware stack levels used: 1
  5651 ;; Hardware stack levels required when called: 5
  5652 ;; This function calls:
  5653 ;;		_EUSART_Read
  5654 ;;		_EUSART_get_last_status
  5655 ;; This function is called by:
  5656 ;;		_LIN_handler
  5657 ;; This function uses a non-reentrant model
  5658 ;;
  5659                           
  5660     054C                     _LIN_breakCheck:	
  5661                           ;psect for function _LIN_breakCheck
  5662                           
  5663     054C                     l1975:	
  5664                           ;incstack = 0
  5665                           ; Regs used in _LIN_breakCheck: [wreg+fsr1l+fsr1h+status,2+status,0+pclath+cstack]
  5666                           
  5667                           
  5668                           ;mcc_generated_files/LINDrivers/lin_slave.c: 383:     if ((EUSART_Read() == 0x00) && (EU
      +                          SART_get_last_status().ferr == 1))
  5669     054C  3184  2436  3185   	fcall	_EUSART_Read
  5670     054F  3A00               	xorlw	0
  5671     0550  1D03               	skipz
  5672     0551  2D53               	goto	u1331
  5673     0552  2D54               	goto	u1330
  5674     0553                     u1331:
  5675     0553  2D5D               	goto	l1983
  5676     0554                     u1330:
  5677     0554                     l1977:
  5678     0554  3186  260A  3185   	fcall	_EUSART_get_last_status
  5679     0557  1C89               	btfss	9,1
  5680     0558  2D5A               	goto	u1341
  5681     0559  2D5B               	goto	u1340
  5682     055A                     u1341:
  5683     055A  2D5D               	goto	l1983
  5684     055B                     u1340:
  5685     055B                     l1979:
  5686                           
  5687                           ;mcc_generated_files/LINDrivers/lin_slave.c: 384:     {;mcc_generated_files/LINDrivers/l
      +                          in_slave.c: 385:         return 1;
  5688     055B  3001               	movlw	1
  5689     055C  2D5E               	goto	l188
  5690     055D                     l1983:
  5691                           
  5692                           ;mcc_generated_files/LINDrivers/lin_slave.c: 388:     return 0;
  5693     055D  3000               	movlw	0
  5694     055E                     l188:
  5695     055E  0008               	return
  5696     055F                     __end_of_LIN_breakCheck:
  5697                           
  5698                           	psect	text35
  5699     0436                     __ptext35:	
  5700 ;; *************** function _EUSART_Read *****************
  5701 ;; Defined at:
  5702 ;;		line 151 in file "mcc_generated_files/eusart.c"
  5703 ;; Parameters:    Size  Location     Type
  5704 ;;		None
  5705 ;; Auto vars:     Size  Location     Type
  5706 ;;  readValue       1    0[COMMON] unsigned char 
  5707 ;; Return value:  Size  Location     Type
  5708 ;;                  1    wreg      unsigned char 
  5709 ;; Registers used:
  5710 ;;		wreg, fsr1l, fsr1h, status,2, status,0
  5711 ;; Tracked objects:
  5712 ;;		On entry : 0/0
  5713 ;;		On exit  : 0/0
  5714 ;;		Unchanged: 0/0
  5715 ;; Data sizes:     COMMON   BANK0   BANK1   BANK2   BANK3   BANK4   BANK5   BANK6
  5716 ;;      Params:         0       0       0       0       0       0       0       0
  5717 ;;      Locals:         1       0       0       0       0       0       0       0
  5718 ;;      Temps:          0       0       0       0       0       0       0       0
  5719 ;;      Totals:         1       0       0       0       0       0       0       0
  5720 ;;Total ram usage:        1 bytes
  5721 ;; Hardware stack levels used: 1
  5722 ;; Hardware stack levels required when called: 4
  5723 ;; This function calls:
  5724 ;;		Nothing
  5725 ;; This function is called by:
  5726 ;;		_LIN_handler
  5727 ;;		_LIN_breakCheck
  5728 ;; This function uses a non-reentrant model
  5729 ;;
  5730                           
  5731     0436                     _EUSART_Read:	
  5732                           ;psect for function _EUSART_Read
  5733                           
  5734     0436                     l1821:	
  5735                           ;incstack = 0
  5736                           ; Regs used in _EUSART_Read: [wreg+fsr1l+fsr1h+status,2+status,0]
  5737                           
  5738     0436                     l1823:	
  5739                           ;mcc_generated_files/eusart.c: 155:     while(0 == eusartRxCount)
  5740                           
  5741                           
  5742                           ;mcc_generated_files/eusart.c: 155:     while(0 == eusartRxCount)
  5743     0436  0020               	movlb	0	; select bank0
  5744     0437  0845               	movf	_eusartRxCount,w	;volatile
  5745     0438  1903               	btfsc	3,2
  5746     0439  2C3B               	goto	u971
  5747     043A  2C3C               	goto	u970
  5748     043B                     u971:
  5749     043B  2C36               	goto	l1823
  5750     043C                     u970:
  5751     043C                     l1825:
  5752                           
  5753                           ;mcc_generated_files/eusart.c: 159:     eusartRxLastError = eusartRxStatusBuffer[eusartR
      +                          xTail];
  5754     043C  0846               	movf	_eusartRxTail,w	;volatile
  5755     043D  3E20               	addlw	(low (_eusartRxStatusBuffer| 0))& (0+255)
  5756     043E  0086               	movwf	6
  5757     043F  0187               	clrf	7
  5758     0440  0801               	movf	1,w
  5759     0441  00C4               	movwf	_eusartRxLastError	;volatile
  5760                           
  5761                           ;mcc_generated_files/eusart.c: 161:     readValue = eusartRxBuffer[eusartRxTail++];
  5762     0442  0846               	movf	_eusartRxTail,w
  5763     0443  3EA0               	addlw	(low (_eusartRxBuffer| 0))& (0+255)
  5764     0444  0086               	movwf	6
  5765     0445  0187               	clrf	7
  5766     0446  0801               	movf	1,w
  5767     0447  00F0               	movwf	EUSART_Read@readValue
  5768     0448                     l1827:
  5769     0448  3001               	movlw	1
  5770     0449  07C6               	addwf	_eusartRxTail,f	;volatile
  5771     044A                     l1829:
  5772                           
  5773                           ;mcc_generated_files/eusart.c: 162:     if(sizeof(eusartRxBuffer) <= eusartRxTail)
  5774     044A  3008               	movlw	8
  5775     044B  0246               	subwf	_eusartRxTail,w	;volatile
  5776     044C  1C03               	skipc
  5777     044D  2C4F               	goto	u981
  5778     044E  2C50               	goto	u980
  5779     044F                     u981:
  5780     044F  2C51               	goto	l1833
  5781     0450                     u980:
  5782     0450                     l1831:
  5783                           
  5784                           ;mcc_generated_files/eusart.c: 163:     {;mcc_generated_files/eusart.c: 164:         eus
      +                          artRxTail = 0;
  5785     0450  01C6               	clrf	_eusartRxTail	;volatile
  5786     0451                     l1833:
  5787                           
  5788                           ;mcc_generated_files/eusart.c: 166:     PIE1bits.RCIE = 0;
  5789     0451  0021               	movlb	1	; select bank1
  5790     0452  1291               	bcf	17,5	;volatile
  5791     0453                     l1835:
  5792                           
  5793                           ;mcc_generated_files/eusart.c: 167:     eusartRxCount--;
  5794     0453  3001               	movlw	1
  5795     0454  0020               	movlb	0	; select bank0
  5796     0455  02C5               	subwf	_eusartRxCount,f	;volatile
  5797     0456                     l1837:
  5798                           
  5799                           ;mcc_generated_files/eusart.c: 168:     PIE1bits.RCIE = 1;
  5800     0456  0021               	movlb	1	; select bank1
  5801     0457  1691               	bsf	17,5	;volatile
  5802     0458                     l1839:
  5803                           
  5804                           ;mcc_generated_files/eusart.c: 170:     return readValue;
  5805     0458  0870               	movf	EUSART_Read@readValue,w
  5806     0459                     l376:
  5807     0459  0008               	return
  5808     045A                     __end_of_EUSART_Read:
  5809                           
  5810                           	psect	text36
  5811     05A1                     __ptext36:	
  5812 ;; *************** function _EUSART_is_rx_ready *****************
  5813 ;; Defined at:
  5814 ;;		line 137 in file "mcc_generated_files/eusart.c"
  5815 ;; Parameters:    Size  Location     Type
  5816 ;;		None
  5817 ;; Auto vars:     Size  Location     Type
  5818 ;;		None
  5819 ;; Return value:  Size  Location     Type
  5820 ;;                  1    wreg      _Bool 
  5821 ;; Registers used:
  5822 ;;		wreg, status,2, status,0
  5823 ;; Tracked objects:
  5824 ;;		On entry : 0/0
  5825 ;;		On exit  : 0/0
  5826 ;;		Unchanged: 0/0
  5827 ;; Data sizes:     COMMON   BANK0   BANK1   BANK2   BANK3   BANK4   BANK5   BANK6
  5828 ;;      Params:         0       0       0       0       0       0       0       0
  5829 ;;      Locals:         0       0       0       0       0       0       0       0
  5830 ;;      Temps:          0       0       0       0       0       0       0       0
  5831 ;;      Totals:         0       0       0       0       0       0       0       0
  5832 ;;Total ram usage:        0 bytes
  5833 ;; Hardware stack levels used: 1
  5834 ;; Hardware stack levels required when called: 4
  5835 ;; This function calls:
  5836 ;;		Nothing
  5837 ;; This function is called by:
  5838 ;;		_LIN_handler
  5839 ;; This function uses a non-reentrant model
  5840 ;;
  5841                           
  5842     05A1                     _EUSART_is_rx_ready:	
  5843                           ;psect for function _EUSART_is_rx_ready
  5844                           
  5845     05A1                     l1961:	
  5846                           ;incstack = 0
  5847                           ; Regs used in _EUSART_is_rx_ready: [wreg+status,2+status,0]
  5848                           
  5849                           
  5850                           ;mcc_generated_files/eusart.c: 139:     return (eusartRxCount ? 1 : 0);
  5851     05A1  0020               	movlb	0	; select bank0
  5852     05A2  0845               	movf	_eusartRxCount,w	;volatile
  5853     05A3  1D03               	btfss	3,2
  5854     05A4  2DA6               	goto	u1311
  5855     05A5  2DA8               	goto	u1310
  5856     05A6                     u1311:
  5857     05A6  3001               	movlw	1
  5858     05A7  2DA9               	goto	u1320
  5859     05A8                     u1310:
  5860     05A8  3000               	movlw	0
  5861     05A9                     u1320:
  5862     05A9                     l363:
  5863     05A9  0008               	return
  5864     05AA                     __end_of_EUSART_is_rx_ready:
  5865                           
  5866                           	psect	text37
  5867     060E                     __ptext37:	
  5868 ;; *************** function _Clear_No_Call_Warning *****************
  5869 ;; Defined at:
  5870 ;;		line 47 in file "main.c"
  5871 ;; Parameters:    Size  Location     Type
  5872 ;;		None
  5873 ;; Auto vars:     Size  Location     Type
  5874 ;;  i               1    0        unsigned char 
  5875 ;; Return value:  Size  Location     Type
  5876 ;;                  1    wreg      void 
  5877 ;; Registers used:
  5878 ;;		status,2, status,0, pclath, cstack
  5879 ;; Tracked objects:
  5880 ;;		On entry : 0/0
  5881 ;;		On exit  : 0/0
  5882 ;;		Unchanged: 0/0
  5883 ;; Data sizes:     COMMON   BANK0   BANK1   BANK2   BANK3   BANK4   BANK5   BANK6
  5884 ;;      Params:         0       0       0       0       0       0       0       0
  5885 ;;      Locals:         0       0       0       0       0       0       0       0
  5886 ;;      Temps:          0       0       0       0       0       0       0       0
  5887 ;;      Totals:         0       0       0       0       0       0       0       0
  5888 ;;Total ram usage:        0 bytes
  5889 ;; Hardware stack levels used: 1
  5890 ;; Hardware stack levels required when called: 5
  5891 ;; This function calls:
  5892 ;;		_EUSART_get_last_status
  5893 ;;		_EUSART_is_tx_done
  5894 ;;		_EUSART_is_tx_ready
  5895 ;;		_PIN_MANAGER_IOC
  5896 ;;		_TMR0_ReadTimer
  5897 ;;		_TMR0_Reload
  5898 ;; This function is called by:
  5899 ;;		_main
  5900 ;; This function uses a non-reentrant model
  5901 ;;
  5902                           
  5903     060E                     _Clear_No_Call_Warning:	
  5904                           ;psect for function _Clear_No_Call_Warning
  5905                           
  5906     060E                     l2249:	
  5907                           ;incstack = 0
  5908                           ; Regs used in _Clear_No_Call_Warning: [status,2+status,0+pclath+cstack]
  5909                           
  5910     060E                     l536:
  5911     060E  0008               	return
  5912     060F                     __end_of_Clear_No_Call_Warning:
  5913                           
  5914                           	psect	text38
  5915     05F8                     __ptext38:	
  5916 ;; *************** function _TMR0_Reload *****************
  5917 ;; Defined at:
  5918 ;;		line 102 in file "mcc_generated_files/tmr0.c"
  5919 ;; Parameters:    Size  Location     Type
  5920 ;;		None
  5921 ;; Auto vars:     Size  Location     Type
  5922 ;;		None
  5923 ;; Return value:  Size  Location     Type
  5924 ;;                  1    wreg      void 
  5925 ;; Registers used:
  5926 ;;		wreg
  5927 ;; Tracked objects:
  5928 ;;		On entry : 0/0
  5929 ;;		On exit  : 0/0
  5930 ;;		Unchanged: 0/0
  5931 ;; Data sizes:     COMMON   BANK0   BANK1   BANK2   BANK3   BANK4   BANK5   BANK6
  5932 ;;      Params:         0       0       0       0       0       0       0       0
  5933 ;;      Locals:         0       0       0       0       0       0       0       0
  5934 ;;      Temps:          0       0       0       0       0       0       0       0
  5935 ;;      Totals:         0       0       0       0       0       0       0       0
  5936 ;;Total ram usage:        0 bytes
  5937 ;; Hardware stack levels used: 1
  5938 ;; Hardware stack levels required when called: 4
  5939 ;; This function calls:
  5940 ;;		Nothing
  5941 ;; This function is called by:
  5942 ;;		_Clear_No_Call_Warning
  5943 ;; This function uses a non-reentrant model
  5944 ;;
  5945                           
  5946     05F8                     _TMR0_Reload:	
  5947                           ;psect for function _TMR0_Reload
  5948                           
  5949     05F8                     l2057:	
  5950                           ;incstack = 0
  5951                           ; Regs used in _TMR0_Reload: [wreg]
  5952                           
  5953                           
  5954                           ;mcc_generated_files/tmr0.c: 105:     TMR0 = timer0ReloadVal;
  5955     05F8  0020               	movlb	0	; select bank0
  5956     05F9  084A               	movf	_timer0ReloadVal,w	;volatile
  5957     05FA  0095               	movwf	21	;volatile
  5958     05FB                     l243:
  5959     05FB  0008               	return
  5960     05FC                     __end_of_TMR0_Reload:
  5961                           
  5962                           	psect	text39
  5963     0604                     __ptext39:	
  5964 ;; *************** function _TMR0_ReadTimer *****************
  5965 ;; Defined at:
  5966 ;;		line 87 in file "mcc_generated_files/tmr0.c"
  5967 ;; Parameters:    Size  Location     Type
  5968 ;;		None
  5969 ;; Auto vars:     Size  Location     Type
  5970 ;;  readVal         1    0        unsigned char 
  5971 ;; Return value:  Size  Location     Type
  5972 ;;                  1    wreg      unsigned char 
  5973 ;; Registers used:
  5974 ;;		wreg
  5975 ;; Tracked objects:
  5976 ;;		On entry : 0/0
  5977 ;;		On exit  : 0/0
  5978 ;;		Unchanged: 0/0
  5979 ;; Data sizes:     COMMON   BANK0   BANK1   BANK2   BANK3   BANK4   BANK5   BANK6
  5980 ;;      Params:         0       0       0       0       0       0       0       0
  5981 ;;      Locals:         0       0       0       0       0       0       0       0
  5982 ;;      Temps:          0       0       0       0       0       0       0       0
  5983 ;;      Totals:         0       0       0       0       0       0       0       0
  5984 ;;Total ram usage:        0 bytes
  5985 ;; Hardware stack levels used: 1
  5986 ;; Hardware stack levels required when called: 4
  5987 ;; This function calls:
  5988 ;;		Nothing
  5989 ;; This function is called by:
  5990 ;;		_Clear_No_Call_Warning
  5991 ;; This function uses a non-reentrant model
  5992 ;;
  5993                           
  5994     0604                     _TMR0_ReadTimer:	
  5995                           ;psect for function _TMR0_ReadTimer
  5996                           
  5997     0604                     l1427:	
  5998                           ;incstack = 0
  5999                           ; Regs used in _TMR0_ReadTimer: [wreg]
  6000                           
  6001     0604  0020               	movlb	0	; select bank0
  6002     0605  0815               	movf	21,w	;volatile
  6003     0606                     l237:
  6004     0606  0008               	return
  6005     0607                     __end_of_TMR0_ReadTimer:
  6006                           
  6007                           	psect	text40
  6008     060F                     __ptext40:	
  6009 ;; *************** function _PIN_MANAGER_IOC *****************
  6010 ;; Defined at:
  6011 ;;		line 99 in file "mcc_generated_files/pin_manager.c"
  6012 ;; Parameters:    Size  Location     Type
  6013 ;;		None
  6014 ;; Auto vars:     Size  Location     Type
  6015 ;;		None
  6016 ;; Return value:  Size  Location     Type
  6017 ;;                  1    wreg      void 
  6018 ;; Registers used:
  6019 ;;		None
  6020 ;; Tracked objects:
  6021 ;;		On entry : 0/0
  6022 ;;		On exit  : 0/0
  6023 ;;		Unchanged: 0/0
  6024 ;; Data sizes:     COMMON   BANK0   BANK1   BANK2   BANK3   BANK4   BANK5   BANK6
  6025 ;;      Params:         0       0       0       0       0       0       0       0
  6026 ;;      Locals:         0       0       0       0       0       0       0       0
  6027 ;;      Temps:          0       0       0       0       0       0       0       0
  6028 ;;      Totals:         0       0       0       0       0       0       0       0
  6029 ;;Total ram usage:        0 bytes
  6030 ;; Hardware stack levels used: 1
  6031 ;; Hardware stack levels required when called: 4
  6032 ;; This function calls:
  6033 ;;		Nothing
  6034 ;; This function is called by:
  6035 ;;		_Clear_No_Call_Warning
  6036 ;; This function uses a non-reentrant model
  6037 ;;
  6038                           
  6039     060F                     _PIN_MANAGER_IOC:	
  6040                           ;psect for function _PIN_MANAGER_IOC
  6041                           
  6042     060F                     l460:	
  6043                           ;incstack = 0
  6044                           ; Regs used in _PIN_MANAGER_IOC: []
  6045                           
  6046     060F  0008               	return
  6047     0610                     __end_of_PIN_MANAGER_IOC:
  6048                           
  6049                           	psect	text41
  6050     0610                     __ptext41:	
  6051 ;; *************** function _EUSART_is_tx_ready *****************
  6052 ;; Defined at:
  6053 ;;		line 132 in file "mcc_generated_files/eusart.c"
  6054 ;; Parameters:    Size  Location     Type
  6055 ;;		None
  6056 ;; Auto vars:     Size  Location     Type
  6057 ;;		None
  6058 ;; Return value:  Size  Location     Type
  6059 ;;                  1    wreg      _Bool 
  6060 ;; Registers used:
  6061 ;;		None
  6062 ;; Tracked objects:
  6063 ;;		On entry : 0/0
  6064 ;;		On exit  : 0/0
  6065 ;;		Unchanged: 0/0
  6066 ;; Data sizes:     COMMON   BANK0   BANK1   BANK2   BANK3   BANK4   BANK5   BANK6
  6067 ;;      Params:         0       0       0       0       0       0       0       0
  6068 ;;      Locals:         0       0       0       0       0       0       0       0
  6069 ;;      Temps:          0       0       0       0       0       0       0       0
  6070 ;;      Totals:         0       0       0       0       0       0       0       0
  6071 ;;Total ram usage:        0 bytes
  6072 ;; Hardware stack levels used: 1
  6073 ;; Hardware stack levels required when called: 4
  6074 ;; This function calls:
  6075 ;;		Nothing
  6076 ;; This function is called by:
  6077 ;;		_Clear_No_Call_Warning
  6078 ;; This function uses a non-reentrant model
  6079 ;;
  6080                           
  6081     0610                     _EUSART_is_tx_ready:	
  6082                           ;psect for function _EUSART_is_tx_ready
  6083                           
  6084     0610                     l2091:	
  6085                           ;incstack = 0
  6086                           ; Regs used in _EUSART_is_tx_ready: []
  6087                           
  6088     0610                     l360:	
  6089                           ;mcc_generated_files/eusart.c: 134:     return (eusartTxBufferRemaining ? 1 : 0);;	Retur
      +                          n value of _EUSART_is_tx_ready is never used
  6090                           
  6091     0610  0008               	return
  6092     0611                     __end_of_EUSART_is_tx_ready:
  6093                           
  6094                           	psect	text42
  6095     0607                     __ptext42:	
  6096 ;; *************** function _EUSART_is_tx_done *****************
  6097 ;; Defined at:
  6098 ;;		line 142 in file "mcc_generated_files/eusart.c"
  6099 ;; Parameters:    Size  Location     Type
  6100 ;;		None
  6101 ;; Auto vars:     Size  Location     Type
  6102 ;;		None
  6103 ;; Return value:  Size  Location     Type
  6104 ;;                  1    wreg      _Bool 
  6105 ;; Registers used:
  6106 ;;		wreg
  6107 ;; Tracked objects:
  6108 ;;		On entry : 0/0
  6109 ;;		On exit  : 0/0
  6110 ;;		Unchanged: 0/0
  6111 ;; Data sizes:     COMMON   BANK0   BANK1   BANK2   BANK3   BANK4   BANK5   BANK6
  6112 ;;      Params:         0       0       0       0       0       0       0       0
  6113 ;;      Locals:         0       0       0       0       0       0       0       0
  6114 ;;      Temps:          0       0       0       0       0       0       0       0
  6115 ;;      Totals:         0       0       0       0       0       0       0       0
  6116 ;;Total ram usage:        0 bytes
  6117 ;; Hardware stack levels used: 1
  6118 ;; Hardware stack levels required when called: 4
  6119 ;; This function calls:
  6120 ;;		Nothing
  6121 ;; This function is called by:
  6122 ;;		_Clear_No_Call_Warning
  6123 ;; This function uses a non-reentrant model
  6124 ;;
  6125                           
  6126     0607                     _EUSART_is_tx_done:	
  6127                           ;psect for function _EUSART_is_tx_done
  6128                           
  6129     0607                     l1467:	
  6130                           ;incstack = 0
  6131                           ; Regs used in _EUSART_is_tx_done: [wreg]
  6132                           
  6133                           
  6134                           ;mcc_generated_files/eusart.c: 144:     return TXSTAbits.TRMT;;	Return value of _EUSART_
      +                          is_tx_done is never used
  6135     0607  0023               	movlb	3	; select bank3
  6136     0608  081E               	movf	30,w	;volatile
  6137     0609                     l366:
  6138     0609  0008               	return
  6139     060A                     __end_of_EUSART_is_tx_done:
  6140                           
  6141                           	psect	text43
  6142     060A                     __ptext43:	
  6143 ;; *************** function _EUSART_get_last_status *****************
  6144 ;; Defined at:
  6145 ;;		line 147 in file "mcc_generated_files/eusart.c"
  6146 ;; Parameters:    Size  Location     Type
  6147 ;;		None
  6148 ;; Auto vars:     Size  Location     Type
  6149 ;;		None
  6150 ;; Return value:  Size  Location     Type
  6151 ;;                  1    wreg      struct .
  6152 ;; Registers used:
  6153 ;;		wreg
  6154 ;; Tracked objects:
  6155 ;;		On entry : 0/0
  6156 ;;		On exit  : 0/0
  6157 ;;		Unchanged: 0/0
  6158 ;; Data sizes:     COMMON   BANK0   BANK1   BANK2   BANK3   BANK4   BANK5   BANK6
  6159 ;;      Params:         0       0       0       0       0       0       0       0
  6160 ;;      Locals:         0       0       0       0       0       0       0       0
  6161 ;;      Temps:          0       0       0       0       0       0       0       0
  6162 ;;      Totals:         0       0       0       0       0       0       0       0
  6163 ;;Total ram usage:        0 bytes
  6164 ;; Hardware stack levels used: 1
  6165 ;; Hardware stack levels required when called: 4
  6166 ;; This function calls:
  6167 ;;		Nothing
  6168 ;; This function is called by:
  6169 ;;		_LIN_breakCheck
  6170 ;;		_Clear_No_Call_Warning
  6171 ;; This function uses a non-reentrant model
  6172 ;;
  6173                           
  6174     060A                     _EUSART_get_last_status:	
  6175                           ;psect for function _EUSART_get_last_status
  6176                           
  6177     060A                     l1913:	
  6178                           ;incstack = 0
  6179                           ; Regs used in _EUSART_get_last_status: [wreg]
  6180                           
  6181                           
  6182                           ;mcc_generated_files/eusart.c: 148:     return eusartRxLastError;
  6183     060A  0020               	movlb	0	; select bank0
  6184     060B  0844               	movf	_eusartRxLastError,w	;volatile
  6185     060C                     l369:
  6186     060C  0008               	return
  6187     060D                     __end_of_EUSART_get_last_status:
  6188                           
  6189                           	psect	intentry
  6190     0004                     __pintentry:	
  6191 ;; *************** function _INTERRUPT_InterruptManager *****************
  6192 ;; Defined at:
  6193 ;;		line 52 in file "mcc_generated_files/interrupt_manager.c"
  6194 ;; Parameters:    Size  Location     Type
  6195 ;;		None
  6196 ;; Auto vars:     Size  Location     Type
  6197 ;;		None
  6198 ;; Return value:  Size  Location     Type
  6199 ;;                  1    wreg      void 
  6200 ;; Registers used:
  6201 ;;		wreg, fsr1l, fsr1h, status,2, status,0, pclath, cstack
  6202 ;; Tracked objects:
  6203 ;;		On entry : 0/0
  6204 ;;		On exit  : 0/0
  6205 ;;		Unchanged: 0/0
  6206 ;; Data sizes:     COMMON   BANK0   BANK1   BANK2   BANK3   BANK4   BANK5   BANK6
  6207 ;;      Params:         0       0       0       0       0       0       0       0
  6208 ;;      Locals:         0       0       0       0       0       0       0       0
  6209 ;;      Temps:          0       0       0       0       0       0       0       0
  6210 ;;      Totals:         0       0       0       0       0       0       0       0
  6211 ;;Total ram usage:        0 bytes
  6212 ;; Hardware stack levels used: 1
  6213 ;; Hardware stack levels required when called: 3
  6214 ;; This function calls:
  6215 ;;		NULL
  6216 ;;		_EUSART_Receive_ISR
  6217 ;;		_EUSART_Transmit_ISR
  6218 ;;		_TMR0_ISR
  6219 ;; This function is called by:
  6220 ;;		Interrupt level 1
  6221 ;; This function uses a non-reentrant model
  6222 ;;
  6223                           
  6224     0004                     _INTERRUPT_InterruptManager:
  6225                           
  6226                           ;incstack = 0
  6227     0004  147E               	bsf	int$flags,0	;set compiler interrupt flag (level 1)
  6228                           
  6229                           ; Regs used in _INTERRUPT_InterruptManager: [wreg+fsr1l+fsr1h+status,2+status,0+pclath+c
      +                          stack]
  6230     0005  3180               	pagesel	$
  6231     0006  3000               	movlw	low ___int_sp
  6232     0007  0086               	movwf	6
  6233     0008  3000               	movlw	high ___int_sp
  6234     0009  0087               	movwf	7
  6235     000A                     i1l2273:
  6236                           
  6237                           ;mcc_generated_files/interrupt_manager.c: 55:     if(INTCONbits.TMR0IE == 1 && INTCONbit
      +                          s.TMR0IF == 1)
  6238     000A  1E8B               	btfss	11,5	;volatile
  6239     000B  280D               	goto	u168_21
  6240     000C  280E               	goto	u168_20
  6241     000D                     u168_21:
  6242     000D  2816               	goto	i1l274
  6243     000E                     u168_20:
  6244     000E                     i1l2275:
  6245     000E  1D0B               	btfss	11,2	;volatile
  6246     000F  2811               	goto	u169_21
  6247     0010  2812               	goto	u169_20
  6248     0011                     u169_21:
  6249     0011  2816               	goto	i1l274
  6250     0012                     u169_20:
  6251     0012                     i1l2277:
  6252                           
  6253                           ;mcc_generated_files/interrupt_manager.c: 56:     {;mcc_generated_files/interrupt_manage
      +                          r.c: 57:         TMR0_ISR();
  6254     0012  3185  255F  3180   	fcall	_TMR0_ISR
  6255                           
  6256                           ;mcc_generated_files/interrupt_manager.c: 58:     }
  6257     0015  2839               	goto	i1l282
  6258     0016                     i1l274:	
  6259                           ;mcc_generated_files/interrupt_manager.c: 59:     else if(INTCONbits.PEIE == 1)
  6260                           
  6261     0016  1F0B               	btfss	11,6	;volatile
  6262     0017  2819               	goto	u170_21
  6263     0018  281A               	goto	u170_20
  6264     0019                     u170_21:
  6265     0019  2839               	goto	i1l282
  6266     001A                     u170_20:
  6267     001A                     i1l2279:
  6268                           
  6269                           ;mcc_generated_files/interrupt_manager.c: 60:     {;mcc_generated_files/interrupt_manage
      +                          r.c: 61:         if(PIE1bits.TXIE == 1 && PIR1bits.TXIF == 1)
  6270     001A  0021               	movlb	1	; select bank1
  6271     001B  1E11               	btfss	17,4	;volatile
  6272     001C  281E               	goto	u171_21
  6273     001D  281F               	goto	u171_20
  6274     001E                     u171_21:
  6275     001E  282A               	goto	i1l277
  6276     001F                     u171_20:
  6277     001F                     i1l2281:
  6278     001F  0020               	movlb	0	; select bank0
  6279     0020  1E11               	btfss	17,4	;volatile
  6280     0021  2823               	goto	u172_21
  6281     0022  2824               	goto	u172_20
  6282     0023                     u172_21:
  6283     0023  282A               	goto	i1l277
  6284     0024                     u172_20:
  6285     0024                     i1l2283:
  6286                           
  6287                           ;mcc_generated_files/interrupt_manager.c: 62:         {;mcc_generated_files/interrupt_ma
      +                          nager.c: 63:             EUSART_TxDefaultInterruptHandler();
  6288     0024  0839               	movf	_EUSART_TxDefaultInterruptHandler+1,w
  6289     0025  008A               	movwf	10
  6290     0026  0838               	movf	_EUSART_TxDefaultInterruptHandler,w
  6291     0027  000A               	callw
  6292     0028  3180               	pagesel	$
  6293                           
  6294                           ;mcc_generated_files/interrupt_manager.c: 64:         }
  6295     0029  2839               	goto	i1l282
  6296     002A                     i1l277:	
  6297                           ;mcc_generated_files/interrupt_manager.c: 65:         else if(PIE1bits.RCIE == 1 && PIR1
      +                          bits.RCIF == 1)
  6298                           
  6299     002A  0021               	movlb	1	; select bank1
  6300     002B  1E91               	btfss	17,5	;volatile
  6301     002C  282E               	goto	u173_21
  6302     002D  282F               	goto	u173_20
  6303     002E                     u173_21:
  6304     002E  2839               	goto	i1l282
  6305     002F                     u173_20:
  6306     002F                     i1l2285:
  6307     002F  0020               	movlb	0	; select bank0
  6308     0030  1E91               	btfss	17,5	;volatile
  6309     0031  2833               	goto	u174_21
  6310     0032  2834               	goto	u174_20
  6311     0033                     u174_21:
  6312     0033  2839               	goto	i1l282
  6313     0034                     u174_20:
  6314     0034                     i1l2287:
  6315                           
  6316                           ;mcc_generated_files/interrupt_manager.c: 66:         {;mcc_generated_files/interrupt_ma
      +                          nager.c: 67:             EUSART_RxDefaultInterruptHandler();
  6317     0034  0837               	movf	_EUSART_RxDefaultInterruptHandler+1,w
  6318     0035  008A               	movwf	10
  6319     0036  0836               	movf	_EUSART_RxDefaultInterruptHandler,w
  6320     0037  000A               	callw
  6321     0038  3180               	pagesel	$
  6322     0039                     i1l282:	
  6323                           ;mcc_generated_files/interrupt_manager.c: 68:         }
  6324                           
  6325     0039  107E               	bcf	int$flags,0	;clear compiler interrupt flag (level 1)
  6326     003A  0009               	retfie
  6327     003B                     __end_of_INTERRUPT_InterruptManager:
  6328                           
  6329                           	psect	text45
  6330     055F                     __ptext45:	
  6331 ;; *************** function _TMR0_ISR *****************
  6332 ;; Defined at:
  6333 ;;		line 108 in file "mcc_generated_files/tmr0.c"
  6334 ;; Parameters:    Size  Location     Type
  6335 ;;		None
  6336 ;; Auto vars:     Size  Location     Type
  6337 ;;		None
  6338 ;; Return value:  Size  Location     Type
  6339 ;;                  1    wreg      void 
  6340 ;; Registers used:
  6341 ;;		wreg, status,2, status,0, pclath, cstack
  6342 ;; Tracked objects:
  6343 ;;		On entry : 0/0
  6344 ;;		On exit  : 0/0
  6345 ;;		Unchanged: 0/0
  6346 ;; Data sizes:     COMMON   BANK0   BANK1   BANK2   BANK3   BANK4   BANK5   BANK6
  6347 ;;      Params:         0       0       0       0       0       0       0       0
  6348 ;;      Locals:         0       0       0       0       0       0       0       0
  6349 ;;      Temps:          0       0       0       0       0       0       0       0
  6350 ;;      Totals:         0       0       0       0       0       0       0       0
  6351 ;;Total ram usage:        0 bytes
  6352 ;; Hardware stack levels used: 1
  6353 ;; Hardware stack levels required when called: 1
  6354 ;; This function calls:
  6355 ;;		NULL
  6356 ;;		_LIN_timerHandler
  6357 ;;		_TMR0_DefaultInterruptHandler
  6358 ;; This function is called by:
  6359 ;;		_INTERRUPT_InterruptManager
  6360 ;; This function uses a non-reentrant model
  6361 ;;
  6362                           
  6363     055F                     _TMR0_ISR:	
  6364                           ;psect for function _TMR0_ISR
  6365                           
  6366     055F                     i1l2201:	
  6367                           ;incstack = 0
  6368                           ; Regs used in _TMR0_ISR: [wreg+status,2+status,0+pclath+cstack]
  6369                           
  6370                           
  6371                           ;mcc_generated_files/tmr0.c: 112:     INTCONbits.TMR0IF = 0;
  6372     055F  110B               	bcf	11,2	;volatile
  6373     0560                     i1l2203:
  6374                           
  6375                           ;mcc_generated_files/tmr0.c: 114:     TMR0 = timer0ReloadVal;
  6376     0560  0020               	movlb	0	; select bank0
  6377     0561  084A               	movf	_timer0ReloadVal,w	;volatile
  6378     0562  0095               	movwf	21	;volatile
  6379     0563                     i1l2205:
  6380                           
  6381                           ;mcc_generated_files/tmr0.c: 116:     if(TMR0_InterruptHandler)
  6382     0563  083A               	movf	_TMR0_InterruptHandler,w
  6383     0564  043B               	iorwf	_TMR0_InterruptHandler+1,w
  6384     0565  1903               	btfsc	3,2
  6385     0566  2D68               	goto	u162_21
  6386     0567  2D69               	goto	u162_20
  6387     0568                     u162_21:
  6388     0568  2D6E               	goto	i1l247
  6389     0569                     u162_20:
  6390     0569                     i1l2207:
  6391                           
  6392                           ;mcc_generated_files/tmr0.c: 117:     {;mcc_generated_files/tmr0.c: 118:         TMR0_In
      +                          terruptHandler();
  6393     0569  083B               	movf	_TMR0_InterruptHandler+1,w
  6394     056A  008A               	movwf	10
  6395     056B  083A               	movf	_TMR0_InterruptHandler,w
  6396     056C  000A               	callw
  6397     056D  3185               	pagesel	$
  6398     056E                     i1l247:
  6399     056E  0008               	return
  6400     056F                     __end_of_TMR0_ISR:
  6401                           
  6402                           	psect	text46
  6403     0399                     __ptext46:	
  6404 ;; *************** function _LIN_timerHandler *****************
  6405 ;; Defined at:
  6406 ;;		line 327 in file "mcc_generated_files/LINDrivers/lin_slave.c"
  6407 ;; Parameters:    Size  Location     Type
  6408 ;;		None
  6409 ;; Auto vars:     Size  Location     Type
  6410 ;;		None
  6411 ;; Return value:  Size  Location     Type
  6412 ;;                  1    wreg      void 
  6413 ;; Registers used:
  6414 ;;		wreg, status,2, status,0
  6415 ;; Tracked objects:
  6416 ;;		On entry : 0/0
  6417 ;;		On exit  : 0/0
  6418 ;;		Unchanged: 0/0
  6419 ;; Data sizes:     COMMON   BANK0   BANK1   BANK2   BANK3   BANK4   BANK5   BANK6
  6420 ;;      Params:         0       0       0       0       0       0       0       0
  6421 ;;      Locals:         0       0       0       0       0       0       0       0
  6422 ;;      Temps:          0       0       0       0       0       0       0       0
  6423 ;;      Totals:         0       0       0       0       0       0       0       0
  6424 ;;Total ram usage:        0 bytes
  6425 ;; Hardware stack levels used: 1
  6426 ;; This function calls:
  6427 ;;		Nothing
  6428 ;; This function is called by:
  6429 ;;		_LIN_setTimerHandler
  6430 ;;		_TMR0_ISR
  6431 ;; This function uses a non-reentrant model
  6432 ;;
  6433                           
  6434     0399                     _LIN_timerHandler:	
  6435                           ;psect for function _LIN_timerHandler
  6436                           
  6437     0399                     i1l2005:	
  6438                           ;incstack = 0
  6439                           ; Regs used in _LIN_timerHandler: [wreg+status,2+status,0]
  6440                           
  6441                           
  6442                           ;mcc_generated_files/LINDrivers/lin_slave.c: 330:     if (LIN_validSignalReceived)
  6443     0399  0020               	movlb	0	; select bank0
  6444     039A  084F               	movf	_LIN_validSignalReceived,w	;volatile
  6445     039B  1903               	btfsc	3,2
  6446     039C  2B9E               	goto	u137_21
  6447     039D  2B9F               	goto	u137_20
  6448     039E                     u137_21:
  6449     039E  2BA5               	goto	i1l2009
  6450     039F                     u137_20:
  6451     039F                     i1l2007:
  6452                           
  6453                           ;mcc_generated_files/LINDrivers/lin_slave.c: 331:     {;mcc_generated_files/LINDrivers/l
      +                          in_slave.c: 332:         LIN_validSignalReceived = 0;
  6454     039F  01CF               	clrf	_LIN_validSignalReceived	;volatile
  6455                           
  6456                           ;mcc_generated_files/LINDrivers/lin_slave.c: 333:         LIN_signalElapsedMs = 0;
  6457     03A0  01BE               	clrf	_LIN_signalElapsedMs	;volatile
  6458     03A1  01BF               	clrf	_LIN_signalElapsedMs+1	;volatile
  6459                           
  6460                           ;mcc_generated_files/LINDrivers/lin_slave.c: 334:         LIN_signalTimedOut = 0;
  6461     03A2  01CE               	clrf	_LIN_signalTimedOut	;volatile
  6462                           
  6463                           ;mcc_generated_files/LINDrivers/lin_slave.c: 335:         LIN_signalTimeoutPending = 0;
  6464     03A3  01CD               	clrf	_LIN_signalTimeoutPending	;volatile
  6465                           
  6466                           ;mcc_generated_files/LINDrivers/lin_slave.c: 336:     }
  6467     03A4  2BBB               	goto	i1l2015
  6468     03A5                     i1l2009:
  6469     03A5  084E               	movf	_LIN_signalTimedOut,w	;volatile
  6470     03A6  1D03               	btfss	3,2
  6471     03A7  2BA9               	goto	u138_21
  6472     03A8  2BAA               	goto	u138_20
  6473     03A9                     u138_21:
  6474     03A9  2BBB               	goto	i1l2015
  6475     03AA                     u138_20:
  6476     03AA                     i1l2011:
  6477                           
  6478                           ;mcc_generated_files/LINDrivers/lin_slave.c: 338:     {;mcc_generated_files/LINDrivers/l
      +                          in_slave.c: 339:         if (++LIN_signalElapsedMs >= 2000U)
  6479     03AA  3001               	movlw	1
  6480     03AB  07BE               	addwf	_LIN_signalElapsedMs,f	;volatile
  6481     03AC  3000               	movlw	0
  6482     03AD  3DBF               	addwfc	_LIN_signalElapsedMs+1,f	;volatile
  6483     03AE  3007               	movlw	7
  6484     03AF  023F               	subwf	_LIN_signalElapsedMs+1,w	;volatile
  6485     03B0  30D0               	movlw	208
  6486     03B1  1903               	skipnz
  6487     03B2  023E               	subwf	_LIN_signalElapsedMs,w	;volatile
  6488     03B3  1C03               	skipc
  6489     03B4  2BB6               	goto	u139_21
  6490     03B5  2BB7               	goto	u139_20
  6491     03B6                     u139_21:
  6492     03B6  2BBB               	goto	i1l2015
  6493     03B7                     u139_20:
  6494     03B7                     i1l2013:
  6495                           
  6496                           ;mcc_generated_files/LINDrivers/lin_slave.c: 340:         {;mcc_generated_files/LINDrive
      +                          rs/lin_slave.c: 341:             LIN_signalTimedOut = 1;
  6497     03B7  3001               	movlw	1
  6498     03B8  00CE               	movwf	_LIN_signalTimedOut	;volatile
  6499                           
  6500                           ;mcc_generated_files/LINDrivers/lin_slave.c: 342:             LIN_signalTimeoutPending =
      +                           1;
  6501     03B9  3001               	movlw	1
  6502     03BA  00CD               	movwf	_LIN_signalTimeoutPending	;volatile
  6503     03BB                     i1l2015:
  6504                           
  6505                           ;mcc_generated_files/LINDrivers/lin_slave.c: 347:     if (++CountCallBack >= LIN_timeout
      +                          )
  6506     03BB  3001               	movlw	1
  6507     03BC  07D0               	addwf	_CountCallBack,f	;volatile
  6508     03BD  086F               	movf	_LIN_timeout,w
  6509     03BE  0250               	subwf	_CountCallBack,w	;volatile
  6510     03BF  1C03               	skipc
  6511     03C0  2BC2               	goto	u140_21
  6512     03C1  2BC3               	goto	u140_20
  6513     03C2                     u140_21:
  6514     03C2  2BC5               	goto	i1l172
  6515     03C3                     u140_20:
  6516     03C3                     i1l2017:
  6517                           
  6518                           ;mcc_generated_files/LINDrivers/lin_slave.c: 348:     {;mcc_generated_files/LINDrivers/l
      +                          in_slave.c: 351:         CountCallBack = 0;
  6519     03C3  01D0               	clrf	_CountCallBack	;volatile
  6520                           
  6521                           ;mcc_generated_files/LINDrivers/lin_slave.c: 352:         LIN_timerRunning = 0;
  6522     03C4  01D1               	clrf	_LIN_timerRunning
  6523     03C5                     i1l172:
  6524     03C5  0008               	return
  6525     03C6                     __end_of_LIN_timerHandler:
  6526                           
  6527                           	psect	text47
  6528     0611                     __ptext47:	
  6529 ;; *************** function _TMR0_DefaultInterruptHandler *****************
  6530 ;; Defined at:
  6531 ;;		line 129 in file "mcc_generated_files/tmr0.c"
  6532 ;; Parameters:    Size  Location     Type
  6533 ;;		None
  6534 ;; Auto vars:     Size  Location     Type
  6535 ;;		None
  6536 ;; Return value:  Size  Location     Type
  6537 ;;                  1    wreg      void 
  6538 ;; Registers used:
  6539 ;;		None
  6540 ;; Tracked objects:
  6541 ;;		On entry : 0/0
  6542 ;;		On exit  : 0/0
  6543 ;;		Unchanged: 0/0
  6544 ;; Data sizes:     COMMON   BANK0   BANK1   BANK2   BANK3   BANK4   BANK5   BANK6
  6545 ;;      Params:         0       0       0       0       0       0       0       0
  6546 ;;      Locals:         0       0       0       0       0       0       0       0
  6547 ;;      Temps:          0       0       0       0       0       0       0       0
  6548 ;;      Totals:         0       0       0       0       0       0       0       0
  6549 ;;Total ram usage:        0 bytes
  6550 ;; Hardware stack levels used: 1
  6551 ;; This function calls:
  6552 ;;		Nothing
  6553 ;; This function is called by:
  6554 ;;		_TMR0_Initialize
  6555 ;;		_TMR0_ISR
  6556 ;; This function uses a non-reentrant model
  6557 ;;
  6558                           
  6559     0611                     _TMR0_DefaultInterruptHandler:	
  6560                           ;psect for function _TMR0_DefaultInterruptHandler
  6561                           
  6562     0611                     i1l253:	
  6563                           ;incstack = 0
  6564                           ; Regs used in _TMR0_DefaultInterruptHandler: []
  6565                           
  6566     0611  0008               	return
  6567     0612                     __end_of_TMR0_DefaultInterruptHandler:
  6568                           
  6569                           	psect	text48
  6570     047A                     __ptext48:	
  6571 ;; *************** function _EUSART_Transmit_ISR *****************
  6572 ;; Defined at:
  6573 ;;		line 197 in file "mcc_generated_files/eusart.c"
  6574 ;; Parameters:    Size  Location     Type
  6575 ;;		None
  6576 ;; Auto vars:     Size  Location     Type
  6577 ;;		None
  6578 ;; Return value:  Size  Location     Type
  6579 ;;                  1    wreg      void 
  6580 ;; Registers used:
  6581 ;;		wreg, fsr1l, fsr1h, status,2, status,0
  6582 ;; Tracked objects:
  6583 ;;		On entry : 0/0
  6584 ;;		On exit  : 0/0
  6585 ;;		Unchanged: 0/0
  6586 ;; Data sizes:     COMMON   BANK0   BANK1   BANK2   BANK3   BANK4   BANK5   BANK6
  6587 ;;      Params:         0       0       0       0       0       0       0       0
  6588 ;;      Locals:         0       0       0       0       0       0       0       0
  6589 ;;      Temps:          0       0       0       0       0       0       0       0
  6590 ;;      Totals:         0       0       0       0       0       0       0       0
  6591 ;;Total ram usage:        0 bytes
  6592 ;; Hardware stack levels used: 1
  6593 ;; This function calls:
  6594 ;;		Nothing
  6595 ;; This function is called by:
  6596 ;;		_EUSART_Initialize
  6597 ;;		_INTERRUPT_InterruptManager
  6598 ;; This function uses a non-reentrant model
  6599 ;;
  6600                           
  6601     047A                     _EUSART_Transmit_ISR:	
  6602                           ;psect for function _EUSART_Transmit_ISR
  6603                           
  6604     047A                     i1l2209:	
  6605                           ;incstack = 0
  6606                           ; Regs used in _EUSART_Transmit_ISR: [wreg+fsr1l+fsr1h+status,2+status,0]
  6607                           
  6608                           
  6609                           ;mcc_generated_files/eusart.c: 201:     if(sizeof(eusartTxBuffer) > eusartTxBufferRemain
      +                          ing)
  6610     047A  3008               	movlw	8
  6611     047B  0020               	movlb	0	; select bank0
  6612     047C  0247               	subwf	_eusartTxBufferRemaining,w	;volatile
  6613     047D  1803               	skipnc
  6614     047E  2C80               	goto	u163_21
  6615     047F  2C81               	goto	u163_20
  6616     0480                     u163_21:
  6617     0480  2C95               	goto	i1l388
  6618     0481                     u163_20:
  6619     0481                     i1l2211:
  6620                           
  6621                           ;mcc_generated_files/eusart.c: 202:     {;mcc_generated_files/eusart.c: 203:         TXR
      +                          EG = eusartTxBuffer[eusartTxTail++];
  6622     0481  0848               	movf	_eusartTxTail,w
  6623     0482  3E28               	addlw	(low (_eusartTxBuffer| 0))& (0+255)
  6624     0483  0086               	movwf	6
  6625     0484  0187               	clrf	7
  6626     0485  0801               	movf	1,w
  6627     0486  0023               	movlb	3	; select bank3
  6628     0487  009A               	movwf	26	;volatile
  6629     0488                     i1l2213:
  6630     0488  3001               	movlw	1
  6631     0489  0020               	movlb	0	; select bank0
  6632     048A  07C8               	addwf	_eusartTxTail,f	;volatile
  6633     048B                     i1l2215:
  6634                           
  6635                           ;mcc_generated_files/eusart.c: 204:         if(sizeof(eusartTxBuffer) <= eusartTxTail)
  6636     048B  3008               	movlw	8
  6637     048C  0248               	subwf	_eusartTxTail,w	;volatile
  6638     048D  1C03               	skipc
  6639     048E  2C90               	goto	u164_21
  6640     048F  2C91               	goto	u164_20
  6641     0490                     u164_21:
  6642     0490  2C92               	goto	i1l2219
  6643     0491                     u164_20:
  6644     0491                     i1l2217:
  6645                           
  6646                           ;mcc_generated_files/eusart.c: 205:         {;mcc_generated_files/eusart.c: 206:        
      +                               eusartTxTail = 0;
  6647     0491  01C8               	clrf	_eusartTxTail	;volatile
  6648     0492                     i1l2219:
  6649                           
  6650                           ;mcc_generated_files/eusart.c: 208:         eusartTxBufferRemaining++;
  6651     0492  3001               	movlw	1
  6652     0493  07C7               	addwf	_eusartTxBufferRemaining,f	;volatile
  6653                           
  6654                           ;mcc_generated_files/eusart.c: 209:     }
  6655     0494  2C97               	goto	i1l391
  6656     0495                     i1l388:	
  6657                           ;mcc_generated_files/eusart.c: 210:     else
  6658                           
  6659                           
  6660                           ;mcc_generated_files/eusart.c: 211:     {;mcc_generated_files/eusart.c: 212:         PIE
      +                          1bits.TXIE = 0;
  6661     0495  0021               	movlb	1	; select bank1
  6662     0496  1211               	bcf	17,4	;volatile
  6663     0497                     i1l391:
  6664     0497  0008               	return
  6665     0498                     __end_of_EUSART_Transmit_ISR:
  6666                           
  6667                           	psect	text49
  6668     0300                     __ptext49:	
  6669 ;; *************** function _EUSART_Receive_ISR *****************
  6670 ;; Defined at:
  6671 ;;		line 216 in file "mcc_generated_files/eusart.c"
  6672 ;; Parameters:    Size  Location     Type
  6673 ;;		None
  6674 ;; Auto vars:     Size  Location     Type
  6675 ;;		None
  6676 ;; Return value:  Size  Location     Type
  6677 ;;                  1    wreg      void 
  6678 ;; Registers used:
  6679 ;;		wreg, fsr1l, fsr1h, status,2, status,0, pclath, cstack
  6680 ;; Tracked objects:
  6681 ;;		On entry : 0/0
  6682 ;;		On exit  : 0/0
  6683 ;;		Unchanged: 0/0
  6684 ;; Data sizes:     COMMON   BANK0   BANK1   BANK2   BANK3   BANK4   BANK5   BANK6
  6685 ;;      Params:         0       0       0       0       0       0       0       0
  6686 ;;      Locals:         0       0       0       0       0       0       0       0
  6687 ;;      Temps:          0       0       0       0       0       0       0       0
  6688 ;;      Totals:         0       0       0       0       0       0       0       0
  6689 ;;Total ram usage:        0 bytes
  6690 ;; Hardware stack levels used: 1
  6691 ;; Hardware stack levels required when called: 2
  6692 ;; This function calls:
  6693 ;;		NULL
  6694 ;;		_EUSART_DefaultErrorHandler
  6695 ;;		_EUSART_DefaultFramingErrorHandler
  6696 ;;		_EUSART_DefaultOverrunErrorHandler
  6697 ;;		_EUSART_RxDataHandler
  6698 ;; This function is called by:
  6699 ;;		_EUSART_Initialize
  6700 ;;		_INTERRUPT_InterruptManager
  6701 ;; This function uses a non-reentrant model
  6702 ;;
  6703                           
  6704     0300                     _EUSART_Receive_ISR:	
  6705                           ;psect for function _EUSART_Receive_ISR
  6706                           
  6707     0300                     i1l2221:	
  6708                           ;incstack = 0
  6709                           ; Regs used in _EUSART_Receive_ISR: [wreg+fsr1l+fsr1h+status,2+status,0+pclath+cstack]
  6710                           
  6711                           
  6712                           ;mcc_generated_files/eusart.c: 219:     eusartRxStatusBuffer[eusartRxHead].status = 0;
  6713     0300  087D               	movf	_eusartRxHead,w	;volatile
  6714     0301  3E20               	addlw	(low (_eusartRxStatusBuffer| 0))& (0+255)
  6715     0302  0086               	movwf	6
  6716     0303  0187               	clrf	7
  6717     0304  0181               	clrf	1
  6718     0305                     i1l2223:
  6719                           
  6720                           ;mcc_generated_files/eusart.c: 221:     if(RCSTAbits.FERR){
  6721     0305  0023               	movlb	3	; select bank3
  6722     0306  1D1D               	btfss	29,2	;volatile
  6723     0307  2B09               	goto	u165_21
  6724     0308  2B0A               	goto	u165_20
  6725     0309                     u165_21:
  6726     0309  2B15               	goto	i1l2229
  6727     030A                     u165_20:
  6728     030A                     i1l2225:
  6729                           
  6730                           ;mcc_generated_files/eusart.c: 222:         eusartRxStatusBuffer[eusartRxHead].ferr = 1;
  6731     030A  087D               	movf	_eusartRxHead,w	;volatile
  6732     030B  3E20               	addlw	(low (_eusartRxStatusBuffer| 0))& (0+255)
  6733     030C  0086               	movwf	6
  6734     030D  0187               	clrf	7
  6735     030E  1481               	bsf	1,1
  6736     030F                     i1l2227:
  6737                           
  6738                           ;mcc_generated_files/eusart.c: 223:         EUSART_FramingErrorHandler();
  6739     030F  0020               	movlb	0	; select bank0
  6740     0310  0835               	movf	_EUSART_FramingErrorHandler+1,w
  6741     0311  008A               	movwf	10
  6742     0312  0834               	movf	_EUSART_FramingErrorHandler,w
  6743     0313  000A               	callw
  6744     0314  3183               	pagesel	$
  6745     0315                     i1l2229:
  6746                           
  6747                           ;mcc_generated_files/eusart.c: 226:     if(RCSTAbits.OERR){
  6748     0315  0023               	movlb	3	; select bank3
  6749     0316  1C9D               	btfss	29,1	;volatile
  6750     0317  2B19               	goto	u166_21
  6751     0318  2B1A               	goto	u166_20
  6752     0319                     u166_21:
  6753     0319  2B25               	goto	i1l2235
  6754     031A                     u166_20:
  6755     031A                     i1l2231:
  6756                           
  6757                           ;mcc_generated_files/eusart.c: 227:         eusartRxStatusBuffer[eusartRxHead].oerr = 1;
  6758     031A  087D               	movf	_eusartRxHead,w	;volatile
  6759     031B  3E20               	addlw	(low (_eusartRxStatusBuffer| 0))& (0+255)
  6760     031C  0086               	movwf	6
  6761     031D  0187               	clrf	7
  6762     031E  1501               	bsf	1,2
  6763     031F                     i1l2233:
  6764                           
  6765                           ;mcc_generated_files/eusart.c: 228:         EUSART_OverrunErrorHandler();
  6766     031F  0020               	movlb	0	; select bank0
  6767     0320  0833               	movf	_EUSART_OverrunErrorHandler+1,w
  6768     0321  008A               	movwf	10
  6769     0322  0832               	movf	_EUSART_OverrunErrorHandler,w
  6770     0323  000A               	callw
  6771     0324  3183               	pagesel	$
  6772     0325                     i1l2235:
  6773                           
  6774                           ;mcc_generated_files/eusart.c: 231:     if(eusartRxStatusBuffer[eusartRxHead].status){
  6775     0325  087D               	movf	_eusartRxHead,w	;volatile
  6776     0326  3E20               	addlw	(low (_eusartRxStatusBuffer| 0))& (0+255)
  6777     0327  0086               	movwf	6
  6778     0328  0187               	clrf	7
  6779     0329  0801               	movf	1,w
  6780     032A  1903               	btfsc	3,2
  6781     032B  2B2D               	goto	u167_21
  6782     032C  2B2E               	goto	u167_20
  6783     032D                     u167_21:
  6784     032D  2B35               	goto	i1l2239
  6785     032E                     u167_20:
  6786     032E                     i1l2237:
  6787                           
  6788                           ;mcc_generated_files/eusart.c: 232:         EUSART_ErrorHandler();
  6789     032E  0020               	movlb	0	; select bank0
  6790     032F  0831               	movf	_EUSART_ErrorHandler+1,w
  6791     0330  008A               	movwf	10
  6792     0331  0830               	movf	_EUSART_ErrorHandler,w
  6793     0332  000A               	callw
  6794     0333  3183               	pagesel	$
  6795                           
  6796                           ;mcc_generated_files/eusart.c: 233:     } else {
  6797     0334  2B38               	goto	i1l398
  6798     0335                     i1l2239:
  6799                           
  6800                           ;mcc_generated_files/eusart.c: 234:         EUSART_RxDataHandler();
  6801     0335  3185  2525  3183   	fcall	_EUSART_RxDataHandler
  6802     0338                     i1l398:
  6803     0338  0008               	return
  6804     0339                     __end_of_EUSART_Receive_ISR:
  6805                           
  6806                           	psect	text50
  6807     05FC                     __ptext50:	
  6808 ;; *************** function _EUSART_DefaultOverrunErrorHandler *****************
  6809 ;; Defined at:
  6810 ;;		line 252 in file "mcc_generated_files/eusart.c"
  6811 ;; Parameters:    Size  Location     Type
  6812 ;;		None
  6813 ;; Auto vars:     Size  Location     Type
  6814 ;;		None
  6815 ;; Return value:  Size  Location     Type
  6816 ;;                  1    wreg      void 
  6817 ;; Registers used:
  6818 ;;		None
  6819 ;; Tracked objects:
  6820 ;;		On entry : 0/0
  6821 ;;		On exit  : 0/0
  6822 ;;		Unchanged: 0/0
  6823 ;; Data sizes:     COMMON   BANK0   BANK1   BANK2   BANK3   BANK4   BANK5   BANK6
  6824 ;;      Params:         0       0       0       0       0       0       0       0
  6825 ;;      Locals:         0       0       0       0       0       0       0       0
  6826 ;;      Temps:          0       0       0       0       0       0       0       0
  6827 ;;      Totals:         0       0       0       0       0       0       0       0
  6828 ;;Total ram usage:        0 bytes
  6829 ;; Hardware stack levels used: 1
  6830 ;; This function calls:
  6831 ;;		Nothing
  6832 ;; This function is called by:
  6833 ;;		_EUSART_Initialize
  6834 ;;		_EUSART_Receive_ISR
  6835 ;; This function uses a non-reentrant model
  6836 ;;
  6837                           
  6838     05FC                     _EUSART_DefaultOverrunErrorHandler:	
  6839                           ;psect for function _EUSART_DefaultOverrunErrorHandler
  6840                           
  6841     05FC                     i1l2093:	
  6842                           ;incstack = 0
  6843                           ; Regs used in _EUSART_DefaultOverrunErrorHandler: []
  6844                           
  6845                           
  6846                           ;mcc_generated_files/eusart.c: 255:     RCSTAbits.CREN = 0;
  6847     05FC  0023               	movlb	3	; select bank3
  6848     05FD  121D               	bcf	29,4	;volatile
  6849                           
  6850                           ;mcc_generated_files/eusart.c: 256:     RCSTAbits.CREN = 1;
  6851     05FE  161D               	bsf	29,4	;volatile
  6852     05FF                     i1l408:
  6853     05FF  0008               	return
  6854     0600                     __end_of_EUSART_DefaultOverrunErrorHandler:
  6855                           
  6856                           	psect	text51
  6857     0612                     __ptext51:	
  6858 ;; *************** function _EUSART_DefaultFramingErrorHandler *****************
  6859 ;; Defined at:
  6860 ;;		line 250 in file "mcc_generated_files/eusart.c"
  6861 ;; Parameters:    Size  Location     Type
  6862 ;;		None
  6863 ;; Auto vars:     Size  Location     Type
  6864 ;;		None
  6865 ;; Return value:  Size  Location     Type
  6866 ;;                  1    wreg      void 
  6867 ;; Registers used:
  6868 ;;		None
  6869 ;; Tracked objects:
  6870 ;;		On entry : 0/0
  6871 ;;		On exit  : 0/0
  6872 ;;		Unchanged: 0/0
  6873 ;; Data sizes:     COMMON   BANK0   BANK1   BANK2   BANK3   BANK4   BANK5   BANK6
  6874 ;;      Params:         0       0       0       0       0       0       0       0
  6875 ;;      Locals:         0       0       0       0       0       0       0       0
  6876 ;;      Temps:          0       0       0       0       0       0       0       0
  6877 ;;      Totals:         0       0       0       0       0       0       0       0
  6878 ;;Total ram usage:        0 bytes
  6879 ;; Hardware stack levels used: 1
  6880 ;; This function calls:
  6881 ;;		Nothing
  6882 ;; This function is called by:
  6883 ;;		_EUSART_Initialize
  6884 ;;		_EUSART_Receive_ISR
  6885 ;; This function uses a non-reentrant model
  6886 ;;
  6887                           
  6888     0612                     _EUSART_DefaultFramingErrorHandler:	
  6889                           ;psect for function _EUSART_DefaultFramingErrorHandler
  6890                           
  6891     0612                     i1l405:	
  6892                           ;incstack = 0
  6893                           ; Regs used in _EUSART_DefaultFramingErrorHandler: []
  6894                           
  6895     0612  0008               	return
  6896     0613                     __end_of_EUSART_DefaultFramingErrorHandler:
  6897                           
  6898                           	psect	text52
  6899     0600                     __ptext52:	
  6900 ;; *************** function _EUSART_DefaultErrorHandler *****************
  6901 ;; Defined at:
  6902 ;;		line 260 in file "mcc_generated_files/eusart.c"
  6903 ;; Parameters:    Size  Location     Type
  6904 ;;		None
  6905 ;; Auto vars:     Size  Location     Type
  6906 ;;		None
  6907 ;; Return value:  Size  Location     Type
  6908 ;;                  1    wreg      void 
  6909 ;; Registers used:
  6910 ;;		wreg, fsr1l, fsr1h, status,2, status,0, pclath, cstack
  6911 ;; Tracked objects:
  6912 ;;		On entry : 0/0
  6913 ;;		On exit  : 0/0
  6914 ;;		Unchanged: 0/0
  6915 ;; Data sizes:     COMMON   BANK0   BANK1   BANK2   BANK3   BANK4   BANK5   BANK6
  6916 ;;      Params:         0       0       0       0       0       0       0       0
  6917 ;;      Locals:         0       0       0       0       0       0       0       0
  6918 ;;      Temps:          0       0       0       0       0       0       0       0
  6919 ;;      Totals:         0       0       0       0       0       0       0       0
  6920 ;;Total ram usage:        0 bytes
  6921 ;; Hardware stack levels used: 1
  6922 ;; Hardware stack levels required when called: 1
  6923 ;; This function calls:
  6924 ;;		_EUSART_RxDataHandler
  6925 ;; This function is called by:
  6926 ;;		_EUSART_Initialize
  6927 ;;		_EUSART_Receive_ISR
  6928 ;; This function uses a non-reentrant model
  6929 ;;
  6930                           
  6931     0600                     _EUSART_DefaultErrorHandler:	
  6932                           ;psect for function _EUSART_DefaultErrorHandler
  6933                           
  6934     0600                     i1l2095:	
  6935                           ;incstack = 0
  6936                           ; Regs used in _EUSART_DefaultErrorHandler: [wreg+fsr1l+fsr1h+status,2+status,0+pclath+c
      +                          stack]
  6937                           
  6938                           
  6939                           ;mcc_generated_files/eusart.c: 261:     EUSART_RxDataHandler();
  6940     0600  3185  2525  3186   	fcall	_EUSART_RxDataHandler
  6941     0603                     i1l411:
  6942     0603  0008               	return
  6943     0604                     __end_of_EUSART_DefaultErrorHandler:
  6944                           
  6945                           	psect	text53
  6946     0525                     __ptext53:	
  6947 ;; *************** function _EUSART_RxDataHandler *****************
  6948 ;; Defined at:
  6949 ;;		line 240 in file "mcc_generated_files/eusart.c"
  6950 ;; Parameters:    Size  Location     Type
  6951 ;;		None
  6952 ;; Auto vars:     Size  Location     Type
  6953 ;;		None
  6954 ;; Return value:  Size  Location     Type
  6955 ;;                  1    wreg      void 
  6956 ;; Registers used:
  6957 ;;		wreg, fsr1l, fsr1h, status,2, status,0
  6958 ;; Tracked objects:
  6959 ;;		On entry : 0/0
  6960 ;;		On exit  : 0/0
  6961 ;;		Unchanged: 0/0
  6962 ;; Data sizes:     COMMON   BANK0   BANK1   BANK2   BANK3   BANK4   BANK5   BANK6
  6963 ;;      Params:         0       0       0       0       0       0       0       0
  6964 ;;      Locals:         0       0       0       0       0       0       0       0
  6965 ;;      Temps:          0       0       0       0       0       0       0       0
  6966 ;;      Totals:         0       0       0       0       0       0       0       0
  6967 ;;Total ram usage:        0 bytes
  6968 ;; Hardware stack levels used: 1
  6969 ;; This function calls:
  6970 ;;		Nothing
  6971 ;; This function is called by:
  6972 ;;		_EUSART_Receive_ISR
  6973 ;;		_EUSART_DefaultErrorHandler
  6974 ;; This function uses a non-reentrant model
  6975 ;;
  6976                           
  6977     0525                     _EUSART_RxDataHandler:	
  6978                           ;psect for function _EUSART_RxDataHandler
  6979                           
  6980     0525                     i1l1927:	
  6981                           ;incstack = 0
  6982                           ; Regs used in _EUSART_RxDataHandler: [wreg+fsr1l+fsr1h+status,2+status,0]
  6983                           
  6984                           
  6985                           ;mcc_generated_files/eusart.c: 242:     eusartRxBuffer[eusartRxHead++] = RCREG;
  6986     0525  087D               	movf	_eusartRxHead,w
  6987     0526  3EA0               	addlw	(low (_eusartRxBuffer| 0))& (0+255)
  6988     0527  0086               	movwf	6
  6989     0528  0187               	clrf	7
  6990     0529  0023               	movlb	3	; select bank3
  6991     052A  0819               	movf	25,w	;volatile
  6992     052B  0081               	movwf	1
  6993     052C                     i1l1929:
  6994     052C  3001               	movlw	1
  6995     052D  07FD               	addwf	_eusartRxHead,f	;volatile
  6996     052E                     i1l1931:
  6997                           
  6998                           ;mcc_generated_files/eusart.c: 243:     if(sizeof(eusartRxBuffer) <= eusartRxHead)
  6999     052E  3008               	movlw	8
  7000     052F  027D               	subwf	_eusartRxHead,w	;volatile
  7001     0530  1C03               	skipc
  7002     0531  2D33               	goto	u128_21
  7003     0532  2D34               	goto	u128_20
  7004     0533                     u128_21:
  7005     0533  2D35               	goto	i1l1935
  7006     0534                     u128_20:
  7007     0534                     i1l1933:
  7008                           
  7009                           ;mcc_generated_files/eusart.c: 244:     {;mcc_generated_files/eusart.c: 245:         eus
      +                          artRxHead = 0;
  7010     0534  01FD               	clrf	_eusartRxHead	;volatile
  7011     0535                     i1l1935:
  7012                           
  7013                           ;mcc_generated_files/eusart.c: 247:     eusartRxCount++;
  7014     0535  3001               	movlw	1
  7015     0536  0020               	movlb	0	; select bank0
  7016     0537  07C5               	addwf	_eusartRxCount,f	;volatile
  7017     0538                     i1l402:
  7018     0538  0008               	return
  7019     0539                     __end_of_EUSART_RxDataHandler:
  7020     0002                     ___latbits      equ	2
  7021     007E                     btemp           set	126	;btemp
  7022     007E                     int$flags       set	126
  7023     007E                     btemp0          set	126
  7024     007F                     btemp1          set	127
  7025     007E                     wtemp0          set	126
  7026     007F                     wtemp0a         set	127
  7027     007F                     ttemp0a         set	127
  7028     0080                     ltemp0a         set	128
  7029                           
  7030                           	psect	config
  7031                           
  7032                           ;Config register CONFIG1 @ 0x8007
  7033                           ;	Oscillator Selection
  7034                           ;	FOSC = INTOSC, INTOSC oscillator: I/O function on CLKIN pin
  7035                           ;	Watchdog Timer Enable
  7036                           ;	WDTE = OFF, WDT disabled
  7037                           ;	Power-up Timer Enable
  7038                           ;	PWRTE = OFF, PWRT disabled
  7039                           ;	MCLR Pin Function Select
  7040                           ;	MCLRE = ON, MCLR/VPP pin function is MCLR
  7041                           ;	Flash Program Memory Code Protection
  7042                           ;	CP = OFF, Program memory code protection is disabled
  7043                           ;	Data Memory Code Protection
  7044                           ;	CPD = OFF, Data memory code protection is disabled
  7045                           ;	Brown-out Reset Enable
  7046                           ;	BOREN = ON, Brown-out Reset enabled
  7047                           ;	Clock Out Enable
  7048                           ;	CLKOUTEN = OFF, CLKOUT function is disabled. I/O or oscillator function on the CLKOUT 
      +                          pin
  7049                           ;	Internal/External Switchover
  7050                           ;	IESO = ON, Internal/External Switchover mode is enabled
  7051                           ;	Fail-Safe Clock Monitor Enable
  7052                           ;	FCMEN = ON, Fail-Safe Clock Monitor is enabled
  7053     8007                     	org	32775
  7054     8007  3FE4               	dw	16356
  7055                           
  7056                           ;Config register CONFIG2 @ 0x8008
  7057                           ;	Flash Memory Self-Write Protection
  7058                           ;	WRT = OFF, Write protection off
  7059                           ;	Voltage Regulator Capacitor Enable
  7060                           ;	VCAPEN = OFF, All VCAP pin functionality is disabled
  7061                           ;	PLL Enable
  7062                           ;	PLLEN = ON, 4x PLL enabled
  7063                           ;	Stack Overflow/Underflow Reset Enable
  7064                           ;	STVREN = ON, Stack Overflow or Underflow will cause a Reset
  7065                           ;	Brown-out Reset Voltage Selection
  7066                           ;	BORV = LO, Brown-out Reset Voltage (Vbor), low trip point selected.
  7067                           ;	Low-Voltage Programming Enable
  7068                           ;	LVP = OFF, High-voltage on MCLR/VPP must be used for programming
  7069     8008                     	org	32776
  7070     8008  1FFF               	dw	8191

Data Sizes:
    Strings     0
    Constant    5
    Data        1
    BSS         82
    Persistent  48
    Stack       0

Auto Spaces:
    Space          Size  Autos    Used
    COMMON           14     13      14
    BANK0            80     14      80
    BANK1            80      0      16
    BANK2            80      0       0
    BANK3            80      0       0
    BANK4            80      0       0
    BANK5            80      0       0
    BANK6            16      0       0

Pointer List with Targets:

    EUSART_ErrorHandler	PTR FTN()void  size(2) Largest target is 1
		 -> EUSART_DefaultErrorHandler(), NULL(), 

    EUSART_FramingErrorHandler	PTR FTN()void  size(2) Largest target is 1
		 -> EUSART_DefaultFramingErrorHandler(), NULL(), 

    EUSART_OverrunErrorHandler	PTR FTN()void  size(2) Largest target is 1
		 -> EUSART_DefaultOverrunErrorHandler(), NULL(), 

    EUSART_RxDefaultInterruptHandler	PTR FTN()void  size(2) Largest target is 1
		 -> EUSART_Receive_ISR(), NULL(), 

    EUSART_SetErrorHandler@interruptHandler	PTR FTN()void  size(2) Largest target is 1
		 -> EUSART_DefaultErrorHandler(), 

    EUSART_SetFramingErrorHandler@interruptHandler	PTR FTN()void  size(2) Largest target is 1
		 -> EUSART_DefaultFramingErrorHandler(), 

    EUSART_SetOverrunErrorHandler@interruptHandler	PTR FTN()void  size(2) Largest target is 1
		 -> EUSART_DefaultOverrunErrorHandler(), 

    EUSART_SetRxInterruptHandler@interruptHandler	PTR FTN()void  size(2) Largest target is 1
		 -> EUSART_Receive_ISR(), 

    EUSART_SetTxInterruptHandler@interruptHandler	PTR FTN()void  size(2) Largest target is 1
		 -> EUSART_Transmit_ISR(), 

    EUSART_TxDefaultInterruptHandler	PTR FTN()void  size(2) Largest target is 1
		 -> EUSART_Transmit_ISR(), NULL(), 

    LIN_getChecksum@data	PTR unsigned char  size(2) Largest target is 13
		 -> LIN_packet(BANK0[13]), 

    LIN_getFromTable@rxCommand	PTR const struct . size(2) Largest target is 5
		 -> scheduleTable(CODE[5]), NULL(NULL[0]), 

    LIN_getFromTable@rxCommand$data	PTR unsigned char  size(2) Largest target is 8
		 -> SIGNAL_Data(BANK1[8]), 

    LIN_getPacket@data	PTR unsigned char  size(1) Largest target is 8
		 -> processLIN@tempRxData(BANK0[8]), 

    LIN_init@command	const PTR const struct . size(2) Largest target is 5
		 -> scheduleTable(CODE[5]), 

    LIN_init@processData	PTR FTN()void  size(2) Largest target is 1
		 -> processLIN(), 

    LIN_processData	PTR FTN()void  size(2) Largest target is 1
		 -> processLIN(), NULL(), 

    LIN_queuePacket@tempSchedule	PTR const struct . size(2) Largest target is 5
		 -> scheduleTable(CODE[5]), NULL(NULL[0]), 

    LIN_queuePacket@tempSchedule$data	PTR unsigned char  size(2) Largest target is 8
		 -> SIGNAL_Data(BANK1[8]), 

    LIN_rxCommand	PTR const struct . size(2) Largest target is 5
		 -> scheduleTable(CODE[5]), NULL(NULL[0]), 

    LIN_rxCommand$data	PTR unsigned char  size(2) Largest target is 8
		 -> SIGNAL_Data(BANK1[8]), 

    LIN_sendPacket@data	PTR unsigned char  size(2) Largest target is 13
		 -> LIN_packet(BANK0[13]), 

    memcpy@d	PTR unsigned char  size(1) Largest target is 13
		 -> LIN_packet(BANK0[13]), processLIN@tempRxData(BANK0[8]), 

    memcpy@d1	PTR void  size(2) Largest target is 13
		 -> LIN_packet(BANK0[13]), processLIN@tempRxData(BANK0[8]), 

    memcpy@s	PTR const unsigned char  size(1) Largest target is 13
		 -> LIN_packet(BANK0[13]), LIN_packet$data(BANK0[8]), SIGNAL_Data(BANK1[8]), 

    memcpy@s1	PTR const void  size(2) Largest target is 13
		 -> LIN_packet(BANK0[13]), LIN_packet$data(BANK0[8]), SIGNAL_Data(BANK1[8]), 

    memset@dest	PTR void  size(2) Largest target is 13
		 -> LIN_packet(BANK0[13]), 

    memset@p	PTR unsigned char  size(1) Largest target is 13
		 -> LIN_packet(BANK0[13]), 

    S36$data	PTR unsigned char  size(2) Largest target is 8
		 -> SIGNAL_Data(BANK1[8]), 

    scheduleTable$data	PTR unsigned char  size(2) Largest target is 8
		 -> SIGNAL_Data(BANK1[8]), 

    sp__memcpy	PTR void  size(2) Largest target is 13
		 -> LIN_packet(BANK0[13]), processLIN@tempRxData(BANK0[8]), 

    sp__memset	PTR void  size(2) Largest target is 13
		 -> LIN_packet(BANK0[13]), 

    TMR0_InterruptHandler	PTR FTN()void  size(2) Largest target is 1
		 -> LIN_timerHandler(), TMR0_DefaultInterruptHandler(), NULL(), 

    TMR0_SetInterruptHandler@InterruptHandler	PTR FTN()void  size(2) Largest target is 1
		 -> LIN_timerHandler(), TMR0_DefaultInterruptHandler(), 


Critical Paths under _main in COMMON

    _TMR0_Initialize->_TMR0_SetInterruptHandler
    _LIN_Slave_Initialize->_LIN_init
    _LIN_setTimerHandler->_TMR0_SetInterruptHandler
    _EUSART_Initialize->_EUSART_SetErrorHandler
    _EUSART_Initialize->_EUSART_SetFramingErrorHandler
    _EUSART_Initialize->_EUSART_SetOverrunErrorHandler
    _EUSART_Initialize->_EUSART_SetRxInterruptHandler
    _EUSART_Initialize->_EUSART_SetTxInterruptHandler
    _processLIN->_LIN_getPacket
    _LIN_getPacket->_memcpy
    _LIN_startTimer->_TMR0_WriteTimer
    _LIN_queuePacket->_LIN_sendPacket
    _LIN_sendPacket->_EUSART_Write
    _EUSART_Write->_LIN_getChecksum
    _LIN_checkPID->_LIN_getFromTable
    _LIN_breakCheck->_EUSART_Read

Critical Paths under _INTERRUPT_InterruptManager in COMMON

    None.

Critical Paths under _main in BANK0

    _main->_LIN_handler
    _LIN_handler->_LIN_queuePacket
    _LIN_handler->_processLIN
    _LIN_queuePacket->_LIN_sendPacket

Critical Paths under _INTERRUPT_InterruptManager in BANK0

    None.

Critical Paths under _main in BANK1

    None.

Critical Paths under _INTERRUPT_InterruptManager in BANK1

    None.

Critical Paths under _main in BANK2

    None.

Critical Paths under _INTERRUPT_InterruptManager in BANK2

    None.

Critical Paths under _main in BANK3

    None.

Critical Paths under _INTERRUPT_InterruptManager in BANK3

    None.

Critical Paths under _main in BANK4

    None.

Critical Paths under _INTERRUPT_InterruptManager in BANK4

    None.

Critical Paths under _main in BANK5

    None.

Critical Paths under _INTERRUPT_InterruptManager in BANK5

    None.

Critical Paths under _main in BANK6

    None.

Critical Paths under _INTERRUPT_InterruptManager in BANK6

    None.

Call Graph Tables:

 ---------------------------------------------------------------------------------
 (Depth) Function   	        Calls       Base Space   Used Autos Params    Refs
 ---------------------------------------------------------------------------------
 (0) _main                                                 0     0      0    3856
              _Clear_No_Call_Warning
                        _LIN_handler
          _LIN_signalTimeoutOccurred
                  _SYSTEM_Initialize
 ---------------------------------------------------------------------------------
 (1) _SYSTEM_Initialize                                    0     0      0     238
                  _EUSART_Initialize
               _LIN_Slave_Initialize
              _OSCILLATOR_Initialize
             _PIN_MANAGER_Initialize
                    _TMR0_Initialize
                     _WDT_Initialize
 ---------------------------------------------------------------------------------
 (2) _WDT_Initialize                                       0     0      0       0
 ---------------------------------------------------------------------------------
 (2) _TMR0_Initialize                                      0     0      0      24
           _TMR0_SetInterruptHandler
 ---------------------------------------------------------------------------------
 (2) _PIN_MANAGER_Initialize                               0     0      0       0
 ---------------------------------------------------------------------------------
 (2) _OSCILLATOR_Initialize                                0     0      0       0
 ---------------------------------------------------------------------------------
 (2) _LIN_Slave_Initialize                                 0     0      0      99
                           _LIN_init
 ---------------------------------------------------------------------------------
 (3) _LIN_init                                             5     1      4      99
                                              2 COMMON     5     1      4
                       _LIN_enableRx
                _LIN_setTimerHandler
                      _LIN_stopTimer
 ---------------------------------------------------------------------------------
 (4) _LIN_stopTimer                                        0     0      0       0
 ---------------------------------------------------------------------------------
 (4) _LIN_setTimerHandler                                  0     0      0      24
           _TMR0_SetInterruptHandler
 ---------------------------------------------------------------------------------
 (5) _TMR0_SetInterruptHandler                             2     0      2      24
                                              0 COMMON     2     0      2
 ---------------------------------------------------------------------------------
 (2) _EUSART_Initialize                                    0     0      0     115
             _EUSART_SetErrorHandler
      _EUSART_SetFramingErrorHandler
      _EUSART_SetOverrunErrorHandler
       _EUSART_SetRxInterruptHandler
       _EUSART_SetTxInterruptHandler
 ---------------------------------------------------------------------------------
 (3) _EUSART_SetTxInterruptHandler                         2     0      2      23
                                              0 COMMON     2     0      2
 ---------------------------------------------------------------------------------
 (3) _EUSART_SetRxInterruptHandler                         2     0      2      23
                                              0 COMMON     2     0      2
 ---------------------------------------------------------------------------------
 (3) _EUSART_SetOverrunErrorHandler                        2     0      2      23
                                              0 COMMON     2     0      2
 ---------------------------------------------------------------------------------
 (3) _EUSART_SetFramingErrorHandler                        2     0      2      23
                                              0 COMMON     2     0      2
 ---------------------------------------------------------------------------------
 (3) _EUSART_SetErrorHandler                               2     0      2      23
                                              0 COMMON     2     0      2
 ---------------------------------------------------------------------------------
 (1) _LIN_signalTimeoutOccurred                            0     0      0       0
 ---------------------------------------------------------------------------------
 (1) _LIN_handler                                          5     5      0    3502
                                              9 BANK0      5     5      0
                                NULL *
                        _EUSART_Read
                 _EUSART_is_rx_ready
                     _LIN_breakCheck
                       _LIN_checkPID
                      _LIN_disableRx
                       _LIN_enableRx
                    _LIN_getChecksum
                   _LIN_getFromTable
                    _LIN_queuePacket
                     _LIN_startTimer
                             _memset
                         _processLIN *
 ---------------------------------------------------------------------------------
 (2) _processLIN                                          10    10      0     715
                                              0 BANK0      9     9      0
                      _LIN_getPacket
 ---------------------------------------------------------------------------------
 (3) _LIN_getPacket                                        2     1      1     449
                                              9 COMMON     2     1      1
                             _memcpy
                             _memset
 ---------------------------------------------------------------------------------
 (4) _memset                                               7     1      6     155
                                              0 COMMON     7     1      6
 ---------------------------------------------------------------------------------
 (2) _LIN_startTimer                                       1     1      0      58
                                              1 COMMON     1     1      0
                    _TMR0_WriteTimer
 ---------------------------------------------------------------------------------
 (3) _TMR0_WriteTimer                                      1     1      0      29
                                              0 COMMON     1     1      0
 ---------------------------------------------------------------------------------
 (2) _LIN_queuePacket                                      7     7      0    1407
                                              2 BANK0      7     7      0
                    _LIN_getChecksum
                     _LIN_sendPacket
                             _memcpy
 ---------------------------------------------------------------------------------
 (4) _memcpy                                               9     3      6     226
                                              0 COMMON     9     3      6
 ---------------------------------------------------------------------------------
 (3) _LIN_sendPacket                                       5     2      3     658
                                             10 COMMON     3     0      3
                                              0 BANK0      2     2      0
                       _EUSART_Write
                    _LIN_getChecksum
 ---------------------------------------------------------------------------------
 (4) _LIN_getChecksum                                      9     6      3     303
                                              0 COMMON     9     6      3
 ---------------------------------------------------------------------------------
 (4) _EUSART_Write                                         1     1      0      94
                                              9 COMMON     1     1      0
                    _LIN_getChecksum (ARG)
 ---------------------------------------------------------------------------------
 (4) _LIN_enableRx                                         0     0      0       0
 ---------------------------------------------------------------------------------
 (2) _LIN_disableRx                                        0     0      0       0
 ---------------------------------------------------------------------------------
 (2) _LIN_checkPID                                         1     1      0     624
                                              7 COMMON     1     1      0
                     _LIN_calcParity
                   _LIN_getFromTable
 ---------------------------------------------------------------------------------
 (3) _LIN_getFromTable                                     7     6      1     192
                                              0 COMMON     7     6      1
 ---------------------------------------------------------------------------------
 (3) _LIN_calcParity                                       3     3      0     345
                                              0 COMMON     3     3      0
 ---------------------------------------------------------------------------------
 (2) _LIN_breakCheck                                       0     0      0      24
                        _EUSART_Read
             _EUSART_get_last_status
 ---------------------------------------------------------------------------------
 (3) _EUSART_Read                                          1     1      0      24
                                              0 COMMON     1     1      0
 ---------------------------------------------------------------------------------
 (2) _EUSART_is_rx_ready                                   0     0      0       0
 ---------------------------------------------------------------------------------
 (8) NULL(Fake)                                            0     0      0       0
 ---------------------------------------------------------------------------------
 (1) _Clear_No_Call_Warning                                1     1      0     116
             _EUSART_get_last_status
                  _EUSART_is_tx_done
                 _EUSART_is_tx_ready
                    _PIN_MANAGER_IOC
                     _TMR0_ReadTimer
                        _TMR0_Reload
 ---------------------------------------------------------------------------------
 (2) _TMR0_Reload                                          0     0      0       0
 ---------------------------------------------------------------------------------
 (2) _TMR0_ReadTimer                                       1     1      0       5
 ---------------------------------------------------------------------------------
 (2) _PIN_MANAGER_IOC                                      0     0      0       0
 ---------------------------------------------------------------------------------
 (2) _EUSART_is_tx_ready                                   0     0      0       0
 ---------------------------------------------------------------------------------
 (2) _EUSART_is_tx_done                                    0     0      0       0
 ---------------------------------------------------------------------------------
 (3) _EUSART_get_last_status                               0     0      0       0
 ---------------------------------------------------------------------------------
 Estimated maximum stack depth 8
 ---------------------------------------------------------------------------------
 (Depth) Function   	        Calls       Base Space   Used Autos Params    Refs
 ---------------------------------------------------------------------------------
 (6) _INTERRUPT_InterruptManager                           0     0      0       0
                                NULL *
                 _EUSART_Receive_ISR *
                _EUSART_Transmit_ISR *
                           _TMR0_ISR
 ---------------------------------------------------------------------------------
 (7) _TMR0_ISR                                             0     0      0       0
                                NULL *
                   _LIN_timerHandler *
       _TMR0_DefaultInterruptHandler *
 ---------------------------------------------------------------------------------
 (8) _TMR0_DefaultInterruptHandler                         0     0      0       0
 ---------------------------------------------------------------------------------
 (8) _LIN_timerHandler                                     0     0      0       0
 ---------------------------------------------------------------------------------
 (7) _EUSART_Transmit_ISR                                  0     0      0       0
 ---------------------------------------------------------------------------------
 (7) _EUSART_Receive_ISR                                   0     0      0       0
                                NULL *
         _EUSART_DefaultErrorHandler *
  _EUSART_DefaultFramingErrorHandler *
  _EUSART_DefaultOverrunErrorHandler *
               _EUSART_RxDataHandler
 ---------------------------------------------------------------------------------
 (8) _EUSART_DefaultOverrunErrorHandler                    0     0      0       0
 ---------------------------------------------------------------------------------
 (8) _EUSART_DefaultFramingErrorHandler                    0     0      0       0
 ---------------------------------------------------------------------------------
 (8) _EUSART_DefaultErrorHandler                           0     0      0       0
               _EUSART_RxDataHandler
 ---------------------------------------------------------------------------------
 (9) _EUSART_RxDataHandler                                 0     0      0       0
 ---------------------------------------------------------------------------------
 (8) NULL(Fake)                                            0     0      0       0
 ---------------------------------------------------------------------------------
 Estimated maximum stack depth 9
 ---------------------------------------------------------------------------------

 Call Graph Graphs:

 _main (ROOT)
   _Clear_No_Call_Warning
     _EUSART_get_last_status
     _EUSART_is_tx_done
     _EUSART_is_tx_ready
     _PIN_MANAGER_IOC
     _TMR0_ReadTimer
     _TMR0_Reload
   _LIN_handler
     NULL(Fake) *
     _EUSART_Read *
     _EUSART_is_rx_ready *
     _LIN_breakCheck *
       _EUSART_Read
       _EUSART_get_last_status
     _LIN_checkPID *
       _LIN_calcParity
       _LIN_getFromTable
     _LIN_disableRx *
     _LIN_enableRx *
     _LIN_getChecksum *
     _LIN_getFromTable *
     _LIN_queuePacket *
       _LIN_getChecksum
       _LIN_sendPacket
         _EUSART_Write
           _LIN_getChecksum (ARG)
         _LIN_getChecksum
       _memcpy
     _LIN_startTimer *
       _TMR0_WriteTimer
     _memset *
     _processLIN *
       _LIN_getPacket
         _memcpy
         _memset
   _LIN_signalTimeoutOccurred
   _SYSTEM_Initialize
     _EUSART_Initialize
       _EUSART_SetErrorHandler
       _EUSART_SetFramingErrorHandler
       _EUSART_SetOverrunErrorHandler
       _EUSART_SetRxInterruptHandler
       _EUSART_SetTxInterruptHandler
     _LIN_Slave_Initialize
       _LIN_init
         _LIN_enableRx
         _LIN_setTimerHandler
           _TMR0_SetInterruptHandler
         _LIN_stopTimer
     _OSCILLATOR_Initialize
     _PIN_MANAGER_Initialize
     _TMR0_Initialize
       _TMR0_SetInterruptHandler
     _WDT_Initialize

 _INTERRUPT_InterruptManager (ROOT)
   NULL(Fake) *
   _EUSART_Receive_ISR *
     NULL(Fake) *
     _EUSART_DefaultErrorHandler *
       _EUSART_RxDataHandler
     _EUSART_DefaultFramingErrorHandler *
     _EUSART_DefaultOverrunErrorHandler *
     _EUSART_RxDataHandler *
   _EUSART_Transmit_ISR *
   _TMR0_ISR *
     NULL(Fake) *
     _LIN_timerHandler *
     _TMR0_DefaultInterruptHandler *

Address spaces:
Name               Size   Autos  Total    Usage
BITCOMMON           14      0       0      0.0%
BITBANK0            80      0       0      0.0%
BITBANK1            80      0       0      0.0%
BITBANK2            80      0       0      0.0%
BITBANK3            80      0       0      0.0%
BITBANK4            80      0       0      0.0%
BITBANK5            80      0       0      0.0%
BITBANK6            16      0       0      0.0%
BIGRAM             496      0       0      0.0%
COMMON              14     13      14    100.0%
BANK0               80     14      80    100.0%
BANK1               80      0      16     20.0%
BANK2               80      0       0      0.0%
BANK3               80      0       0      0.0%
BANK4               80      0       0      0.0%
BANK5               80      0       0      0.0%
BANK6               16      0       0      0.0%
STACK                0      0       0      0.0%
DATA                 0      0     107      0.0%


Microchip Technology PIC Macro Assembler V3.10 build 20250813170317 
Symbol Table                                                                                   Mon Aug 31 15:17:10 2026

                       __end_of_LIN_breakCheck 055F                  ?_EUSART_SetRxInterruptHandler 0070  
                        __end_of_LIN_getPacket 0411                          ??_LIN_setTimerHandler 0072  
                        __end_of_LIN_disableRx 05F0                                             l74 05A0  
                                           l84 0263                                             l77 0510  
                                           l99 008A                                _timer0ReloadVal 004A  
                              ?_LIN_calcParity 0070                                            l121 014D  
                                          l211 0387                                            l115 0120  
                                          l123 0179                                            l140 02C1  
                                          l132 0410                                            l205 0589  
                                          l150 04CB                                            l160 0367  
                                          l240 05E5                                            l161 036A  
                                          l129 0435                                            l209 0398  
                                          l154 01FF                                            l250 05BD  
                                          l234 0524                                            l243 05FB  
                                          l164 057C                                            l420 05DB  
                                          l237 0606                                            l181 05EA  
                                          l414 05D5                                            l423 05C3  
                                          l175 05B1                                            l360 0610  
                                          l184 05EF                                            l417 05CF  
                                          l426 05C9                                            l178 05F7  
                                          l363 05A9                                            l460 060F  
                                          l188 055E                                            l381 03CD  
                                          l357 02FF                                            l366 0609  
                                          l382 03D6                                            l536 060E  
                                          l376 0459                                            l369 060C  
                                          l385 03EB                                            l457 04B1  
                                          l492 0590                                            l495 0595  
                                          l489 054B                                            l498 05F3  
                                          u580 0595                                            u581 0594  
                                          u970 043C                                            u971 043B  
                                          u980 0450                                            u981 044F  
                                          u990 0278                                            u991 0277  
                       ??_EUSART_RxDataHandler 0070                                            _cnt 003C  
               ?_EUSART_SetFramingErrorHandler 0070                       __end_of_LIN_getFromTable 02C2  
                                          wreg 0009                 __end_of_EUSART_get_last_status 060D  
                        __end_of_scheduleTable 05E1                                   ?_EUSART_Read 0070  
                       ?_Clear_No_Call_Warning 0070                                           l1102 046D  
                                         l1111 04FA                                           l1105 0479  
                                         l2003 05EB                                           l2101 059D  
                                         l2105 059F                                           l2051 051B  
                                         l2061 02C4                                           l2053 051C  
                                         l2045 0511                                           l2071 02DB  
                                         l2063 02CB                                           l2055 051D  
                                         l2047 0516                                           l2057 05F8  
                                         l2401 03C7                                           l2081 02F8  
                                         l2073 02DD                                           l2065 02D4  
                                         l2049 0519                                           l2091 0610  
                                         l1427 0604                                           l2411 03E6  
                                         l2403 03D2                                           l2083 02FA  
                                         l2075 02F4                                           l2067 02D7  
                                         l2059 02C2                                           l2413 03E7  
                                         l2405 03D7                                           l2421 041F  
                                         l2501 0073                                           l2085 02FB  
                                         l2077 02F6                                           l2069 02D9  
                                         l2407 03DE                                           l2415 03E9  
                                         l2423 0422                                           l2431 03FE  
                                         l2511 0096                                           l2503 0076  
                                         l2087 02FC                                           l2079 02F7  
                                         l2249 060E                                           l2409 03E0  
                                         l2425 0428                                           l2417 0413  
                                         l2441 0206                                           l2433 040C  
                                         l2513 009E                                           l2505 007E  
                                         l2097 0596                                           l2089 02FD  
                                         l1481 04A2                                           l2601 04DF  
                                         l1467 0607                                           l2371 033A  
                                         l2419 0415                                           l2363 045A  
                                         l2451 0219                                           l2443 0208  
                                         l2435 040F                                           l2427 03EC  
                                         l2531 00D2                                           l2523 00B9  
                                         l2515 00A2                                           l2507 0086  
                                         l2099 059C                                           l1803 04FC  
                                         l1491 058D                                           l1483 04A4  
                                         l1475 0498                                           l1821 0436  
                                         l2381 035B                                           l2373 0341  
                                         l2365 045F                                           l2461 0259  
                                         l2445 020A                                           l2453 021B  
                                         l2429 03F0                                           l2541 00FE  
                                         l2533 00D5                                           l2525 00C2  
                                         l2517 00AA                                           l2509 008E  
                                         l1741 05B8                                           l1805 0507  
                                         l1485 04A8                                           l1477 049D  
                                         l1493 05F0                                           l1831 0450  
                                         l1823 0436                                           l1903 017B  
                                         l2383 035F                                           l2375 0343  
                                         l2367 0464                                           l2455 0221  
                                         l2439 0202                                           l1911 05E2  
                                         l2391 04E4                                           l2471 0378  
                                         l2551 0123                                           l2543 00FF  
                                         l2535 00D9                                           l2527 00C7  
                                         l2519 00AF                                           l1743 05F4  
                                         l1807 050A                                           l2463 057D  
                                         l1487 04AD                                           l1479 04A0  
                                         l1913 060A                                           l1833 0451  
                                         l1825 043C                                           l1905 01F5  
                                         l1745 05E6                                           l2377 034E  
                                         l2385 0361                                           l2369 0466  
                                         l2457 0233                                           l2449 0215  
                                         l2393 04E7                                           l2481 0396  
                                         l2473 037E                                           l2465 036B  
                                         l2561 0132                                           l2553 0127  
                                         l2545 0102                                           l2537 00E1  
                                         l2529 00CF                                           l1921 05D0  
                                         l1809 050D                                           l1489 058A  
                                         l1835 0453                                           l1827 0448  
                                         l1907 01FE                                           l1843 0265  
                                         l2387 0369                                           l2379 0352  
                                         l2459 024C                                           l2395 04EC  
                                         l2475 0384                                           l2467 0372  
                                         l2571 014A                                           l2563 0133  
                                         l2555 012A                                           l2547 010A  
                                         l2539 00F6                                           l2491 005C  
                                         l1923 05CA                                           l1747 05AA  
                                         l1837 0456                                           l1829 044A  
                                         l1853 0279                                           l1861 028F  
                                         l1845 026A                                           l2397 04EE  
                                         l2477 038A                                           l2565 0134  
                                         l2557 012F                                           l2493 0061  
                                         l1925 05D6                                           l1917 05C4  
                                         l2581 0539                                           l1839 0458  
                                         l1871 02A5                                           l1863 0296  
                                         l1855 028B                                           l1847 026C  
                                         l2399 03C7                                           l2479 0390  
                                         l2663 0159                                           l2567 0142  
                                         l2559 0131                                           l2495 0064  
                                         l2575 0151                                           l1919 05BE  
                                         l2583 0542                                           l2591 04CF  
                                         l1961 05A1                                           l2665 02B6  
                                         l1849 026E                                           l2569 0147  
                                         l2497 006C                                           l2489 0056  
                                         l2585 0545                                           l2593 04D0  
                                         l1867 029C                                           l1859 028D  
                                         l1971 0578                                           l2499 0070  
                                         l2587 0548                                           l2595 04D1  
                                         l1877 02AE                                           l1973 057B  
                                         l1965 0570                                           l2597 04D4  
                                         l2589 04CC                                           l1983 055D  
                                         l1975 054C                                           l1967 0573  
                                         l2599 04D7                                           l1977 0554  
                                         l1993 04C0                                           l1969 0577  
                                         l1979 055B                                           l1995 04CA  
                                         l1987 04B3                                           l1989 04BE  
                                         u1000 028B                                           u1001 028A  
                                         u1010 0295                                           u1011 0294  
                                         u1100 01AA                                           u1020 0182  
                                         u1101 01A8                                           u1021 0180  
                                         u1110 01B1                                           u1102 01AB  
                                         u1030 0189                                           u1022 0183  
                                         u1111 01AF                                           u1031 0187  
                                         u1200 01E0                                           u1120 01B8  
                                         u1112 01B2                                           u1040 0190  
                                         u1032 018A                                           u2000 00C7  
                                         u1201 01DE                                           u1121 01B6  
                                         u1041 018E                                           u2001 00C6  
                                         u2010 00E1                                           u2011 00E0  
                                         u1220 01E6                                           u1140 01BE  
                                         u1060 0196                                           u2020 00FE  
                                         u1221 01E4                                           u1141 01BC  
                                         u1061 0194                                           u2021 00FD  
                                         u1310 05A8                                           u1230 01ED  
                                         u1222 01E7                                           u1214 01E1  
                                         u1150 01C5                                           u1142 01BF  
                                         u1134 01B9                                           u1070 019D  
                                         u1062 0197                                           u1054 0191  
                                         u2030 010A                                           u1311 05A6  
                                         u1231 01EB                                           u1151 01C3  
                                         u1071 019B                                           u2031 0109  
                                         u1320 05A9                                           u1240 01F4  
                                         u1232 01EE                                           u1160 01CC  
                                         u1152 01C6                                           u1080 01A4  
                                         u1072 019E                                           u2040 011F  
                                         u1241 01F2                                           u1161 01CA  
                                         u1081 01A2                                           u2041 011E  
                                         u1330 0554                                           u2050 0147  
                                         u1331 0553                                           u2051 0146  
                                         u1340 055B                                           u1260 01FD  
                                         u1180 01D2                                           u2060 04DF  
                                         u1341 055A                                           u1261 01FB  
                                         u1181 01D0                                           u2061 04DE  
                                         _LATA 010C                                           u1254 01F5  
                                         u1190 01D9                                           u1182 01D3  
                                         u1174 01CD                                           u1094 01A5  
                                         u1350 04BE                                           _LATB 010D  
                                         u1191 01D7                                           u1351 04BD  
                                         _LATC 010E                                           u1192 01DA  
                                         u1360 04CA                                           u1361 04C9  
                                         _LATE 0110                                           u1274 01FE  
                                         u1460 059C                                           u1461 059B  
                                         u1800 03CD                                           u1801 03CC  
                                         u1810 03D2                                           u1811 03D1  
                                         u1820 03E6                                           u1900 0396  
                                         u1821 03E5                                           u1901 0395  
                                         u1830 0428                                           u1910 005C  
                                         u1831 0427                                           u1911 005B  
                                         u1760 0479                                           u1840 0214  
                                         u1920 0061                                           u1761 0478  
                                         u1841 0213                                           u1921 0060  
                                         u1770 035B                                           u1850 0221  
                                         u1930 006C                                           u1771 035A  
                                         u1851 0220                                           u1931 006B  
                                         u1780 0367                                           u1860 0377  
                                         u1940 007E                                           u1781 0366  
                                         u1861 0376                                           u1941 007D  
                                         u1790 04FA                                           u1870 037E  
                                         u1950 0086                                           u1791 04F9  
                                         u1871 037D                                           u1951 0085  
                                         u1880 0384                                           u1960 0096  
                                         u1881 0383                                           u1961 0095  
                                         u1890 0390                                           u1970 009E  
                                         u1891 038F                                           u1971 009D  
                                         u1980 00AA                                           u1981 00A9  
                                         u1990 00B8                                           u1991 00B7  
                                         _PLLR 04D6                                           _TMR0 0015  
                                         _WPUB 020D                                           _WPUE 0210  
                               _LIN_sendPacket 0411                                           _main 04CC  
                                         fsr0h 0005                                           fsr1h 0007  
                                         indf0 0000                                           fsr0l 0004  
                                         indf1 0001                                           fsr1l 0006  
                                         btemp 007E                                           start 003B  
                                processLIN@cmd 0069                                ?_LIN_breakCheck 0070  
                  ??_LIN_signalTimeoutOccurred 0070                        __end_of_TMR0_Initialize 0525  
               ??_TMR0_DefaultInterruptHandler 0070                                  ?_EUSART_Write 0070  
                __end_of_OSCILLATOR_Initialize 0596                              LIN_sendPacket@pid 007A  
                                        ?_main 0070                                LIN_init@command 0072  
                                        i1l402 0538                                          i1l411 0603  
                                        i1l172 03C5                                          i1l405 0612  
                                        i1l253 0611                                          i1l247 056E  
                                        i1l408 05FF                                          i1l282 0039  
                                        i1l274 0016                                          i1l277 002A  
                                        i1l391 0497                                          i1l388 0495  
                              _TMR0_WriteTimer 05E1                                          i1l398 0338  
                                        _RCREG 0199                                          _RCSTA 019D  
                                        _TRISA 008C                                          _TRISB 008D  
                                        _TRISC 008E                                          _TRISE 0090  
                                        _TXREG 019A                               __end_of_LIN_init 0511  
                        __end_of_LIN_stopTimer 05F8                                          _TXSTA 019E  
                    ?_TMR0_SetInterruptHandler 0070                               __end_of_TMR0_ISR 056F  
                      __end_of_PIN_MANAGER_IOC 0610                                 _WDT_Initialize 05F0  
                       __end_of_LIN_sendPacket 0436                                          btemp0 007E  
                                        btemp1 007F                                          pclath 000A  
                               _LIN_startTimer 056F                                          status 0003  
                                        wtemp0 007E                             _LIN_signalTimedOut 004E  
                             ?_LIN_getChecksum 0070                    LIN_queuePacket@tempSchedule 0068  
                              __initialization 003D                                   ?_LIN_handler 0070  
                                 __end_of_main 04E4                                 ??_EUSART_Write 0079  
                  ?_INTERRUPT_InterruptManager 0070                 ??_EUSART_SetRxInterruptHandler 0072  
                                       ??_main 007D                         __end_of_WDT_Initialize 05F4  
                           LIN_sendPacket@data 007B      __end_of_EUSART_DefaultFramingErrorHandler 0613  
          ??_EUSART_DefaultFramingErrorHandler 0070             ?_EUSART_DefaultFramingErrorHandler 0070  
            _EUSART_DefaultFramingErrorHandler 0612                      _LIN_signalTimeoutOccurred 0596  
                   _EUSART_OverrunErrorHandler 0032                         __end_of_LIN_startTimer 057D  
                              ?_LIN_sendPacket 007A                                         _APFCON 011D  
                                       _ANSELA 018C                                         _ANSELB 018D  
                   __end_of_EUSART_is_rx_ready 05AA                                         _BORCON 0116  
                                       i1l2011 03AA                                         i1l2013 03B7  
                                       i1l2005 0399                                         i1l2015 03BB  
                                       i1l2007 039F                                         i1l2017 03C3  
                                       i1l2009 03A5                                         i1l2201 055F  
                                       i1l2211 0481                                         i1l2203 0560  
                                       i1l2221 0300                                         i1l2213 0488  
                                       i1l2205 0563                                         i1l2231 031A  
                                       i1l2223 0305                                         i1l2215 048B  
                                       i1l2207 0569                                         i1l2233 031F  
                                       i1l2225 030A                                         i1l2217 0491  
                                       i1l2209 047A                                         i1l2235 0325  
                                       i1l2227 030F                                         i1l2219 0492  
                                       i1l2093 05FC                                         i1l2237 032E  
                                       i1l2229 0315                                         i1l2095 0600  
                                       i1l2239 0335                                         i1l2281 001F  
                                       i1l2273 000A                                         i1l2283 0024  
                                       i1l2275 000E                                         i1l2285 002F  
                                       i1l2277 0012                                         i1l2287 0034  
                                       i1l2279 001A                                         i1l1931 052E  
                                       i1l1933 0534                                         i1l1935 0535  
                                       i1l1927 0525                                         i1l1929 052C  
                                       u140_20 03C3                                         u140_21 03C2  
                                       u128_20 0534                                         u128_21 0533  
                                       u137_20 039F                                         u137_21 039E  
                                       u138_20 03AA                                         u162_20 0569  
                                       u170_20 001A                                         u138_21 03A9  
                                       u162_21 0568                                         u170_21 0019  
                                       u163_20 0481                                         u139_20 03B7  
                                       u171_20 001F                                         u163_21 0480  
                                       u139_21 03B6                                         u171_21 001E  
                                       u164_20 0491                                         u172_20 0024  
                                       u164_21 0490                                         u172_21 0023  
                   __end_of_EUSART_is_tx_ready 0611                                         u165_20 030A  
                                       u173_20 002F                                         u165_21 0309  
                                       u173_21 002E                                         u166_20 031A  
                                       u174_20 0034                                         u166_21 0319  
                                       u174_21 0033                                         u167_20 032E  
                                       u167_21 032D                                         u168_20 000E  
                                       u168_21 000D                                         u169_20 0012  
                                       u169_21 0011                                         _OSCCON 0099  
                                       _SPBRGH 019C                                         _SPBRGL 019B  
                                       _WDTCON 0097                                _LIN_processData 0042  
                          _LIN_signalElapsedMs 003E                        _LIN_validSignalReceived 004F  
                                 ?_TMR0_Reload 0070                                _LIN_queuePacket 0200  
                      __end_of_TMR0_WriteTimer 05E6                            _EUSART_Transmit_ISR 047A  
                                       _memcpy 045A                               ?_TMR0_Initialize 0070  
                                       _memset 04E4                                         ltemp0a 0080  
                              ?_WDT_Initialize 0070                               _LIN_rxInProgress 0053  
                                       ttemp0a 007F       TMR0_SetInterruptHandler@InterruptHandler 0070  
                             ?_PIN_MANAGER_IOC 0070                                         wtemp0a 007F  
                              ?_LIN_startTimer 0070                           ?_EUSART_Transmit_ISR 0070  
                            _SYSTEM_Initialize 0539                        __end_of__initialization 0052  
                           ?_SYSTEM_Initialize 0070                                  ?_LIN_checkPID 0070  
         __end_of_EUSART_SetTxInterruptHandler 05C4                   _EUSART_SetTxInterruptHandler 05BE  
                                    ?_LIN_init 0072                                 __pcstackCOMMON 0070  
                                ?_LIN_enableRx 0070                               ??_LIN_calcParity 0070  
                              LIN_sendPacket@i 0062                                   __pidataBANK0 060D  
                          ??_SYSTEM_Initialize 0077                                      ?_TMR0_ISR 0070  
                       LIN_handler@rxDataIndex 004B                       _LIN_signalTimeoutPending 004D  
                               _OPTION_REGbits 0095                           _eusartRxStatusBuffer 0020  
                      ??_Clear_No_Call_Warning 0070                              ?_LIN_getFromTable 0070  
                       LIN_handler@LIN_rxState 004C                ??_EUSART_SetOverrunErrorHandler 0072  
                           ??_LIN_getFromTable 0071                      __end_of_SYSTEM_Initialize 054C  
                        ??_EUSART_Transmit_ISR 0070                                     __pbssBANK0 0020  
                                   __pbssBANK1 00A0                           __end_of_EUSART_Write 03EC  
                             ??_LIN_breakCheck 0071                                 ??_LIN_checkPID 0077  
                  __end_of_LIN_setTimerHandler 05B2                        __end_of_LIN_queuePacket 0264  
                               ??_LIN_enableRx 0070                                     __pmaintext 04CC  
                             _LIN_timerHandler 0399                                     ??_LIN_init 0076  
                          LIN_getChecksum@data 0071                  ?_EUSART_SetTxInterruptHandler 0070  
             _EUSART_TxDefaultInterruptHandler 0038               __end_of_TMR0_SetInterruptHandler 05BE  
                                   ??_TMR0_ISR 0070                                     __pintentry 0004  
                             ?_TMR0_WriteTimer 0070                                        ?_memcpy 0070  
                                      _BAUDCON 019F                                        ?_memset 0070  
                 ??_EUSART_DefaultErrorHandler 0070                          LIN_getChecksum@length 0075  
                             _LIN_timerRunning 0051                                  _eusartRxCount 0045  
                                      _OSCTUNE 0098                       ??_EUSART_SetErrorHandler 0072  
                      LIN_getChecksum@checksum 0077                   __end_of_LIN_Slave_Initialize 058A  
                                      __ptext1 0539                                        __ptext2 05F0  
                                      __ptext3 0511                                        __ptext4 0498  
                                      __ptext5 058A                                        __ptext6 057D  
                                      __ptext7 04FB                                        __ptext8 05F4  
                                      __ptext9 05AA                          _OSCILLATOR_Initialize 058A  
                             ??_LIN_sendPacket 007D                       ??_PIN_MANAGER_Initialize 0070  
                                      clrloop0 05B3                      LIN_getFromTable@rxCommand 0075  
                         end_of_initialization 0052          __end_of_EUSART_SetOverrunErrorHandler 05D0  
                _EUSART_SetOverrunErrorHandler 05CA                                        memcpy@d 0077  
                                      memcpy@n 0074                                        memcpy@s 0078  
                                      memset@c 0072                                        memset@n 0074  
                                      memset@p 0076                              _EUSART_Initialize 02C2  
                             ?_LIN_queuePacket 0070                             ?_EUSART_Initialize 0070  
                                    _RCSTAbits 019D                             _EUSART_is_rx_ready 05A1  
                           _EUSART_is_tx_ready 0610                                  _LIN_getPacket 03EC  
                               _TMR0_ReadTimer 0604                                  _LIN_disableRx 05EB  
                     ??_EUSART_get_last_status 0070                            ??_EUSART_Initialize 0072  
                             ??_WDT_Initialize 0070                 ??_EUSART_SetTxInterruptHandler 0072  
                            LIN_getPacket@data 0079                       _TMR0_SetInterruptHandler 05B8  
                          ?_EUSART_is_rx_ready 0070                                     _processLIN 036B  
                          ?_EUSART_is_tx_ready 0070                           __end_of_LIN_checkPID 04CC  
                          LIN_init@tableLength 0076                               ??_LIN_startTimer 0071  
                         __end_of_LIN_enableRx 05EB                                  _scheduleTable 05DC  
                    __end_of_EUSART_Initialize 0300                           ??_EUSART_is_rx_ready 0070  
                         ??_EUSART_is_tx_ready 0070                                      _TXSTAbits 019E  
                                _LIN_rxCommand 0040                         __end_of_TMR0_ReadTimer 0607  
                               ?_LIN_getPacket 0079                                 ?_LIN_disableRx 0070  
           __end_of_EUSART_DefaultErrorHandler 0604                     _EUSART_DefaultErrorHandler 0600  
                                 _EUSART_Write 03C6                                 __end_of_memcpy 047A  
                       ?_OSCILLATOR_Initialize 0070                                 __end_of_memset 04FB  
                          start_initialization 003D                                  _LIN_stopTimer 05F4  
                     __end_of_LIN_timerHandler 03C6                           _LIN_Slave_Initialize 057D  
                                ??_EUSART_Read 0070                  __end_of_Clear_No_Call_Warning 060F  
 EUSART_SetRxInterruptHandler@interruptHandler 0070   EUSART_SetTxInterruptHandler@interruptHandler 0070  
                        LIN_startTimer@timeout 0071                              LIN_calcParity@CMD 0071  
               ?_EUSART_SetOverrunErrorHandler 0070                              LIN_calcParity@PID 0072  
                   _EUSART_FramingErrorHandler 0034                                ?_TMR0_ReadTimer 0070  
                       _EUSART_SetErrorHandler 05D6                                    __pdataBANK0 006F  
                                     ??_memcpy 0076                                       ??_memset 0076  
                         processLIN@tempRxData 0061                                     memset@dest 0070  
                                  ?_processLIN 0070                            LIN_init@processData 0074  
                  __end_of_EUSART_Transmit_ISR 0498                                 ?_LIN_stopTimer 0070  
                                  __pbssCOMMON 007D                                      ___latbits 0002  
                                __pcstackBANK0 0061                              ??_LIN_getChecksum 0073  
                        ?_LIN_Slave_Initialize 0070                     __end_of_EUSART_Receive_ISR 0339  
             _EUSART_RxDefaultInterruptHandler 0036                            __end_of_EUSART_Read 045A  
                        _TMR0_InterruptHandler 003A                   __end_of_EUSART_RxDataHandler 0539  
                              ??_LIN_getPacket 007A                         _PIN_MANAGER_Initialize 0498  
                                ??_LIN_handler 006A                               LIN_getChecksum@i 0076  
                              ??_LIN_disableRx 0070                           EUSART_Read@readValue 0070  
                           LIN_getChecksum@pid 0070                           LIN_sendPacket@length 0061  
                                 _eusartRxHead 007D                                   _eusartTxHead 0049  
                                 _eusartRxTail 0046                                   _eusartTxTail 0048  
                 ??_INTERRUPT_InterruptManager 0070                        _eusartTxBufferRemaining 0047  
                              LIN_checkPID@pid 0077                                 _eusartRxBuffer 00A0  
                       _EUSART_get_last_status 060A                              ??_TMR0_Initialize 0072  
                               _eusartTxBuffer 0028         EUSART_SetErrorHandler@interruptHandler 0070  
                                     _LATBbits 010D                                      clear_ram0 05B2  
                                     _PIE1bits 0091                              _eusartRxLastError 0044  
                                 _LIN_checkPID 04B2                     ??_TMR0_SetInterruptHandler 0072  
                                     _PIR1bits 0011                ??_EUSART_SetFramingErrorHandler 0072  
                                ??_TMR0_Reload 0070                                       _LIN_init 04FB  
                            _EUSART_is_tx_done 0607                                   _LIN_enableRx 05E6  
                                     _TMR0_ISR 055F      __end_of_EUSART_DefaultOverrunErrorHandler 0600  
          ??_EUSART_DefaultOverrunErrorHandler 0070             ?_EUSART_DefaultOverrunErrorHandler 0070  
            _EUSART_DefaultOverrunErrorHandler 05FC                               LIN_getPacket@cmd 007A  
                            ??_PIN_MANAGER_IOC 0070                             ?_EUSART_is_tx_done 0070  
                          __end_of_LIN_handler 017A                                ??_LIN_stopTimer 0070  
                          ??_EUSART_is_tx_done 0070                         ??_LIN_Slave_Initialize 0077  
                                  _EUSART_Read 0436                               _LIN_getFromTable 0264  
                    __end_of_EUSART_is_tx_done 060A                                      memcpy@tmp 0076  
                   ?_LIN_signalTimeoutOccurred 0070                        ??_OSCILLATOR_Initialize 0070  
                          _EUSART_ErrorHandler 0030                    ?_EUSART_DefaultErrorHandler 0070  
                                     ___int_sp 0000                            __end_of_TMR0_Reload 05FC  
                         _EUSART_RxDataHandler 0525                                       __ptext10 05B8  
                                     __ptext11 02C2                                       __ptext20 03EC  
                                     __ptext12 05BE                                       __ptext21 04E4  
                                     __ptext13 05C4                                       __ptext30 05EB  
                                     __ptext22 056F                                       __ptext14 05CA  
                                     __ptext31 04B2                                       __ptext23 05E1  
                                     __ptext15 05D0                                       __ptext40 060F  
                                     __ptext32 0264                                       __ptext24 0200  
                                     __ptext16 05D6                                       __ptext41 0610  
                                     __ptext33 017A                                       __ptext25 045A  
                                     __ptext17 0596                                       __ptext50 05FC  
                                     __ptext42 0607                                       __ptext34 054C  
                                     __ptext26 0411                                       __ptext18 0056  
                                     __ptext51 0612                                       __ptext43 060A  
                                     __ptext35 0436                                       __ptext27 0339  
                                     __ptext19 036B                                       __ptext52 0600  
                                     __ptext36 05A1                                       __ptext28 03C6  
                                     __ptext53 0525                                       __ptext45 055F  
                                     __ptext37 060E                                       __ptext29 05E6  
                                     __ptext46 0399                                       __ptext38 05F8  
                                     __ptext47 0611                                       __ptext39 0604  
                                     __ptext48 047A                                       __ptext49 0300  
                            ?_LIN_timerHandler 0070                        TMR0_WriteTimer@timerVal 0070  
                           ??_LIN_timerHandler 0070                              ??_TMR0_WriteTimer 0070  
                       LIN_getFromTable@length 0074                               ??_TMR0_ReadTimer 0070  
         __end_of_TMR0_DefaultInterruptHandler 0612                   _TMR0_DefaultInterruptHandler 0611  
                                  _SIGNAL_Data 00A8                        ?_EUSART_SetErrorHandler 0070  
                          _LIN_rxCommandLength 0052  EUSART_SetOverrunErrorHandler@interruptHandler 0070  
                                  _LIN_handler 0056                                       int$flags 007E  
                              _LIN_getChecksum 0339              __end_of_LIN_signalTimeoutOccurred 05A1  
           __end_of_INTERRUPT_InterruptManager 003B                     _INTERRUPT_InterruptManager 0004  
        __end_of_EUSART_SetFramingErrorHandler 05D6                  _EUSART_SetFramingErrorHandler 05D0  
                                 ??_processLIN 007B                                    _LIN_timeout 006F  
                               _LIN_calcParity 017A                                     _INTCONbits 000B  
                        ?_EUSART_RxDataHandler 0070                                       memcpy@d1 0070  
                                     memcpy@s1 0072                            _LIN_setTimerHandler 05AA  
                                     intlevel1 0000                                  _CountCallBack 0050  
                        _Clear_No_Call_Warning 060E                        ?_PIN_MANAGER_Initialize 0070  
               __end_of_EUSART_SetErrorHandler 05DC                          LIN_getFromTable@param 0070  
                           __end_of_processLIN 0399           __end_of_EUSART_SetRxInterruptHandler 05CA  
                 _EUSART_SetRxInterruptHandler 05C4                  ?_TMR0_DefaultInterruptHandler 0070  
                                  _TMR0_Reload 05F8                                     _LIN_packet 0054  
                           _EUSART_Receive_ISR 0300                           ?_LIN_setTimerHandler 0070  
EUSART_SetFramingErrorHandler@interruptHandler 0070                                 _LIN_breakCheck 054C  
                       __end_of_LIN_calcParity 0200                                  __pstringtext1 05DC  
                           LIN_queuePacket@cmd 0066                                     _OPTION_REG 0095  
                          ?_EUSART_Receive_ISR 0070                                _TMR0_Initialize 0511  
                            ??_LIN_queuePacket 0063                        ?_EUSART_get_last_status 0070  
                           EUSART_Write@txData 0079                 __end_of_PIN_MANAGER_Initialize 04B2  
                          LIN_getFromTable@cmd 0073                                _PIN_MANAGER_IOC 060F  
                             LIN_queuePacket@i 0067                           ??_EUSART_Receive_ISR 0070  
                      __end_of_LIN_getChecksum 036B  
