
default.elf:	file format elf32-pic

Sections:
Idx Name                       Size     VMA      Type
  0                            00000000 00000000 
  1 text20                     00000050 00000639 TEXT
  2 idataBANK0                 00000002 00000661 DATA
  3 text40                     00000004 00000662 TEXT
  4 cstackCOMMON               0000000e 00000070 BSS
  5 stringtext1                0000000a 00000634 DATA
  6 intentry                   0000006e 00000004 TEXT
  7 end_init                   00000004 0000003b DATA
  8 cinit                      00000bee 0000003d TEXT
  9 reset_vec                  00000004 00000000 DATA
 10 bssBANK0                   0000004c 00000020 BSS
 11 bssBANK1                   00000010 000000a0 BSS
 12 dabs$0                     00000002 0000007e BSS
 13 _stray_data_0_             00000008 00008000 DATA
 14 _stray_data_1_             00000004 00008007 DATA
 15 .strtab                    00001438 00000000 
 16 .symtab                    00001360 00000000 
 17 .debug_abbrev              0000015e 00000000 DEBUG
 18 .debug_info                000024a2 00000000 DEBUG
 19 .debug_line                00000a0f 00000000 DEBUG
 20 .debug_ranges              000000ac 00000000 DEBUG
 21 .debug_pubnames            00000892 00000000 DEBUG
 22 .debug_aranges             00000330 00000000 DEBUG
 23 .note.microchip.deviceinfo 00000020 00000000 
 24 .shstrtab                  00000114 00000000 

Disassembly of section text20:

00000639 <__ptext20>:
; __ptext20():
; D:\yiming\00work\FR685_V05.X\mcc_generated_files\LINDrivers/lin_slave.c:306
;     NOP();
     639: 00 00        	nop
; D:\yiming\00work\FR685_V05.X\mcc_generated_files\LINDrivers/lin_slave.c:308
;     CountCallBack = 0;
     63a: 20 00        	movlb	0x0
     63b: cb 01        	clrf	0x4b
; D:\yiming\00work\FR685_V05.X\mcc_generated_files\LINDrivers/lin_slave.c:309
;     LIN_timerRunning = false;
     63c: cc 01        	clrf	0x4c
; D:\yiming\00work\FR685_V05.X\mcc_generated_files\LINDrivers/lin_slave.c:310
; }
     63d: 08 00        	return

0000063e <__ptext22>:
; __end_of_LIN_stopTimer():
; D:\yiming\00work\FR685_V05.X\mcc_generated_files/tmr0.c:96
; void TMR0_WriteTimer(uint8_t timerVal)
     63e: f0 00        	movwf	0x70
; D:\yiming\00work\FR685_V05.X\mcc_generated_files/tmr0.c:99
;     TMR0 = timerVal;
     63f: 70 08        	movf	0x70, w
     640: 20 00        	movlb	0x0
     641: 95 00        	movwf	0x15
; D:\yiming\00work\FR685_V05.X\mcc_generated_files/tmr0.c:100
; }
     642: 08 00        	return

00000643 <__ptext28>:
; __end_of_TMR0_WriteTimer():
; D:\yiming\00work\FR685_V05.X\mcc_generated_files\LINDrivers/lin_slave.c:313
;     RCSTAbits.CREN = 1;
     643: 23 00        	movlb	0x3
     644: 1d 16        	bsf	0x1d, 0x4
; D:\yiming\00work\FR685_V05.X\mcc_generated_files\LINDrivers/lin_slave.c:314
;     PIE1bits.RCIE = 1;
     645: 21 00        	movlb	0x1
     646: 91 16        	bsf	0x11, 0x5
; D:\yiming\00work\FR685_V05.X\mcc_generated_files\LINDrivers/lin_slave.c:315
; }
     647: 08 00        	return

00000648 <__ptext29>:
; __ptext29():
; D:\yiming\00work\FR685_V05.X\mcc_generated_files\LINDrivers/lin_slave.c:318
;     RCSTAbits.CREN = 0;
     648: 23 00        	movlb	0x3
     649: 1d 12        	bcf	0x1d, 0x4
; D:\yiming\00work\FR685_V05.X\mcc_generated_files\LINDrivers/lin_slave.c:319
;     PIE1bits.RCIE = 0;
     64a: 21 00        	movlb	0x1
     64b: 91 12        	bcf	0x11, 0x5
; D:\yiming\00work\FR685_V05.X\mcc_generated_files\LINDrivers/lin_slave.c:320
; }
     64c: 08 00        	return

0000064d <i1_LIN_stopTimer>:
; __end_of_LIN_disableRx():
; D:\yiming\00work\FR685_V05.X\mcc_generated_files\LINDrivers/lin_slave.c:306
;     NOP();
     64d: 00 00        	nop
; D:\yiming\00work\FR685_V05.X\mcc_generated_files\LINDrivers/lin_slave.c:308
;     CountCallBack = 0;
     64e: 20 00        	movlb	0x0
     64f: cb 01        	clrf	0x4b
; D:\yiming\00work\FR685_V05.X\mcc_generated_files\LINDrivers/lin_slave.c:309
;     LIN_timerRunning = false;
     650: cc 01        	clrf	0x4c
; D:\yiming\00work\FR685_V05.X\mcc_generated_files\LINDrivers/lin_slave.c:310
; }
     651: 08 00        	return

00000652 <__ptext2>:
; _WDT_Initialize():
; D:\yiming\00work\FR685_V05.X\mcc_generated_files/mcc.c:78
;     WDTCON = 0x16;
     652: 16 30        	movlw	0x16
     653: 21 00        	movlb	0x1
     654: 97 00        	movwf	0x17
; D:\yiming\00work\FR685_V05.X\mcc_generated_files/mcc.c:79
; }
     655: 08 00        	return

00000656 <__ptext44>:
; __ptext44():
; D:\yiming\00work\FR685_V05.X\mcc_generated_files/eusart.c:255
;     RCSTAbits.CREN = 0;
     656: 23 00        	movlb	0x3
     657: 1d 12        	bcf	0x1d, 0x4
; D:\yiming\00work\FR685_V05.X\mcc_generated_files/eusart.c:256
;     RCSTAbits.CREN = 1;
     658: 1d 16        	bsf	0x1d, 0x4
; D:\yiming\00work\FR685_V05.X\mcc_generated_files/eusart.c:258
; }
     659: 08 00        	return

0000065a <__ptext46>:
; _EUSART_DefaultErrorHandler():
; D:\yiming\00work\FR685_V05.X\mcc_generated_files/eusart.c:261
;     EUSART_RxDataHandler();
     65a: 85 31        	movlp	0x5
     65b: 6f 25        	call	0x56f
     65c: 86 31        	movlp	0x6
; D:\yiming\00work\FR685_V05.X\mcc_generated_files/eusart.c:262
; }
     65d: 08 00        	return

0000065e <__ptext34>:
; __ptext34():
; D:\yiming\00work\FR685_V05.X\mcc_generated_files/eusart.c:148
;     return eusartRxLastError;
     65e: 20 00        	movlb	0x0
     65f: 43 08        	movf	0x43, w
; D:\yiming\00work\FR685_V05.X\mcc_generated_files/eusart.c:149
; }
     660: 08 00        	return

Disassembly of section text40:

00000662 <__ptext40>:
; __ptext40():
; D:\yiming\00work\FR685_V05.X\mcc_generated_files/tmr0.c:132
; }
     662: 08 00        	return

00000663 <__ptext45>:
; __ptext45():
; D:\yiming\00work\FR685_V05.X\mcc_generated_files/eusart.c:250
; void EUSART_DefaultFramingErrorHandler(void){}
     663: 08 00        	return

Disassembly of section intentry:

00000004 <__pintentry>:
; __pintentry():
; D:\yiming\00work\FR685_V05.X\mcc_generated_files/interrupt_manager.c:52
; void __interrupt() INTERRUPT_InterruptManager (void)
       4: 7e 14        	bsf	0x7e, 0x0
       5: 80 31        	movlp	0x0
       6: 00 30        	movlw	0x0
       7: 86 00        	movwf	0x6
       8: 00 30        	movlw	0x0
       9: 87 00        	movwf	0x7
; D:\yiming\00work\FR685_V05.X\mcc_generated_files/interrupt_manager.c:55
;     if(INTCONbits.TMR0IE == 1 && INTCONbits.TMR0IF == 1)
       a: 8b 1e        	btfss	0xb, 0x5
       b: 0d 28        	goto	0xd
       c: 0e 28        	goto	0xe
       d: 16 28        	goto	0x16
       e: 0b 1d        	btfss	0xb, 0x2
       f: 11 28        	goto	0x11
      10: 12 28        	goto	0x12
      11: 16 28        	goto	0x16
; D:\yiming\00work\FR685_V05.X\mcc_generated_files/interrupt_manager.c:57
;         TMR0_ISR();
      12: 85 31        	movlp	0x5
      13: a9 25        	call	0x5a9
      14: 80 31        	movlp	0x0
; D:\yiming\00work\FR685_V05.X\mcc_generated_files/interrupt_manager.c:58
;     }
      15: 39 28        	goto	0x39
; D:\yiming\00work\FR685_V05.X\mcc_generated_files/interrupt_manager.c:59
;     else if(INTCONbits.PEIE == 1)
      16: 0b 1f        	btfss	0xb, 0x6
      17: 19 28        	goto	0x19
      18: 1a 28        	goto	0x1a
      19: 39 28        	goto	0x39
; D:\yiming\00work\FR685_V05.X\mcc_generated_files/interrupt_manager.c:61
;         if(PIE1bits.TXIE == 1 && PIR1bits.TXIF == 1)
      1a: 21 00        	movlb	0x1
      1b: 11 1e        	btfss	0x11, 0x4
      1c: 1e 28        	goto	0x1e
      1d: 1f 28        	goto	0x1f
      1e: 2a 28        	goto	0x2a
      1f: 20 00        	movlb	0x0
; __pbssBANK0():
; D:\yiming\00work\FR685_V05.X\mcc_generated_files/interrupt_manager.c:61
      20: 11 1e        	btfss	0x11, 0x4
      21: 23 28        	goto	0x23
      22: 24 28        	goto	0x24
      23: 2a 28        	goto	0x2a
; D:\yiming\00work\FR685_V05.X\mcc_generated_files/interrupt_manager.c:63
;             EUSART_TxDefaultInterruptHandler();
      24: 3b 08        	movf	0x3b, w
      25: 8a 00        	movwf	0xa
      26: 3a 08        	movf	0x3a, w
      27: 0a 00        	callw
; _eusartTxBuffer():
; D:\yiming\00work\FR685_V05.X\mcc_generated_files/interrupt_manager.c:63
      28: 80 31        	movlp	0x0
; D:\yiming\00work\FR685_V05.X\mcc_generated_files/interrupt_manager.c:64
;         } 
      29: 39 28        	goto	0x39
; D:\yiming\00work\FR685_V05.X\mcc_generated_files/interrupt_manager.c:65
;         else if(PIE1bits.RCIE == 1 && PIR1bits.RCIF == 1)
      2a: 21 00        	movlb	0x1
      2b: 91 1e        	btfss	0x11, 0x5
      2c: 2e 28        	goto	0x2e
      2d: 2f 28        	goto	0x2f
      2e: 39 28        	goto	0x39
      2f: 20 00        	movlb	0x0
; _TMR0_InterruptHandler():
; D:\yiming\00work\FR685_V05.X\mcc_generated_files/interrupt_manager.c:65
      30: 91 1e        	btfss	0x11, 0x5
      31: 33 28        	goto	0x33
; _EUSART_ErrorHandler():
; D:\yiming\00work\FR685_V05.X\mcc_generated_files/interrupt_manager.c:65
      32: 34 28        	goto	0x34
      33: 39 28        	goto	0x39
; _EUSART_OverrunErrorHandler():
; D:\yiming\00work\FR685_V05.X\mcc_generated_files/interrupt_manager.c:67
;             EUSART_RxDefaultInterruptHandler();
      34: 39 08        	movf	0x39, w
      35: 8a 00        	movwf	0xa
; _EUSART_FramingErrorHandler():
; D:\yiming\00work\FR685_V05.X\mcc_generated_files/interrupt_manager.c:67
      36: 38 08        	movf	0x38, w
      37: 0a 00        	callw
; _EUSART_RxDefaultInterruptHandler():
; D:\yiming\00work\FR685_V05.X\mcc_generated_files/interrupt_manager.c:67
      38: 80 31        	movlp	0x0
; D:\yiming\00work\FR685_V05.X\mcc_generated_files/interrupt_manager.c:78
; }
      39: 7e 10        	bcf	0x7e, 0x0
; _EUSART_TxDefaultInterruptHandler():
      3a: 09 00        	retfie

Disassembly of section cinit:

0000003d <start_initialization>:
; __initialization():
      3d: 86 31        	movlp	0x6
; _LIN_processData():
      3e: 61 26        	call	0x661
      3f: 80 31        	movlp	0x0
; _cnt():
      40: eb 00        	movwf	0x6b
      41: fd 01        	clrf	0x7d
; _timer0ReloadVal():
      42: 20 30        	movlw	0x20
; _eusartRxLastError():
      43: 84 00        	movwf	0x4
; _eusartRxCount():
      44: 00 30        	movlw	0x0
; _eusartRxTail():
      45: 85 00        	movwf	0x5
; _eusartTxBufferRemaining():
      46: 3c 30        	movlw	0x3c
; _eusartTxTail():
      47: 86 31        	movlp	0x6
; _eusartTxHead():
      48: 0a 26        	call	0x60a
; LIN_handler@rxDataIndex():
      49: 80 31        	movlp	0x0
; LIN_handler@LIN_rxState():
      4a: a0 30        	movlw	0xa0
; _CountCallBack():
      4b: 84 00        	movwf	0x4
; _LIN_timerRunning():
      4c: 00 30        	movlw	0x0
; _LIN_rxCommandLength():
      4d: 85 00        	movwf	0x5
; _LIN_rxInProgress():
      4e: 10 30        	movlw	0x10
; _LIN_packet():
      4f: 86 31        	movlp	0x6
      50: 0a 26        	call	0x60a
      51: 80 31        	movlp	0x0

00000052 <end_of_initialization>:
; __end_of__initialization():
      52: 7e 10        	bcf	0x7e, 0x0
      53: 20 00        	movlb	0x0
      54: 85 31        	movlp	0x5
      55: ee 2d        	goto	0x5ee

00000056 <__ptext16>:
; __ptext16():
; D:\yiming\00work\FR685_V05.X\mcc_generated_files\LINDrivers/lin_slave.c:95
;     if(LIN_rxInProgress == true){
      56: 20 00        	movlb	0x0
      57: 4e 03        	decf	0x4e, w
      58: 03 1d        	btfss	0x3, 0x2
      59: 5b 28        	goto	0x5b
      5a: 5c 28        	goto	0x5c
      5b: 5d 29        	goto	0x15d
; LIN_sendPacket@length():
; D:\yiming\00work\FR685_V05.X\mcc_generated_files\LINDrivers/lin_slave.c:96
;         if(LIN_timerRunning == false){
      5c: 4c 08        	movf	0x4c, w
; LIN_sendPacket@i():
; D:\yiming\00work\FR685_V05.X\mcc_generated_files\LINDrivers/lin_slave.c:96
      5d: 03 1d        	btfss	0x3, 0x2
      5e: 60 28        	goto	0x60
; LIN_queuePacket@cmd():
; D:\yiming\00work\FR685_V05.X\mcc_generated_files\LINDrivers/lin_slave.c:96
      5f: 61 28        	goto	0x61
; LIN_queuePacket@i():
; D:\yiming\00work\FR685_V05.X\mcc_generated_files\LINDrivers/lin_slave.c:96
      60: 5d 29        	goto	0x15d
; LIN_queuePacket@tempSchedule():
; D:\yiming\00work\FR685_V05.X\mcc_generated_files\LINDrivers/lin_slave.c:98
;             LIN_rxState = LIN_RX_ERROR;
      61: 08 30        	movlw	0x8
      62: ca 00        	movwf	0x4a
      63: 5d 29        	goto	0x15d
; processLIN@cmd():
; D:\yiming\00work\FR685_V05.X\mcc_generated_files\LINDrivers/lin_slave.c:104
;             if(EUSART_is_rx_ready() > 0){
      64: 85 31        	movlp	0x5
; processLIN@mode():
; D:\yiming\00work\FR685_V05.X\mcc_generated_files\LINDrivers/lin_slave.c:104
      65: f9 25        	call	0x5f9
      66: 80 31        	movlp	0x0
      67: 00 3a        	xorlw	0x0
      68: 03 19        	btfsc	0x3, 0x2
      69: 6b 28        	goto	0x6b
      6a: 6c 28        	goto	0x6c
; __pdataBANK0():
; D:\yiming\00work\FR685_V05.X\mcc_generated_files\LINDrivers/lin_slave.c:104
      6b: 85 29        	goto	0x185
; D:\yiming\00work\FR685_V05.X\mcc_generated_files\LINDrivers/lin_slave.c:106
;                 LIN_startTimer(READ_TIMEOUT); 
      6c: 0f 30        	movlw	0xf
      6d: 85 31        	movlp	0x5
      6e: b9 25        	call	0x5b9
      6f: 80 31        	movlp	0x0
; LIN_getChecksum@pid():
; D:\yiming\00work\FR685_V05.X\mcc_generated_files\LINDrivers/lin_slave.c:107
;                 LIN_rxInProgress = true;
      70: 01 30        	movlw	0x1
; LIN_getChecksum@data():
; D:\yiming\00work\FR685_V05.X\mcc_generated_files\LINDrivers/lin_slave.c:107
      71: 20 00        	movlb	0x0
; LIN_calcParity@PID():
; D:\yiming\00work\FR685_V05.X\mcc_generated_files\LINDrivers/lin_slave.c:107
      72: ce 00        	movwf	0x4e
; LIN_getFromTable@cmd():
; D:\yiming\00work\FR685_V05.X\mcc_generated_files\LINDrivers/lin_slave.c:108
;                 LIN_rxState = LIN_RX_BREAK;
      73: 01 30        	movlw	0x1
; LIN_init@processData():
; D:\yiming\00work\FR685_V05.X\mcc_generated_files\LINDrivers/lin_slave.c:108
      74: ca 00        	movwf	0x4a
; LIN_getChecksum@length():
; D:\yiming\00work\FR685_V05.X\mcc_generated_files\LINDrivers/lin_slave.c:108
      75: 85 29        	goto	0x185
; LIN_init@tableLength():
; D:\yiming\00work\FR685_V05.X\mcc_generated_files\LINDrivers/lin_slave.c:112
;             if(EUSART_is_rx_ready() > 0){
      76: 85 31        	movlp	0x5
; LIN_getChecksum@checksum():
; D:\yiming\00work\FR685_V05.X\mcc_generated_files\LINDrivers/lin_slave.c:112
      77: f9 25        	call	0x5f9
; memcpy@s():
; D:\yiming\00work\FR685_V05.X\mcc_generated_files\LINDrivers/lin_slave.c:112
      78: 80 31        	movlp	0x0
; EUSART_Write@txData():
; D:\yiming\00work\FR685_V05.X\mcc_generated_files\LINDrivers/lin_slave.c:112
      79: 00 3a        	xorlw	0x0
; LIN_getPacket@cmd():
; D:\yiming\00work\FR685_V05.X\mcc_generated_files\LINDrivers/lin_slave.c:112
      7a: 03 19        	btfsc	0x3, 0x2
; LIN_sendPacket@data():
; D:\yiming\00work\FR685_V05.X\mcc_generated_files\LINDrivers/lin_slave.c:112
      7b: 7d 28        	goto	0x7d
      7c: 7e 28        	goto	0x7e
; _eusartRxHead():
; D:\yiming\00work\FR685_V05.X\mcc_generated_files\LINDrivers/lin_slave.c:112
      7d: 85 29        	goto	0x185
; D:\yiming\00work\FR685_V05.X\mcc_generated_files\LINDrivers/lin_slave.c:113
;                 if(LIN_breakCheck() == true){  //Read Break
      7e: 85 31        	movlp	0x5
      7f: 96 25        	call	0x596
      80: 80 31        	movlp	0x0
      81: 01 3a        	xorlw	0x1
      82: 03 1d        	btfss	0x3, 0x2
      83: 85 28        	goto	0x85
      84: 86 28        	goto	0x86
      85: 8a 28        	goto	0x8a
; D:\yiming\00work\FR685_V05.X\mcc_generated_files\LINDrivers/lin_slave.c:114
;                     LIN_rxState = LIN_RX_SYNC;
      86: 02 30        	movlw	0x2
      87: 20 00        	movlb	0x0
      88: ca 00        	movwf	0x4a
; D:\yiming\00work\FR685_V05.X\mcc_generated_files\LINDrivers/lin_slave.c:115
;                 } else {
      89: 85 29        	goto	0x185
; D:\yiming\00work\FR685_V05.X\mcc_generated_files\LINDrivers/lin_slave.c:116
;                     LIN_rxState = LIN_RX_ERROR;
      8a: 08 30        	movlw	0x8
      8b: 20 00        	movlb	0x0
      8c: ca 00        	movwf	0x4a
      8d: 85 29        	goto	0x185
; D:\yiming\00work\FR685_V05.X\mcc_generated_files\LINDrivers/lin_slave.c:121
;             if(EUSART_is_rx_ready() > 0){
      8e: 85 31        	movlp	0x5
      8f: f9 25        	call	0x5f9
      90: 80 31        	movlp	0x0
      91: 00 3a        	xorlw	0x0
      92: 03 19        	btfsc	0x3, 0x2
      93: 95 28        	goto	0x95
      94: 96 28        	goto	0x96
      95: 85 29        	goto	0x185
; D:\yiming\00work\FR685_V05.X\mcc_generated_files\LINDrivers/lin_slave.c:122
;                 if(EUSART_Read() == 0x55){  //Read sync - discard
      96: 84 31        	movlp	0x4
      97: 76 24        	call	0x476
      98: 80 31        	movlp	0x0
      99: 55 3a        	xorlw	0x55
      9a: 03 1d        	btfss	0x3, 0x2
      9b: 9d 28        	goto	0x9d
      9c: 9e 28        	goto	0x9e
      9d: 8a 28        	goto	0x8a
; D:\yiming\00work\FR685_V05.X\mcc_generated_files\LINDrivers/lin_slave.c:123
;                     LIN_rxState = LIN_RX_PID;
      9e: 03 30        	movlw	0x3
      9f: 20 00        	movlb	0x0
; __pbssBANK1():
; D:\yiming\00work\FR685_V05.X\mcc_generated_files\LINDrivers/lin_slave.c:123
      a0: ca 00        	movwf	0x4a
; D:\yiming\00work\FR685_V05.X\mcc_generated_files\LINDrivers/lin_slave.c:124
;                 } else {
      a1: 85 29        	goto	0x185
; D:\yiming\00work\FR685_V05.X\mcc_generated_files\LINDrivers/lin_slave.c:130
;             if(EUSART_is_rx_ready() > 0){
      a2: 85 31        	movlp	0x5
      a3: f9 25        	call	0x5f9
      a4: 80 31        	movlp	0x0
      a5: 00 3a        	xorlw	0x0
      a6: 03 19        	btfsc	0x3, 0x2
      a7: a9 28        	goto	0xa9
; _SIGNAL_Data():
; D:\yiming\00work\FR685_V05.X\mcc_generated_files\LINDrivers/lin_slave.c:130
      a8: aa 28        	goto	0xaa
      a9: 85 29        	goto	0x185
; D:\yiming\00work\FR685_V05.X\mcc_generated_files\LINDrivers/lin_slave.c:131
;                 LIN_packet.PID = EUSART_Read();
      aa: 84 31        	movlp	0x4
      ab: 76 24        	call	0x476
      ac: 80 31        	movlp	0x0
      ad: 20 00        	movlb	0x0
      ae: cf 00        	movwf	0x4f
; D:\yiming\00work\FR685_V05.X\mcc_generated_files\LINDrivers/lin_slave.c:134
;                 if(LIN_checkPID(LIN_packet.PID) == false){
      af: 4f 08        	movf	0x4f, w
      b0: 85 31        	movlp	0x5
      b1: 14 25        	call	0x514
      b2: 80 31        	movlp	0x0
      b3: 00 3a        	xorlw	0x0
      b4: 03 1d        	btfss	0x3, 0x2
      b5: b7 28        	goto	0xb7
      b6: b8 28        	goto	0xb8
      b7: b9 28        	goto	0xb9
      b8: 8a 28        	goto	0x8a
; D:\yiming\00work\FR685_V05.X\mcc_generated_files\LINDrivers/lin_slave.c:138
;                 LIN_packet.type = LIN_getFromTable(LIN_packet.PID, TYPE);
      b9: f0 01        	clrf	0x70
      ba: f0 0a        	incf	0x70, f
      bb: 20 00        	movlb	0x0
      bc: 4f 08        	movf	0x4f, w
      bd: 83 31        	movlp	0x3
      be: 24 23        	call	0x324
      bf: 80 31        	movlp	0x0
      c0: 20 00        	movlb	0x0
      c1: d9 00        	movwf	0x59
; D:\yiming\00work\FR685_V05.X\mcc_generated_files\LINDrivers/lin_slave.c:139
;                 if(LIN_packet.type == RECEIVE){
      c2: 59 03        	decf	0x59, w
      c3: 03 1d        	btfss	0x3, 0x2
      c4: c6 28        	goto	0xc6
      c5: c7 28        	goto	0xc7
      c6: d2 28        	goto	0xd2
; D:\yiming\00work\FR685_V05.X\mcc_generated_files\LINDrivers/lin_slave.c:140
;                     LIN_packet.length = LIN_getFromTable(LIN_packet.PID, LENGTH);
      c7: 02 30        	movlw	0x2
      c8: f0 00        	movwf	0x70
      c9: 4f 08        	movf	0x4f, w
      ca: 83 31        	movlp	0x3
      cb: 24 23        	call	0x324
      cc: 80 31        	movlp	0x0
      cd: 20 00        	movlb	0x0
      ce: da 00        	movwf	0x5a
; D:\yiming\00work\FR685_V05.X\mcc_generated_files\LINDrivers/lin_slave.c:141
;                     LIN_rxState = LIN_RX_DATA;
      cf: 04 30        	movlw	0x4
      d0: ca 00        	movwf	0x4a
; D:\yiming\00work\FR685_V05.X\mcc_generated_files\LINDrivers/lin_slave.c:142
;                 }
      d1: 85 29        	goto	0x185
; D:\yiming\00work\FR685_V05.X\mcc_generated_files\LINDrivers/lin_slave.c:144
;                     LIN_disableRx();
      d2: 86 31        	movlp	0x6
      d3: 48 26        	call	0x648
      d4: 80 31        	movlp	0x0
; D:\yiming\00work\FR685_V05.X\mcc_generated_files\LINDrivers/lin_slave.c:145
;                     LIN_rxState = LIN_RX_TX_DATA;
      d5: 06 30        	movlw	0x6
      d6: 20 00        	movlb	0x0
      d7: ca 00        	movwf	0x4a
      d8: 85 29        	goto	0x185
; D:\yiming\00work\FR685_V05.X\mcc_generated_files\LINDrivers/lin_slave.c:150
;             if(EUSART_is_rx_ready() > 0){
      d9: 85 31        	movlp	0x5
      da: f9 25        	call	0x5f9
      db: 80 31        	movlp	0x0
      dc: 00 3a        	xorlw	0x0
      dd: 03 19        	btfsc	0x3, 0x2
      de: e0 28        	goto	0xe0
      df: e1 28        	goto	0xe1
      e0: 85 29        	goto	0x185
; D:\yiming\00work\FR685_V05.X\mcc_generated_files\LINDrivers/lin_slave.c:151
;                 LIN_packet.data[rxDataIndex] = EUSART_Read();
      e1: 84 31        	movlp	0x4
      e2: 76 24        	call	0x476
      e3: 80 31        	movlp	0x0
      e4: 20 00        	movlb	0x0
      e5: e6 00        	movwf	0x66
      e6: 50 30        	movlw	0x50
      e7: e7 00        	movwf	0x67
      e8: 00 30        	movlw	0x0
      e9: e8 00        	movwf	0x68
      ea: 49 08        	movf	0x49, w
      eb: 67 07        	addwf	0x67, w
      ec: e9 00        	movwf	0x69
      ed: 00 30        	movlw	0x0
      ee: 68 3d        	addwfc	0x68, w
      ef: ea 00        	movwf	0x6a
      f0: 69 08        	movf	0x69, w
      f1: 86 00        	movwf	0x6
      f2: 6a 08        	movf	0x6a, w
      f3: 87 00        	movwf	0x7
      f4: 66 08        	movf	0x66, w
      f5: 81 00        	movwf	0x1
; D:\yiming\00work\FR685_V05.X\mcc_generated_files\LINDrivers/lin_slave.c:152
;                 if(++rxDataIndex >= LIN_packet.length){
      f6: 5a 08        	movf	0x5a, w
      f7: e6 00        	movwf	0x66
      f8: e7 01        	clrf	0x67
      f9: e6 1b        	btfsc	0x66, 0x7
      fa: e7 03        	decf	0x67, f
      fb: 01 30        	movlw	0x1
      fc: c9 07        	addwf	0x49, f
      fd: 67 08        	movf	0x67, w
      fe: 80 3a        	xorlw	0x80
      ff: 80 3c        	sublw	0x80
     100: 03 1d        	btfss	0x3, 0x2
     101: 04 29        	goto	0x104
     102: 66 08        	movf	0x66, w
     103: 49 02        	subwf	0x49, w
     104: 03 1c        	btfss	0x3, 0x0
     105: 07 29        	goto	0x107
     106: 08 29        	goto	0x108
     107: 85 29        	goto	0x185
; D:\yiming\00work\FR685_V05.X\mcc_generated_files\LINDrivers/lin_slave.c:154
;                     rxDataIndex = 0;
     108: 20 00        	movlb	0x0
     109: c9 01        	clrf	0x49
; D:\yiming\00work\FR685_V05.X\mcc_generated_files\LINDrivers/lin_slave.c:155
;                     LIN_rxState = LIN_RX_CHECKSUM;
     10a: 05 30        	movlw	0x5
     10b: ca 00        	movwf	0x4a
     10c: 85 29        	goto	0x185
; D:\yiming\00work\FR685_V05.X\mcc_generated_files\LINDrivers/lin_slave.c:160
;             if(EUSART_is_rx_ready() > 0){
     10d: 85 31        	movlp	0x5
     10e: f9 25        	call	0x5f9
     10f: 80 31        	movlp	0x0
     110: 00 3a        	xorlw	0x0
     111: 03 19        	btfsc	0x3, 0x2
     112: 14 29        	goto	0x114
     113: 15 29        	goto	0x115
     114: 85 29        	goto	0x185
; D:\yiming\00work\FR685_V05.X\mcc_generated_files\LINDrivers/lin_slave.c:161
;                 LIN_packet.checksum = EUSART_Read();
     115: 84 31        	movlp	0x4
     116: 76 24        	call	0x476
     117: 80 31        	movlp	0x0
     118: 20 00        	movlb	0x0
     119: d8 00        	movwf	0x58
; D:\yiming\00work\FR685_V05.X\mcc_generated_files\LINDrivers/lin_slave.c:162
;                 if(LIN_packet.checksum != LIN_getChecksum(LIN_packet.length, LIN_packet.PID, LIN_packet.data)) {
     11a: 4f 08        	movf	0x4f, w
     11b: f0 00        	movwf	0x70
     11c: 50 30        	movlw	0x50
     11d: f1 00        	movwf	0x71
     11e: 00 30        	movlw	0x0
     11f: f2 00        	movwf	0x72
     120: 5a 08        	movf	0x5a, w
     121: 83 31        	movlp	0x3
     122: f9 23        	call	0x3f9
     123: 80 31        	movlp	0x0
     124: 20 00        	movlb	0x0
     125: 58 06        	xorwf	0x58, w
     126: 03 19        	btfsc	0x3, 0x2
     127: 29 29        	goto	0x129
     128: 2a 29        	goto	0x12a
     129: 2b 29        	goto	0x12b
     12a: 8a 28        	goto	0x8a
; D:\yiming\00work\FR685_V05.X\mcc_generated_files\LINDrivers/lin_slave.c:166
;                     LIN_rxState = LIN_RX_RDY;
     12b: 07 30        	movlw	0x7
     12c: ca 00        	movwf	0x4a
     12d: 85 29        	goto	0x185
; D:\yiming\00work\FR685_V05.X\mcc_generated_files\LINDrivers/lin_slave.c:171
;             LIN_queuePacket(LIN_packet.PID); //Send response automatically
     12e: 4f 08        	movf	0x4f, w
     12f: 82 31        	movlp	0x2
     130: c2 22        	call	0x2c2
     131: 80 31        	movlp	0x0
; D:\yiming\00work\FR685_V05.X\mcc_generated_files\LINDrivers/lin_slave.c:172
;             LIN_rxState = LIN_RX_RDY;
     132: 07 30        	movlw	0x7
     133: 20 00        	movlb	0x0
     134: ca 00        	movwf	0x4a
; D:\yiming\00work\FR685_V05.X\mcc_generated_files\LINDrivers/lin_slave.c:174
;             LIN_processData();
     135: 3f 08        	movf	0x3f, w
     136: 8a 00        	movwf	0xa
     137: 3e 08        	movf	0x3e, w
     138: 0a 00        	callw
     139: 81 31        	movlp	0x1
; D:\yiming\00work\FR685_V05.X\mcc_generated_files\LINDrivers/lin_slave.c:176
;             LIN_stopTimer();
     13a: 86 31        	movlp	0x6
     13b: 39 26        	call	0x639
     13c: 80 31        	movlp	0x0
; D:\yiming\00work\FR685_V05.X\mcc_generated_files\LINDrivers/lin_slave.c:177
;             rxDataIndex = 0;
     13d: 20 00        	movlb	0x0
     13e: c9 01        	clrf	0x49
; D:\yiming\00work\FR685_V05.X\mcc_generated_files\LINDrivers/lin_slave.c:178
;             LIN_rxInProgress = false;
     13f: ce 01        	clrf	0x4e
; D:\yiming\00work\FR685_V05.X\mcc_generated_files\LINDrivers/lin_slave.c:179
;             memset(LIN_packet.rawPacket, 0, sizeof(LIN_packet.rawPacket));  //clear receive data
     140: 4f 30        	movlw	0x4f
     141: f0 00        	movwf	0x70
     142: 00 30        	movlw	0x0
     143: f1 00        	movwf	0x71
     144: 00 30        	movlw	0x0
     145: f2 00        	movwf	0x72
     146: f3 00        	movwf	0x73
     147: 0d 30        	movlw	0xd
     148: f4 00        	movwf	0x74
     149: 00 30        	movlw	0x0
     14a: f5 00        	movwf	0x75
     14b: 85 31        	movlp	0x5
     14c: 2e 25        	call	0x52e
     14d: 80 31        	movlp	0x0
; D:\yiming\00work\FR685_V05.X\mcc_generated_files\LINDrivers/lin_slave.c:181
;             if(TXSTAbits.TRMT){
     14e: 23 00        	movlb	0x3
     14f: 9e 1c        	btfss	0x1e, 0x1
     150: 52 29        	goto	0x152
     151: 53 29        	goto	0x153
     152: 59 29        	goto	0x159
; D:\yiming\00work\FR685_V05.X\mcc_generated_files\LINDrivers/lin_slave.c:182
;                 LIN_enableRx();
     153: 86 31        	movlp	0x6
     154: 43 26        	call	0x643
     155: 80 31        	movlp	0x0
; D:\yiming\00work\FR685_V05.X\mcc_generated_files\LINDrivers/lin_slave.c:183
;                 LIN_rxState = LIN_RX_IDLE;
     156: 20 00        	movlb	0x0
     157: ca 01        	clrf	0x4a
; D:\yiming\00work\FR685_V05.X\mcc_generated_files\LINDrivers/lin_slave.c:184
;             } else {
     158: 85 29        	goto	0x185
; D:\yiming\00work\FR685_V05.X\mcc_generated_files\LINDrivers/lin_slave.c:185
;                 LIN_rxState = LIN_RX_WAIT;
     159: 09 30        	movlw	0x9
     15a: 20 00        	movlb	0x0
     15b: ca 00        	movwf	0x4a
     15c: 85 29        	goto	0x185
; D:\yiming\00work\FR685_V05.X\mcc_generated_files\LINDrivers/lin_slave.c:188
;     }
     15d: 4a 08        	movf	0x4a, w
     15e: e6 00        	movwf	0x66
     15f: e7 01        	clrf	0x67
     160: 67 08        	movf	0x67, w
     161: 00 3a        	xorlw	0x0
     162: 03 19        	btfsc	0x3, 0x2
     163: 65 29        	goto	0x165
     164: 85 29        	goto	0x185
     165: 66 08        	movf	0x66, w
     166: 00 3a        	xorlw	0x0
     167: 03 19        	btfsc	0x3, 0x2
     168: 64 28        	goto	0x64
     169: 01 3a        	xorlw	0x1
     16a: 03 19        	btfsc	0x3, 0x2
     16b: 76 28        	goto	0x76
     16c: 03 3a        	xorlw	0x3
     16d: 03 19        	btfsc	0x3, 0x2
     16e: 8e 28        	goto	0x8e
     16f: 01 3a        	xorlw	0x1
     170: 03 19        	btfsc	0x3, 0x2
     171: a2 28        	goto	0xa2
     172: 07 3a        	xorlw	0x7
     173: 03 19        	btfsc	0x3, 0x2
     174: d9 28        	goto	0xd9
     175: 01 3a        	xorlw	0x1
     176: 03 19        	btfsc	0x3, 0x2
     177: 0d 29        	goto	0x10d
     178: 03 3a        	xorlw	0x3
     179: 03 19        	btfsc	0x3, 0x2
     17a: 2e 29        	goto	0x12e
     17b: 01 3a        	xorlw	0x1
     17c: 03 19        	btfsc	0x3, 0x2
     17d: 35 29        	goto	0x135
     17e: 0f 3a        	xorlw	0xf
     17f: 03 19        	btfsc	0x3, 0x2
     180: 3a 29        	goto	0x13a
     181: 01 3a        	xorlw	0x1
     182: 03 19        	btfsc	0x3, 0x2
     183: 4e 29        	goto	0x14e
     184: 85 29        	goto	0x185
; D:\yiming\00work\FR685_V05.X\mcc_generated_files\LINDrivers/lin_slave.c:190
; }
     185: 08 00        	return

00000186 <_processLIN>:
; __ptext17():
; D:\yiming\00work\FR685_V05.X\mcc_generated_files\LINDrivers/lin_app.c:89
;   cmd = LIN_getPacket(tempRxData);
     186: 5c 30        	movlw	0x5c
     187: f9 00        	movwf	0x79
     188: 84 31        	movlp	0x4
     189: 9a 24        	call	0x49a
     18a: 81 31        	movlp	0x1
     18b: 20 00        	movlb	0x0
     18c: e4 00        	movwf	0x64
; D:\yiming\00work\FR685_V05.X\mcc_generated_files\LINDrivers/lin_app.c:91
;   switch (cmd) {
     18d: 36 2a        	goto	0x236
; D:\yiming\00work\FR685_V05.X\mcc_generated_files\LINDrivers/lin_app.c:94
;     if (++cnt > 20) {
     18e: 01 30        	movlw	0x1
     18f: c0 07        	addwf	0x40, f
     190: 00 30        	movlw	0x0
     191: c1 3d        	addwfc	0x41, f
     192: 00 30        	movlw	0x0
     193: 41 02        	subwf	0x41, w
     194: 15 30        	movlw	0x15
     195: 03 19        	btfsc	0x3, 0x2
     196: 40 02        	subwf	0x40, w
     197: 03 1c        	btfss	0x3, 0x0
     198: 9a 29        	goto	0x19a
     199: 9b 29        	goto	0x19b
     19a: 9d 29        	goto	0x19d
; D:\yiming\00work\FR685_V05.X\mcc_generated_files\LINDrivers/lin_app.c:95
;       cnt = 0;
     19b: c0 01        	clrf	0x40
     19c: c1 01        	clrf	0x41
; D:\yiming\00work\FR685_V05.X\mcc_generated_files\LINDrivers/lin_app.c:105
;     mode = (ControlCode)tempRxData[2];
     19d: 5e 08        	movf	0x5e, w
     19e: e5 00        	movwf	0x65
; D:\yiming\00work\FR685_V05.X\mcc_generated_files\LINDrivers/lin_app.c:106
;     switch (mode) {
     19f: e1 29        	goto	0x1e1
; D:\yiming\00work\FR685_V05.X\mcc_generated_files\LINDrivers/lin_app.c:108
;       POS_LAT = OFF;
     1a0: 22 00        	movlb	0x2
     1a1: 8d 12        	bcf	0xd, 0x5
; D:\yiming\00work\FR685_V05.X\mcc_generated_files\LINDrivers/lin_app.c:109
;       DRL_LAT = ON;
     1a2: 0d 16        	bsf	0xd, 0x4
; D:\yiming\00work\FR685_V05.X\mcc_generated_files\LINDrivers/lin_app.c:110
;       LOBEAM_LAT = OFF;
     1a3: 8d 11        	bcf	0xd, 0x3
; D:\yiming\00work\FR685_V05.X\mcc_generated_files\LINDrivers/lin_app.c:111
;       break;
     1a4: 12 2a        	goto	0x212
; D:\yiming\00work\FR685_V05.X\mcc_generated_files\LINDrivers/lin_app.c:113
;       POS_LAT = OFF;
     1a5: 22 00        	movlb	0x2
     1a6: 8d 12        	bcf	0xd, 0x5
; D:\yiming\00work\FR685_V05.X\mcc_generated_files\LINDrivers/lin_app.c:114
;       DRL_LAT = OFF;
     1a7: 0d 12        	bcf	0xd, 0x4
; D:\yiming\00work\FR685_V05.X\mcc_generated_files\LINDrivers/lin_app.c:115
;       LOBEAM_LAT = OFF;
     1a8: 8d 11        	bcf	0xd, 0x3
; D:\yiming\00work\FR685_V05.X\mcc_generated_files\LINDrivers/lin_app.c:116
;       break;
     1a9: 12 2a        	goto	0x212
; D:\yiming\00work\FR685_V05.X\mcc_generated_files\LINDrivers/lin_app.c:118
;       POS_LAT = OFF;
     1aa: 22 00        	movlb	0x2
     1ab: 8d 12        	bcf	0xd, 0x5
; D:\yiming\00work\FR685_V05.X\mcc_generated_files\LINDrivers/lin_app.c:119
;       DRL_LAT = ON;
     1ac: 0d 16        	bsf	0xd, 0x4
; D:\yiming\00work\FR685_V05.X\mcc_generated_files\LINDrivers/lin_app.c:120
;       LOBEAM_LAT = OFF;
     1ad: 8d 11        	bcf	0xd, 0x3
; D:\yiming\00work\FR685_V05.X\mcc_generated_files\LINDrivers/lin_app.c:121
;       break;
     1ae: 12 2a        	goto	0x212
; D:\yiming\00work\FR685_V05.X\mcc_generated_files\LINDrivers/lin_app.c:123
;       POS_LAT = OFF;
     1af: 22 00        	movlb	0x2
     1b0: 8d 12        	bcf	0xd, 0x5
; D:\yiming\00work\FR685_V05.X\mcc_generated_files\LINDrivers/lin_app.c:124
;       DRL_LAT = OFF;
     1b1: 0d 12        	bcf	0xd, 0x4
; D:\yiming\00work\FR685_V05.X\mcc_generated_files\LINDrivers/lin_app.c:125
;       LOBEAM_LAT = OFF;
     1b2: 8d 11        	bcf	0xd, 0x3
; D:\yiming\00work\FR685_V05.X\mcc_generated_files\LINDrivers/lin_app.c:126
;       break;
     1b3: 12 2a        	goto	0x212
; D:\yiming\00work\FR685_V05.X\mcc_generated_files\LINDrivers/lin_app.c:128
;       POS_LAT = OFF;
     1b4: 22 00        	movlb	0x2
     1b5: 8d 12        	bcf	0xd, 0x5
; D:\yiming\00work\FR685_V05.X\mcc_generated_files\LINDrivers/lin_app.c:129
;       DRL_LAT = ON;
     1b6: 0d 16        	bsf	0xd, 0x4
; D:\yiming\00work\FR685_V05.X\mcc_generated_files\LINDrivers/lin_app.c:130
;       LOBEAM_LAT = OFF;
     1b7: 8d 11        	bcf	0xd, 0x3
; D:\yiming\00work\FR685_V05.X\mcc_generated_files\LINDrivers/lin_app.c:131
;       break;
     1b8: 12 2a        	goto	0x212
; D:\yiming\00work\FR685_V05.X\mcc_generated_files\LINDrivers/lin_app.c:133
;       POS_LAT = ON;
     1b9: 22 00        	movlb	0x2
     1ba: 8d 16        	bsf	0xd, 0x5
; D:\yiming\00work\FR685_V05.X\mcc_generated_files\LINDrivers/lin_app.c:134
;       DRL_LAT = OFF;
     1bb: 0d 12        	bcf	0xd, 0x4
; D:\yiming\00work\FR685_V05.X\mcc_generated_files\LINDrivers/lin_app.c:135
;       LOBEAM_LAT = OFF;
     1bc: 8d 11        	bcf	0xd, 0x3
; D:\yiming\00work\FR685_V05.X\mcc_generated_files\LINDrivers/lin_app.c:136
;       break;
     1bd: 12 2a        	goto	0x212
; D:\yiming\00work\FR685_V05.X\mcc_generated_files\LINDrivers/lin_app.c:138
;       POS_LAT = OFF;
     1be: 22 00        	movlb	0x2
     1bf: 8d 12        	bcf	0xd, 0x5
; D:\yiming\00work\FR685_V05.X\mcc_generated_files\LINDrivers/lin_app.c:139
;       DRL_LAT = ON;
     1c0: 0d 16        	bsf	0xd, 0x4
; D:\yiming\00work\FR685_V05.X\mcc_generated_files\LINDrivers/lin_app.c:140
;       LOBEAM_LAT = OFF;
     1c1: 8d 11        	bcf	0xd, 0x3
; D:\yiming\00work\FR685_V05.X\mcc_generated_files\LINDrivers/lin_app.c:141
;       break;
     1c2: 12 2a        	goto	0x212
; D:\yiming\00work\FR685_V05.X\mcc_generated_files\LINDrivers/lin_app.c:143
;       POS_LAT = ON;
     1c3: 22 00        	movlb	0x2
     1c4: 8d 16        	bsf	0xd, 0x5
; D:\yiming\00work\FR685_V05.X\mcc_generated_files\LINDrivers/lin_app.c:144
;       DRL_LAT = OFF;
     1c5: 0d 12        	bcf	0xd, 0x4
; D:\yiming\00work\FR685_V05.X\mcc_generated_files\LINDrivers/lin_app.c:145
;       LOBEAM_LAT = OFF;
     1c6: 8d 11        	bcf	0xd, 0x3
; D:\yiming\00work\FR685_V05.X\mcc_generated_files\LINDrivers/lin_app.c:146
;       break;
     1c7: 12 2a        	goto	0x212
; D:\yiming\00work\FR685_V05.X\mcc_generated_files\LINDrivers/lin_app.c:149
;       POS_LAT = ON;
     1c8: 22 00        	movlb	0x2
     1c9: 8d 16        	bsf	0xd, 0x5
; D:\yiming\00work\FR685_V05.X\mcc_generated_files\LINDrivers/lin_app.c:150
;       DRL_LAT = OFF;
     1ca: 0d 12        	bcf	0xd, 0x4
; D:\yiming\00work\FR685_V05.X\mcc_generated_files\LINDrivers/lin_app.c:151
;       LOBEAM_LAT = ON;
     1cb: 8d 15        	bsf	0xd, 0x3
; D:\yiming\00work\FR685_V05.X\mcc_generated_files\LINDrivers/lin_app.c:152
;       break;
     1cc: 12 2a        	goto	0x212
; D:\yiming\00work\FR685_V05.X\mcc_generated_files\LINDrivers/lin_app.c:154
;       POS_LAT = OFF;
     1cd: 22 00        	movlb	0x2
     1ce: 8d 12        	bcf	0xd, 0x5
; D:\yiming\00work\FR685_V05.X\mcc_generated_files\LINDrivers/lin_app.c:155
;       DRL_LAT = ON;
     1cf: 0d 16        	bsf	0xd, 0x4
; D:\yiming\00work\FR685_V05.X\mcc_generated_files\LINDrivers/lin_app.c:156
;       LOBEAM_LAT = OFF;
     1d0: 8d 11        	bcf	0xd, 0x3
; D:\yiming\00work\FR685_V05.X\mcc_generated_files\LINDrivers/lin_app.c:157
;       break;
     1d1: 12 2a        	goto	0x212
; D:\yiming\00work\FR685_V05.X\mcc_generated_files\LINDrivers/lin_app.c:159
;       POS_LAT = OFF;
     1d2: 22 00        	movlb	0x2
     1d3: 8d 12        	bcf	0xd, 0x5
; D:\yiming\00work\FR685_V05.X\mcc_generated_files\LINDrivers/lin_app.c:160
;       DRL_LAT = OFF;
     1d4: 0d 12        	bcf	0xd, 0x4
; D:\yiming\00work\FR685_V05.X\mcc_generated_files\LINDrivers/lin_app.c:161
;       LOBEAM_LAT = OFF;
     1d5: 8d 11        	bcf	0xd, 0x3
; D:\yiming\00work\FR685_V05.X\mcc_generated_files\LINDrivers/lin_app.c:162
;       break;
     1d6: 12 2a        	goto	0x212
; D:\yiming\00work\FR685_V05.X\mcc_generated_files\LINDrivers/lin_app.c:165
;       POS_LAT = ON;
     1d7: 22 00        	movlb	0x2
     1d8: 8d 16        	bsf	0xd, 0x5
; D:\yiming\00work\FR685_V05.X\mcc_generated_files\LINDrivers/lin_app.c:166
;       DRL_LAT = OFF;
     1d9: 0d 12        	bcf	0xd, 0x4
; D:\yiming\00work\FR685_V05.X\mcc_generated_files\LINDrivers/lin_app.c:167
;       LOBEAM_LAT = ON;
     1da: 8d 15        	bsf	0xd, 0x3
; D:\yiming\00work\FR685_V05.X\mcc_generated_files\LINDrivers/lin_app.c:168
;       break;
     1db: 12 2a        	goto	0x212
; D:\yiming\00work\FR685_V05.X\mcc_generated_files\LINDrivers/lin_app.c:171
;       POS_LAT = ON;
     1dc: 22 00        	movlb	0x2
     1dd: 8d 16        	bsf	0xd, 0x5
; D:\yiming\00work\FR685_V05.X\mcc_generated_files\LINDrivers/lin_app.c:172
;       DRL_LAT = OFF;
     1de: 0d 12        	bcf	0xd, 0x4
; D:\yiming\00work\FR685_V05.X\mcc_generated_files\LINDrivers/lin_app.c:173
;       LOBEAM_LAT = ON;
     1df: 8d 15        	bsf	0xd, 0x3
; D:\yiming\00work\FR685_V05.X\mcc_generated_files\LINDrivers/lin_app.c:174
;       break;
     1e0: 12 2a        	goto	0x212
; D:\yiming\00work\FR685_V05.X\mcc_generated_files\LINDrivers/lin_app.c:178
;     }
     1e1: 65 08        	movf	0x65, w
     1e2: fb 00        	movwf	0x7b
     1e3: fc 01        	clrf	0x7c
     1e4: 7c 08        	movf	0x7c, w
     1e5: 00 3a        	xorlw	0x0
     1e6: 03 19        	btfsc	0x3, 0x2
     1e7: e9 29        	goto	0x1e9
     1e8: 12 2a        	goto	0x212
     1e9: 7b 08        	movf	0x7b, w
     1ea: 29 3a        	xorlw	0x29
     1eb: 03 19        	btfsc	0x3, 0x2
     1ec: af 29        	goto	0x1af
     1ed: 03 3a        	xorlw	0x3
     1ee: 03 19        	btfsc	0x3, 0x2
     1ef: c3 29        	goto	0x1c3
     1f0: 01 3a        	xorlw	0x1
     1f1: 03 19        	btfsc	0x3, 0x2
     1f2: dc 29        	goto	0x1dc
     1f3: 07 3a        	xorlw	0x7
     1f4: 03 19        	btfsc	0x3, 0x2
     1f5: d2 29        	goto	0x1d2
     1f6: 1d 3a        	xorlw	0x1d
     1f7: 03 19        	btfsc	0x3, 0x2
     1f8: a5 29        	goto	0x1a5
     1f9: 03 3a        	xorlw	0x3
     1fa: 03 19        	btfsc	0x3, 0x2
     1fb: b9 29        	goto	0x1b9
     1fc: 01 3a        	xorlw	0x1
     1fd: 03 19        	btfsc	0x3, 0x2
     1fe: d7 29        	goto	0x1d7
     1ff: 5a 3a        	xorlw	0x5a
     200: 03 19        	btfsc	0x3, 0x2
     201: aa 29        	goto	0x1aa
     202: 03 3a        	xorlw	0x3
     203: 03 19        	btfsc	0x3, 0x2
     204: be 29        	goto	0x1be
     205: 06 3a        	xorlw	0x6
     206: 03 19        	btfsc	0x3, 0x2
     207: cd 29        	goto	0x1cd
     208: 1d 3a        	xorlw	0x1d
     209: 03 19        	btfsc	0x3, 0x2
     20a: a0 29        	goto	0x1a0
     20b: 03 3a        	xorlw	0x3
     20c: 03 19        	btfsc	0x3, 0x2
     20d: b4 29        	goto	0x1b4
     20e: c6 3a        	xorlw	0xc6
     20f: 03 19        	btfsc	0x3, 0x2
     210: c8 29        	goto	0x1c8
     211: 12 2a        	goto	0x212
; D:\yiming\00work\FR685_V05.X\mcc_generated_files\LINDrivers/lin_app.c:180
;     if (tempRxData[1] & 0xC0) {
     212: 20 00        	movlb	0x0
     213: 5d 08        	movf	0x5d, w
     214: c0 39        	andlw	0xc0
     215: 03 19        	btfsc	0x3, 0x2
     216: 18 2a        	goto	0x218
     217: 19 2a        	goto	0x219
     218: 1c 2a        	goto	0x21c
; D:\yiming\00work\FR685_V05.X\mcc_generated_files\LINDrivers/lin_app.c:181
;       HIBEAM_LAT = ON; // hibeam or overtake
     219: 22 00        	movlb	0x2
     21a: 0d 15        	bsf	0xd, 0x2
; D:\yiming\00work\FR685_V05.X\mcc_generated_files\LINDrivers/lin_app.c:182
;     } else {
     21b: 1e 2a        	goto	0x21e
; D:\yiming\00work\FR685_V05.X\mcc_generated_files\LINDrivers/lin_app.c:183
;       HIBEAM_LAT = OFF; // hibeam or overtake
     21c: 22 00        	movlb	0x2
     21d: 0d 11        	bcf	0xd, 0x2
; D:\yiming\00work\FR685_V05.X\mcc_generated_files\LINDrivers/lin_app.c:186
;     if (tempRxData[1] & 0x20) {
     21e: 20 00        	movlb	0x0
     21f: dd 1e        	btfss	0x5d, 0x5
     220: 22 2a        	goto	0x222
     221: 23 2a        	goto	0x223
     222: 26 2a        	goto	0x226
; D:\yiming\00work\FR685_V05.X\mcc_generated_files\LINDrivers/lin_app.c:187
;       TURN_LEFT_LAT = ON; 
     223: 22 00        	movlb	0x2
     224: 8d 14        	bsf	0xd, 0x1
; D:\yiming\00work\FR685_V05.X\mcc_generated_files\LINDrivers/lin_app.c:188
;     } else {
     225: 28 2a        	goto	0x228
; D:\yiming\00work\FR685_V05.X\mcc_generated_files\LINDrivers/lin_app.c:189
;       TURN_LEFT_LAT = OFF; 
     226: 22 00        	movlb	0x2
     227: 8d 10        	bcf	0xd, 0x1
; D:\yiming\00work\FR685_V05.X\mcc_generated_files\LINDrivers/lin_app.c:192
;     if (tempRxData[1] & 0x10) {
     228: 20 00        	movlb	0x0
     229: 5d 1e        	btfss	0x5d, 0x4
     22a: 2c 2a        	goto	0x22c
     22b: 2d 2a        	goto	0x22d
     22c: 30 2a        	goto	0x230
; D:\yiming\00work\FR685_V05.X\mcc_generated_files\LINDrivers/lin_app.c:193
;       TURN_RIGHT_LAT = ON; 
     22d: 22 00        	movlb	0x2
     22e: 0d 14        	bsf	0xd, 0x0
; D:\yiming\00work\FR685_V05.X\mcc_generated_files\LINDrivers/lin_app.c:194
;     } else {
     22f: 3b 2a        	goto	0x23b
; D:\yiming\00work\FR685_V05.X\mcc_generated_files\LINDrivers/lin_app.c:195
;       TURN_RIGHT_LAT = OFF; 
     230: 22 00        	movlb	0x2
     231: 0d 10        	bcf	0xd, 0x0
     232: 3b 2a        	goto	0x23b
; D:\yiming\00work\FR685_V05.X\mcc_generated_files\LINDrivers/lin_app.c:200
;     cnt = 0;
     233: c0 01        	clrf	0x40
     234: c1 01        	clrf	0x41
; D:\yiming\00work\FR685_V05.X\mcc_generated_files\LINDrivers/lin_app.c:201
;     break;
     235: 3b 2a        	goto	0x23b
; D:\yiming\00work\FR685_V05.X\mcc_generated_files\LINDrivers/lin_app.c:202
;   }
     236: 64 08        	movf	0x64, w
     237: 01 3a        	xorlw	0x1
     238: 03 19        	btfsc	0x3, 0x2
     239: 8e 29        	goto	0x18e
     23a: 33 2a        	goto	0x233
; D:\yiming\00work\FR685_V05.X\mcc_generated_files\LINDrivers/lin_app.c:203
; }
     23b: 08 00        	return

0000023c <__ptext32>:
; _LIN_calcParity():
; D:\yiming\00work\FR685_V05.X\mcc_generated_files\LINDrivers/lin_slave.c:252
; uint8_t LIN_calcParity(uint8_t CMD){
     23c: f1 00        	movwf	0x71
; D:\yiming\00work\FR685_V05.X\mcc_generated_files\LINDrivers/lin_slave.c:254
;     PID.rawPID = CMD;
     23d: 71 08        	movf	0x71, w
     23e: f2 00        	movwf	0x72
; D:\yiming\00work\FR685_V05.X\mcc_generated_files\LINDrivers/lin_slave.c:259
;     PID.P0 = PID.ID0 ^ PID.ID1;
     23f: f2 18        	btfsc	0x72, 0x1
     240: 42 2a        	goto	0x242
     241: 44 2a        	goto	0x244
     242: 01 30        	movlw	0x1
     243: 45 2a        	goto	0x245
     244: 00 30        	movlw	0x0
     245: f0 00        	movwf	0x70
     246: 72 18        	btfsc	0x72, 0x0
     247: 49 2a        	goto	0x249
     248: 4b 2a        	goto	0x24b
     249: 01 30        	movlw	0x1
     24a: 4c 2a        	goto	0x24c
     24b: 00 30        	movlw	0x0
     24c: 70 06        	xorwf	0x70, w
     24d: 03 1d        	btfss	0x3, 0x2
     24e: 50 2a        	goto	0x250
     24f: 52 2a        	goto	0x252
     250: 72 17        	bsf	0x72, 0x6
     251: 53 2a        	goto	0x253
     252: 72 13        	bcf	0x72, 0x6
; D:\yiming\00work\FR685_V05.X\mcc_generated_files\LINDrivers/lin_slave.c:260
;     PID.P0 = PID.P0 ^ PID.ID2;
     253: 72 19        	btfsc	0x72, 0x2
     254: 56 2a        	goto	0x256
     255: 58 2a        	goto	0x258
     256: 01 30        	movlw	0x1
     257: 59 2a        	goto	0x259
     258: 00 30        	movlw	0x0
     259: f0 00        	movwf	0x70
     25a: 72 1b        	btfsc	0x72, 0x6
     25b: 5d 2a        	goto	0x25d
     25c: 5f 2a        	goto	0x25f
     25d: 01 30        	movlw	0x1
     25e: 60 2a        	goto	0x260
     25f: 00 30        	movlw	0x0
     260: 70 06        	xorwf	0x70, w
     261: 03 1d        	btfss	0x3, 0x2
     262: 64 2a        	goto	0x264
     263: 66 2a        	goto	0x266
     264: 72 17        	bsf	0x72, 0x6
     265: 67 2a        	goto	0x267
     266: 72 13        	bcf	0x72, 0x6
; D:\yiming\00work\FR685_V05.X\mcc_generated_files\LINDrivers/lin_slave.c:261
;     PID.P0 = PID.P0 ^ PID.ID4;
     267: 72 1a        	btfsc	0x72, 0x4
     268: 6a 2a        	goto	0x26a
     269: 6c 2a        	goto	0x26c
     26a: 01 30        	movlw	0x1
     26b: 6d 2a        	goto	0x26d
     26c: 00 30        	movlw	0x0
     26d: f0 00        	movwf	0x70
     26e: 72 1b        	btfsc	0x72, 0x6
     26f: 71 2a        	goto	0x271
     270: 73 2a        	goto	0x273
     271: 01 30        	movlw	0x1
     272: 74 2a        	goto	0x274
     273: 00 30        	movlw	0x0
     274: 70 06        	xorwf	0x70, w
     275: 03 1d        	btfss	0x3, 0x2
     276: 78 2a        	goto	0x278
     277: 7a 2a        	goto	0x27a
     278: 72 17        	bsf	0x72, 0x6
     279: 7b 2a        	goto	0x27b
     27a: 72 13        	bcf	0x72, 0x6
; D:\yiming\00work\FR685_V05.X\mcc_generated_files\LINDrivers/lin_slave.c:262
;     PID.P1 = PID.ID1 ^ PID.ID3;
     27b: f2 19        	btfsc	0x72, 0x3
     27c: 7e 2a        	goto	0x27e
     27d: 80 2a        	goto	0x280
     27e: 01 30        	movlw	0x1
     27f: 81 2a        	goto	0x281
     280: 00 30        	movlw	0x0
     281: f0 00        	movwf	0x70
     282: f2 18        	btfsc	0x72, 0x1
     283: 85 2a        	goto	0x285
     284: 87 2a        	goto	0x287
     285: 01 30        	movlw	0x1
     286: 88 2a        	goto	0x288
     287: 00 30        	movlw	0x0
     288: 70 06        	xorwf	0x70, w
     289: 03 1d        	btfss	0x3, 0x2
     28a: 8c 2a        	goto	0x28c
     28b: 8e 2a        	goto	0x28e
     28c: f2 17        	bsf	0x72, 0x7
     28d: 8f 2a        	goto	0x28f
     28e: f2 13        	bcf	0x72, 0x7
; D:\yiming\00work\FR685_V05.X\mcc_generated_files\LINDrivers/lin_slave.c:263
;     PID.P1 = PID.P1 ^ PID.ID4;
     28f: 72 1a        	btfsc	0x72, 0x4
     290: 92 2a        	goto	0x292
     291: 94 2a        	goto	0x294
     292: 01 30        	movlw	0x1
     293: 95 2a        	goto	0x295
     294: 00 30        	movlw	0x0
     295: f0 00        	movwf	0x70
     296: f2 1b        	btfsc	0x72, 0x7
     297: 99 2a        	goto	0x299
     298: 9b 2a        	goto	0x29b
     299: 01 30        	movlw	0x1
     29a: 9c 2a        	goto	0x29c
     29b: 00 30        	movlw	0x0
     29c: 70 06        	xorwf	0x70, w
     29d: 03 1d        	btfss	0x3, 0x2
     29e: a0 2a        	goto	0x2a0
     29f: a2 2a        	goto	0x2a2
     2a0: f2 17        	bsf	0x72, 0x7
     2a1: a3 2a        	goto	0x2a3
     2a2: f2 13        	bcf	0x72, 0x7
; D:\yiming\00work\FR685_V05.X\mcc_generated_files\LINDrivers/lin_slave.c:264
;     PID.P1 = PID.P1 ^ PID.ID5;
     2a3: f2 1a        	btfsc	0x72, 0x5
     2a4: a6 2a        	goto	0x2a6
     2a5: a8 2a        	goto	0x2a8
     2a6: 01 30        	movlw	0x1
     2a7: a9 2a        	goto	0x2a9
     2a8: 00 30        	movlw	0x0
     2a9: f0 00        	movwf	0x70
     2aa: f2 1b        	btfsc	0x72, 0x7
     2ab: ad 2a        	goto	0x2ad
     2ac: af 2a        	goto	0x2af
     2ad: 01 30        	movlw	0x1
     2ae: b0 2a        	goto	0x2b0
     2af: 00 30        	movlw	0x0
     2b0: 70 06        	xorwf	0x70, w
     2b1: 03 1d        	btfss	0x3, 0x2
     2b2: b4 2a        	goto	0x2b4
     2b3: b6 2a        	goto	0x2b6
     2b4: f2 17        	bsf	0x72, 0x7
     2b5: b7 2a        	goto	0x2b7
     2b6: f2 13        	bcf	0x72, 0x7
; D:\yiming\00work\FR685_V05.X\mcc_generated_files\LINDrivers/lin_slave.c:265
;     PID.P1 = ~PID.P1;
     2b7: 03 10        	bcf	0x3, 0x0
     2b8: f2 1f        	btfss	0x72, 0x7
     2b9: 03 14        	bsf	0x3, 0x0
     2ba: 03 18        	btfsc	0x3, 0x0
     2bb: bd 2a        	goto	0x2bd
     2bc: bf 2a        	goto	0x2bf
     2bd: f2 17        	bsf	0x72, 0x7
     2be: c0 2a        	goto	0x2c0
     2bf: f2 13        	bcf	0x72, 0x7
; D:\yiming\00work\FR685_V05.X\mcc_generated_files\LINDrivers/lin_slave.c:267
;     return PID.rawPID;
     2c0: 72 08        	movf	0x72, w
; D:\yiming\00work\FR685_V05.X\mcc_generated_files\LINDrivers/lin_slave.c:268
; }
     2c1: 08 00        	return

000002c2 <__ptext23>:
; __end_of_LIN_calcParity():
; D:\yiming\00work\FR685_V05.X\mcc_generated_files\LINDrivers/lin_slave.c:66
; void LIN_queuePacket(uint8_t cmd){
     2c2: 20 00        	movlb	0x0
     2c3: df 00        	movwf	0x5f
; D:\yiming\00work\FR685_V05.X\mcc_generated_files\LINDrivers/lin_slave.c:67
;     const lin_rx_cmd_t* tempSchedule = LIN_rxCommand;    //copy table pointer so we can modify it
     2c4: 3d 08        	movf	0x3d, w
     2c5: e2 00        	movwf	0x62
     2c6: 3c 08        	movf	0x3c, w
     2c7: e1 00        	movwf	0x61
; D:\yiming\00work\FR685_V05.X\mcc_generated_files\LINDrivers/lin_slave.c:69
;     cmd &= 0x3F;    //clear possible parity bits
     2c8: 3f 30        	movlw	0x3f
     2c9: df 05        	andwf	0x5f, f
; D:\yiming\00work\FR685_V05.X\mcc_generated_files\LINDrivers/lin_slave.c:70
;     for(uint8_t i = 0; i < LIN_rxCommandLength; i++){
     2ca: e0 01        	clrf	0x60
     2cb: dd 2a        	goto	0x2dd
; D:\yiming\00work\FR685_V05.X\mcc_generated_files\LINDrivers/lin_slave.c:71
;         if(cmd == tempSchedule->cmd){
     2cc: 61 08        	movf	0x61, w
     2cd: 84 00        	movwf	0x4
     2ce: 62 08        	movf	0x62, w
     2cf: 85 00        	movwf	0x5
     2d0: 00 08        	movf	0x0, w
     2d1: 5f 06        	xorwf	0x5f, w
     2d2: 03 1d        	btfss	0x3, 0x2
     2d3: d5 2a        	goto	0x2d5
     2d4: d6 2a        	goto	0x2d6
     2d5: d7 2a        	goto	0x2d7
     2d6: e3 2a        	goto	0x2e3
; D:\yiming\00work\FR685_V05.X\mcc_generated_files\LINDrivers/lin_slave.c:74
;         tempSchedule++;    //go to next entry
     2d7: 05 30        	movlw	0x5
     2d8: e1 07        	addwf	0x61, f
     2d9: 00 30        	movlw	0x0
     2da: e2 3d        	addwfc	0x62, f
; D:\yiming\00work\FR685_V05.X\mcc_generated_files\LINDrivers/lin_slave.c:75
;     }
     2db: 01 30        	movlw	0x1
     2dc: e0 07        	addwf	0x60, f
     2dd: 4d 08        	movf	0x4d, w
     2de: 60 02        	subwf	0x60, w
     2df: 03 1c        	btfss	0x3, 0x0
     2e0: e2 2a        	goto	0x2e2
     2e1: e3 2a        	goto	0x2e3
     2e2: cc 2a        	goto	0x2cc
; D:\yiming\00work\FR685_V05.X\mcc_generated_files\LINDrivers/lin_slave.c:77
;     LIN_packet.type = tempSchedule->type;
     2e3: 01 30        	movlw	0x1
     2e4: 61 07        	addwf	0x61, w
     2e5: 84 00        	movwf	0x4
     2e6: 62 08        	movf	0x62, w
     2e7: 03 18        	btfsc	0x3, 0x0
     2e8: 01 3e        	addlw	0x1, w
     2e9: 85 00        	movwf	0x5
     2ea: 00 08        	movf	0x0, w
     2eb: d9 00        	movwf	0x59
; D:\yiming\00work\FR685_V05.X\mcc_generated_files\LINDrivers/lin_slave.c:78
;     LIN_packet.length = tempSchedule->length;
     2ec: 02 30        	movlw	0x2
     2ed: 61 07        	addwf	0x61, w
     2ee: 84 00        	movwf	0x4
     2ef: 62 08        	movf	0x62, w
     2f0: 03 18        	btfsc	0x3, 0x0
     2f1: 01 3e        	addlw	0x1, w
     2f2: 85 00        	movwf	0x5
     2f3: 00 08        	movf	0x0, w
     2f4: da 00        	movwf	0x5a
; D:\yiming\00work\FR685_V05.X\mcc_generated_files\LINDrivers/lin_slave.c:82
;     memcpy(LIN_packet.data, tempSchedule->data, LIN_packet.length);
     2f5: 50 30        	movlw	0x50
     2f6: f0 00        	movwf	0x70
     2f7: 00 30        	movlw	0x0
     2f8: f1 00        	movwf	0x71
     2f9: 03 30        	movlw	0x3
     2fa: 61 07        	addwf	0x61, w
     2fb: 84 00        	movwf	0x4
     2fc: 62 08        	movf	0x62, w
     2fd: 03 18        	btfsc	0x3, 0x0
     2fe: 01 3e        	addlw	0x1, w
     2ff: 85 00        	movwf	0x5
     300: 00 3f        	moviw	0[FSR0]
     301: f2 00        	movwf	0x72
     302: 01 3f        	moviw	1[FSR0]
     303: f3 00        	movwf	0x73
     304: 5a 08        	movf	0x5a, w
     305: f4 00        	movwf	0x74
     306: f5 01        	clrf	0x75
     307: f4 1b        	btfsc	0x74, 0x7
     308: f5 03        	decf	0x75, f
     309: 84 31        	movlp	0x4
     30a: bc 24        	call	0x4bc
     30b: 82 31        	movlp	0x2
; D:\yiming\00work\FR685_V05.X\mcc_generated_files\LINDrivers/lin_slave.c:85
;     LIN_packet.checksum = LIN_getChecksum(LIN_packet.length, LIN_packet.PID, LIN_packet.data);
     30c: 20 00        	movlb	0x0
     30d: 4f 08        	movf	0x4f, w
     30e: f0 00        	movwf	0x70
     30f: 50 30        	movlw	0x50
     310: f1 00        	movwf	0x71
     311: 00 30        	movlw	0x0
     312: f2 00        	movwf	0x72
     313: 5a 08        	movf	0x5a, w
     314: 83 31        	movlp	0x3
     315: f9 23        	call	0x3f9
     316: 82 31        	movlp	0x2
     317: 20 00        	movlb	0x0
     318: d8 00        	movwf	0x58
; D:\yiming\00work\FR685_V05.X\mcc_generated_files\LINDrivers/lin_slave.c:86
;     LIN_sendPacket(LIN_packet.length, LIN_packet.PID, LIN_packet.data);
     319: 4f 08        	movf	0x4f, w
     31a: fa 00        	movwf	0x7a
     31b: 50 30        	movlw	0x50
     31c: fb 00        	movwf	0x7b
     31d: 00 30        	movlw	0x0
     31e: fc 00        	movwf	0x7c
     31f: 5a 08        	movf	0x5a, w
     320: 84 31        	movlp	0x4
     321: 51 24        	call	0x451
     322: 82 31        	movlp	0x2
; D:\yiming\00work\FR685_V05.X\mcc_generated_files\LINDrivers/lin_slave.c:89
; }
     323: 08 00        	return

00000324 <__ptext31>:
; __end_of_LIN_queuePacket():
; D:\yiming\00work\FR685_V05.X\mcc_generated_files\LINDrivers/lin_slave.c:211
; uint8_t LIN_getFromTable(uint8_t cmd, lin_sch_param_t param){
     324: f3 00        	movwf	0x73
; D:\yiming\00work\FR685_V05.X\mcc_generated_files\LINDrivers/lin_slave.c:212
;     const lin_rx_cmd_t* rxCommand = LIN_rxCommand;    //copy table pointer so we can modify it
     325: 20 00        	movlb	0x0
     326: 3d 08        	movf	0x3d, w
     327: f6 00        	movwf	0x76
     328: 3c 08        	movf	0x3c, w
     329: f5 00        	movwf	0x75
; D:\yiming\00work\FR685_V05.X\mcc_generated_files\LINDrivers/lin_slave.c:214
;     cmd &= 0x3F;    //clear possible parity bits
     32a: 3f 30        	movlw	0x3f
     32b: f3 05        	andwf	0x73, f
; D:\yiming\00work\FR685_V05.X\mcc_generated_files\LINDrivers/lin_slave.c:216
;     for(uint8_t length = 0; length < LIN_rxCommandLength; length++){
     32c: f4 01        	clrf	0x74
     32d: 4f 2b        	goto	0x34f
; D:\yiming\00work\FR685_V05.X\mcc_generated_files\LINDrivers/lin_slave.c:217
;         if(cmd == rxCommand->cmd){
     32e: 75 08        	movf	0x75, w
     32f: 84 00        	movwf	0x4
     330: 76 08        	movf	0x76, w
     331: 85 00        	movwf	0x5
     332: 00 08        	movf	0x0, w
     333: 73 06        	xorwf	0x73, w
     334: 03 1d        	btfss	0x3, 0x2
     335: 37 2b        	goto	0x337
     336: 38 2b        	goto	0x338
     337: 39 2b        	goto	0x339
     338: 6e 2b        	goto	0x36e
; D:\yiming\00work\FR685_V05.X\mcc_generated_files\LINDrivers/lin_slave.c:220
;         rxCommand++;    //go to next entry
     339: 05 30        	movlw	0x5
     33a: f5 07        	addwf	0x75, f
     33b: 00 30        	movlw	0x0
     33c: f6 3d        	addwfc	0x76, f
; D:\yiming\00work\FR685_V05.X\mcc_generated_files\LINDrivers/lin_slave.c:222
;         if(length == (LIN_rxCommandLength-1)){
     33d: 4d 08        	movf	0x4d, w
     33e: ff 3e        	addlw	0x7f, f
     33f: f1 00        	movwf	0x71
     340: ff 30        	movlw	0xff
     341: 03 18        	btfsc	0x3, 0x0
     342: 00 30        	movlw	0x0
     343: f2 00        	movwf	0x72
     344: 74 08        	movf	0x74, w
     345: 71 06        	xorwf	0x71, w
     346: 72 04        	iorwf	0x72, w
     347: 03 1d        	btfss	0x3, 0x2
     348: 4a 2b        	goto	0x34a
     349: 4b 2b        	goto	0x34b
     34a: 4d 2b        	goto	0x34d
; D:\yiming\00work\FR685_V05.X\mcc_generated_files\LINDrivers/lin_slave.c:223
;             return ERROR;   //command not in schedule table
     34b: 02 30        	movlw	0x2
     34c: 81 2b        	goto	0x381
; D:\yiming\00work\FR685_V05.X\mcc_generated_files\LINDrivers/lin_slave.c:225
;     }
     34d: 01 30        	movlw	0x1
     34e: f4 07        	addwf	0x74, f
     34f: 4d 08        	movf	0x4d, w
     350: 74 02        	subwf	0x74, w
     351: 03 1c        	btfss	0x3, 0x0
     352: 54 2b        	goto	0x354
     353: 55 2b        	goto	0x355
     354: 2e 2b        	goto	0x32e
     355: 6e 2b        	goto	0x36e
; D:\yiming\00work\FR685_V05.X\mcc_generated_files\LINDrivers/lin_slave.c:229
;             return rxCommand->cmd;
     356: 75 08        	movf	0x75, w
     357: 84 00        	movwf	0x4
     358: 76 08        	movf	0x76, w
     359: 85 00        	movwf	0x5
     35a: 00 08        	movf	0x0, w
     35b: 81 2b        	goto	0x381
; D:\yiming\00work\FR685_V05.X\mcc_generated_files\LINDrivers/lin_slave.c:231
;             return rxCommand->type;
     35c: 01 30        	movlw	0x1
     35d: 75 07        	addwf	0x75, w
     35e: 84 00        	movwf	0x4
     35f: 76 08        	movf	0x76, w
     360: 03 18        	btfsc	0x3, 0x0
     361: 01 3e        	addlw	0x1, w
     362: 85 00        	movwf	0x5
     363: 00 08        	movf	0x0, w
     364: 81 2b        	goto	0x381
; D:\yiming\00work\FR685_V05.X\mcc_generated_files\LINDrivers/lin_slave.c:233
;             return rxCommand->length;
     365: 02 30        	movlw	0x2
     366: 75 07        	addwf	0x75, w
     367: 84 00        	movwf	0x4
     368: 76 08        	movf	0x76, w
     369: 03 18        	btfsc	0x3, 0x0
     36a: 01 3e        	addlw	0x1, w
     36b: 85 00        	movwf	0x5
     36c: 00 08        	movf	0x0, w
     36d: 81 2b        	goto	0x381
; D:\yiming\00work\FR685_V05.X\mcc_generated_files\LINDrivers/lin_slave.c:236
;     }
     36e: 70 08        	movf	0x70, w
     36f: f1 00        	movwf	0x71
     370: f2 01        	clrf	0x72
     371: 72 08        	movf	0x72, w
     372: 00 3a        	xorlw	0x0
     373: 03 19        	btfsc	0x3, 0x2
     374: 76 2b        	goto	0x376
     375: 4b 2b        	goto	0x34b
     376: 71 08        	movf	0x71, w
     377: 00 3a        	xorlw	0x0
     378: 03 19        	btfsc	0x3, 0x2
     379: 56 2b        	goto	0x356
     37a: 01 3a        	xorlw	0x1
     37b: 03 19        	btfsc	0x3, 0x2
     37c: 5c 2b        	goto	0x35c
     37d: 03 3a        	xorlw	0x3
     37e: 03 19        	btfsc	0x3, 0x2
     37f: 65 2b        	goto	0x365
     380: 4b 2b        	goto	0x34b
; D:\yiming\00work\FR685_V05.X\mcc_generated_files\LINDrivers/lin_slave.c:239
; }
     381: 08 00        	return

00000382 <__ptext10>:
; __ptext10():
; D:\yiming\00work\FR685_V05.X\mcc_generated_files/eusart.c:91
;     PIE1bits.RCIE = 0;
     382: 21 00        	movlb	0x1
     383: 91 12        	bcf	0x11, 0x5
; D:\yiming\00work\FR685_V05.X\mcc_generated_files/eusart.c:92
;     EUSART_SetRxInterruptHandler(EUSART_Receive_ISR);
     384: c0 30        	movlw	0xc0
     385: f0 00        	movwf	0x70
     386: 03 30        	movlw	0x3
     387: f1 00        	movwf	0x71
     388: 86 31        	movlp	0x6
     389: 1c 26        	call	0x61c
     38a: 83 31        	movlp	0x3
; D:\yiming\00work\FR685_V05.X\mcc_generated_files/eusart.c:93
;     PIE1bits.TXIE = 0;
     38b: 21 00        	movlb	0x1
     38c: 11 12        	bcf	0x11, 0x4
; D:\yiming\00work\FR685_V05.X\mcc_generated_files/eusart.c:94
;     EUSART_SetTxInterruptHandler(EUSART_Transmit_ISR);
     38d: dc 30        	movlw	0xdc
     38e: f0 00        	movwf	0x70
     38f: 04 30        	movlw	0x4
     390: f1 00        	movwf	0x71
     391: 86 31        	movlp	0x6
     392: 16 26        	call	0x616
     393: 83 31        	movlp	0x3
; D:\yiming\00work\FR685_V05.X\mcc_generated_files/eusart.c:98
;     BAUDCON = 0x18;
     394: 18 30        	movlw	0x18
     395: 23 00        	movlb	0x3
     396: 9f 00        	movwf	0x1f
; D:\yiming\00work\FR685_V05.X\mcc_generated_files/eusart.c:101
;     RCSTA = 0x90;
     397: 90 30        	movlw	0x90
     398: 9d 00        	movwf	0x1d
; D:\yiming\00work\FR685_V05.X\mcc_generated_files/eusart.c:104
;     TXSTA = 0x24;
     399: 24 30        	movlw	0x24
     39a: 9e 00        	movwf	0x1e
; D:\yiming\00work\FR685_V05.X\mcc_generated_files/eusart.c:107
;     SPBRGL = 0xFF;
     39b: ff 30        	movlw	0xff
     39c: 9b 00        	movwf	0x1b
; D:\yiming\00work\FR685_V05.X\mcc_generated_files/eusart.c:110
;     SPBRGH = 0x02;
     39d: 02 30        	movlw	0x2
     39e: 9c 00        	movwf	0x1c
; D:\yiming\00work\FR685_V05.X\mcc_generated_files/eusart.c:113
;     EUSART_SetFramingErrorHandler(EUSART_DefaultFramingErrorHandler);
     39f: 63 30        	movlw	0x63
     3a0: f0 00        	movwf	0x70
     3a1: 06 30        	movlw	0x6
     3a2: f1 00        	movwf	0x71
     3a3: 86 31        	movlp	0x6
     3a4: 28 26        	call	0x628
     3a5: 83 31        	movlp	0x3
; D:\yiming\00work\FR685_V05.X\mcc_generated_files/eusart.c:114
;     EUSART_SetOverrunErrorHandler(EUSART_DefaultOverrunErrorHandler);
     3a6: 56 30        	movlw	0x56
     3a7: f0 00        	movwf	0x70
     3a8: 06 30        	movlw	0x6
     3a9: f1 00        	movwf	0x71
     3aa: 86 31        	movlp	0x6
     3ab: 22 26        	call	0x622
     3ac: 83 31        	movlp	0x3
; D:\yiming\00work\FR685_V05.X\mcc_generated_files/eusart.c:115
;     EUSART_SetErrorHandler(EUSART_DefaultErrorHandler);
     3ad: 5a 30        	movlw	0x5a
     3ae: f0 00        	movwf	0x70
     3af: 06 30        	movlw	0x6
     3b0: f1 00        	movwf	0x71
     3b1: 86 31        	movlp	0x6
     3b2: 2e 26        	call	0x62e
     3b3: 83 31        	movlp	0x3
; D:\yiming\00work\FR685_V05.X\mcc_generated_files/eusart.c:117
;     eusartRxLastError.status = 0;
     3b4: 20 00        	movlb	0x0
     3b5: c3 01        	clrf	0x43
; D:\yiming\00work\FR685_V05.X\mcc_generated_files/eusart.c:120
;     eusartTxHead = 0;
     3b6: c8 01        	clrf	0x48
; D:\yiming\00work\FR685_V05.X\mcc_generated_files/eusart.c:121
;     eusartTxTail = 0;
     3b7: c7 01        	clrf	0x47
; D:\yiming\00work\FR685_V05.X\mcc_generated_files/eusart.c:122
;     eusartTxBufferRemaining = sizeof(eusartTxBuffer);
     3b8: 08 30        	movlw	0x8
     3b9: c6 00        	movwf	0x46
; D:\yiming\00work\FR685_V05.X\mcc_generated_files/eusart.c:124
;     eusartRxHead = 0;
     3ba: fd 01        	clrf	0x7d
; D:\yiming\00work\FR685_V05.X\mcc_generated_files/eusart.c:125
;     eusartRxTail = 0;
     3bb: c5 01        	clrf	0x45
; D:\yiming\00work\FR685_V05.X\mcc_generated_files/eusart.c:126
;     eusartRxCount = 0;
     3bc: c4 01        	clrf	0x44
; D:\yiming\00work\FR685_V05.X\mcc_generated_files/eusart.c:129
;     PIE1bits.RCIE = 1;
     3bd: 21 00        	movlb	0x1
     3be: 91 16        	bsf	0x11, 0x5
; D:\yiming\00work\FR685_V05.X\mcc_generated_files/eusart.c:130
; }
     3bf: 08 00        	return

000003c0 <__ptext43>:
; _EUSART_Receive_ISR():
; D:\yiming\00work\FR685_V05.X\mcc_generated_files/eusart.c:219
;     eusartRxStatusBuffer[eusartRxHead].status = 0;
     3c0: 7d 08        	movf	0x7d, w
     3c1: 20 3e        	addlw	0x20, w
     3c2: 86 00        	movwf	0x6
     3c3: 87 01        	clrf	0x7
     3c4: 81 01        	clrf	0x1
; D:\yiming\00work\FR685_V05.X\mcc_generated_files/eusart.c:221
;     if(RCSTAbits.FERR){
     3c5: 23 00        	movlb	0x3
     3c6: 1d 1d        	btfss	0x1d, 0x2
     3c7: c9 2b        	goto	0x3c9
     3c8: ca 2b        	goto	0x3ca
     3c9: d5 2b        	goto	0x3d5
; D:\yiming\00work\FR685_V05.X\mcc_generated_files/eusart.c:222
;         eusartRxStatusBuffer[eusartRxHead].ferr = 1;
     3ca: 7d 08        	movf	0x7d, w
     3cb: 20 3e        	addlw	0x20, w
     3cc: 86 00        	movwf	0x6
     3cd: 87 01        	clrf	0x7
     3ce: 81 14        	bsf	0x1, 0x1
; D:\yiming\00work\FR685_V05.X\mcc_generated_files/eusart.c:223
;         EUSART_FramingErrorHandler();
     3cf: 20 00        	movlb	0x0
     3d0: 37 08        	movf	0x37, w
     3d1: 8a 00        	movwf	0xa
     3d2: 36 08        	movf	0x36, w
     3d3: 0a 00        	callw
     3d4: 83 31        	movlp	0x3
; D:\yiming\00work\FR685_V05.X\mcc_generated_files/eusart.c:226
;     if(RCSTAbits.OERR){
     3d5: 23 00        	movlb	0x3
     3d6: 9d 1c        	btfss	0x1d, 0x1
     3d7: d9 2b        	goto	0x3d9
     3d8: da 2b        	goto	0x3da
     3d9: e5 2b        	goto	0x3e5
; D:\yiming\00work\FR685_V05.X\mcc_generated_files/eusart.c:227
;         eusartRxStatusBuffer[eusartRxHead].oerr = 1;
     3da: 7d 08        	movf	0x7d, w
     3db: 20 3e        	addlw	0x20, w
     3dc: 86 00        	movwf	0x6
     3dd: 87 01        	clrf	0x7
     3de: 01 15        	bsf	0x1, 0x2
; D:\yiming\00work\FR685_V05.X\mcc_generated_files/eusart.c:228
;         EUSART_OverrunErrorHandler();
     3df: 20 00        	movlb	0x0
     3e0: 35 08        	movf	0x35, w
     3e1: 8a 00        	movwf	0xa
     3e2: 34 08        	movf	0x34, w
     3e3: 0a 00        	callw
     3e4: 83 31        	movlp	0x3
; D:\yiming\00work\FR685_V05.X\mcc_generated_files/eusart.c:231
;     if(eusartRxStatusBuffer[eusartRxHead].status){
     3e5: 7d 08        	movf	0x7d, w
     3e6: 20 3e        	addlw	0x20, w
     3e7: 86 00        	movwf	0x6
     3e8: 87 01        	clrf	0x7
     3e9: 01 08        	movf	0x1, w
     3ea: 03 19        	btfsc	0x3, 0x2
     3eb: ed 2b        	goto	0x3ed
     3ec: ee 2b        	goto	0x3ee
     3ed: f5 2b        	goto	0x3f5
; D:\yiming\00work\FR685_V05.X\mcc_generated_files/eusart.c:232
;         EUSART_ErrorHandler();
     3ee: 20 00        	movlb	0x0
     3ef: 33 08        	movf	0x33, w
     3f0: 8a 00        	movwf	0xa
     3f1: 32 08        	movf	0x32, w
     3f2: 0a 00        	callw
     3f3: 83 31        	movlp	0x3
; D:\yiming\00work\FR685_V05.X\mcc_generated_files/eusart.c:233
;     } else {
     3f4: f8 2b        	goto	0x3f8
; D:\yiming\00work\FR685_V05.X\mcc_generated_files/eusart.c:234
;         EUSART_RxDataHandler();
     3f5: 85 31        	movlp	0x5
     3f6: 6f 25        	call	0x56f
     3f7: 83 31        	movlp	0x3
; D:\yiming\00work\FR685_V05.X\mcc_generated_files/eusart.c:238
; }
     3f8: 08 00        	return

000003f9 <__ptext26>:
; __ptext26():
; D:\yiming\00work\FR685_V05.X\mcc_generated_files\LINDrivers/lin_slave.c:270
; uint8_t LIN_getChecksum(uint8_t length, uint8_t pid, uint8_t* data){
     3f9: f5 00        	movwf	0x75
; D:\yiming\00work\FR685_V05.X\mcc_generated_files\LINDrivers/lin_slave.c:271
;     uint16_t checksum = pid;
     3fa: 70 08        	movf	0x70, w
     3fb: f3 00        	movwf	0x73
     3fc: f4 01        	clrf	0x74
     3fd: 73 08        	movf	0x73, w
     3fe: f7 00        	movwf	0x77
     3ff: 74 08        	movf	0x74, w
     400: f8 00        	movwf	0x78
; D:\yiming\00work\FR685_V05.X\mcc_generated_files\LINDrivers/lin_slave.c:273
;     for (uint8_t i = 0; i < length; i++){
     401: f6 01        	clrf	0x76
     402: 21 2c        	goto	0x421
; D:\yiming\00work\FR685_V05.X\mcc_generated_files\LINDrivers/lin_slave.c:274
;         checksum = checksum + *data++;
     403: 71 08        	movf	0x71, w
     404: 86 00        	movwf	0x6
     405: 72 08        	movf	0x72, w
     406: 87 00        	movwf	0x7
     407: 01 08        	movf	0x1, w
     408: 77 07        	addwf	0x77, w
     409: f7 00        	movwf	0x77
     40a: 78 08        	movf	0x78, w
     40b: 03 18        	btfsc	0x3, 0x0
     40c: 78 0a        	incf	0x78, w
     40d: f8 00        	movwf	0x78
     40e: 01 30        	movlw	0x1
     40f: f1 07        	addwf	0x71, f
     410: 00 30        	movlw	0x0
     411: f2 3d        	addwfc	0x72, f
; D:\yiming\00work\FR685_V05.X\mcc_generated_files\LINDrivers/lin_slave.c:275
;         if(checksum > 0xFF)
     412: 01 30        	movlw	0x1
     413: 78 02        	subwf	0x78, w
     414: 00 30        	movlw	0x0
     415: 03 19        	btfsc	0x3, 0x2
     416: 77 02        	subwf	0x77, w
     417: 03 1c        	btfss	0x3, 0x0
     418: 1a 2c        	goto	0x41a
     419: 1b 2c        	goto	0x41b
     41a: 1f 2c        	goto	0x41f
; D:\yiming\00work\FR685_V05.X\mcc_generated_files\LINDrivers/lin_slave.c:276
;             checksum -= 0xFF;
     41b: ff 30        	movlw	0xff
     41c: f7 02        	subwf	0x77, f
     41d: 00 30        	movlw	0x0
     41e: f8 3b        	<unknown>
; D:\yiming\00work\FR685_V05.X\mcc_generated_files\LINDrivers/lin_slave.c:277
;     }
     41f: 01 30        	movlw	0x1
     420: f6 07        	addwf	0x76, f
     421: 75 08        	movf	0x75, w
     422: 76 02        	subwf	0x76, w
     423: 03 1c        	btfss	0x3, 0x0
     424: 26 2c        	goto	0x426
     425: 27 2c        	goto	0x427
     426: 03 2c        	goto	0x403
; D:\yiming\00work\FR685_V05.X\mcc_generated_files\LINDrivers/lin_slave.c:278
;     checksum = ~checksum;
     427: f7 09        	comf	0x77, f
     428: f8 09        	comf	0x78, f
; D:\yiming\00work\FR685_V05.X\mcc_generated_files\LINDrivers/lin_slave.c:280
;     return (uint8_t)checksum;
     429: 77 08        	movf	0x77, w
; D:\yiming\00work\FR685_V05.X\mcc_generated_files\LINDrivers/lin_slave.c:281
; }
     42a: 08 00        	return

0000042b <__ptext27>:
; __end_of_LIN_getChecksum():
; D:\yiming\00work\FR685_V05.X\mcc_generated_files/eusart.c:173
; void EUSART_Write(uint8_t txData)
     42b: f9 00        	movwf	0x79
; D:\yiming\00work\FR685_V05.X\mcc_generated_files/eusart.c:175
;     while(0 == eusartTxBufferRemaining)
     42c: 20 00        	movlb	0x0
     42d: 46 08        	movf	0x46, w
     42e: 03 19        	btfsc	0x3, 0x2
     42f: 31 2c        	goto	0x431
     430: 32 2c        	goto	0x432
     431: 2c 2c        	goto	0x42c
; D:\yiming\00work\FR685_V05.X\mcc_generated_files/eusart.c:179
;     if(0 == PIE1bits.TXIE)
     432: 21 00        	movlb	0x1
     433: 11 1a        	btfsc	0x11, 0x4
     434: 36 2c        	goto	0x436
     435: 37 2c        	goto	0x437
     436: 3b 2c        	goto	0x43b
; D:\yiming\00work\FR685_V05.X\mcc_generated_files/eusart.c:181
;         TXREG = txData;
     437: 79 08        	movf	0x79, w
     438: 23 00        	movlb	0x3
     439: 9a 00        	movwf	0x1a
; D:\yiming\00work\FR685_V05.X\mcc_generated_files/eusart.c:182
;     }
     43a: 4e 2c        	goto	0x44e
; D:\yiming\00work\FR685_V05.X\mcc_generated_files/eusart.c:185
;         PIE1bits.TXIE = 0;
     43b: 11 12        	bcf	0x11, 0x4
; D:\yiming\00work\FR685_V05.X\mcc_generated_files/eusart.c:186
;         eusartTxBuffer[eusartTxHead++] = txData;
     43c: 20 00        	movlb	0x0
     43d: 48 08        	movf	0x48, w
     43e: 28 3e        	addlw	0x28, w
     43f: 86 00        	movwf	0x6
     440: 87 01        	clrf	0x7
     441: 79 08        	movf	0x79, w
     442: 81 00        	movwf	0x1
     443: 01 30        	movlw	0x1
     444: c8 07        	addwf	0x48, f
; D:\yiming\00work\FR685_V05.X\mcc_generated_files/eusart.c:187
;         if(sizeof(eusartTxBuffer) <= eusartTxHead)
     445: 08 30        	movlw	0x8
     446: 48 02        	subwf	0x48, w
     447: 03 1c        	btfss	0x3, 0x0
     448: 4a 2c        	goto	0x44a
     449: 4b 2c        	goto	0x44b
     44a: 4c 2c        	goto	0x44c
; D:\yiming\00work\FR685_V05.X\mcc_generated_files/eusart.c:189
;             eusartTxHead = 0;
     44b: c8 01        	clrf	0x48
; D:\yiming\00work\FR685_V05.X\mcc_generated_files/eusart.c:191
;         eusartTxBufferRemaining--;
     44c: 01 30        	movlw	0x1
     44d: c6 02        	subwf	0x46, f
; D:\yiming\00work\FR685_V05.X\mcc_generated_files/eusart.c:193
;     PIE1bits.TXIE = 1;
     44e: 21 00        	movlb	0x1
     44f: 11 16        	bsf	0x11, 0x4
; D:\yiming\00work\FR685_V05.X\mcc_generated_files/eusart.c:194
; }
     450: 08 00        	return

00000451 <__ptext25>:
; _LIN_sendPacket():
; D:\yiming\00work\FR685_V05.X\mcc_generated_files\LINDrivers/lin_slave.c:192
; void LIN_sendPacket(uint8_t length, uint8_t pid, uint8_t* data){
     451: 20 00        	movlb	0x0
     452: dc 00        	movwf	0x5c
; D:\yiming\00work\FR685_V05.X\mcc_generated_files\LINDrivers/lin_slave.c:195
;     for(uint8_t i = 0; i < length; i++){
     453: dd 01        	clrf	0x5d
     454: 62 2c        	goto	0x462
; D:\yiming\00work\FR685_V05.X\mcc_generated_files\LINDrivers/lin_slave.c:196
;         EUSART_Write(*(data + i));
     455: 5d 08        	movf	0x5d, w
     456: 7b 07        	addwf	0x7b, w
     457: 86 00        	movwf	0x6
     458: 00 30        	movlw	0x0
     459: 7c 3d        	addwfc	0x7c, w
     45a: 87 00        	movwf	0x7
     45b: 01 08        	movf	0x1, w
     45c: 84 31        	movlp	0x4
     45d: 2b 24        	call	0x42b
     45e: 84 31        	movlp	0x4
; D:\yiming\00work\FR685_V05.X\mcc_generated_files\LINDrivers/lin_slave.c:197
;     }
     45f: 01 30        	movlw	0x1
     460: 20 00        	movlb	0x0
     461: dd 07        	addwf	0x5d, f
     462: 5c 08        	movf	0x5c, w
     463: 5d 02        	subwf	0x5d, w
     464: 03 1c        	btfss	0x3, 0x0
     465: 67 2c        	goto	0x467
     466: 68 2c        	goto	0x468
     467: 55 2c        	goto	0x455
; D:\yiming\00work\FR685_V05.X\mcc_generated_files\LINDrivers/lin_slave.c:199
;     EUSART_Write(LIN_getChecksum(length, pid, data));
     468: 7a 08        	movf	0x7a, w
     469: f0 00        	movwf	0x70
     46a: 7c 08        	movf	0x7c, w
     46b: f2 00        	movwf	0x72
     46c: 7b 08        	movf	0x7b, w
     46d: f1 00        	movwf	0x71
     46e: 5c 08        	movf	0x5c, w
     46f: 83 31        	movlp	0x3
     470: f9 23        	call	0x3f9
     471: 84 31        	movlp	0x4
     472: 84 31        	movlp	0x4
     473: 2b 24        	call	0x42b
     474: 84 31        	movlp	0x4
; D:\yiming\00work\FR685_V05.X\mcc_generated_files\LINDrivers/lin_slave.c:200
; }
     475: 08 00        	return

00000476 <__ptext35>:
; __ptext35():
; D:\yiming\00work\FR685_V05.X\mcc_generated_files/eusart.c:155
;     while(0 == eusartRxCount)
     476: 20 00        	movlb	0x0
     477: 44 08        	movf	0x44, w
     478: 03 19        	btfsc	0x3, 0x2
     479: 7b 2c        	goto	0x47b
     47a: 7c 2c        	goto	0x47c
     47b: 76 2c        	goto	0x476
; D:\yiming\00work\FR685_V05.X\mcc_generated_files/eusart.c:159
;     eusartRxLastError = eusartRxStatusBuffer[eusartRxTail];
     47c: 45 08        	movf	0x45, w
     47d: 20 3e        	addlw	0x20, w
     47e: 86 00        	movwf	0x6
     47f: 87 01        	clrf	0x7
     480: 01 08        	movf	0x1, w
     481: c3 00        	movwf	0x43
; D:\yiming\00work\FR685_V05.X\mcc_generated_files/eusart.c:161
;     readValue = eusartRxBuffer[eusartRxTail++];
     482: 45 08        	movf	0x45, w
     483: a0 3e        	addlw	0x20, f
     484: 86 00        	movwf	0x6
     485: 87 01        	clrf	0x7
     486: 01 08        	movf	0x1, w
     487: f0 00        	movwf	0x70
     488: 01 30        	movlw	0x1
     489: c5 07        	addwf	0x45, f
; D:\yiming\00work\FR685_V05.X\mcc_generated_files/eusart.c:162
;     if(sizeof(eusartRxBuffer) <= eusartRxTail)
     48a: 08 30        	movlw	0x8
     48b: 45 02        	subwf	0x45, w
     48c: 03 1c        	btfss	0x3, 0x0
     48d: 8f 2c        	goto	0x48f
     48e: 90 2c        	goto	0x490
     48f: 91 2c        	goto	0x491
; D:\yiming\00work\FR685_V05.X\mcc_generated_files/eusart.c:164
;         eusartRxTail = 0;
     490: c5 01        	clrf	0x45
; D:\yiming\00work\FR685_V05.X\mcc_generated_files/eusart.c:166
;     PIE1bits.RCIE = 0;
     491: 21 00        	movlb	0x1
     492: 91 12        	bcf	0x11, 0x5
; D:\yiming\00work\FR685_V05.X\mcc_generated_files/eusart.c:167
;     eusartRxCount--;
     493: 01 30        	movlw	0x1
     494: 20 00        	movlb	0x0
     495: c4 02        	subwf	0x44, f
; D:\yiming\00work\FR685_V05.X\mcc_generated_files/eusart.c:168
;     PIE1bits.RCIE = 1;
     496: 21 00        	movlb	0x1
     497: 91 16        	bsf	0x11, 0x5
; D:\yiming\00work\FR685_V05.X\mcc_generated_files/eusart.c:170
;     return readValue;
     498: 70 08        	movf	0x70, w
; D:\yiming\00work\FR685_V05.X\mcc_generated_files/eusart.c:171
; }
     499: 08 00        	return

0000049a <__ptext18>:
; __ptext18():
; D:\yiming\00work\FR685_V05.X\mcc_generated_files\LINDrivers/lin_slave.c:203
;     uint8_t cmd = LIN_packet.PID & 0x3F;
     49a: 20 00        	movlb	0x0
     49b: 4f 08        	movf	0x4f, w
     49c: 3f 39        	andlw	0x3f
     49d: fa 00        	movwf	0x7a
; D:\yiming\00work\FR685_V05.X\mcc_generated_files\LINDrivers/lin_slave.c:205
;     memcpy(data, LIN_packet.data, sizeof(LIN_packet.data));
     49e: 79 08        	movf	0x79, w
     49f: f0 00        	movwf	0x70
     4a0: f1 01        	clrf	0x71
     4a1: 50 30        	movlw	0x50
     4a2: f2 00        	movwf	0x72
     4a3: 00 30        	movlw	0x0
     4a4: f3 00        	movwf	0x73
     4a5: 08 30        	movlw	0x8
     4a6: f4 00        	movwf	0x74
     4a7: 00 30        	movlw	0x0
     4a8: f5 00        	movwf	0x75
     4a9: 84 31        	movlp	0x4
     4aa: bc 24        	call	0x4bc
     4ab: 84 31        	movlp	0x4
; D:\yiming\00work\FR685_V05.X\mcc_generated_files\LINDrivers/lin_slave.c:206
;     memset(LIN_packet.rawPacket, 0, sizeof(LIN_packet.rawPacket));
     4ac: 4f 30        	movlw	0x4f
     4ad: f0 00        	movwf	0x70
     4ae: 00 30        	movlw	0x0
     4af: f1 00        	movwf	0x71
     4b0: 00 30        	movlw	0x0
     4b1: f2 00        	movwf	0x72
     4b2: f3 00        	movwf	0x73
     4b3: 0d 30        	movlw	0xd
     4b4: f4 00        	movwf	0x74
     4b5: 00 30        	movlw	0x0
     4b6: f5 00        	movwf	0x75
     4b7: 85 31        	movlp	0x5
     4b8: 2e 25        	call	0x52e
     4b9: 84 31        	movlp	0x4
; D:\yiming\00work\FR685_V05.X\mcc_generated_files\LINDrivers/lin_slave.c:208
;     return cmd;
     4ba: 7a 08        	movf	0x7a, w
; D:\yiming\00work\FR685_V05.X\mcc_generated_files\LINDrivers/lin_slave.c:209
; }
     4bb: 08 00        	return

000004bc <_memcpy>:
; __end_of_LIN_getPacket():
; c:\PROGRA~1\MICROC~1\xc8\v3.10\pic\sources\c99\common/memcpy.c:11
; 	s = s1;
     4bc: 72 08        	movf	0x72, w
     4bd: f8 00        	movwf	0x78
; c:\PROGRA~1\MICROC~1\xc8\v3.10\pic\sources\c99\common/memcpy.c:12
; 	d = d1;
     4be: 70 08        	movf	0x70, w
     4bf: f7 00        	movwf	0x77
; c:\PROGRA~1\MICROC~1\xc8\v3.10\pic\sources\c99\common/memcpy.c:13
; 	while(n--) {
     4c0: cf 2c        	goto	0x4cf
; c:\PROGRA~1\MICROC~1\xc8\v3.10\pic\sources\c99\common/memcpy.c:14
; 		tmp = *s++;
     4c1: 78 08        	movf	0x78, w
     4c2: 86 00        	movwf	0x6
     4c3: 87 01        	clrf	0x7
     4c4: 01 08        	movf	0x1, w
     4c5: f6 00        	movwf	0x76
     4c6: 01 30        	movlw	0x1
     4c7: f8 07        	addwf	0x78, f
; c:\PROGRA~1\MICROC~1\xc8\v3.10\pic\sources\c99\common/memcpy.c:15
; 		*d++ = tmp;
     4c8: 77 08        	movf	0x77, w
     4c9: 86 00        	movwf	0x6
     4ca: 87 01        	clrf	0x7
     4cb: 76 08        	movf	0x76, w
     4cc: 81 00        	movwf	0x1
     4cd: 01 30        	movlw	0x1
     4ce: f7 07        	addwf	0x77, f
; c:\PROGRA~1\MICROC~1\xc8\v3.10\pic\sources\c99\common/memcpy.c:16
; 	}
     4cf: 01 30        	movlw	0x1
     4d0: f4 02        	subwf	0x74, f
     4d1: 00 30        	movlw	0x0
     4d2: f5 3b        	<unknown>
     4d3: 74 0a        	incf	0x74, w
; c:\PROGRA~1\MICROC~1\xc8\v3.10\pic\sources\c99\common/memcpy.c:13
; 	while(n--) {
     4d4: 03 1d        	btfss	0x3, 0x2
     4d5: da 2c        	goto	0x4da
     4d6: 75 0a        	incf	0x75, w
     4d7: 03 1d        	btfss	0x3, 0x2
     4d8: da 2c        	goto	0x4da
     4d9: db 2c        	goto	0x4db
     4da: c1 2c        	goto	0x4c1
; c:\PROGRA~1\MICROC~1\xc8\v3.10\pic\sources\c99\common/memcpy.c:18
; }
     4db: 08 00        	return

000004dc <__ptext42>:
; _EUSART_Transmit_ISR():
; D:\yiming\00work\FR685_V05.X\mcc_generated_files/eusart.c:201
;     if(sizeof(eusartTxBuffer) > eusartTxBufferRemaining)
     4dc: 08 30        	movlw	0x8
     4dd: 20 00        	movlb	0x0
     4de: 46 02        	subwf	0x46, w
     4df: 03 18        	btfsc	0x3, 0x0
     4e0: e2 2c        	goto	0x4e2
     4e1: e3 2c        	goto	0x4e3
     4e2: f7 2c        	goto	0x4f7
; D:\yiming\00work\FR685_V05.X\mcc_generated_files/eusart.c:203
;         TXREG = eusartTxBuffer[eusartTxTail++];
     4e3: 47 08        	movf	0x47, w
     4e4: 28 3e        	addlw	0x28, w
     4e5: 86 00        	movwf	0x6
     4e6: 87 01        	clrf	0x7
     4e7: 01 08        	movf	0x1, w
     4e8: 23 00        	movlb	0x3
     4e9: 9a 00        	movwf	0x1a
     4ea: 01 30        	movlw	0x1
     4eb: 20 00        	movlb	0x0
     4ec: c7 07        	addwf	0x47, f
; D:\yiming\00work\FR685_V05.X\mcc_generated_files/eusart.c:204
;         if(sizeof(eusartTxBuffer) <= eusartTxTail)
     4ed: 08 30        	movlw	0x8
     4ee: 47 02        	subwf	0x47, w
     4ef: 03 1c        	btfss	0x3, 0x0
     4f0: f2 2c        	goto	0x4f2
     4f1: f3 2c        	goto	0x4f3
     4f2: f4 2c        	goto	0x4f4
; D:\yiming\00work\FR685_V05.X\mcc_generated_files/eusart.c:206
;             eusartTxTail = 0;
     4f3: c7 01        	clrf	0x47
; D:\yiming\00work\FR685_V05.X\mcc_generated_files/eusart.c:208
;         eusartTxBufferRemaining++;
     4f4: 01 30        	movlw	0x1
     4f5: c6 07        	addwf	0x46, f
; D:\yiming\00work\FR685_V05.X\mcc_generated_files/eusart.c:209
;     }
     4f6: f9 2c        	goto	0x4f9
; D:\yiming\00work\FR685_V05.X\mcc_generated_files/eusart.c:212
;         PIE1bits.TXIE = 0;
     4f7: 21 00        	movlb	0x1
     4f8: 11 12        	bcf	0x11, 0x4
; D:\yiming\00work\FR685_V05.X\mcc_generated_files/eusart.c:214
; }
     4f9: 08 00        	return

000004fa <__ptext4>:
; __ptext4():
; D:\yiming\00work\FR685_V05.X\mcc_generated_files/pin_manager.c:60
;     LATE = 0x00;
     4fa: 22 00        	movlb	0x2
     4fb: 90 01        	clrf	0x10
; D:\yiming\00work\FR685_V05.X\mcc_generated_files/pin_manager.c:61
;     LATA = 0x00;
     4fc: 8c 01        	clrf	0xc
; D:\yiming\00work\FR685_V05.X\mcc_generated_files/pin_manager.c:62
;     LATB = 0x00;
     4fd: 8d 01        	clrf	0xd
; D:\yiming\00work\FR685_V05.X\mcc_generated_files/pin_manager.c:63
;     LATC = 0x00;
     4fe: 8e 01        	clrf	0xe
; D:\yiming\00work\FR685_V05.X\mcc_generated_files/pin_manager.c:68
;     TRISE = 0x08;
     4ff: 08 30        	movlw	0x8
     500: 21 00        	movlb	0x1
     501: 90 00        	movwf	0x10
; D:\yiming\00work\FR685_V05.X\mcc_generated_files/pin_manager.c:69
;     TRISA = 0xFF;
     502: ff 30        	movlw	0xff
     503: 8c 00        	movwf	0xc
; D:\yiming\00work\FR685_V05.X\mcc_generated_files/pin_manager.c:70
;     TRISB = 0xC0;
     504: c0 30        	movlw	0xc0
     505: 8d 00        	movwf	0xd
; D:\yiming\00work\FR685_V05.X\mcc_generated_files/pin_manager.c:71
;     TRISC = 0xBF;
     506: bf 30        	movlw	0xbf
     507: 8e 00        	movwf	0xe
; D:\yiming\00work\FR685_V05.X\mcc_generated_files/pin_manager.c:76
;     ANSELB = 0x00;
     508: 23 00        	movlb	0x3
     509: 8d 01        	clrf	0xd
; D:\yiming\00work\FR685_V05.X\mcc_generated_files/pin_manager.c:77
;     ANSELA = 0x3F;
     50a: 3f 30        	movlw	0x3f
     50b: 8c 00        	movwf	0xc
; D:\yiming\00work\FR685_V05.X\mcc_generated_files/pin_manager.c:82
;     WPUE = 0x00;
     50c: 24 00        	movlb	0x4
     50d: 90 01        	clrf	0x10
; D:\yiming\00work\FR685_V05.X\mcc_generated_files/pin_manager.c:83
;     WPUB = 0x00;
     50e: 8d 01        	clrf	0xd
; D:\yiming\00work\FR685_V05.X\mcc_generated_files/pin_manager.c:84
;     OPTION_REGbits.nWPUEN = 1;
     50f: 21 00        	movlb	0x1
     510: 95 17        	bsf	0x15, 0x7
; D:\yiming\00work\FR685_V05.X\mcc_generated_files/pin_manager.c:90
;     APFCON = 0x00;
     511: 22 00        	movlb	0x2
     512: 9d 01        	clrf	0x1d
; D:\yiming\00work\FR685_V05.X\mcc_generated_files/pin_manager.c:97
; }
     513: 08 00        	return

00000514 <__ptext30>:
; __end_of_PIN_MANAGER_Initialize():
; D:\yiming\00work\FR685_V05.X\mcc_generated_files\LINDrivers/lin_slave.c:241
; bool LIN_checkPID(uint8_t pid){
     514: f7 00        	movwf	0x77
; D:\yiming\00work\FR685_V05.X\mcc_generated_files\LINDrivers/lin_slave.c:242
;     if(LIN_getFromTable(pid, TYPE) == ERROR)
     515: f0 01        	clrf	0x70
     516: f0 0a        	incf	0x70, f
     517: 77 08        	movf	0x77, w
     518: 83 31        	movlp	0x3
     519: 24 23        	call	0x324
     51a: 85 31        	movlp	0x5
     51b: 02 3a        	xorlw	0x2
     51c: 03 1d        	btfss	0x3, 0x2
     51d: 1f 2d        	goto	0x51f
     51e: 20 2d        	goto	0x520
     51f: 22 2d        	goto	0x522
; D:\yiming\00work\FR685_V05.X\mcc_generated_files\LINDrivers/lin_slave.c:243
;         return false;   //PID not in schedule table
     520: 00 30        	movlw	0x0
     521: 2d 2d        	goto	0x52d
; D:\yiming\00work\FR685_V05.X\mcc_generated_files\LINDrivers/lin_slave.c:245
;     if(pid == LIN_calcParity(pid & 0x3F))
     522: 77 08        	movf	0x77, w
     523: 3f 39        	andlw	0x3f
     524: 82 31        	movlp	0x2
     525: 3c 22        	call	0x23c
     526: 85 31        	movlp	0x5
     527: 77 06        	xorwf	0x77, w
     528: 03 1d        	btfss	0x3, 0x2
     529: 2b 2d        	goto	0x52b
     52a: 2c 2d        	goto	0x52c
     52b: 20 2d        	goto	0x520
; D:\yiming\00work\FR685_V05.X\mcc_generated_files\LINDrivers/lin_slave.c:246
;         return true;  
     52c: 01 30        	movlw	0x1
; D:\yiming\00work\FR685_V05.X\mcc_generated_files\LINDrivers/lin_slave.c:250
; }
     52d: 08 00        	return

0000052e <_memset>:
; __end_of_LIN_checkPID():
; c:\PROGRA~1\MICROC~1\xc8\v3.10\pic\sources\c99\common/memset.c:5
; 	unsigned char * p = dest;
     52e: 70 08        	movf	0x70, w
     52f: f6 00        	movwf	0x76
; c:\PROGRA~1\MICROC~1\xc8\v3.10\pic\sources\c99\common/memset.c:6
; 	while (n--) {
     530: 38 2d        	goto	0x538
; c:\PROGRA~1\MICROC~1\xc8\v3.10\pic\sources\c99\common/memset.c:7
; 		*p++ = (unsigned char)c;
     531: 76 08        	movf	0x76, w
     532: 86 00        	movwf	0x6
     533: 87 01        	clrf	0x7
     534: 72 08        	movf	0x72, w
     535: 81 00        	movwf	0x1
     536: 01 30        	movlw	0x1
     537: f6 07        	addwf	0x76, f
; c:\PROGRA~1\MICROC~1\xc8\v3.10\pic\sources\c99\common/memset.c:6
; 	while (n--) {
     538: 01 30        	movlw	0x1
     539: f4 02        	subwf	0x74, f
     53a: 00 30        	movlw	0x0
     53b: f5 3b        	<unknown>
     53c: 74 0a        	incf	0x74, w
     53d: 03 1d        	btfss	0x3, 0x2
     53e: 43 2d        	goto	0x543
     53f: 75 0a        	incf	0x75, w
     540: 03 1d        	btfss	0x3, 0x2
     541: 43 2d        	goto	0x543
     542: 44 2d        	goto	0x544
     543: 31 2d        	goto	0x531
; c:\PROGRA~1\MICROC~1\xc8\v3.10\pic\sources\c99\common/memset.c:10
; }
     544: 08 00        	return

00000545 <__ptext7>:
; __ptext7():
; D:\yiming\00work\FR685_V05.X\mcc_generated_files\LINDrivers/lin_slave.c:57
; void LIN_init(uint8_t tableLength, const lin_rx_cmd_t* const command, void (*processData)(void)){
     545: f6 00        	movwf	0x76
; D:\yiming\00work\FR685_V05.X\mcc_generated_files\LINDrivers/lin_slave.c:58
;     LIN_rxCommand = command;
     546: 73 08        	movf	0x73, w
     547: 20 00        	movlb	0x0
     548: bd 00        	movwf	0x3d
     549: 72 08        	movf	0x72, w
     54a: bc 00        	movwf	0x3c
; D:\yiming\00work\FR685_V05.X\mcc_generated_files\LINDrivers/lin_slave.c:59
;     LIN_rxCommandLength = tableLength;
     54b: 76 08        	movf	0x76, w
     54c: cd 00        	movwf	0x4d
; D:\yiming\00work\FR685_V05.X\mcc_generated_files\LINDrivers/lin_slave.c:60
;     LIN_processData = processData;
     54d: 75 08        	movf	0x75, w
     54e: bf 00        	movwf	0x3f
     54f: 74 08        	movf	0x74, w
     550: be 00        	movwf	0x3e
; D:\yiming\00work\FR685_V05.X\mcc_generated_files\LINDrivers/lin_slave.c:61
;     LIN_stopTimer();
     551: 86 31        	movlp	0x6
     552: 39 26        	call	0x639
     553: 85 31        	movlp	0x5
; D:\yiming\00work\FR685_V05.X\mcc_generated_files\LINDrivers/lin_slave.c:62
;     LIN_enableRx();
     554: 86 31        	movlp	0x6
     555: 43 26        	call	0x643
     556: 85 31        	movlp	0x5
; D:\yiming\00work\FR685_V05.X\mcc_generated_files\LINDrivers/lin_slave.c:63
;     LIN_setTimerHandler();
     557: 86 31        	movlp	0x6
     558: 02 26        	call	0x602
     559: 85 31        	movlp	0x5
; D:\yiming\00work\FR685_V05.X\mcc_generated_files\LINDrivers/lin_slave.c:64
; }
     55a: 08 00        	return

0000055b <__ptext3>:
; __ptext3():
; D:\yiming\00work\FR685_V05.X\mcc_generated_files/tmr0.c:69
;     OPTION_REG = (uint8_t)((OPTION_REG & 0xC0) | (0xD4 & 0x3F)); 
     55b: 21 00        	movlb	0x1
     55c: 15 08        	movf	0x15, w
     55d: c0 39        	andlw	0xc0
     55e: 14 38        	iorlw	0x14
     55f: 95 00        	movwf	0x15
; D:\yiming\00work\FR685_V05.X\mcc_generated_files/tmr0.c:72
;     TMR0 = 0x06;
     560: 06 30        	movlw	0x6
     561: 20 00        	movlb	0x0
     562: 95 00        	movwf	0x15
; D:\yiming\00work\FR685_V05.X\mcc_generated_files/tmr0.c:75
;     timer0ReloadVal= 6;
     563: 06 30        	movlw	0x6
     564: c2 00        	movwf	0x42
; D:\yiming\00work\FR685_V05.X\mcc_generated_files/tmr0.c:78
;     INTCONbits.TMR0IF = 0;
     565: 0b 11        	bcf	0xb, 0x2
; D:\yiming\00work\FR685_V05.X\mcc_generated_files/tmr0.c:81
;     INTCONbits.TMR0IE = 1;
     566: 8b 16        	bsf	0xb, 0x5
; D:\yiming\00work\FR685_V05.X\mcc_generated_files/tmr0.c:84
;     TMR0_SetInterruptHandler(TMR0_DefaultInterruptHandler);
     567: 62 30        	movlw	0x62
     568: f0 00        	movwf	0x70
     569: 06 30        	movlw	0x6
     56a: f1 00        	movwf	0x71
     56b: 86 31        	movlp	0x6
     56c: 10 26        	call	0x610
     56d: 85 31        	movlp	0x5
; D:\yiming\00work\FR685_V05.X\mcc_generated_files/tmr0.c:85
; }
     56e: 08 00        	return

0000056f <__ptext47>:
; __end_of_TMR0_Initialize():
; D:\yiming\00work\FR685_V05.X\mcc_generated_files/eusart.c:242
;     eusartRxBuffer[eusartRxHead++] = RCREG;
     56f: 7d 08        	movf	0x7d, w
     570: a0 3e        	addlw	0x20, f
     571: 86 00        	movwf	0x6
     572: 87 01        	clrf	0x7
     573: 23 00        	movlb	0x3
     574: 19 08        	movf	0x19, w
     575: 81 00        	movwf	0x1
     576: 01 30        	movlw	0x1
     577: fd 07        	addwf	0x7d, f
; D:\yiming\00work\FR685_V05.X\mcc_generated_files/eusart.c:243
;     if(sizeof(eusartRxBuffer) <= eusartRxHead)
     578: 08 30        	movlw	0x8
     579: 7d 02        	subwf	0x7d, w
     57a: 03 1c        	btfss	0x3, 0x0
     57b: 7d 2d        	goto	0x57d
     57c: 7e 2d        	goto	0x57e
     57d: 7f 2d        	goto	0x57f
; D:\yiming\00work\FR685_V05.X\mcc_generated_files/eusart.c:245
;         eusartRxHead = 0;
     57e: fd 01        	clrf	0x7d
; D:\yiming\00work\FR685_V05.X\mcc_generated_files/eusart.c:247
;     eusartRxCount++;
     57f: 01 30        	movlw	0x1
     580: 20 00        	movlb	0x0
     581: c4 07        	addwf	0x44, f
; D:\yiming\00work\FR685_V05.X\mcc_generated_files/eusart.c:248
; }
     582: 08 00        	return

00000583 <__ptext1>:
; __end_of_EUSART_RxDataHandler():
; D:\yiming\00work\FR685_V05.X\mcc_generated_files/mcc.c:53
;     PIN_MANAGER_Initialize();
     583: 84 31        	movlp	0x4
     584: fa 24        	call	0x4fa
     585: 85 31        	movlp	0x5
; D:\yiming\00work\FR685_V05.X\mcc_generated_files/mcc.c:54
;     OSCILLATOR_Initialize();
     586: 85 31        	movlp	0x5
     587: e2 25        	call	0x5e2
     588: 85 31        	movlp	0x5
; D:\yiming\00work\FR685_V05.X\mcc_generated_files/mcc.c:55
;     WDT_Initialize();
     589: 86 31        	movlp	0x6
     58a: 52 26        	call	0x652
     58b: 85 31        	movlp	0x5
; D:\yiming\00work\FR685_V05.X\mcc_generated_files/mcc.c:56
;     TMR0_Initialize();
     58c: 85 31        	movlp	0x5
     58d: 5b 25        	call	0x55b
     58e: 85 31        	movlp	0x5
; D:\yiming\00work\FR685_V05.X\mcc_generated_files/mcc.c:57
;     EUSART_Initialize();
     58f: 83 31        	movlp	0x3
     590: 82 23        	call	0x382
     591: 85 31        	movlp	0x5
; D:\yiming\00work\FR685_V05.X\mcc_generated_files/mcc.c:58
;     LIN_Slave_Initialize();
     592: 85 31        	movlp	0x5
     593: c8 25        	call	0x5c8
     594: 85 31        	movlp	0x5
; D:\yiming\00work\FR685_V05.X\mcc_generated_files/mcc.c:59
; }
     595: 08 00        	return

00000596 <__ptext33>:
; __ptext33():
; D:\yiming\00work\FR685_V05.X\mcc_generated_files\LINDrivers/lin_slave.c:324
;     if((EUSART_Read() == 0x00) && (EUSART_get_last_status().ferr == 1)){
     596: 84 31        	movlp	0x4
     597: 76 24        	call	0x476
     598: 85 31        	movlp	0x5
     599: 00 3a        	xorlw	0x0
     59a: 03 1d        	btfss	0x3, 0x2
     59b: 9d 2d        	goto	0x59d
     59c: 9e 2d        	goto	0x59e
     59d: a7 2d        	goto	0x5a7
     59e: 86 31        	movlp	0x6
     59f: 5e 26        	call	0x65e
     5a0: 85 31        	movlp	0x5
     5a1: 89 1c        	btfss	0x9, 0x1
     5a2: a4 2d        	goto	0x5a4
     5a3: a5 2d        	goto	0x5a5
     5a4: a7 2d        	goto	0x5a7
; D:\yiming\00work\FR685_V05.X\mcc_generated_files\LINDrivers/lin_slave.c:325
;         return true;
     5a5: 01 30        	movlw	0x1
     5a6: a8 2d        	goto	0x5a8
; D:\yiming\00work\FR685_V05.X\mcc_generated_files\LINDrivers/lin_slave.c:328
;     return false;
     5a7: 00 30        	movlw	0x0
; D:\yiming\00work\FR685_V05.X\mcc_generated_files\LINDrivers/lin_slave.c:329
; }
     5a8: 08 00        	return

000005a9 <__ptext38>:
; __end_of_LIN_breakCheck():
; D:\yiming\00work\FR685_V05.X\mcc_generated_files/tmr0.c:112
;     INTCONbits.TMR0IF = 0;
     5a9: 0b 11        	bcf	0xb, 0x2
; D:\yiming\00work\FR685_V05.X\mcc_generated_files/tmr0.c:114
;     TMR0 = timer0ReloadVal;
     5aa: 20 00        	movlb	0x0
     5ab: 42 08        	movf	0x42, w
     5ac: 95 00        	movwf	0x15
; D:\yiming\00work\FR685_V05.X\mcc_generated_files/tmr0.c:116
;     if(TMR0_InterruptHandler)
     5ad: 30 08        	movf	0x30, w
     5ae: 31 04        	iorwf	0x31, w
     5af: 03 19        	btfsc	0x3, 0x2
     5b0: b2 2d        	goto	0x5b2
     5b1: b3 2d        	goto	0x5b3
     5b2: b8 2d        	goto	0x5b8
; D:\yiming\00work\FR685_V05.X\mcc_generated_files/tmr0.c:118
;         TMR0_InterruptHandler();
     5b3: 31 08        	movf	0x31, w
     5b4: 8a 00        	movwf	0xa
     5b5: 30 08        	movf	0x30, w
     5b6: 0a 00        	callw
     5b7: 85 31        	movlp	0x5
; D:\yiming\00work\FR685_V05.X\mcc_generated_files/tmr0.c:122
; }
     5b8: 08 00        	return

000005b9 <__ptext21>:
; __end_of_TMR0_ISR():
; D:\yiming\00work\FR685_V05.X\mcc_generated_files\LINDrivers/lin_slave.c:283
; void LIN_startTimer(uint8_t timeout){
     5b9: f1 00        	movwf	0x71
; D:\yiming\00work\FR685_V05.X\mcc_generated_files\LINDrivers/lin_slave.c:284
;     LIN_timeout = timeout;
     5ba: 71 08        	movf	0x71, w
     5bb: 20 00        	movlb	0x0
     5bc: eb 00        	movwf	0x6b
; D:\yiming\00work\FR685_V05.X\mcc_generated_files\LINDrivers/lin_slave.c:285
;     TMR0_WriteTimer(0);
     5bd: 00 30        	movlw	0x0
     5be: 86 31        	movlp	0x6
     5bf: 3e 26        	call	0x63e
     5c0: 85 31        	movlp	0x5
; D:\yiming\00work\FR685_V05.X\mcc_generated_files\LINDrivers/lin_slave.c:286
;     CountCallBack=0;
     5c1: 20 00        	movlb	0x0
     5c2: cb 01        	clrf	0x4b
; D:\yiming\00work\FR685_V05.X\mcc_generated_files\LINDrivers/lin_slave.c:287
;     NOP();
     5c3: 00 00        	nop
; D:\yiming\00work\FR685_V05.X\mcc_generated_files\LINDrivers/lin_slave.c:288
;     LIN_timerRunning = true;
     5c4: 01 30        	movlw	0x1
     5c5: 20 00        	movlb	0x0
     5c6: cc 00        	movwf	0x4c
; D:\yiming\00work\FR685_V05.X\mcc_generated_files\LINDrivers/lin_slave.c:289
; }
     5c7: 08 00        	return

000005c8 <__ptext6>:
; __ptext6():
; D:\yiming\00work\FR685_V05.X\mcc_generated_files\LINDrivers/lin_app.c:81
;   LIN_init(TABLE_SIZE, scheduleTable, processLIN);
     5c8: 34 30        	movlw	0x34
     5c9: f2 00        	movwf	0x72
     5ca: 86 30        	movlw	0x86
     5cb: f3 00        	movwf	0x73
     5cc: 86 30        	movlw	0x86
     5cd: f4 00        	movwf	0x74
     5ce: 01 30        	movlw	0x1
     5cf: f5 00        	movwf	0x75
     5d0: 01 30        	movlw	0x1
     5d1: 85 31        	movlp	0x5
     5d2: 45 25        	call	0x545
     5d3: 85 31        	movlp	0x5
; D:\yiming\00work\FR685_V05.X\mcc_generated_files\LINDrivers/lin_app.c:82
; }
     5d4: 08 00        	return

000005d5 <__ptext39>:
; _LIN_timerHandler():
; D:\yiming\00work\FR685_V05.X\mcc_generated_files\LINDrivers/lin_slave.c:294
;     if (++CountCallBack >= LIN_timeout)
     5d5: 01 30        	movlw	0x1
     5d6: 20 00        	movlb	0x0
     5d7: cb 07        	addwf	0x4b, f
     5d8: 6b 08        	movf	0x6b, w
     5d9: 4b 02        	subwf	0x4b, w
     5da: 03 1c        	btfss	0x3, 0x0
     5db: dd 2d        	goto	0x5dd
     5dc: de 2d        	goto	0x5de
     5dd: e1 2d        	goto	0x5e1
; D:\yiming\00work\FR685_V05.X\mcc_generated_files\LINDrivers/lin_slave.c:297
;         LIN_stopTimer();
     5de: 86 31        	movlp	0x6
     5df: 4d 26        	call	0x64d
     5e0: 85 31        	movlp	0x5
; D:\yiming\00work\FR685_V05.X\mcc_generated_files\LINDrivers/lin_slave.c:299
; }
     5e1: 08 00        	return

000005e2 <__ptext5>:
; _OSCILLATOR_Initialize():
; D:\yiming\00work\FR685_V05.X\mcc_generated_files/mcc.c:64
;     OSCCON = 0x70;
     5e2: 70 30        	movlw	0x70
     5e3: 21 00        	movlb	0x1
     5e4: 99 00        	movwf	0x19
; D:\yiming\00work\FR685_V05.X\mcc_generated_files/mcc.c:66
;     OSCTUNE = 0x00;
     5e5: 98 01        	clrf	0x18
; D:\yiming\00work\FR685_V05.X\mcc_generated_files/mcc.c:68
;     BORCON = 0x00;
     5e6: 22 00        	movlb	0x2
     5e7: 96 01        	clrf	0x16
; D:\yiming\00work\FR685_V05.X\mcc_generated_files/mcc.c:72
;     }
     5e8: 21 00        	movlb	0x1
     5e9: 1a 1f        	btfss	0x1a, 0x6
     5ea: ec 2d        	goto	0x5ec
     5eb: ed 2d        	goto	0x5ed
     5ec: e8 2d        	goto	0x5e8
; D:\yiming\00work\FR685_V05.X\mcc_generated_files/mcc.c:73
; }
     5ed: 08 00        	return

000005ee <_main>:
; __end_of_OSCILLATOR_Initialize():
; D:\yiming\00work\FR685_V05.X/main.c:50
;     SYSTEM_Initialize();
     5ee: 85 31        	movlp	0x5
     5ef: 83 25        	call	0x583
     5f0: 85 31        	movlp	0x5
; D:\yiming\00work\FR685_V05.X/main.c:53
;     INTERRUPT_GlobalInterruptEnable();
     5f1: 8b 17        	bsf	0xb, 0x7
; D:\yiming\00work\FR685_V05.X/main.c:55
;     INTERRUPT_PeripheralInterruptEnable();
     5f2: 0b 17        	bsf	0xb, 0x6
; D:\yiming\00work\FR685_V05.X/main.c:60
;         LIN_handler();
     5f3: 80 31        	movlp	0x0
     5f4: 56 20        	call	0x56
     5f5: 85 31        	movlp	0x5
     5f6: f3 2d        	goto	0x5f3
     5f7: 80 31        	movlp	0x0
     5f8: 3b 28        	goto	0x3b

000005f9 <__ptext36>:
; __end_of_main():
; D:\yiming\00work\FR685_V05.X\mcc_generated_files/eusart.c:139
;     return (eusartRxCount ? true : false);
     5f9: 20 00        	movlb	0x0
     5fa: 44 08        	movf	0x44, w
     5fb: 03 1d        	btfss	0x3, 0x2
     5fc: fe 2d        	goto	0x5fe
     5fd: 00 2e        	goto	0x600
     5fe: 01 30        	movlw	0x1
     5ff: 01 2e        	goto	0x601
     600: 00 30        	movlw	0x0
; D:\yiming\00work\FR685_V05.X\mcc_generated_files/eusart.c:140
; }
     601: 08 00        	return

00000602 <__ptext8>:
; _LIN_setTimerHandler():
; D:\yiming\00work\FR685_V05.X\mcc_generated_files\LINDrivers/lin_slave.c:302
;     TMR0_SetInterruptHandler(LIN_timerHandler);
     602: d5 30        	movlw	0xd5
     603: f0 00        	movwf	0x70
     604: 05 30        	movlw	0x5
     605: f1 00        	movwf	0x71
     606: 86 31        	movlp	0x6
     607: 10 26        	call	0x610
     608: 86 31        	movlp	0x6
; D:\yiming\00work\FR685_V05.X\mcc_generated_files\LINDrivers/lin_slave.c:303
; }
     609: 08 00        	return

0000060a <clear_ram0>:
; clear_ram0():
     60a: 64 00        	tris	0x4
     60b: 80 01        	clrf	0x0
     60c: 01 31        	addfsr	0, 0x1
     60d: 89 0b        	decfsz	0x9, f
     60e: 0b 2e        	goto	0x60b
     60f: 00 34        	retlw	0x0

00000610 <__ptext9>:
; __ptext9():
; D:\yiming\00work\FR685_V05.X\mcc_generated_files/tmr0.c:126
;     TMR0_InterruptHandler = InterruptHandler;
     610: 71 08        	movf	0x71, w
     611: 20 00        	movlb	0x0
     612: b1 00        	movwf	0x31
     613: 70 08        	movf	0x70, w
     614: b0 00        	movwf	0x30
; D:\yiming\00work\FR685_V05.X\mcc_generated_files/tmr0.c:127
; }
     615: 08 00        	return

00000616 <__ptext11>:
; __ptext11():
; D:\yiming\00work\FR685_V05.X\mcc_generated_files/eusart.c:277
;     EUSART_TxDefaultInterruptHandler = interruptHandler;
     616: 71 08        	movf	0x71, w
     617: 20 00        	movlb	0x0
     618: bb 00        	movwf	0x3b
     619: 70 08        	movf	0x70, w
     61a: ba 00        	movwf	0x3a
; D:\yiming\00work\FR685_V05.X\mcc_generated_files/eusart.c:278
; }
     61b: 08 00        	return

0000061c <__ptext12>:
; __end_of_EUSART_SetTxInterruptHandler():
; D:\yiming\00work\FR685_V05.X\mcc_generated_files/eusart.c:281
;     EUSART_RxDefaultInterruptHandler = interruptHandler;
     61c: 71 08        	movf	0x71, w
     61d: 20 00        	movlb	0x0
     61e: b9 00        	movwf	0x39
     61f: 70 08        	movf	0x70, w
     620: b8 00        	movwf	0x38
; D:\yiming\00work\FR685_V05.X\mcc_generated_files/eusart.c:282
; }
     621: 08 00        	return

00000622 <__ptext13>:
; __end_of_EUSART_SetRxInterruptHandler():
; D:\yiming\00work\FR685_V05.X\mcc_generated_files/eusart.c:269
;     EUSART_OverrunErrorHandler = interruptHandler;
     622: 71 08        	movf	0x71, w
     623: 20 00        	movlb	0x0
     624: b5 00        	movwf	0x35
     625: 70 08        	movf	0x70, w
     626: b4 00        	movwf	0x34
; D:\yiming\00work\FR685_V05.X\mcc_generated_files/eusart.c:270
; }
     627: 08 00        	return

00000628 <__ptext14>:
; _EUSART_SetFramingErrorHandler():
; D:\yiming\00work\FR685_V05.X\mcc_generated_files/eusart.c:265
;     EUSART_FramingErrorHandler = interruptHandler;
     628: 71 08        	movf	0x71, w
     629: 20 00        	movlb	0x0
     62a: b7 00        	movwf	0x37
     62b: 70 08        	movf	0x70, w
     62c: b6 00        	movwf	0x36
; D:\yiming\00work\FR685_V05.X\mcc_generated_files/eusart.c:266
; }
     62d: 08 00        	return

0000062e <__ptext15>:
; __ptext15():
; D:\yiming\00work\FR685_V05.X\mcc_generated_files/eusart.c:273
;     EUSART_ErrorHandler = interruptHandler;
     62e: 71 08        	movf	0x71, w
     62f: 20 00        	movlb	0x0
     630: b3 00        	movwf	0x33
     631: 70 08        	movf	0x70, w
     632: b2 00        	movwf	0x32
; D:\yiming\00work\FR685_V05.X\mcc_generated_files/eusart.c:274
; }
     633: 08 00        	return
