

Microchip MPLAB XC8 Assembler V3.10 build 20250813170317 
                                                                                               Mon Aug 31 13:14:25 2026

Microchip MPLAB XC8 C Compiler v3.10 (Free license) build 20250813170317 Og1 
     1                           	processor	16F1936
     2                           	pagewidth 120
     3                           	opt	flic
     4                           	psect	idataBANK0,global,class=CODE,space=0,delta=2,noexec
     5                           	psect	stringtext1,global,class=STRCODE,space=0,delta=2,noexec
     6                           	psect	cinit,global,class=CODE,space=0,merge=1,delta=2
     7                           	psect	bssCOMMON,global,class=COMMON,space=1,delta=1,noexec
     8                           	psect	bssBANK0,global,class=BANK0,space=1,delta=1,noexec
     9                           	psect	dataBANK0,global,class=BANK0,space=1,delta=1,noexec
    10                           	psect	bssBANK1,global,class=BANK1,space=1,delta=1,noexec
    11                           	psect	clrtext,global,class=CODE,space=0,delta=2
    12                           	psect	cstackCOMMON,global,class=COMMON,space=1,delta=1,noexec
    13                           	psect	cstackBANK0,global,class=BANK0,space=1,delta=1,noexec
    14                           	psect	maintext,global,class=CODE,space=0,merge=1,split=1,delta=2
    15                           	psect	text1,local,class=CODE,space=0,merge=1,delta=2
    16                           	psect	text2,local,class=CODE,space=0,merge=1,delta=2
    17                           	psect	text3,local,class=CODE,space=0,merge=1,delta=2
    18                           	psect	text4,local,class=CODE,space=0,merge=1,delta=2
    19                           	psect	text5,local,class=CODE,space=0,merge=1,delta=2
    20                           	psect	text6,local,class=CODE,space=0,merge=1,delta=2
    21                           	psect	text7,local,class=CODE,space=0,merge=1,delta=2
    22                           	psect	text8,local,class=CODE,space=0,merge=1,delta=2
    23                           	psect	text9,local,class=CODE,space=0,merge=1,delta=2
    24                           	psect	text10,local,class=CODE,space=0,merge=1,delta=2
    25                           	psect	text11,local,class=CODE,space=0,merge=1,delta=2
    26                           	psect	text12,local,class=CODE,space=0,merge=1,delta=2
    27                           	psect	text13,local,class=CODE,space=0,merge=1,delta=2
    28                           	psect	text14,local,class=CODE,space=0,merge=1,delta=2
    29                           	psect	text15,local,class=CODE,space=0,merge=1,delta=2
    30                           	psect	text16,local,class=CODE,space=0,merge=1,delta=2
    31                           	psect	text17,local,class=CODE,space=0,merge=1,delta=2
    32                           	psect	text18,local,class=CODE,space=0,merge=1,delta=2
    33                           	psect	text19,local,class=CODE,space=0,merge=1,delta=2,group=2
    34                           	psect	text20,local,class=CODE,space=0,merge=1,delta=2
    35                           	psect	text21,local,class=CODE,space=0,merge=1,delta=2
    36                           	psect	text22,local,class=CODE,space=0,merge=1,delta=2
    37                           	psect	text23,local,class=CODE,space=0,merge=1,delta=2
    38                           	psect	text24,local,class=CODE,space=0,merge=1,delta=2,group=2
    39                           	psect	text25,local,class=CODE,space=0,merge=1,delta=2
    40                           	psect	text26,local,class=CODE,space=0,merge=1,delta=2
    41                           	psect	text27,local,class=CODE,space=0,merge=1,delta=2
    42                           	psect	text28,local,class=CODE,space=0,merge=1,delta=2
    43                           	psect	text29,local,class=CODE,space=0,merge=1,delta=2
    44                           	psect	text30,local,class=CODE,space=0,merge=1,delta=2
    45                           	psect	text31,local,class=CODE,space=0,merge=1,delta=2
    46                           	psect	text32,local,class=CODE,space=0,merge=1,delta=2
    47                           	psect	text33,local,class=CODE,space=0,merge=1,delta=2
    48                           	psect	text34,local,class=CODE,space=0,merge=1,delta=2
    49                           	psect	text35,local,class=CODE,space=0,merge=1,delta=2
    50                           	psect	text36,local,class=CODE,space=0,merge=1,delta=2
    51                           	psect	intentry,global,class=CODE,space=0,delta=2
    52                           	psect	text38,local,class=CODE,space=0,merge=1,delta=2
    53                           	psect	text39,local,class=CODE,space=0,merge=1,delta=2
    54                           	psect	text40,local,class=CODE,space=0,merge=1,delta=2
    55                           	psect	text41,local,class=CODE,space=0,merge=1,delta=2
    56                           	psect	text42,local,class=CODE,space=0,merge=1,delta=2
    57                           	psect	text43,local,class=CODE,space=0,merge=1,delta=2
    58                           	psect	text44,local,class=CODE,space=0,merge=1,delta=2
    59                           	psect	text45,local,class=CODE,space=0,merge=1,delta=2
    60                           	psect	text46,local,class=CODE,space=0,merge=1,delta=2
    61                           	psect	text47,local,class=CODE,space=0,merge=1,delta=2
    62                           	psect	idloc,global,abs,ovrld,class=IDLOC,space=5,delta=2,noexec
    63                           	psect	config,global,abs,ovrld,class=CONFIG,space=4,delta=2,noexec
    64                           	dabs	1,0x7E,2
    65     0000                     
    66                           ; Generated 22/04/2026 GMT
    67                           ; 
    68                           ; Copyright (c) 2026 Microchip Technology Inc. and its subsidiaries.
    69                           ; 
    70                           ; Licensed under the Apache License, Version 2.0 (the "License");
    71                           ; you may not use this file except in compliance with the License.
    72                           ; You may obtain a copy of the License at
    73                           ; 
    74                           ;   http://www.apache.org/licenses/LICENSE-2.0
    75                           ; 
    76                           ; Unless required by applicable law or agreed to in writing, software
    77                           ; distributed under the License is distributed on an "AS IS" BASIS,
    78                           ; WITHOUT WARRANTIES OR CONDITIONS OF ANY KIND, either express or implied.
    79                           ; See the License for the specific language governing permissions and
    80                           ; limitations under the License.
    81                           ; 
    82                           ; 
    83                           ; Code-generator required, PIC16F1936 Definitions
    84                           ; 
    85                           ; SFR Addresses
    86     0008                     bsr             equ	8
    87     0005                     fsr0h           equ	5
    88     0004                     fsr0l           equ	4
    89     0007                     fsr1h           equ	7
    90     0006                     fsr1l           equ	6
    91     0000                     indf            equ	0
    92     0000                     indf0           equ	0
    93     0001                     indf1           equ	1
    94     000B                     intcon          equ	11
    95     0002                     pc              equ	2
    96     0002                     pcl             equ	2
    97     000A                     pclath          equ	10
    98     0003                     status          equ	3
    99     0009                     wreg            equ	9
   100     0000                     INDF0           equ	0	;# 
   101     0001                     INDF1           equ	1	;# 
   102     0002                     PCL             equ	2	;# 
   103     0003                     STATUS          equ	3	;# 
   104     0004                     FSR0L           equ	4	;# 
   105     0005                     FSR0H           equ	5	;# 
   106     0006                     FSR1L           equ	6	;# 
   107     0007                     FSR1H           equ	7	;# 
   108     0008                     BSR             equ	8	;# 
   109     0009                     WREG            equ	9	;# 
   110     000A                     PCLATH          equ	10	;# 
   111     000B                     INTCON          equ	11	;# 
   112     000C                     PORTA           equ	12	;# 
   113     000D                     PORTB           equ	13	;# 
   114     000E                     PORTC           equ	14	;# 
   115     0010                     PORTE           equ	16	;# 
   116     0011                     PIR1            equ	17	;# 
   117     0012                     PIR2            equ	18	;# 
   118     0013                     PIR3            equ	19	;# 
   119     0015                     TMR0            equ	21	;# 
   120     0016                     TMR1            equ	22	;# 
   121     0016                     TMR1L           equ	22	;# 
   122     0017                     TMR1H           equ	23	;# 
   123     0018                     T1CON           equ	24	;# 
   124     0019                     T1GCON          equ	25	;# 
   125     001A                     TMR2            equ	26	;# 
   126     001B                     PR2             equ	27	;# 
   127     001C                     T2CON           equ	28	;# 
   128     001E                     CPSCON0         equ	30	;# 
   129     001F                     CPSCON1         equ	31	;# 
   130     008C                     TRISA           equ	140	;# 
   131     008D                     TRISB           equ	141	;# 
   132     008E                     TRISC           equ	142	;# 
   133     0090                     TRISE           equ	144	;# 
   134     0091                     PIE1            equ	145	;# 
   135     0092                     PIE2            equ	146	;# 
   136     0093                     PIE3            equ	147	;# 
   137     0095                     OPTION_REG      equ	149	;# 
   138     0096                     PCON            equ	150	;# 
   139     0097                     WDTCON          equ	151	;# 
   140     0098                     OSCTUNE         equ	152	;# 
   141     0099                     OSCCON          equ	153	;# 
   142     009A                     OSCSTAT         equ	154	;# 
   143     009B                     ADRES           equ	155	;# 
   144     009B                     ADRESL          equ	155	;# 
   145     009C                     ADRESH          equ	156	;# 
   146     009D                     ADCON0          equ	157	;# 
   147     009E                     ADCON1          equ	158	;# 
   148     010C                     LATA            equ	268	;# 
   149     010D                     LATB            equ	269	;# 
   150     010E                     LATC            equ	270	;# 
   151     0110                     LATE            equ	272	;# 
   152     0111                     CM1CON0         equ	273	;# 
   153     0112                     CM1CON1         equ	274	;# 
   154     0113                     CM2CON0         equ	275	;# 
   155     0114                     CM2CON1         equ	276	;# 
   156     0115                     CMOUT           equ	277	;# 
   157     0116                     BORCON          equ	278	;# 
   158     0117                     FVRCON          equ	279	;# 
   159     0118                     DACCON0         equ	280	;# 
   160     0119                     DACCON1         equ	281	;# 
   161     011A                     SRCON0          equ	282	;# 
   162     011B                     SRCON1          equ	283	;# 
   163     011D                     APFCON          equ	285	;# 
   164     018C                     ANSELA          equ	396	;# 
   165     018D                     ANSELB          equ	397	;# 
   166     0191                     EEADR           equ	401	;# 
   167     0191                     EEADRL          equ	401	;# 
   168     0192                     EEADRH          equ	402	;# 
   169     0193                     EEDAT           equ	403	;# 
   170     0193                     EEDATL          equ	403	;# 
   171     0193                     EEDATA          equ	403	;# 
   172     0194                     EEDATH          equ	404	;# 
   173     0195                     EECON1          equ	405	;# 
   174     0196                     EECON2          equ	406	;# 
   175     0199                     RCREG           equ	409	;# 
   176     019A                     TXREG           equ	410	;# 
   177     019B                     SP1BRG          equ	411	;# 
   178     019B                     SP1BRGL         equ	411	;# 
   179     019B                     SPBRG           equ	411	;# 
   180     019B                     SPBRGL          equ	411	;# 
   181     019C                     SP1BRGH         equ	412	;# 
   182     019C                     SPBRGH          equ	412	;# 
   183     019D                     RCSTA           equ	413	;# 
   184     019E                     TXSTA           equ	414	;# 
   185     019F                     BAUDCON         equ	415	;# 
   186     020D                     WPUB            equ	525	;# 
   187     0210                     WPUE            equ	528	;# 
   188     0211                     SSPBUF          equ	529	;# 
   189     0212                     SSPADD          equ	530	;# 
   190     0213                     SSPMSK          equ	531	;# 
   191     0214                     SSPSTAT         equ	532	;# 
   192     0215                     SSPCON1         equ	533	;# 
   193     0215                     SSPCON          equ	533	;# 
   194     0216                     SSPCON2         equ	534	;# 
   195     0217                     SSPCON3         equ	535	;# 
   196     0291                     CCPR1           equ	657	;# 
   197     0291                     CCPR1L          equ	657	;# 
   198     0292                     CCPR1H          equ	658	;# 
   199     0293                     CCP1CON         equ	659	;# 
   200     0294                     PWM1CON         equ	660	;# 
   201     0295                     CCP1AS          equ	661	;# 
   202     0295                     ECCP1AS         equ	661	;# 
   203     0296                     PSTR1CON        equ	662	;# 
   204     0298                     CCPR2           equ	664	;# 
   205     0298                     CCPR2L          equ	664	;# 
   206     0299                     CCPR2H          equ	665	;# 
   207     029A                     CCP2CON         equ	666	;# 
   208     029B                     PWM2CON         equ	667	;# 
   209     029C                     CCP2AS          equ	668	;# 
   210     029C                     ECCP2AS         equ	668	;# 
   211     029D                     PSTR2CON        equ	669	;# 
   212     029E                     CCPTMRS0        equ	670	;# 
   213     029F                     CCPTMRS1        equ	671	;# 
   214     0311                     CCPR3           equ	785	;# 
   215     0311                     CCPR3L          equ	785	;# 
   216     0312                     CCPR3H          equ	786	;# 
   217     0313                     CCP3CON         equ	787	;# 
   218     0314                     PWM3CON         equ	788	;# 
   219     0315                     CCP3AS          equ	789	;# 
   220     0315                     ECCP3AS         equ	789	;# 
   221     0316                     PSTR3CON        equ	790	;# 
   222     0318                     CCPR4           equ	792	;# 
   223     0318                     CCPR4L          equ	792	;# 
   224     0319                     CCPR4H          equ	793	;# 
   225     031A                     CCP4CON         equ	794	;# 
   226     031C                     CCPR5           equ	796	;# 
   227     031C                     CCPR5L          equ	796	;# 
   228     031D                     CCPR5H          equ	797	;# 
   229     031E                     CCP5CON         equ	798	;# 
   230     0394                     IOCBP           equ	916	;# 
   231     0395                     IOCBN           equ	917	;# 
   232     0396                     IOCBF           equ	918	;# 
   233     0415                     TMR4            equ	1045	;# 
   234     0416                     PR4             equ	1046	;# 
   235     0417                     T4CON           equ	1047	;# 
   236     041C                     TMR6            equ	1052	;# 
   237     041D                     PR6             equ	1053	;# 
   238     041E                     T6CON           equ	1054	;# 
   239     0791                     LCDCON          equ	1937	;# 
   240     0792                     LCDPS           equ	1938	;# 
   241     0793                     LCDREF          equ	1939	;# 
   242     0794                     LCDCST          equ	1940	;# 
   243     0795                     LCDRL           equ	1941	;# 
   244     0798                     LCDSE0          equ	1944	;# 
   245     0799                     LCDSE1          equ	1945	;# 
   246     07A0                     LCDDATA0        equ	1952	;# 
   247     07A1                     LCDDATA1        equ	1953	;# 
   248     07A3                     LCDDATA3        equ	1955	;# 
   249     07A4                     LCDDATA4        equ	1956	;# 
   250     07A6                     LCDDATA6        equ	1958	;# 
   251     07A7                     LCDDATA7        equ	1959	;# 
   252     07A9                     LCDDATA9        equ	1961	;# 
   253     07AA                     LCDDATA10       equ	1962	;# 
   254     0FE4                     STATUS_SHAD     equ	4068	;# 
   255     0FE5                     WREG_SHAD       equ	4069	;# 
   256     0FE6                     BSR_SHAD        equ	4070	;# 
   257     0FE7                     PCLATH_SHAD     equ	4071	;# 
   258     0FE8                     FSR0L_SHAD      equ	4072	;# 
   259     0FE9                     FSR0H_SHAD      equ	4073	;# 
   260     0FEA                     FSR1L_SHAD      equ	4074	;# 
   261     0FEB                     FSR1H_SHAD      equ	4075	;# 
   262     0FED                     STKPTR          equ	4077	;# 
   263     0FEE                     TOSL            equ	4078	;# 
   264     0FEF                     TOSH            equ	4079	;# 
   265     0000                     INDF0           equ	0	;# 
   266     0001                     INDF1           equ	1	;# 
   267     0002                     PCL             equ	2	;# 
   268     0003                     STATUS          equ	3	;# 
   269     0004                     FSR0L           equ	4	;# 
   270     0005                     FSR0H           equ	5	;# 
   271     0006                     FSR1L           equ	6	;# 
   272     0007                     FSR1H           equ	7	;# 
   273     0008                     BSR             equ	8	;# 
   274     0009                     WREG            equ	9	;# 
   275     000A                     PCLATH          equ	10	;# 
   276     000B                     INTCON          equ	11	;# 
   277     000C                     PORTA           equ	12	;# 
   278     000D                     PORTB           equ	13	;# 
   279     000E                     PORTC           equ	14	;# 
   280     0010                     PORTE           equ	16	;# 
   281     0011                     PIR1            equ	17	;# 
   282     0012                     PIR2            equ	18	;# 
   283     0013                     PIR3            equ	19	;# 
   284     0015                     TMR0            equ	21	;# 
   285     0016                     TMR1            equ	22	;# 
   286     0016                     TMR1L           equ	22	;# 
   287     0017                     TMR1H           equ	23	;# 
   288     0018                     T1CON           equ	24	;# 
   289     0019                     T1GCON          equ	25	;# 
   290     001A                     TMR2            equ	26	;# 
   291     001B                     PR2             equ	27	;# 
   292     001C                     T2CON           equ	28	;# 
   293     001E                     CPSCON0         equ	30	;# 
   294     001F                     CPSCON1         equ	31	;# 
   295     008C                     TRISA           equ	140	;# 
   296     008D                     TRISB           equ	141	;# 
   297     008E                     TRISC           equ	142	;# 
   298     0090                     TRISE           equ	144	;# 
   299     0091                     PIE1            equ	145	;# 
   300     0092                     PIE2            equ	146	;# 
   301     0093                     PIE3            equ	147	;# 
   302     0095                     OPTION_REG      equ	149	;# 
   303     0096                     PCON            equ	150	;# 
   304     0097                     WDTCON          equ	151	;# 
   305     0098                     OSCTUNE         equ	152	;# 
   306     0099                     OSCCON          equ	153	;# 
   307     009A                     OSCSTAT         equ	154	;# 
   308     009B                     ADRES           equ	155	;# 
   309     009B                     ADRESL          equ	155	;# 
   310     009C                     ADRESH          equ	156	;# 
   311     009D                     ADCON0          equ	157	;# 
   312     009E                     ADCON1          equ	158	;# 
   313     010C                     LATA            equ	268	;# 
   314     010D                     LATB            equ	269	;# 
   315     010E                     LATC            equ	270	;# 
   316     0110                     LATE            equ	272	;# 
   317     0111                     CM1CON0         equ	273	;# 
   318     0112                     CM1CON1         equ	274	;# 
   319     0113                     CM2CON0         equ	275	;# 
   320     0114                     CM2CON1         equ	276	;# 
   321     0115                     CMOUT           equ	277	;# 
   322     0116                     BORCON          equ	278	;# 
   323     0117                     FVRCON          equ	279	;# 
   324     0118                     DACCON0         equ	280	;# 
   325     0119                     DACCON1         equ	281	;# 
   326     011A                     SRCON0          equ	282	;# 
   327     011B                     SRCON1          equ	283	;# 
   328     011D                     APFCON          equ	285	;# 
   329     018C                     ANSELA          equ	396	;# 
   330     018D                     ANSELB          equ	397	;# 
   331     0191                     EEADR           equ	401	;# 
   332     0191                     EEADRL          equ	401	;# 
   333     0192                     EEADRH          equ	402	;# 
   334     0193                     EEDAT           equ	403	;# 
   335     0193                     EEDATL          equ	403	;# 
   336     0193                     EEDATA          equ	403	;# 
   337     0194                     EEDATH          equ	404	;# 
   338     0195                     EECON1          equ	405	;# 
   339     0196                     EECON2          equ	406	;# 
   340     0199                     RCREG           equ	409	;# 
   341     019A                     TXREG           equ	410	;# 
   342     019B                     SP1BRG          equ	411	;# 
   343     019B                     SP1BRGL         equ	411	;# 
   344     019B                     SPBRG           equ	411	;# 
   345     019B                     SPBRGL          equ	411	;# 
   346     019C                     SP1BRGH         equ	412	;# 
   347     019C                     SPBRGH          equ	412	;# 
   348     019D                     RCSTA           equ	413	;# 
   349     019E                     TXSTA           equ	414	;# 
   350     019F                     BAUDCON         equ	415	;# 
   351     020D                     WPUB            equ	525	;# 
   352     0210                     WPUE            equ	528	;# 
   353     0211                     SSPBUF          equ	529	;# 
   354     0212                     SSPADD          equ	530	;# 
   355     0213                     SSPMSK          equ	531	;# 
   356     0214                     SSPSTAT         equ	532	;# 
   357     0215                     SSPCON1         equ	533	;# 
   358     0215                     SSPCON          equ	533	;# 
   359     0216                     SSPCON2         equ	534	;# 
   360     0217                     SSPCON3         equ	535	;# 
   361     0291                     CCPR1           equ	657	;# 
   362     0291                     CCPR1L          equ	657	;# 
   363     0292                     CCPR1H          equ	658	;# 
   364     0293                     CCP1CON         equ	659	;# 
   365     0294                     PWM1CON         equ	660	;# 
   366     0295                     CCP1AS          equ	661	;# 
   367     0295                     ECCP1AS         equ	661	;# 
   368     0296                     PSTR1CON        equ	662	;# 
   369     0298                     CCPR2           equ	664	;# 
   370     0298                     CCPR2L          equ	664	;# 
   371     0299                     CCPR2H          equ	665	;# 
   372     029A                     CCP2CON         equ	666	;# 
   373     029B                     PWM2CON         equ	667	;# 
   374     029C                     CCP2AS          equ	668	;# 
   375     029C                     ECCP2AS         equ	668	;# 
   376     029D                     PSTR2CON        equ	669	;# 
   377     029E                     CCPTMRS0        equ	670	;# 
   378     029F                     CCPTMRS1        equ	671	;# 
   379     0311                     CCPR3           equ	785	;# 
   380     0311                     CCPR3L          equ	785	;# 
   381     0312                     CCPR3H          equ	786	;# 
   382     0313                     CCP3CON         equ	787	;# 
   383     0314                     PWM3CON         equ	788	;# 
   384     0315                     CCP3AS          equ	789	;# 
   385     0315                     ECCP3AS         equ	789	;# 
   386     0316                     PSTR3CON        equ	790	;# 
   387     0318                     CCPR4           equ	792	;# 
   388     0318                     CCPR4L          equ	792	;# 
   389     0319                     CCPR4H          equ	793	;# 
   390     031A                     CCP4CON         equ	794	;# 
   391     031C                     CCPR5           equ	796	;# 
   392     031C                     CCPR5L          equ	796	;# 
   393     031D                     CCPR5H          equ	797	;# 
   394     031E                     CCP5CON         equ	798	;# 
   395     0394                     IOCBP           equ	916	;# 
   396     0395                     IOCBN           equ	917	;# 
   397     0396                     IOCBF           equ	918	;# 
   398     0415                     TMR4            equ	1045	;# 
   399     0416                     PR4             equ	1046	;# 
   400     0417                     T4CON           equ	1047	;# 
   401     041C                     TMR6            equ	1052	;# 
   402     041D                     PR6             equ	1053	;# 
   403     041E                     T6CON           equ	1054	;# 
   404     0791                     LCDCON          equ	1937	;# 
   405     0792                     LCDPS           equ	1938	;# 
   406     0793                     LCDREF          equ	1939	;# 
   407     0794                     LCDCST          equ	1940	;# 
   408     0795                     LCDRL           equ	1941	;# 
   409     0798                     LCDSE0          equ	1944	;# 
   410     0799                     LCDSE1          equ	1945	;# 
   411     07A0                     LCDDATA0        equ	1952	;# 
   412     07A1                     LCDDATA1        equ	1953	;# 
   413     07A3                     LCDDATA3        equ	1955	;# 
   414     07A4                     LCDDATA4        equ	1956	;# 
   415     07A6                     LCDDATA6        equ	1958	;# 
   416     07A7                     LCDDATA7        equ	1959	;# 
   417     07A9                     LCDDATA9        equ	1961	;# 
   418     07AA                     LCDDATA10       equ	1962	;# 
   419     0FE4                     STATUS_SHAD     equ	4068	;# 
   420     0FE5                     WREG_SHAD       equ	4069	;# 
   421     0FE6                     BSR_SHAD        equ	4070	;# 
   422     0FE7                     PCLATH_SHAD     equ	4071	;# 
   423     0FE8                     FSR0L_SHAD      equ	4072	;# 
   424     0FE9                     FSR0H_SHAD      equ	4073	;# 
   425     0FEA                     FSR1L_SHAD      equ	4074	;# 
   426     0FEB                     FSR1H_SHAD      equ	4075	;# 
   427     0FED                     STKPTR          equ	4077	;# 
   428     0FEE                     TOSL            equ	4078	;# 
   429     0FEF                     TOSH            equ	4079	;# 
   430     0000                     INDF0           equ	0	;# 
   431     0001                     INDF1           equ	1	;# 
   432     0002                     PCL             equ	2	;# 
   433     0003                     STATUS          equ	3	;# 
   434     0004                     FSR0L           equ	4	;# 
   435     0005                     FSR0H           equ	5	;# 
   436     0006                     FSR1L           equ	6	;# 
   437     0007                     FSR1H           equ	7	;# 
   438     0008                     BSR             equ	8	;# 
   439     0009                     WREG            equ	9	;# 
   440     000A                     PCLATH          equ	10	;# 
   441     000B                     INTCON          equ	11	;# 
   442     000C                     PORTA           equ	12	;# 
   443     000D                     PORTB           equ	13	;# 
   444     000E                     PORTC           equ	14	;# 
   445     0010                     PORTE           equ	16	;# 
   446     0011                     PIR1            equ	17	;# 
   447     0012                     PIR2            equ	18	;# 
   448     0013                     PIR3            equ	19	;# 
   449     0015                     TMR0            equ	21	;# 
   450     0016                     TMR1            equ	22	;# 
   451     0016                     TMR1L           equ	22	;# 
   452     0017                     TMR1H           equ	23	;# 
   453     0018                     T1CON           equ	24	;# 
   454     0019                     T1GCON          equ	25	;# 
   455     001A                     TMR2            equ	26	;# 
   456     001B                     PR2             equ	27	;# 
   457     001C                     T2CON           equ	28	;# 
   458     001E                     CPSCON0         equ	30	;# 
   459     001F                     CPSCON1         equ	31	;# 
   460     008C                     TRISA           equ	140	;# 
   461     008D                     TRISB           equ	141	;# 
   462     008E                     TRISC           equ	142	;# 
   463     0090                     TRISE           equ	144	;# 
   464     0091                     PIE1            equ	145	;# 
   465     0092                     PIE2            equ	146	;# 
   466     0093                     PIE3            equ	147	;# 
   467     0095                     OPTION_REG      equ	149	;# 
   468     0096                     PCON            equ	150	;# 
   469     0097                     WDTCON          equ	151	;# 
   470     0098                     OSCTUNE         equ	152	;# 
   471     0099                     OSCCON          equ	153	;# 
   472     009A                     OSCSTAT         equ	154	;# 
   473     009B                     ADRES           equ	155	;# 
   474     009B                     ADRESL          equ	155	;# 
   475     009C                     ADRESH          equ	156	;# 
   476     009D                     ADCON0          equ	157	;# 
   477     009E                     ADCON1          equ	158	;# 
   478     010C                     LATA            equ	268	;# 
   479     010D                     LATB            equ	269	;# 
   480     010E                     LATC            equ	270	;# 
   481     0110                     LATE            equ	272	;# 
   482     0111                     CM1CON0         equ	273	;# 
   483     0112                     CM1CON1         equ	274	;# 
   484     0113                     CM2CON0         equ	275	;# 
   485     0114                     CM2CON1         equ	276	;# 
   486     0115                     CMOUT           equ	277	;# 
   487     0116                     BORCON          equ	278	;# 
   488     0117                     FVRCON          equ	279	;# 
   489     0118                     DACCON0         equ	280	;# 
   490     0119                     DACCON1         equ	281	;# 
   491     011A                     SRCON0          equ	282	;# 
   492     011B                     SRCON1          equ	283	;# 
   493     011D                     APFCON          equ	285	;# 
   494     018C                     ANSELA          equ	396	;# 
   495     018D                     ANSELB          equ	397	;# 
   496     0191                     EEADR           equ	401	;# 
   497     0191                     EEADRL          equ	401	;# 
   498     0192                     EEADRH          equ	402	;# 
   499     0193                     EEDAT           equ	403	;# 
   500     0193                     EEDATL          equ	403	;# 
   501     0193                     EEDATA          equ	403	;# 
   502     0194                     EEDATH          equ	404	;# 
   503     0195                     EECON1          equ	405	;# 
   504     0196                     EECON2          equ	406	;# 
   505     0199                     RCREG           equ	409	;# 
   506     019A                     TXREG           equ	410	;# 
   507     019B                     SP1BRG          equ	411	;# 
   508     019B                     SP1BRGL         equ	411	;# 
   509     019B                     SPBRG           equ	411	;# 
   510     019B                     SPBRGL          equ	411	;# 
   511     019C                     SP1BRGH         equ	412	;# 
   512     019C                     SPBRGH          equ	412	;# 
   513     019D                     RCSTA           equ	413	;# 
   514     019E                     TXSTA           equ	414	;# 
   515     019F                     BAUDCON         equ	415	;# 
   516     020D                     WPUB            equ	525	;# 
   517     0210                     WPUE            equ	528	;# 
   518     0211                     SSPBUF          equ	529	;# 
   519     0212                     SSPADD          equ	530	;# 
   520     0213                     SSPMSK          equ	531	;# 
   521     0214                     SSPSTAT         equ	532	;# 
   522     0215                     SSPCON1         equ	533	;# 
   523     0215                     SSPCON          equ	533	;# 
   524     0216                     SSPCON2         equ	534	;# 
   525     0217                     SSPCON3         equ	535	;# 
   526     0291                     CCPR1           equ	657	;# 
   527     0291                     CCPR1L          equ	657	;# 
   528     0292                     CCPR1H          equ	658	;# 
   529     0293                     CCP1CON         equ	659	;# 
   530     0294                     PWM1CON         equ	660	;# 
   531     0295                     CCP1AS          equ	661	;# 
   532     0295                     ECCP1AS         equ	661	;# 
   533     0296                     PSTR1CON        equ	662	;# 
   534     0298                     CCPR2           equ	664	;# 
   535     0298                     CCPR2L          equ	664	;# 
   536     0299                     CCPR2H          equ	665	;# 
   537     029A                     CCP2CON         equ	666	;# 
   538     029B                     PWM2CON         equ	667	;# 
   539     029C                     CCP2AS          equ	668	;# 
   540     029C                     ECCP2AS         equ	668	;# 
   541     029D                     PSTR2CON        equ	669	;# 
   542     029E                     CCPTMRS0        equ	670	;# 
   543     029F                     CCPTMRS1        equ	671	;# 
   544     0311                     CCPR3           equ	785	;# 
   545     0311                     CCPR3L          equ	785	;# 
   546     0312                     CCPR3H          equ	786	;# 
   547     0313                     CCP3CON         equ	787	;# 
   548     0314                     PWM3CON         equ	788	;# 
   549     0315                     CCP3AS          equ	789	;# 
   550     0315                     ECCP3AS         equ	789	;# 
   551     0316                     PSTR3CON        equ	790	;# 
   552     0318                     CCPR4           equ	792	;# 
   553     0318                     CCPR4L          equ	792	;# 
   554     0319                     CCPR4H          equ	793	;# 
   555     031A                     CCP4CON         equ	794	;# 
   556     031C                     CCPR5           equ	796	;# 
   557     031C                     CCPR5L          equ	796	;# 
   558     031D                     CCPR5H          equ	797	;# 
   559     031E                     CCP5CON         equ	798	;# 
   560     0394                     IOCBP           equ	916	;# 
   561     0395                     IOCBN           equ	917	;# 
   562     0396                     IOCBF           equ	918	;# 
   563     0415                     TMR4            equ	1045	;# 
   564     0416                     PR4             equ	1046	;# 
   565     0417                     T4CON           equ	1047	;# 
   566     041C                     TMR6            equ	1052	;# 
   567     041D                     PR6             equ	1053	;# 
   568     041E                     T6CON           equ	1054	;# 
   569     0791                     LCDCON          equ	1937	;# 
   570     0792                     LCDPS           equ	1938	;# 
   571     0793                     LCDREF          equ	1939	;# 
   572     0794                     LCDCST          equ	1940	;# 
   573     0795                     LCDRL           equ	1941	;# 
   574     0798                     LCDSE0          equ	1944	;# 
   575     0799                     LCDSE1          equ	1945	;# 
   576     07A0                     LCDDATA0        equ	1952	;# 
   577     07A1                     LCDDATA1        equ	1953	;# 
   578     07A3                     LCDDATA3        equ	1955	;# 
   579     07A4                     LCDDATA4        equ	1956	;# 
   580     07A6                     LCDDATA6        equ	1958	;# 
   581     07A7                     LCDDATA7        equ	1959	;# 
   582     07A9                     LCDDATA9        equ	1961	;# 
   583     07AA                     LCDDATA10       equ	1962	;# 
   584     0FE4                     STATUS_SHAD     equ	4068	;# 
   585     0FE5                     WREG_SHAD       equ	4069	;# 
   586     0FE6                     BSR_SHAD        equ	4070	;# 
   587     0FE7                     PCLATH_SHAD     equ	4071	;# 
   588     0FE8                     FSR0L_SHAD      equ	4072	;# 
   589     0FE9                     FSR0H_SHAD      equ	4073	;# 
   590     0FEA                     FSR1L_SHAD      equ	4074	;# 
   591     0FEB                     FSR1H_SHAD      equ	4075	;# 
   592     0FED                     STKPTR          equ	4077	;# 
   593     0FEE                     TOSL            equ	4078	;# 
   594     0FEF                     TOSH            equ	4079	;# 
   595     0000                     INDF0           equ	0	;# 
   596     0001                     INDF1           equ	1	;# 
   597     0002                     PCL             equ	2	;# 
   598     0003                     STATUS          equ	3	;# 
   599     0004                     FSR0L           equ	4	;# 
   600     0005                     FSR0H           equ	5	;# 
   601     0006                     FSR1L           equ	6	;# 
   602     0007                     FSR1H           equ	7	;# 
   603     0008                     BSR             equ	8	;# 
   604     0009                     WREG            equ	9	;# 
   605     000A                     PCLATH          equ	10	;# 
   606     000B                     INTCON          equ	11	;# 
   607     000C                     PORTA           equ	12	;# 
   608     000D                     PORTB           equ	13	;# 
   609     000E                     PORTC           equ	14	;# 
   610     0010                     PORTE           equ	16	;# 
   611     0011                     PIR1            equ	17	;# 
   612     0012                     PIR2            equ	18	;# 
   613     0013                     PIR3            equ	19	;# 
   614     0015                     TMR0            equ	21	;# 
   615     0016                     TMR1            equ	22	;# 
   616     0016                     TMR1L           equ	22	;# 
   617     0017                     TMR1H           equ	23	;# 
   618     0018                     T1CON           equ	24	;# 
   619     0019                     T1GCON          equ	25	;# 
   620     001A                     TMR2            equ	26	;# 
   621     001B                     PR2             equ	27	;# 
   622     001C                     T2CON           equ	28	;# 
   623     001E                     CPSCON0         equ	30	;# 
   624     001F                     CPSCON1         equ	31	;# 
   625     008C                     TRISA           equ	140	;# 
   626     008D                     TRISB           equ	141	;# 
   627     008E                     TRISC           equ	142	;# 
   628     0090                     TRISE           equ	144	;# 
   629     0091                     PIE1            equ	145	;# 
   630     0092                     PIE2            equ	146	;# 
   631     0093                     PIE3            equ	147	;# 
   632     0095                     OPTION_REG      equ	149	;# 
   633     0096                     PCON            equ	150	;# 
   634     0097                     WDTCON          equ	151	;# 
   635     0098                     OSCTUNE         equ	152	;# 
   636     0099                     OSCCON          equ	153	;# 
   637     009A                     OSCSTAT         equ	154	;# 
   638     009B                     ADRES           equ	155	;# 
   639     009B                     ADRESL          equ	155	;# 
   640     009C                     ADRESH          equ	156	;# 
   641     009D                     ADCON0          equ	157	;# 
   642     009E                     ADCON1          equ	158	;# 
   643     010C                     LATA            equ	268	;# 
   644     010D                     LATB            equ	269	;# 
   645     010E                     LATC            equ	270	;# 
   646     0110                     LATE            equ	272	;# 
   647     0111                     CM1CON0         equ	273	;# 
   648     0112                     CM1CON1         equ	274	;# 
   649     0113                     CM2CON0         equ	275	;# 
   650     0114                     CM2CON1         equ	276	;# 
   651     0115                     CMOUT           equ	277	;# 
   652     0116                     BORCON          equ	278	;# 
   653     0117                     FVRCON          equ	279	;# 
   654     0118                     DACCON0         equ	280	;# 
   655     0119                     DACCON1         equ	281	;# 
   656     011A                     SRCON0          equ	282	;# 
   657     011B                     SRCON1          equ	283	;# 
   658     011D                     APFCON          equ	285	;# 
   659     018C                     ANSELA          equ	396	;# 
   660     018D                     ANSELB          equ	397	;# 
   661     0191                     EEADR           equ	401	;# 
   662     0191                     EEADRL          equ	401	;# 
   663     0192                     EEADRH          equ	402	;# 
   664     0193                     EEDAT           equ	403	;# 
   665     0193                     EEDATL          equ	403	;# 
   666     0193                     EEDATA          equ	403	;# 
   667     0194                     EEDATH          equ	404	;# 
   668     0195                     EECON1          equ	405	;# 
   669     0196                     EECON2          equ	406	;# 
   670     0199                     RCREG           equ	409	;# 
   671     019A                     TXREG           equ	410	;# 
   672     019B                     SP1BRG          equ	411	;# 
   673     019B                     SP1BRGL         equ	411	;# 
   674     019B                     SPBRG           equ	411	;# 
   675     019B                     SPBRGL          equ	411	;# 
   676     019C                     SP1BRGH         equ	412	;# 
   677     019C                     SPBRGH          equ	412	;# 
   678     019D                     RCSTA           equ	413	;# 
   679     019E                     TXSTA           equ	414	;# 
   680     019F                     BAUDCON         equ	415	;# 
   681     020D                     WPUB            equ	525	;# 
   682     0210                     WPUE            equ	528	;# 
   683     0211                     SSPBUF          equ	529	;# 
   684     0212                     SSPADD          equ	530	;# 
   685     0213                     SSPMSK          equ	531	;# 
   686     0214                     SSPSTAT         equ	532	;# 
   687     0215                     SSPCON1         equ	533	;# 
   688     0215                     SSPCON          equ	533	;# 
   689     0216                     SSPCON2         equ	534	;# 
   690     0217                     SSPCON3         equ	535	;# 
   691     0291                     CCPR1           equ	657	;# 
   692     0291                     CCPR1L          equ	657	;# 
   693     0292                     CCPR1H          equ	658	;# 
   694     0293                     CCP1CON         equ	659	;# 
   695     0294                     PWM1CON         equ	660	;# 
   696     0295                     CCP1AS          equ	661	;# 
   697     0295                     ECCP1AS         equ	661	;# 
   698     0296                     PSTR1CON        equ	662	;# 
   699     0298                     CCPR2           equ	664	;# 
   700     0298                     CCPR2L          equ	664	;# 
   701     0299                     CCPR2H          equ	665	;# 
   702     029A                     CCP2CON         equ	666	;# 
   703     029B                     PWM2CON         equ	667	;# 
   704     029C                     CCP2AS          equ	668	;# 
   705     029C                     ECCP2AS         equ	668	;# 
   706     029D                     PSTR2CON        equ	669	;# 
   707     029E                     CCPTMRS0        equ	670	;# 
   708     029F                     CCPTMRS1        equ	671	;# 
   709     0311                     CCPR3           equ	785	;# 
   710     0311                     CCPR3L          equ	785	;# 
   711     0312                     CCPR3H          equ	786	;# 
   712     0313                     CCP3CON         equ	787	;# 
   713     0314                     PWM3CON         equ	788	;# 
   714     0315                     CCP3AS          equ	789	;# 
   715     0315                     ECCP3AS         equ	789	;# 
   716     0316                     PSTR3CON        equ	790	;# 
   717     0318                     CCPR4           equ	792	;# 
   718     0318                     CCPR4L          equ	792	;# 
   719     0319                     CCPR4H          equ	793	;# 
   720     031A                     CCP4CON         equ	794	;# 
   721     031C                     CCPR5           equ	796	;# 
   722     031C                     CCPR5L          equ	796	;# 
   723     031D                     CCPR5H          equ	797	;# 
   724     031E                     CCP5CON         equ	798	;# 
   725     0394                     IOCBP           equ	916	;# 
   726     0395                     IOCBN           equ	917	;# 
   727     0396                     IOCBF           equ	918	;# 
   728     0415                     TMR4            equ	1045	;# 
   729     0416                     PR4             equ	1046	;# 
   730     0417                     T4CON           equ	1047	;# 
   731     041C                     TMR6            equ	1052	;# 
   732     041D                     PR6             equ	1053	;# 
   733     041E                     T6CON           equ	1054	;# 
   734     0791                     LCDCON          equ	1937	;# 
   735     0792                     LCDPS           equ	1938	;# 
   736     0793                     LCDREF          equ	1939	;# 
   737     0794                     LCDCST          equ	1940	;# 
   738     0795                     LCDRL           equ	1941	;# 
   739     0798                     LCDSE0          equ	1944	;# 
   740     0799                     LCDSE1          equ	1945	;# 
   741     07A0                     LCDDATA0        equ	1952	;# 
   742     07A1                     LCDDATA1        equ	1953	;# 
   743     07A3                     LCDDATA3        equ	1955	;# 
   744     07A4                     LCDDATA4        equ	1956	;# 
   745     07A6                     LCDDATA6        equ	1958	;# 
   746     07A7                     LCDDATA7        equ	1959	;# 
   747     07A9                     LCDDATA9        equ	1961	;# 
   748     07AA                     LCDDATA10       equ	1962	;# 
   749     0FE4                     STATUS_SHAD     equ	4068	;# 
   750     0FE5                     WREG_SHAD       equ	4069	;# 
   751     0FE6                     BSR_SHAD        equ	4070	;# 
   752     0FE7                     PCLATH_SHAD     equ	4071	;# 
   753     0FE8                     FSR0L_SHAD      equ	4072	;# 
   754     0FE9                     FSR0H_SHAD      equ	4073	;# 
   755     0FEA                     FSR1L_SHAD      equ	4074	;# 
   756     0FEB                     FSR1H_SHAD      equ	4075	;# 
   757     0FED                     STKPTR          equ	4077	;# 
   758     0FEE                     TOSL            equ	4078	;# 
   759     0FEF                     TOSH            equ	4079	;# 
   760     0000                     INDF0           equ	0	;# 
   761     0001                     INDF1           equ	1	;# 
   762     0002                     PCL             equ	2	;# 
   763     0003                     STATUS          equ	3	;# 
   764     0004                     FSR0L           equ	4	;# 
   765     0005                     FSR0H           equ	5	;# 
   766     0006                     FSR1L           equ	6	;# 
   767     0007                     FSR1H           equ	7	;# 
   768     0008                     BSR             equ	8	;# 
   769     0009                     WREG            equ	9	;# 
   770     000A                     PCLATH          equ	10	;# 
   771     000B                     INTCON          equ	11	;# 
   772     000C                     PORTA           equ	12	;# 
   773     000D                     PORTB           equ	13	;# 
   774     000E                     PORTC           equ	14	;# 
   775     0010                     PORTE           equ	16	;# 
   776     0011                     PIR1            equ	17	;# 
   777     0012                     PIR2            equ	18	;# 
   778     0013                     PIR3            equ	19	;# 
   779     0015                     TMR0            equ	21	;# 
   780     0016                     TMR1            equ	22	;# 
   781     0016                     TMR1L           equ	22	;# 
   782     0017                     TMR1H           equ	23	;# 
   783     0018                     T1CON           equ	24	;# 
   784     0019                     T1GCON          equ	25	;# 
   785     001A                     TMR2            equ	26	;# 
   786     001B                     PR2             equ	27	;# 
   787     001C                     T2CON           equ	28	;# 
   788     001E                     CPSCON0         equ	30	;# 
   789     001F                     CPSCON1         equ	31	;# 
   790     008C                     TRISA           equ	140	;# 
   791     008D                     TRISB           equ	141	;# 
   792     008E                     TRISC           equ	142	;# 
   793     0090                     TRISE           equ	144	;# 
   794     0091                     PIE1            equ	145	;# 
   795     0092                     PIE2            equ	146	;# 
   796     0093                     PIE3            equ	147	;# 
   797     0095                     OPTION_REG      equ	149	;# 
   798     0096                     PCON            equ	150	;# 
   799     0097                     WDTCON          equ	151	;# 
   800     0098                     OSCTUNE         equ	152	;# 
   801     0099                     OSCCON          equ	153	;# 
   802     009A                     OSCSTAT         equ	154	;# 
   803     009B                     ADRES           equ	155	;# 
   804     009B                     ADRESL          equ	155	;# 
   805     009C                     ADRESH          equ	156	;# 
   806     009D                     ADCON0          equ	157	;# 
   807     009E                     ADCON1          equ	158	;# 
   808     010C                     LATA            equ	268	;# 
   809     010D                     LATB            equ	269	;# 
   810     010E                     LATC            equ	270	;# 
   811     0110                     LATE            equ	272	;# 
   812     0111                     CM1CON0         equ	273	;# 
   813     0112                     CM1CON1         equ	274	;# 
   814     0113                     CM2CON0         equ	275	;# 
   815     0114                     CM2CON1         equ	276	;# 
   816     0115                     CMOUT           equ	277	;# 
   817     0116                     BORCON          equ	278	;# 
   818     0117                     FVRCON          equ	279	;# 
   819     0118                     DACCON0         equ	280	;# 
   820     0119                     DACCON1         equ	281	;# 
   821     011A                     SRCON0          equ	282	;# 
   822     011B                     SRCON1          equ	283	;# 
   823     011D                     APFCON          equ	285	;# 
   824     018C                     ANSELA          equ	396	;# 
   825     018D                     ANSELB          equ	397	;# 
   826     0191                     EEADR           equ	401	;# 
   827     0191                     EEADRL          equ	401	;# 
   828     0192                     EEADRH          equ	402	;# 
   829     0193                     EEDAT           equ	403	;# 
   830     0193                     EEDATL          equ	403	;# 
   831     0193                     EEDATA          equ	403	;# 
   832     0194                     EEDATH          equ	404	;# 
   833     0195                     EECON1          equ	405	;# 
   834     0196                     EECON2          equ	406	;# 
   835     0199                     RCREG           equ	409	;# 
   836     019A                     TXREG           equ	410	;# 
   837     019B                     SP1BRG          equ	411	;# 
   838     019B                     SP1BRGL         equ	411	;# 
   839     019B                     SPBRG           equ	411	;# 
   840     019B                     SPBRGL          equ	411	;# 
   841     019C                     SP1BRGH         equ	412	;# 
   842     019C                     SPBRGH          equ	412	;# 
   843     019D                     RCSTA           equ	413	;# 
   844     019E                     TXSTA           equ	414	;# 
   845     019F                     BAUDCON         equ	415	;# 
   846     020D                     WPUB            equ	525	;# 
   847     0210                     WPUE            equ	528	;# 
   848     0211                     SSPBUF          equ	529	;# 
   849     0212                     SSPADD          equ	530	;# 
   850     0213                     SSPMSK          equ	531	;# 
   851     0214                     SSPSTAT         equ	532	;# 
   852     0215                     SSPCON1         equ	533	;# 
   853     0215                     SSPCON          equ	533	;# 
   854     0216                     SSPCON2         equ	534	;# 
   855     0217                     SSPCON3         equ	535	;# 
   856     0291                     CCPR1           equ	657	;# 
   857     0291                     CCPR1L          equ	657	;# 
   858     0292                     CCPR1H          equ	658	;# 
   859     0293                     CCP1CON         equ	659	;# 
   860     0294                     PWM1CON         equ	660	;# 
   861     0295                     CCP1AS          equ	661	;# 
   862     0295                     ECCP1AS         equ	661	;# 
   863     0296                     PSTR1CON        equ	662	;# 
   864     0298                     CCPR2           equ	664	;# 
   865     0298                     CCPR2L          equ	664	;# 
   866     0299                     CCPR2H          equ	665	;# 
   867     029A                     CCP2CON         equ	666	;# 
   868     029B                     PWM2CON         equ	667	;# 
   869     029C                     CCP2AS          equ	668	;# 
   870     029C                     ECCP2AS         equ	668	;# 
   871     029D                     PSTR2CON        equ	669	;# 
   872     029E                     CCPTMRS0        equ	670	;# 
   873     029F                     CCPTMRS1        equ	671	;# 
   874     0311                     CCPR3           equ	785	;# 
   875     0311                     CCPR3L          equ	785	;# 
   876     0312                     CCPR3H          equ	786	;# 
   877     0313                     CCP3CON         equ	787	;# 
   878     0314                     PWM3CON         equ	788	;# 
   879     0315                     CCP3AS          equ	789	;# 
   880     0315                     ECCP3AS         equ	789	;# 
   881     0316                     PSTR3CON        equ	790	;# 
   882     0318                     CCPR4           equ	792	;# 
   883     0318                     CCPR4L          equ	792	;# 
   884     0319                     CCPR4H          equ	793	;# 
   885     031A                     CCP4CON         equ	794	;# 
   886     031C                     CCPR5           equ	796	;# 
   887     031C                     CCPR5L          equ	796	;# 
   888     031D                     CCPR5H          equ	797	;# 
   889     031E                     CCP5CON         equ	798	;# 
   890     0394                     IOCBP           equ	916	;# 
   891     0395                     IOCBN           equ	917	;# 
   892     0396                     IOCBF           equ	918	;# 
   893     0415                     TMR4            equ	1045	;# 
   894     0416                     PR4             equ	1046	;# 
   895     0417                     T4CON           equ	1047	;# 
   896     041C                     TMR6            equ	1052	;# 
   897     041D                     PR6             equ	1053	;# 
   898     041E                     T6CON           equ	1054	;# 
   899     0791                     LCDCON          equ	1937	;# 
   900     0792                     LCDPS           equ	1938	;# 
   901     0793                     LCDREF          equ	1939	;# 
   902     0794                     LCDCST          equ	1940	;# 
   903     0795                     LCDRL           equ	1941	;# 
   904     0798                     LCDSE0          equ	1944	;# 
   905     0799                     LCDSE1          equ	1945	;# 
   906     07A0                     LCDDATA0        equ	1952	;# 
   907     07A1                     LCDDATA1        equ	1953	;# 
   908     07A3                     LCDDATA3        equ	1955	;# 
   909     07A4                     LCDDATA4        equ	1956	;# 
   910     07A6                     LCDDATA6        equ	1958	;# 
   911     07A7                     LCDDATA7        equ	1959	;# 
   912     07A9                     LCDDATA9        equ	1961	;# 
   913     07AA                     LCDDATA10       equ	1962	;# 
   914     0FE4                     STATUS_SHAD     equ	4068	;# 
   915     0FE5                     WREG_SHAD       equ	4069	;# 
   916     0FE6                     BSR_SHAD        equ	4070	;# 
   917     0FE7                     PCLATH_SHAD     equ	4071	;# 
   918     0FE8                     FSR0L_SHAD      equ	4072	;# 
   919     0FE9                     FSR0H_SHAD      equ	4073	;# 
   920     0FEA                     FSR1L_SHAD      equ	4074	;# 
   921     0FEB                     FSR1H_SHAD      equ	4075	;# 
   922     0FED                     STKPTR          equ	4077	;# 
   923     0FEE                     TOSL            equ	4078	;# 
   924     0FEF                     TOSH            equ	4079	;# 
   925     0000                     INDF0           equ	0	;# 
   926     0001                     INDF1           equ	1	;# 
   927     0002                     PCL             equ	2	;# 
   928     0003                     STATUS          equ	3	;# 
   929     0004                     FSR0L           equ	4	;# 
   930     0005                     FSR0H           equ	5	;# 
   931     0006                     FSR1L           equ	6	;# 
   932     0007                     FSR1H           equ	7	;# 
   933     0008                     BSR             equ	8	;# 
   934     0009                     WREG            equ	9	;# 
   935     000A                     PCLATH          equ	10	;# 
   936     000B                     INTCON          equ	11	;# 
   937     000C                     PORTA           equ	12	;# 
   938     000D                     PORTB           equ	13	;# 
   939     000E                     PORTC           equ	14	;# 
   940     0010                     PORTE           equ	16	;# 
   941     0011                     PIR1            equ	17	;# 
   942     0012                     PIR2            equ	18	;# 
   943     0013                     PIR3            equ	19	;# 
   944     0015                     TMR0            equ	21	;# 
   945     0016                     TMR1            equ	22	;# 
   946     0016                     TMR1L           equ	22	;# 
   947     0017                     TMR1H           equ	23	;# 
   948     0018                     T1CON           equ	24	;# 
   949     0019                     T1GCON          equ	25	;# 
   950     001A                     TMR2            equ	26	;# 
   951     001B                     PR2             equ	27	;# 
   952     001C                     T2CON           equ	28	;# 
   953     001E                     CPSCON0         equ	30	;# 
   954     001F                     CPSCON1         equ	31	;# 
   955     008C                     TRISA           equ	140	;# 
   956     008D                     TRISB           equ	141	;# 
   957     008E                     TRISC           equ	142	;# 
   958     0090                     TRISE           equ	144	;# 
   959     0091                     PIE1            equ	145	;# 
   960     0092                     PIE2            equ	146	;# 
   961     0093                     PIE3            equ	147	;# 
   962     0095                     OPTION_REG      equ	149	;# 
   963     0096                     PCON            equ	150	;# 
   964     0097                     WDTCON          equ	151	;# 
   965     0098                     OSCTUNE         equ	152	;# 
   966     0099                     OSCCON          equ	153	;# 
   967     009A                     OSCSTAT         equ	154	;# 
   968     009B                     ADRES           equ	155	;# 
   969     009B                     ADRESL          equ	155	;# 
   970     009C                     ADRESH          equ	156	;# 
   971     009D                     ADCON0          equ	157	;# 
   972     009E                     ADCON1          equ	158	;# 
   973     010C                     LATA            equ	268	;# 
   974     010D                     LATB            equ	269	;# 
   975     010E                     LATC            equ	270	;# 
   976     0110                     LATE            equ	272	;# 
   977     0111                     CM1CON0         equ	273	;# 
   978     0112                     CM1CON1         equ	274	;# 
   979     0113                     CM2CON0         equ	275	;# 
   980     0114                     CM2CON1         equ	276	;# 
   981     0115                     CMOUT           equ	277	;# 
   982     0116                     BORCON          equ	278	;# 
   983     0117                     FVRCON          equ	279	;# 
   984     0118                     DACCON0         equ	280	;# 
   985     0119                     DACCON1         equ	281	;# 
   986     011A                     SRCON0          equ	282	;# 
   987     011B                     SRCON1          equ	283	;# 
   988     011D                     APFCON          equ	285	;# 
   989     018C                     ANSELA          equ	396	;# 
   990     018D                     ANSELB          equ	397	;# 
   991     0191                     EEADR           equ	401	;# 
   992     0191                     EEADRL          equ	401	;# 
   993     0192                     EEADRH          equ	402	;# 
   994     0193                     EEDAT           equ	403	;# 
   995     0193                     EEDATL          equ	403	;# 
   996     0193                     EEDATA          equ	403	;# 
   997     0194                     EEDATH          equ	404	;# 
   998     0195                     EECON1          equ	405	;# 
   999     0196                     EECON2          equ	406	;# 
  1000     0199                     RCREG           equ	409	;# 
  1001     019A                     TXREG           equ	410	;# 
  1002     019B                     SP1BRG          equ	411	;# 
  1003     019B                     SP1BRGL         equ	411	;# 
  1004     019B                     SPBRG           equ	411	;# 
  1005     019B                     SPBRGL          equ	411	;# 
  1006     019C                     SP1BRGH         equ	412	;# 
  1007     019C                     SPBRGH          equ	412	;# 
  1008     019D                     RCSTA           equ	413	;# 
  1009     019E                     TXSTA           equ	414	;# 
  1010     019F                     BAUDCON         equ	415	;# 
  1011     020D                     WPUB            equ	525	;# 
  1012     0210                     WPUE            equ	528	;# 
  1013     0211                     SSPBUF          equ	529	;# 
  1014     0212                     SSPADD          equ	530	;# 
  1015     0213                     SSPMSK          equ	531	;# 
  1016     0214                     SSPSTAT         equ	532	;# 
  1017     0215                     SSPCON1         equ	533	;# 
  1018     0215                     SSPCON          equ	533	;# 
  1019     0216                     SSPCON2         equ	534	;# 
  1020     0217                     SSPCON3         equ	535	;# 
  1021     0291                     CCPR1           equ	657	;# 
  1022     0291                     CCPR1L          equ	657	;# 
  1023     0292                     CCPR1H          equ	658	;# 
  1024     0293                     CCP1CON         equ	659	;# 
  1025     0294                     PWM1CON         equ	660	;# 
  1026     0295                     CCP1AS          equ	661	;# 
  1027     0295                     ECCP1AS         equ	661	;# 
  1028     0296                     PSTR1CON        equ	662	;# 
  1029     0298                     CCPR2           equ	664	;# 
  1030     0298                     CCPR2L          equ	664	;# 
  1031     0299                     CCPR2H          equ	665	;# 
  1032     029A                     CCP2CON         equ	666	;# 
  1033     029B                     PWM2CON         equ	667	;# 
  1034     029C                     CCP2AS          equ	668	;# 
  1035     029C                     ECCP2AS         equ	668	;# 
  1036     029D                     PSTR2CON        equ	669	;# 
  1037     029E                     CCPTMRS0        equ	670	;# 
  1038     029F                     CCPTMRS1        equ	671	;# 
  1039     0311                     CCPR3           equ	785	;# 
  1040     0311                     CCPR3L          equ	785	;# 
  1041     0312                     CCPR3H          equ	786	;# 
  1042     0313                     CCP3CON         equ	787	;# 
  1043     0314                     PWM3CON         equ	788	;# 
  1044     0315                     CCP3AS          equ	789	;# 
  1045     0315                     ECCP3AS         equ	789	;# 
  1046     0316                     PSTR3CON        equ	790	;# 
  1047     0318                     CCPR4           equ	792	;# 
  1048     0318                     CCPR4L          equ	792	;# 
  1049     0319                     CCPR4H          equ	793	;# 
  1050     031A                     CCP4CON         equ	794	;# 
  1051     031C                     CCPR5           equ	796	;# 
  1052     031C                     CCPR5L          equ	796	;# 
  1053     031D                     CCPR5H          equ	797	;# 
  1054     031E                     CCP5CON         equ	798	;# 
  1055     0394                     IOCBP           equ	916	;# 
  1056     0395                     IOCBN           equ	917	;# 
  1057     0396                     IOCBF           equ	918	;# 
  1058     0415                     TMR4            equ	1045	;# 
  1059     0416                     PR4             equ	1046	;# 
  1060     0417                     T4CON           equ	1047	;# 
  1061     041C                     TMR6            equ	1052	;# 
  1062     041D                     PR6             equ	1053	;# 
  1063     041E                     T6CON           equ	1054	;# 
  1064     0791                     LCDCON          equ	1937	;# 
  1065     0792                     LCDPS           equ	1938	;# 
  1066     0793                     LCDREF          equ	1939	;# 
  1067     0794                     LCDCST          equ	1940	;# 
  1068     0795                     LCDRL           equ	1941	;# 
  1069     0798                     LCDSE0          equ	1944	;# 
  1070     0799                     LCDSE1          equ	1945	;# 
  1071     07A0                     LCDDATA0        equ	1952	;# 
  1072     07A1                     LCDDATA1        equ	1953	;# 
  1073     07A3                     LCDDATA3        equ	1955	;# 
  1074     07A4                     LCDDATA4        equ	1956	;# 
  1075     07A6                     LCDDATA6        equ	1958	;# 
  1076     07A7                     LCDDATA7        equ	1959	;# 
  1077     07A9                     LCDDATA9        equ	1961	;# 
  1078     07AA                     LCDDATA10       equ	1962	;# 
  1079     0FE4                     STATUS_SHAD     equ	4068	;# 
  1080     0FE5                     WREG_SHAD       equ	4069	;# 
  1081     0FE6                     BSR_SHAD        equ	4070	;# 
  1082     0FE7                     PCLATH_SHAD     equ	4071	;# 
  1083     0FE8                     FSR0L_SHAD      equ	4072	;# 
  1084     0FE9                     FSR0H_SHAD      equ	4073	;# 
  1085     0FEA                     FSR1L_SHAD      equ	4074	;# 
  1086     0FEB                     FSR1H_SHAD      equ	4075	;# 
  1087     0FED                     STKPTR          equ	4077	;# 
  1088     0FEE                     TOSL            equ	4078	;# 
  1089     0FEF                     TOSH            equ	4079	;# 
  1090     0000                     INDF0           equ	0	;# 
  1091     0001                     INDF1           equ	1	;# 
  1092     0002                     PCL             equ	2	;# 
  1093     0003                     STATUS          equ	3	;# 
  1094     0004                     FSR0L           equ	4	;# 
  1095     0005                     FSR0H           equ	5	;# 
  1096     0006                     FSR1L           equ	6	;# 
  1097     0007                     FSR1H           equ	7	;# 
  1098     0008                     BSR             equ	8	;# 
  1099     0009                     WREG            equ	9	;# 
  1100     000A                     PCLATH          equ	10	;# 
  1101     000B                     INTCON          equ	11	;# 
  1102     000C                     PORTA           equ	12	;# 
  1103     000D                     PORTB           equ	13	;# 
  1104     000E                     PORTC           equ	14	;# 
  1105     0010                     PORTE           equ	16	;# 
  1106     0011                     PIR1            equ	17	;# 
  1107     0012                     PIR2            equ	18	;# 
  1108     0013                     PIR3            equ	19	;# 
  1109     0015                     TMR0            equ	21	;# 
  1110     0016                     TMR1            equ	22	;# 
  1111     0016                     TMR1L           equ	22	;# 
  1112     0017                     TMR1H           equ	23	;# 
  1113     0018                     T1CON           equ	24	;# 
  1114     0019                     T1GCON          equ	25	;# 
  1115     001A                     TMR2            equ	26	;# 
  1116     001B                     PR2             equ	27	;# 
  1117     001C                     T2CON           equ	28	;# 
  1118     001E                     CPSCON0         equ	30	;# 
  1119     001F                     CPSCON1         equ	31	;# 
  1120     008C                     TRISA           equ	140	;# 
  1121     008D                     TRISB           equ	141	;# 
  1122     008E                     TRISC           equ	142	;# 
  1123     0090                     TRISE           equ	144	;# 
  1124     0091                     PIE1            equ	145	;# 
  1125     0092                     PIE2            equ	146	;# 
  1126     0093                     PIE3            equ	147	;# 
  1127     0095                     OPTION_REG      equ	149	;# 
  1128     0096                     PCON            equ	150	;# 
  1129     0097                     WDTCON          equ	151	;# 
  1130     0098                     OSCTUNE         equ	152	;# 
  1131     0099                     OSCCON          equ	153	;# 
  1132     009A                     OSCSTAT         equ	154	;# 
  1133     009B                     ADRES           equ	155	;# 
  1134     009B                     ADRESL          equ	155	;# 
  1135     009C                     ADRESH          equ	156	;# 
  1136     009D                     ADCON0          equ	157	;# 
  1137     009E                     ADCON1          equ	158	;# 
  1138     010C                     LATA            equ	268	;# 
  1139     010D                     LATB            equ	269	;# 
  1140     010E                     LATC            equ	270	;# 
  1141     0110                     LATE            equ	272	;# 
  1142     0111                     CM1CON0         equ	273	;# 
  1143     0112                     CM1CON1         equ	274	;# 
  1144     0113                     CM2CON0         equ	275	;# 
  1145     0114                     CM2CON1         equ	276	;# 
  1146     0115                     CMOUT           equ	277	;# 
  1147     0116                     BORCON          equ	278	;# 
  1148     0117                     FVRCON          equ	279	;# 
  1149     0118                     DACCON0         equ	280	;# 
  1150     0119                     DACCON1         equ	281	;# 
  1151     011A                     SRCON0          equ	282	;# 
  1152     011B                     SRCON1          equ	283	;# 
  1153     011D                     APFCON          equ	285	;# 
  1154     018C                     ANSELA          equ	396	;# 
  1155     018D                     ANSELB          equ	397	;# 
  1156     0191                     EEADR           equ	401	;# 
  1157     0191                     EEADRL          equ	401	;# 
  1158     0192                     EEADRH          equ	402	;# 
  1159     0193                     EEDAT           equ	403	;# 
  1160     0193                     EEDATL          equ	403	;# 
  1161     0193                     EEDATA          equ	403	;# 
  1162     0194                     EEDATH          equ	404	;# 
  1163     0195                     EECON1          equ	405	;# 
  1164     0196                     EECON2          equ	406	;# 
  1165     0199                     RCREG           equ	409	;# 
  1166     019A                     TXREG           equ	410	;# 
  1167     019B                     SP1BRG          equ	411	;# 
  1168     019B                     SP1BRGL         equ	411	;# 
  1169     019B                     SPBRG           equ	411	;# 
  1170     019B                     SPBRGL          equ	411	;# 
  1171     019C                     SP1BRGH         equ	412	;# 
  1172     019C                     SPBRGH          equ	412	;# 
  1173     019D                     RCSTA           equ	413	;# 
  1174     019E                     TXSTA           equ	414	;# 
  1175     019F                     BAUDCON         equ	415	;# 
  1176     020D                     WPUB            equ	525	;# 
  1177     0210                     WPUE            equ	528	;# 
  1178     0211                     SSPBUF          equ	529	;# 
  1179     0212                     SSPADD          equ	530	;# 
  1180     0213                     SSPMSK          equ	531	;# 
  1181     0214                     SSPSTAT         equ	532	;# 
  1182     0215                     SSPCON1         equ	533	;# 
  1183     0215                     SSPCON          equ	533	;# 
  1184     0216                     SSPCON2         equ	534	;# 
  1185     0217                     SSPCON3         equ	535	;# 
  1186     0291                     CCPR1           equ	657	;# 
  1187     0291                     CCPR1L          equ	657	;# 
  1188     0292                     CCPR1H          equ	658	;# 
  1189     0293                     CCP1CON         equ	659	;# 
  1190     0294                     PWM1CON         equ	660	;# 
  1191     0295                     CCP1AS          equ	661	;# 
  1192     0295                     ECCP1AS         equ	661	;# 
  1193     0296                     PSTR1CON        equ	662	;# 
  1194     0298                     CCPR2           equ	664	;# 
  1195     0298                     CCPR2L          equ	664	;# 
  1196     0299                     CCPR2H          equ	665	;# 
  1197     029A                     CCP2CON         equ	666	;# 
  1198     029B                     PWM2CON         equ	667	;# 
  1199     029C                     CCP2AS          equ	668	;# 
  1200     029C                     ECCP2AS         equ	668	;# 
  1201     029D                     PSTR2CON        equ	669	;# 
  1202     029E                     CCPTMRS0        equ	670	;# 
  1203     029F                     CCPTMRS1        equ	671	;# 
  1204     0311                     CCPR3           equ	785	;# 
  1205     0311                     CCPR3L          equ	785	;# 
  1206     0312                     CCPR3H          equ	786	;# 
  1207     0313                     CCP3CON         equ	787	;# 
  1208     0314                     PWM3CON         equ	788	;# 
  1209     0315                     CCP3AS          equ	789	;# 
  1210     0315                     ECCP3AS         equ	789	;# 
  1211     0316                     PSTR3CON        equ	790	;# 
  1212     0318                     CCPR4           equ	792	;# 
  1213     0318                     CCPR4L          equ	792	;# 
  1214     0319                     CCPR4H          equ	793	;# 
  1215     031A                     CCP4CON         equ	794	;# 
  1216     031C                     CCPR5           equ	796	;# 
  1217     031C                     CCPR5L          equ	796	;# 
  1218     031D                     CCPR5H          equ	797	;# 
  1219     031E                     CCP5CON         equ	798	;# 
  1220     0394                     IOCBP           equ	916	;# 
  1221     0395                     IOCBN           equ	917	;# 
  1222     0396                     IOCBF           equ	918	;# 
  1223     0415                     TMR4            equ	1045	;# 
  1224     0416                     PR4             equ	1046	;# 
  1225     0417                     T4CON           equ	1047	;# 
  1226     041C                     TMR6            equ	1052	;# 
  1227     041D                     PR6             equ	1053	;# 
  1228     041E                     T6CON           equ	1054	;# 
  1229     0791                     LCDCON          equ	1937	;# 
  1230     0792                     LCDPS           equ	1938	;# 
  1231     0793                     LCDREF          equ	1939	;# 
  1232     0794                     LCDCST          equ	1940	;# 
  1233     0795                     LCDRL           equ	1941	;# 
  1234     0798                     LCDSE0          equ	1944	;# 
  1235     0799                     LCDSE1          equ	1945	;# 
  1236     07A0                     LCDDATA0        equ	1952	;# 
  1237     07A1                     LCDDATA1        equ	1953	;# 
  1238     07A3                     LCDDATA3        equ	1955	;# 
  1239     07A4                     LCDDATA4        equ	1956	;# 
  1240     07A6                     LCDDATA6        equ	1958	;# 
  1241     07A7                     LCDDATA7        equ	1959	;# 
  1242     07A9                     LCDDATA9        equ	1961	;# 
  1243     07AA                     LCDDATA10       equ	1962	;# 
  1244     0FE4                     STATUS_SHAD     equ	4068	;# 
  1245     0FE5                     WREG_SHAD       equ	4069	;# 
  1246     0FE6                     BSR_SHAD        equ	4070	;# 
  1247     0FE7                     PCLATH_SHAD     equ	4071	;# 
  1248     0FE8                     FSR0L_SHAD      equ	4072	;# 
  1249     0FE9                     FSR0H_SHAD      equ	4073	;# 
  1250     0FEA                     FSR1L_SHAD      equ	4074	;# 
  1251     0FEB                     FSR1H_SHAD      equ	4075	;# 
  1252     0FED                     STKPTR          equ	4077	;# 
  1253     0FEE                     TOSL            equ	4078	;# 
  1254     0FEF                     TOSH            equ	4079	;# 
  1255     0000                     INDF0           equ	0	;# 
  1256     0001                     INDF1           equ	1	;# 
  1257     0002                     PCL             equ	2	;# 
  1258     0003                     STATUS          equ	3	;# 
  1259     0004                     FSR0L           equ	4	;# 
  1260     0005                     FSR0H           equ	5	;# 
  1261     0006                     FSR1L           equ	6	;# 
  1262     0007                     FSR1H           equ	7	;# 
  1263     0008                     BSR             equ	8	;# 
  1264     0009                     WREG            equ	9	;# 
  1265     000A                     PCLATH          equ	10	;# 
  1266     000B                     INTCON          equ	11	;# 
  1267     000C                     PORTA           equ	12	;# 
  1268     000D                     PORTB           equ	13	;# 
  1269     000E                     PORTC           equ	14	;# 
  1270     0010                     PORTE           equ	16	;# 
  1271     0011                     PIR1            equ	17	;# 
  1272     0012                     PIR2            equ	18	;# 
  1273     0013                     PIR3            equ	19	;# 
  1274     0015                     TMR0            equ	21	;# 
  1275     0016                     TMR1            equ	22	;# 
  1276     0016                     TMR1L           equ	22	;# 
  1277     0017                     TMR1H           equ	23	;# 
  1278     0018                     T1CON           equ	24	;# 
  1279     0019                     T1GCON          equ	25	;# 
  1280     001A                     TMR2            equ	26	;# 
  1281     001B                     PR2             equ	27	;# 
  1282     001C                     T2CON           equ	28	;# 
  1283     001E                     CPSCON0         equ	30	;# 
  1284     001F                     CPSCON1         equ	31	;# 
  1285     008C                     TRISA           equ	140	;# 
  1286     008D                     TRISB           equ	141	;# 
  1287     008E                     TRISC           equ	142	;# 
  1288     0090                     TRISE           equ	144	;# 
  1289     0091                     PIE1            equ	145	;# 
  1290     0092                     PIE2            equ	146	;# 
  1291     0093                     PIE3            equ	147	;# 
  1292     0095                     OPTION_REG      equ	149	;# 
  1293     0096                     PCON            equ	150	;# 
  1294     0097                     WDTCON          equ	151	;# 
  1295     0098                     OSCTUNE         equ	152	;# 
  1296     0099                     OSCCON          equ	153	;# 
  1297     009A                     OSCSTAT         equ	154	;# 
  1298     009B                     ADRES           equ	155	;# 
  1299     009B                     ADRESL          equ	155	;# 
  1300     009C                     ADRESH          equ	156	;# 
  1301     009D                     ADCON0          equ	157	;# 
  1302     009E                     ADCON1          equ	158	;# 
  1303     010C                     LATA            equ	268	;# 
  1304     010D                     LATB            equ	269	;# 
  1305     010E                     LATC            equ	270	;# 
  1306     0110                     LATE            equ	272	;# 
  1307     0111                     CM1CON0         equ	273	;# 
  1308     0112                     CM1CON1         equ	274	;# 
  1309     0113                     CM2CON0         equ	275	;# 
  1310     0114                     CM2CON1         equ	276	;# 
  1311     0115                     CMOUT           equ	277	;# 
  1312     0116                     BORCON          equ	278	;# 
  1313     0117                     FVRCON          equ	279	;# 
  1314     0118                     DACCON0         equ	280	;# 
  1315     0119                     DACCON1         equ	281	;# 
  1316     011A                     SRCON0          equ	282	;# 
  1317     011B                     SRCON1          equ	283	;# 
  1318     011D                     APFCON          equ	285	;# 
  1319     018C                     ANSELA          equ	396	;# 
  1320     018D                     ANSELB          equ	397	;# 
  1321     0191                     EEADR           equ	401	;# 
  1322     0191                     EEADRL          equ	401	;# 
  1323     0192                     EEADRH          equ	402	;# 
  1324     0193                     EEDAT           equ	403	;# 
  1325     0193                     EEDATL          equ	403	;# 
  1326     0193                     EEDATA          equ	403	;# 
  1327     0194                     EEDATH          equ	404	;# 
  1328     0195                     EECON1          equ	405	;# 
  1329     0196                     EECON2          equ	406	;# 
  1330     0199                     RCREG           equ	409	;# 
  1331     019A                     TXREG           equ	410	;# 
  1332     019B                     SP1BRG          equ	411	;# 
  1333     019B                     SP1BRGL         equ	411	;# 
  1334     019B                     SPBRG           equ	411	;# 
  1335     019B                     SPBRGL          equ	411	;# 
  1336     019C                     SP1BRGH         equ	412	;# 
  1337     019C                     SPBRGH          equ	412	;# 
  1338     019D                     RCSTA           equ	413	;# 
  1339     019E                     TXSTA           equ	414	;# 
  1340     019F                     BAUDCON         equ	415	;# 
  1341     020D                     WPUB            equ	525	;# 
  1342     0210                     WPUE            equ	528	;# 
  1343     0211                     SSPBUF          equ	529	;# 
  1344     0212                     SSPADD          equ	530	;# 
  1345     0213                     SSPMSK          equ	531	;# 
  1346     0214                     SSPSTAT         equ	532	;# 
  1347     0215                     SSPCON1         equ	533	;# 
  1348     0215                     SSPCON          equ	533	;# 
  1349     0216                     SSPCON2         equ	534	;# 
  1350     0217                     SSPCON3         equ	535	;# 
  1351     0291                     CCPR1           equ	657	;# 
  1352     0291                     CCPR1L          equ	657	;# 
  1353     0292                     CCPR1H          equ	658	;# 
  1354     0293                     CCP1CON         equ	659	;# 
  1355     0294                     PWM1CON         equ	660	;# 
  1356     0295                     CCP1AS          equ	661	;# 
  1357     0295                     ECCP1AS         equ	661	;# 
  1358     0296                     PSTR1CON        equ	662	;# 
  1359     0298                     CCPR2           equ	664	;# 
  1360     0298                     CCPR2L          equ	664	;# 
  1361     0299                     CCPR2H          equ	665	;# 
  1362     029A                     CCP2CON         equ	666	;# 
  1363     029B                     PWM2CON         equ	667	;# 
  1364     029C                     CCP2AS          equ	668	;# 
  1365     029C                     ECCP2AS         equ	668	;# 
  1366     029D                     PSTR2CON        equ	669	;# 
  1367     029E                     CCPTMRS0        equ	670	;# 
  1368     029F                     CCPTMRS1        equ	671	;# 
  1369     0311                     CCPR3           equ	785	;# 
  1370     0311                     CCPR3L          equ	785	;# 
  1371     0312                     CCPR3H          equ	786	;# 
  1372     0313                     CCP3CON         equ	787	;# 
  1373     0314                     PWM3CON         equ	788	;# 
  1374     0315                     CCP3AS          equ	789	;# 
  1375     0315                     ECCP3AS         equ	789	;# 
  1376     0316                     PSTR3CON        equ	790	;# 
  1377     0318                     CCPR4           equ	792	;# 
  1378     0318                     CCPR4L          equ	792	;# 
  1379     0319                     CCPR4H          equ	793	;# 
  1380     031A                     CCP4CON         equ	794	;# 
  1381     031C                     CCPR5           equ	796	;# 
  1382     031C                     CCPR5L          equ	796	;# 
  1383     031D                     CCPR5H          equ	797	;# 
  1384     031E                     CCP5CON         equ	798	;# 
  1385     0394                     IOCBP           equ	916	;# 
  1386     0395                     IOCBN           equ	917	;# 
  1387     0396                     IOCBF           equ	918	;# 
  1388     0415                     TMR4            equ	1045	;# 
  1389     0416                     PR4             equ	1046	;# 
  1390     0417                     T4CON           equ	1047	;# 
  1391     041C                     TMR6            equ	1052	;# 
  1392     041D                     PR6             equ	1053	;# 
  1393     041E                     T6CON           equ	1054	;# 
  1394     0791                     LCDCON          equ	1937	;# 
  1395     0792                     LCDPS           equ	1938	;# 
  1396     0793                     LCDREF          equ	1939	;# 
  1397     0794                     LCDCST          equ	1940	;# 
  1398     0795                     LCDRL           equ	1941	;# 
  1399     0798                     LCDSE0          equ	1944	;# 
  1400     0799                     LCDSE1          equ	1945	;# 
  1401     07A0                     LCDDATA0        equ	1952	;# 
  1402     07A1                     LCDDATA1        equ	1953	;# 
  1403     07A3                     LCDDATA3        equ	1955	;# 
  1404     07A4                     LCDDATA4        equ	1956	;# 
  1405     07A6                     LCDDATA6        equ	1958	;# 
  1406     07A7                     LCDDATA7        equ	1959	;# 
  1407     07A9                     LCDDATA9        equ	1961	;# 
  1408     07AA                     LCDDATA10       equ	1962	;# 
  1409     0FE4                     STATUS_SHAD     equ	4068	;# 
  1410     0FE5                     WREG_SHAD       equ	4069	;# 
  1411     0FE6                     BSR_SHAD        equ	4070	;# 
  1412     0FE7                     PCLATH_SHAD     equ	4071	;# 
  1413     0FE8                     FSR0L_SHAD      equ	4072	;# 
  1414     0FE9                     FSR0H_SHAD      equ	4073	;# 
  1415     0FEA                     FSR1L_SHAD      equ	4074	;# 
  1416     0FEB                     FSR1H_SHAD      equ	4075	;# 
  1417     0FED                     STKPTR          equ	4077	;# 
  1418     0FEE                     TOSL            equ	4078	;# 
  1419     0FEF                     TOSH            equ	4079	;# 
  1420     0000                     INDF0           equ	0	;# 
  1421     0001                     INDF1           equ	1	;# 
  1422     0002                     PCL             equ	2	;# 
  1423     0003                     STATUS          equ	3	;# 
  1424     0004                     FSR0L           equ	4	;# 
  1425     0005                     FSR0H           equ	5	;# 
  1426     0006                     FSR1L           equ	6	;# 
  1427     0007                     FSR1H           equ	7	;# 
  1428     0008                     BSR             equ	8	;# 
  1429     0009                     WREG            equ	9	;# 
  1430     000A                     PCLATH          equ	10	;# 
  1431     000B                     INTCON          equ	11	;# 
  1432     000C                     PORTA           equ	12	;# 
  1433     000D                     PORTB           equ	13	;# 
  1434     000E                     PORTC           equ	14	;# 
  1435     0010                     PORTE           equ	16	;# 
  1436     0011                     PIR1            equ	17	;# 
  1437     0012                     PIR2            equ	18	;# 
  1438     0013                     PIR3            equ	19	;# 
  1439     0015                     TMR0            equ	21	;# 
  1440     0016                     TMR1            equ	22	;# 
  1441     0016                     TMR1L           equ	22	;# 
  1442     0017                     TMR1H           equ	23	;# 
  1443     0018                     T1CON           equ	24	;# 
  1444     0019                     T1GCON          equ	25	;# 
  1445     001A                     TMR2            equ	26	;# 
  1446     001B                     PR2             equ	27	;# 
  1447     001C                     T2CON           equ	28	;# 
  1448     001E                     CPSCON0         equ	30	;# 
  1449     001F                     CPSCON1         equ	31	;# 
  1450     008C                     TRISA           equ	140	;# 
  1451     008D                     TRISB           equ	141	;# 
  1452     008E                     TRISC           equ	142	;# 
  1453     0090                     TRISE           equ	144	;# 
  1454     0091                     PIE1            equ	145	;# 
  1455     0092                     PIE2            equ	146	;# 
  1456     0093                     PIE3            equ	147	;# 
  1457     0095                     OPTION_REG      equ	149	;# 
  1458     0096                     PCON            equ	150	;# 
  1459     0097                     WDTCON          equ	151	;# 
  1460     0098                     OSCTUNE         equ	152	;# 
  1461     0099                     OSCCON          equ	153	;# 
  1462     009A                     OSCSTAT         equ	154	;# 
  1463     009B                     ADRES           equ	155	;# 
  1464     009B                     ADRESL          equ	155	;# 
  1465     009C                     ADRESH          equ	156	;# 
  1466     009D                     ADCON0          equ	157	;# 
  1467     009E                     ADCON1          equ	158	;# 
  1468     010C                     LATA            equ	268	;# 
  1469     010D                     LATB            equ	269	;# 
  1470     010E                     LATC            equ	270	;# 
  1471     0110                     LATE            equ	272	;# 
  1472     0111                     CM1CON0         equ	273	;# 
  1473     0112                     CM1CON1         equ	274	;# 
  1474     0113                     CM2CON0         equ	275	;# 
  1475     0114                     CM2CON1         equ	276	;# 
  1476     0115                     CMOUT           equ	277	;# 
  1477     0116                     BORCON          equ	278	;# 
  1478     0117                     FVRCON          equ	279	;# 
  1479     0118                     DACCON0         equ	280	;# 
  1480     0119                     DACCON1         equ	281	;# 
  1481     011A                     SRCON0          equ	282	;# 
  1482     011B                     SRCON1          equ	283	;# 
  1483     011D                     APFCON          equ	285	;# 
  1484     018C                     ANSELA          equ	396	;# 
  1485     018D                     ANSELB          equ	397	;# 
  1486     0191                     EEADR           equ	401	;# 
  1487     0191                     EEADRL          equ	401	;# 
  1488     0192                     EEADRH          equ	402	;# 
  1489     0193                     EEDAT           equ	403	;# 
  1490     0193                     EEDATL          equ	403	;# 
  1491     0193                     EEDATA          equ	403	;# 
  1492     0194                     EEDATH          equ	404	;# 
  1493     0195                     EECON1          equ	405	;# 
  1494     0196                     EECON2          equ	406	;# 
  1495     0199                     RCREG           equ	409	;# 
  1496     019A                     TXREG           equ	410	;# 
  1497     019B                     SP1BRG          equ	411	;# 
  1498     019B                     SP1BRGL         equ	411	;# 
  1499     019B                     SPBRG           equ	411	;# 
  1500     019B                     SPBRGL          equ	411	;# 
  1501     019C                     SP1BRGH         equ	412	;# 
  1502     019C                     SPBRGH          equ	412	;# 
  1503     019D                     RCSTA           equ	413	;# 
  1504     019E                     TXSTA           equ	414	;# 
  1505     019F                     BAUDCON         equ	415	;# 
  1506     020D                     WPUB            equ	525	;# 
  1507     0210                     WPUE            equ	528	;# 
  1508     0211                     SSPBUF          equ	529	;# 
  1509     0212                     SSPADD          equ	530	;# 
  1510     0213                     SSPMSK          equ	531	;# 
  1511     0214                     SSPSTAT         equ	532	;# 
  1512     0215                     SSPCON1         equ	533	;# 
  1513     0215                     SSPCON          equ	533	;# 
  1514     0216                     SSPCON2         equ	534	;# 
  1515     0217                     SSPCON3         equ	535	;# 
  1516     0291                     CCPR1           equ	657	;# 
  1517     0291                     CCPR1L          equ	657	;# 
  1518     0292                     CCPR1H          equ	658	;# 
  1519     0293                     CCP1CON         equ	659	;# 
  1520     0294                     PWM1CON         equ	660	;# 
  1521     0295                     CCP1AS          equ	661	;# 
  1522     0295                     ECCP1AS         equ	661	;# 
  1523     0296                     PSTR1CON        equ	662	;# 
  1524     0298                     CCPR2           equ	664	;# 
  1525     0298                     CCPR2L          equ	664	;# 
  1526     0299                     CCPR2H          equ	665	;# 
  1527     029A                     CCP2CON         equ	666	;# 
  1528     029B                     PWM2CON         equ	667	;# 
  1529     029C                     CCP2AS          equ	668	;# 
  1530     029C                     ECCP2AS         equ	668	;# 
  1531     029D                     PSTR2CON        equ	669	;# 
  1532     029E                     CCPTMRS0        equ	670	;# 
  1533     029F                     CCPTMRS1        equ	671	;# 
  1534     0311                     CCPR3           equ	785	;# 
  1535     0311                     CCPR3L          equ	785	;# 
  1536     0312                     CCPR3H          equ	786	;# 
  1537     0313                     CCP3CON         equ	787	;# 
  1538     0314                     PWM3CON         equ	788	;# 
  1539     0315                     CCP3AS          equ	789	;# 
  1540     0315                     ECCP3AS         equ	789	;# 
  1541     0316                     PSTR3CON        equ	790	;# 
  1542     0318                     CCPR4           equ	792	;# 
  1543     0318                     CCPR4L          equ	792	;# 
  1544     0319                     CCPR4H          equ	793	;# 
  1545     031A                     CCP4CON         equ	794	;# 
  1546     031C                     CCPR5           equ	796	;# 
  1547     031C                     CCPR5L          equ	796	;# 
  1548     031D                     CCPR5H          equ	797	;# 
  1549     031E                     CCP5CON         equ	798	;# 
  1550     0394                     IOCBP           equ	916	;# 
  1551     0395                     IOCBN           equ	917	;# 
  1552     0396                     IOCBF           equ	918	;# 
  1553     0415                     TMR4            equ	1045	;# 
  1554     0416                     PR4             equ	1046	;# 
  1555     0417                     T4CON           equ	1047	;# 
  1556     041C                     TMR6            equ	1052	;# 
  1557     041D                     PR6             equ	1053	;# 
  1558     041E                     T6CON           equ	1054	;# 
  1559     0791                     LCDCON          equ	1937	;# 
  1560     0792                     LCDPS           equ	1938	;# 
  1561     0793                     LCDREF          equ	1939	;# 
  1562     0794                     LCDCST          equ	1940	;# 
  1563     0795                     LCDRL           equ	1941	;# 
  1564     0798                     LCDSE0          equ	1944	;# 
  1565     0799                     LCDSE1          equ	1945	;# 
  1566     07A0                     LCDDATA0        equ	1952	;# 
  1567     07A1                     LCDDATA1        equ	1953	;# 
  1568     07A3                     LCDDATA3        equ	1955	;# 
  1569     07A4                     LCDDATA4        equ	1956	;# 
  1570     07A6                     LCDDATA6        equ	1958	;# 
  1571     07A7                     LCDDATA7        equ	1959	;# 
  1572     07A9                     LCDDATA9        equ	1961	;# 
  1573     07AA                     LCDDATA10       equ	1962	;# 
  1574     0FE4                     STATUS_SHAD     equ	4068	;# 
  1575     0FE5                     WREG_SHAD       equ	4069	;# 
  1576     0FE6                     BSR_SHAD        equ	4070	;# 
  1577     0FE7                     PCLATH_SHAD     equ	4071	;# 
  1578     0FE8                     FSR0L_SHAD      equ	4072	;# 
  1579     0FE9                     FSR0H_SHAD      equ	4073	;# 
  1580     0FEA                     FSR1L_SHAD      equ	4074	;# 
  1581     0FEB                     FSR1H_SHAD      equ	4075	;# 
  1582     0FED                     STKPTR          equ	4077	;# 
  1583     0FEE                     TOSL            equ	4078	;# 
  1584     0FEF                     TOSH            equ	4079	;# 
  1585                           
  1586                           	psect	idataBANK0
  1587     0661                     __pidataBANK0:
  1588                           
  1589                           ;initializer for _LIN_timeout
  1590     0661  3414               	retlw	20
  1591                           
  1592                           	psect	stringtext1
  1593     0634                     __pstringtext1:
  1594     0634                     _scheduleTable:
  1595     0634  3401               	retlw	1
  1596     0635  3401               	retlw	1
  1597     0636  3408               	retlw	8
  1598     0637  34A8               	retlw	low (_SIGNAL_Data| 0)
  1599     0638  3400               	retlw	high (_SIGNAL_Data| 0)
  1600     0639                     __end_of_scheduleTable:
  1601     0015                     _TMR0           set	21
  1602     0011                     _PIR1bits       set	17
  1603     000B                     _INTCONbits     set	11
  1604     0095                     _OPTION_REG     set	149
  1605     0095                     _OPTION_REGbits set	149
  1606     008E                     _TRISC          set	142
  1607     008D                     _TRISB          set	141
  1608     008C                     _TRISA          set	140
  1609     0090                     _TRISE          set	144
  1610     0097                     _WDTCON         set	151
  1611     0098                     _OSCTUNE        set	152
  1612     0099                     _OSCCON         set	153
  1613     0091                     _PIE1bits       set	145
  1614     04D6                     _PLLR           set	1238
  1615     011D                     _APFCON         set	285
  1616     010E                     _LATC           set	270
  1617     010D                     _LATB           set	269
  1618     010C                     _LATA           set	268
  1619     0110                     _LATE           set	272
  1620     0116                     _BORCON         set	278
  1621     010D                     _LATBbits       set	269
  1622     018C                     _ANSELA         set	396
  1623     018D                     _ANSELB         set	397
  1624     0199                     _RCREG          set	409
  1625     019A                     _TXREG          set	410
  1626     019C                     _SPBRGH         set	412
  1627     019B                     _SPBRGL         set	411
  1628     019E                     _TXSTA          set	414
  1629     019D                     _RCSTA          set	413
  1630     019F                     _BAUDCON        set	415
  1631     019D                     _RCSTAbits      set	413
  1632     019E                     _TXSTAbits      set	414
  1633     020D                     _WPUB           set	525
  1634     0210                     _WPUE           set	528
  1635                           
  1636                           	psect	cinit
  1637     003D                     start_initialization:	
  1638                           ; #config settings
  1639                           
  1640     003D                     __initialization:
  1641                           
  1642                           ; Initialize objects allocated to BANK0
  1643     003D  3186  2661  3180   	fcall	__pidataBANK0	;fetch initializer
  1644     0040  00EB               	movwf	__pdataBANK0& (0+127)
  1645                           
  1646                           ; Clear objects allocated to COMMON
  1647     0041  01FD               	clrf	__pbssCOMMON& (0+127)
  1648                           
  1649                           ; Clear objects allocated to BANK0
  1650     0042  3020               	movlw	low __pbssBANK0
  1651     0043  0084               	movwf	4
  1652     0044  3000               	movlw	high __pbssBANK0
  1653     0045  0085               	movwf	5
  1654     0046  303C               	movlw	60
  1655     0047  3186  260A  3180   	fcall	clear_ram0
  1656                           
  1657                           ; Clear objects allocated to BANK1
  1658     004A  30A0               	movlw	low __pbssBANK1
  1659     004B  0084               	movwf	4
  1660     004C  3000               	movlw	high __pbssBANK1
  1661     004D  0085               	movwf	5
  1662     004E  3010               	movlw	16
  1663     004F  3186  260A  3180   	fcall	clear_ram0
  1664     0052                     end_of_initialization:	
  1665                           ;End of C runtime variable initialization code
  1666                           
  1667     0052                     __end_of__initialization:
  1668     0052  107E               	bcf	int$flags,0	;clear compiler interrupt flag (level 1)
  1669     0053  0020               	movlb	0
  1670     0054  3185  2DEE         	ljmp	_main	;jump to C main() function
  1671                           
  1672                           	psect	bssCOMMON
  1673     007D                     __pbssCOMMON:
  1674     007D                     _eusartRxHead:
  1675     007D                     	ds	1
  1676                           
  1677                           	psect	bssBANK0
  1678     0020                     __pbssBANK0:
  1679     0020                     _eusartRxStatusBuffer:
  1680     0020                     	ds	8
  1681     0028                     _eusartTxBuffer:
  1682     0028                     	ds	8
  1683     0030                     _TMR0_InterruptHandler:
  1684     0030                     	ds	2
  1685     0032                     _EUSART_ErrorHandler:
  1686     0032                     	ds	2
  1687     0034                     _EUSART_OverrunErrorHandler:
  1688     0034                     	ds	2
  1689     0036                     _EUSART_FramingErrorHandler:
  1690     0036                     	ds	2
  1691     0038                     _EUSART_RxDefaultInterruptHandler:
  1692     0038                     	ds	2
  1693     003A                     _EUSART_TxDefaultInterruptHandler:
  1694     003A                     	ds	2
  1695     003C                     _LIN_rxCommand:
  1696     003C                     	ds	2
  1697     003E                     _LIN_processData:
  1698     003E                     	ds	2
  1699     0040                     _cnt:
  1700     0040                     	ds	2
  1701     0042                     _timer0ReloadVal:
  1702     0042                     	ds	1
  1703     0043                     _eusartRxLastError:
  1704     0043                     	ds	1
  1705     0044                     _eusartRxCount:
  1706     0044                     	ds	1
  1707     0045                     _eusartRxTail:
  1708     0045                     	ds	1
  1709     0046                     _eusartTxBufferRemaining:
  1710     0046                     	ds	1
  1711     0047                     _eusartTxTail:
  1712     0047                     	ds	1
  1713     0048                     _eusartTxHead:
  1714     0048                     	ds	1
  1715     0049                     LIN_handler@rxDataIndex:
  1716     0049                     	ds	1
  1717     004A                     LIN_handler@LIN_rxState:
  1718     004A                     	ds	1
  1719     004B                     _CountCallBack:
  1720     004B                     	ds	1
  1721     004C                     _LIN_timerRunning:
  1722     004C                     	ds	1
  1723     004D                     _LIN_rxCommandLength:
  1724     004D                     	ds	1
  1725     004E                     _LIN_rxInProgress:
  1726     004E                     	ds	1
  1727     004F                     _LIN_packet:
  1728     004F                     	ds	13
  1729                           
  1730                           	psect	dataBANK0
  1731     006B                     __pdataBANK0:
  1732     006B                     _LIN_timeout:
  1733     006B                     	ds	1
  1734                           
  1735                           	psect	bssBANK1
  1736     00A0                     __pbssBANK1:
  1737     00A0                     _eusartRxBuffer:
  1738     00A0                     	ds	8
  1739     00A8                     _SIGNAL_Data:
  1740     00A8                     	ds	8
  1741                           
  1742                           	psect	clrtext
  1743     060A                     clear_ram0:	
  1744                           ;	Called with FSR0 containing the base address, and
  1745                           ;	WREG with the size to clear
  1746                           
  1747     060A  0064               	clrwdt	;clear the watchdog before getting into this loop
  1748     060B                     clrloop0:
  1749     060B  0180               	clrf	0	;clear RAM location pointed to by FSR
  1750     060C  3101               	addfsr 0,1
  1751     060D  0B89               	decfsz	9,f	;Have we reached the end of clearing yet?
  1752     060E  2E0B               	goto	clrloop0	;have we reached the end yet?
  1753     060F  3400               	retlw	0	;all done for this memory range, return
  1754                           
  1755                           	psect	cstackCOMMON
  1756     0070                     __pcstackCOMMON:
  1757     0070                     ?_SYSTEM_Initialize:
  1758     0070                     ?_LIN_handler:	
  1759                           ; 1 bytes @ 0x0
  1760                           
  1761     0070                     ?_processLIN:	
  1762                           ; 1 bytes @ 0x0
  1763                           
  1764     0070                     ?_LIN_stopTimer:	
  1765                           ; 1 bytes @ 0x0
  1766                           
  1767     0070                     ?_LIN_enableRx:	
  1768                           ; 1 bytes @ 0x0
  1769                           
  1770     0070                     ?_LIN_setTimerHandler:	
  1771                           ; 1 bytes @ 0x0
  1772                           
  1773     0070                     ?_LIN_getChecksum:	
  1774                           ; 1 bytes @ 0x0
  1775                           
  1776     0070                     ?_EUSART_is_rx_ready:	
  1777                           ; 1 bytes @ 0x0
  1778                           
  1779     0070                     ?_LIN_startTimer:	
  1780                           ; 1 bytes @ 0x0
  1781                           
  1782     0070                     ?_LIN_breakCheck:	
  1783                           ; 1 bytes @ 0x0
  1784                           
  1785     0070                     ?_EUSART_Read:	
  1786                           ; 1 bytes @ 0x0
  1787                           
  1788     0070                     ?_LIN_checkPID:	
  1789                           ; 1 bytes @ 0x0
  1790                           
  1791     0070                     ?_LIN_getFromTable:	
  1792                           ; 1 bytes @ 0x0
  1793                           
  1794     0070                     ?_LIN_disableRx:	
  1795                           ; 1 bytes @ 0x0
  1796                           
  1797     0070                     ?_EUSART_Write:	
  1798                           ; 1 bytes @ 0x0
  1799                           
  1800     0070                     ?_LIN_calcParity:	
  1801                           ; 1 bytes @ 0x0
  1802                           
  1803     0070                     ?_TMR0_WriteTimer:	
  1804                           ; 1 bytes @ 0x0
  1805                           
  1806     0070                     ?_TMR0_SetInterruptHandler:	
  1807                           ; 1 bytes @ 0x0
  1808                           
  1809     0070                     ?_EUSART_get_last_status:	
  1810                           ; 1 bytes @ 0x0
  1811                           
  1812     0070                     ?_EUSART_SetRxInterruptHandler:	
  1813                           ; 1 bytes @ 0x0
  1814                           
  1815     0070                     ?_EUSART_Receive_ISR:	
  1816                           ; 1 bytes @ 0x0
  1817                           
  1818     0070                     ?_EUSART_SetTxInterruptHandler:	
  1819                           ; 1 bytes @ 0x0
  1820                           
  1821     0070                     ?_EUSART_Transmit_ISR:	
  1822                           ; 1 bytes @ 0x0
  1823                           
  1824     0070                     ?_EUSART_SetFramingErrorHandler:	
  1825                           ; 1 bytes @ 0x0
  1826                           
  1827     0070                     ?_EUSART_DefaultFramingErrorHandler:	
  1828                           ; 1 bytes @ 0x0
  1829                           
  1830     0070                     ?_EUSART_SetOverrunErrorHandler:	
  1831                           ; 1 bytes @ 0x0
  1832                           
  1833     0070                     ?_EUSART_DefaultOverrunErrorHandler:	
  1834                           ; 1 bytes @ 0x0
  1835                           
  1836     0070                     ?_EUSART_SetErrorHandler:	
  1837                           ; 1 bytes @ 0x0
  1838                           
  1839     0070                     ?_EUSART_DefaultErrorHandler:	
  1840                           ; 1 bytes @ 0x0
  1841                           
  1842     0070                     ?_EUSART_RxDataHandler:	
  1843                           ; 1 bytes @ 0x0
  1844                           
  1845     0070                     ?_TMR0_ISR:	
  1846                           ; 1 bytes @ 0x0
  1847                           
  1848     0070                     ?_PIN_MANAGER_Initialize:	
  1849                           ; 1 bytes @ 0x0
  1850                           
  1851     0070                     ?_OSCILLATOR_Initialize:	
  1852                           ; 1 bytes @ 0x0
  1853                           
  1854     0070                     ?_WDT_Initialize:	
  1855                           ; 1 bytes @ 0x0
  1856                           
  1857     0070                     ?_TMR0_Initialize:	
  1858                           ; 1 bytes @ 0x0
  1859                           
  1860     0070                     ?_TMR0_DefaultInterruptHandler:	
  1861                           ; 1 bytes @ 0x0
  1862                           
  1863     0070                     ?_LIN_Slave_Initialize:	
  1864                           ; 1 bytes @ 0x0
  1865                           
  1866     0070                     ?_LIN_queuePacket:	
  1867                           ; 1 bytes @ 0x0
  1868                           
  1869     0070                     ?_LIN_timerHandler:	
  1870                           ; 1 bytes @ 0x0
  1871                           
  1872     0070                     ?_EUSART_Initialize:	
  1873                           ; 1 bytes @ 0x0
  1874                           
  1875     0070                     ?_INTERRUPT_InterruptManager:	
  1876                           ; 1 bytes @ 0x0
  1877                           
  1878     0070                     ?i1_LIN_stopTimer:	
  1879                           ; 1 bytes @ 0x0
  1880                           
  1881     0070                     ?_memcpy:	
  1882                           ; 1 bytes @ 0x0
  1883                           
  1884     0070                     ?_memset:	
  1885                           ; 2 bytes @ 0x0
  1886                           
  1887     0070                     ?_main:	
  1888                           ; 2 bytes @ 0x0
  1889                           
  1890     0070                     LIN_getFromTable@param:	
  1891                           ; 2 bytes @ 0x0
  1892                           
  1893     0070                     LIN_getChecksum@pid:	
  1894                           ; 1 bytes @ 0x0
  1895                           
  1896     0070                     EUSART_Read@readValue:	
  1897                           ; 1 bytes @ 0x0
  1898                           
  1899     0070                     TMR0_WriteTimer@timerVal:	
  1900                           ; 1 bytes @ 0x0
  1901                           
  1902     0070                     EUSART_SetFramingErrorHandler@interruptHandler:	
  1903                           ; 1 bytes @ 0x0
  1904                           
  1905     0070                     EUSART_SetOverrunErrorHandler@interruptHandler:	
  1906                           ; 2 bytes @ 0x0
  1907                           
  1908     0070                     EUSART_SetErrorHandler@interruptHandler:	
  1909                           ; 2 bytes @ 0x0
  1910                           
  1911     0070                     EUSART_SetTxInterruptHandler@interruptHandler:	
  1912                           ; 2 bytes @ 0x0
  1913                           
  1914     0070                     EUSART_SetRxInterruptHandler@interruptHandler:	
  1915                           ; 2 bytes @ 0x0
  1916                           
  1917     0070                     TMR0_SetInterruptHandler@InterruptHandler:	
  1918                           ; 2 bytes @ 0x0
  1919                           
  1920     0070                     memcpy@d1:	
  1921                           ; 2 bytes @ 0x0
  1922                           
  1923     0070                     memset@dest:	
  1924                           ; 2 bytes @ 0x0
  1925                           
  1926     0070                     ??_LIN_stopTimer:	
  1927                           ; 2 bytes @ 0x0
  1928                           
  1929     0070                     ??_LIN_enableRx:	
  1930                           ; 1 bytes @ 0x0
  1931                           
  1932     0070                     ??_EUSART_is_rx_ready:	
  1933                           ; 1 bytes @ 0x0
  1934                           
  1935     0070                     ??_EUSART_Read:	
  1936                           ; 1 bytes @ 0x0
  1937                           
  1938     0070                     ??_LIN_disableRx:	
  1939                           ; 1 bytes @ 0x0
  1940                           
  1941     0070                     ??_LIN_calcParity:	
  1942                           ; 1 bytes @ 0x0
  1943                           
  1944     0070                     ??_TMR0_WriteTimer:	
  1945                           ; 1 bytes @ 0x0
  1946                           
  1947     0070                     ??_EUSART_get_last_status:	
  1948                           ; 1 bytes @ 0x0
  1949                           
  1950     0070                     ??_EUSART_Receive_ISR:	
  1951                           ; 1 bytes @ 0x0
  1952                           
  1953     0070                     ??_EUSART_Transmit_ISR:	
  1954                           ; 1 bytes @ 0x0
  1955                           
  1956     0070                     ??_EUSART_DefaultFramingErrorHandler:	
  1957                           ; 1 bytes @ 0x0
  1958                           
  1959     0070                     ??_EUSART_DefaultOverrunErrorHandler:	
  1960                           ; 1 bytes @ 0x0
  1961                           
  1962     0070                     ??_EUSART_DefaultErrorHandler:	
  1963                           ; 1 bytes @ 0x0
  1964                           
  1965     0070                     ??_EUSART_RxDataHandler:	
  1966                           ; 1 bytes @ 0x0
  1967                           
  1968     0070                     ??_TMR0_ISR:	
  1969                           ; 1 bytes @ 0x0
  1970                           
  1971     0070                     ??_PIN_MANAGER_Initialize:	
  1972                           ; 1 bytes @ 0x0
  1973                           
  1974     0070                     ??_OSCILLATOR_Initialize:	
  1975                           ; 1 bytes @ 0x0
  1976                           
  1977     0070                     ??_WDT_Initialize:	
  1978                           ; 1 bytes @ 0x0
  1979                           
  1980     0070                     ??_TMR0_DefaultInterruptHandler:	
  1981                           ; 1 bytes @ 0x0
  1982                           
  1983     0070                     ??_LIN_timerHandler:	
  1984                           ; 1 bytes @ 0x0
  1985                           
  1986     0070                     ??_INTERRUPT_InterruptManager:	
  1987                           ; 1 bytes @ 0x0
  1988                           
  1989     0070                     ??i1_LIN_stopTimer:	
  1990                           ; 1 bytes @ 0x0
  1991                           
  1992                           
  1993                           ; 1 bytes @ 0x0
  1994     0070                     	ds	1
  1995     0071                     LIN_calcParity@CMD:
  1996     0071                     LIN_startTimer@timeout:	
  1997                           ; 1 bytes @ 0x1
  1998                           
  1999     0071                     LIN_getChecksum@data:	
  2000                           ; 1 bytes @ 0x1
  2001                           
  2002     0071                     ??_LIN_startTimer:	
  2003                           ; 2 bytes @ 0x1
  2004                           
  2005     0071                     ??_LIN_breakCheck:	
  2006                           ; 1 bytes @ 0x1
  2007                           
  2008     0071                     ??_LIN_getFromTable:	
  2009                           ; 1 bytes @ 0x1
  2010                           
  2011                           
  2012                           ; 1 bytes @ 0x1
  2013     0071                     	ds	1
  2014     0072                     ?_LIN_init:
  2015     0072                     LIN_calcParity@PID:	
  2016                           ; 1 bytes @ 0x2
  2017                           
  2018     0072                     LIN_init@command:	
  2019                           ; 1 bytes @ 0x2
  2020                           
  2021     0072                     memcpy@s1:	
  2022                           ; 2 bytes @ 0x2
  2023                           
  2024     0072                     memset@c:	
  2025                           ; 2 bytes @ 0x2
  2026                           
  2027     0072                     ??_LIN_setTimerHandler:	
  2028                           ; 2 bytes @ 0x2
  2029                           
  2030     0072                     ??_TMR0_SetInterruptHandler:	
  2031                           ; 1 bytes @ 0x2
  2032                           
  2033     0072                     ??_EUSART_SetRxInterruptHandler:	
  2034                           ; 1 bytes @ 0x2
  2035                           
  2036     0072                     ??_EUSART_SetTxInterruptHandler:	
  2037                           ; 1 bytes @ 0x2
  2038                           
  2039     0072                     ??_EUSART_SetFramingErrorHandler:	
  2040                           ; 1 bytes @ 0x2
  2041                           
  2042     0072                     ??_EUSART_SetOverrunErrorHandler:	
  2043                           ; 1 bytes @ 0x2
  2044                           
  2045     0072                     ??_EUSART_SetErrorHandler:	
  2046                           ; 1 bytes @ 0x2
  2047                           
  2048     0072                     ??_TMR0_Initialize:	
  2049                           ; 1 bytes @ 0x2
  2050                           
  2051     0072                     ??_EUSART_Initialize:	
  2052                           ; 1 bytes @ 0x2
  2053                           
  2054                           
  2055                           ; 1 bytes @ 0x2
  2056     0072                     	ds	1
  2057     0073                     LIN_getFromTable@cmd:
  2058     0073                     ??_LIN_getChecksum:	
  2059                           ; 1 bytes @ 0x3
  2060                           
  2061                           
  2062                           ; 1 bytes @ 0x3
  2063     0073                     	ds	1
  2064     0074                     LIN_getFromTable@length:
  2065     0074                     LIN_init@processData:	
  2066                           ; 1 bytes @ 0x4
  2067                           
  2068     0074                     memcpy@n:	
  2069                           ; 2 bytes @ 0x4
  2070                           
  2071     0074                     memset@n:	
  2072                           ; 2 bytes @ 0x4
  2073                           
  2074                           
  2075                           ; 2 bytes @ 0x4
  2076     0074                     	ds	1
  2077     0075                     LIN_getChecksum@length:
  2078     0075                     LIN_getFromTable@rxCommand:	
  2079                           ; 1 bytes @ 0x5
  2080                           
  2081                           
  2082                           ; 2 bytes @ 0x5
  2083     0075                     	ds	1
  2084     0076                     LIN_init@tableLength:
  2085     0076                     LIN_getChecksum@i:	
  2086                           ; 1 bytes @ 0x6
  2087                           
  2088     0076                     memcpy@tmp:	
  2089                           ; 1 bytes @ 0x6
  2090                           
  2091     0076                     memset@p:	
  2092                           ; 1 bytes @ 0x6
  2093                           
  2094     0076                     ??_LIN_init:	
  2095                           ; 1 bytes @ 0x6
  2096                           
  2097     0076                     ??_memcpy:	
  2098                           ; 1 bytes @ 0x6
  2099                           
  2100     0076                     ??_memset:	
  2101                           ; 1 bytes @ 0x6
  2102                           
  2103                           
  2104                           ; 1 bytes @ 0x6
  2105     0076                     	ds	1
  2106     0077                     LIN_checkPID@pid:
  2107     0077                     memcpy@d:	
  2108                           ; 1 bytes @ 0x7
  2109                           
  2110     0077                     LIN_getChecksum@checksum:	
  2111                           ; 1 bytes @ 0x7
  2112                           
  2113     0077                     ??_SYSTEM_Initialize:	
  2114                           ; 2 bytes @ 0x7
  2115                           
  2116     0077                     ??_LIN_checkPID:	
  2117                           ; 1 bytes @ 0x7
  2118                           
  2119     0077                     ??_LIN_Slave_Initialize:	
  2120                           ; 1 bytes @ 0x7
  2121                           
  2122                           
  2123                           ; 1 bytes @ 0x7
  2124     0077                     	ds	1
  2125     0078                     memcpy@s:
  2126                           
  2127                           ; 1 bytes @ 0x8
  2128     0078                     	ds	1
  2129     0079                     ?_LIN_getPacket:
  2130     0079                     LIN_getPacket@data:	
  2131                           ; 1 bytes @ 0x9
  2132                           
  2133     0079                     EUSART_Write@txData:	
  2134                           ; 1 bytes @ 0x9
  2135                           
  2136     0079                     ??_EUSART_Write:	
  2137                           ; 1 bytes @ 0x9
  2138                           
  2139                           
  2140                           ; 1 bytes @ 0x9
  2141     0079                     	ds	1
  2142     007A                     ?_LIN_sendPacket:
  2143     007A                     LIN_sendPacket@pid:	
  2144                           ; 1 bytes @ 0xA
  2145                           
  2146     007A                     LIN_getPacket@cmd:	
  2147                           ; 1 bytes @ 0xA
  2148                           
  2149     007A                     ??_LIN_getPacket:	
  2150                           ; 1 bytes @ 0xA
  2151                           
  2152                           
  2153                           ; 1 bytes @ 0xA
  2154     007A                     	ds	1
  2155     007B                     LIN_sendPacket@data:
  2156     007B                     ??_processLIN:	
  2157                           ; 2 bytes @ 0xB
  2158                           
  2159                           
  2160                           ; 1 bytes @ 0xB
  2161     007B                     	ds	2
  2162     007D                     ??_LIN_sendPacket:
  2163     007D                     ??_main:	
  2164                           ; 1 bytes @ 0xD
  2165                           
  2166                           
  2167                           	psect	cstackBANK0
  2168     005C                     __pcstackBANK0:	
  2169                           ; 1 bytes @ 0xD
  2170                           
  2171     005C                     LIN_sendPacket@length:
  2172     005C                     processLIN@tempRxData:	
  2173                           ; 1 bytes @ 0x0
  2174                           
  2175                           
  2176                           ; 8 bytes @ 0x0
  2177     005C                     	ds	1
  2178     005D                     LIN_sendPacket@i:
  2179                           
  2180                           ; 1 bytes @ 0x1
  2181     005D                     	ds	1
  2182     005E                     ??_LIN_queuePacket:
  2183                           
  2184                           ; 1 bytes @ 0x2
  2185     005E                     	ds	1
  2186     005F                     LIN_queuePacket@cmd:
  2187                           
  2188                           ; 1 bytes @ 0x3
  2189     005F                     	ds	1
  2190     0060                     LIN_queuePacket@i:
  2191                           
  2192                           ; 1 bytes @ 0x4
  2193     0060                     	ds	1
  2194     0061                     LIN_queuePacket@tempSchedule:
  2195                           
  2196                           ; 2 bytes @ 0x5
  2197     0061                     	ds	3
  2198     0064                     processLIN@cmd:
  2199                           
  2200                           ; 1 bytes @ 0x8
  2201     0064                     	ds	1
  2202     0065                     processLIN@mode:
  2203                           
  2204                           ; 1 bytes @ 0x9
  2205     0065                     	ds	1
  2206     0066                     ??_LIN_handler:
  2207                           
  2208                           ; 1 bytes @ 0xA
  2209     0066                     	ds	5
  2210                           
  2211                           	psect	maintext
  2212     05EE                     __pmaintext:	
  2213 ;;
  2214 ;;Main: autosize = 0, tempsize = 0, incstack = 0, save=0
  2215 ;;
  2216 ;; *************** function _main *****************
  2217 ;; Defined at:
  2218 ;;		line 47 in file "D:\yiming\00work\FR685_V05.X\main.c"
  2219 ;; Parameters:    Size  Location     Type
  2220 ;;		None
  2221 ;; Auto vars:     Size  Location     Type
  2222 ;;		None
  2223 ;; Return value:  Size  Location     Type
  2224 ;;                  2   14[None  ] int 
  2225 ;; Registers used:
  2226 ;;		wreg, fsr0l, fsr0h, fsr1l, fsr1h, status,2, status,0, pclath, cstack
  2227 ;; Tracked objects:
  2228 ;;		On entry : B1F/0
  2229 ;;		On exit  : 0/0
  2230 ;;		Unchanged: 0/0
  2231 ;; Data sizes:     COMMON   BANK0   BANK1   BANK2   BANK3   BANK4   BANK5   BANK6
  2232 ;;      Params:         0       0       0       0       0       0       0       0
  2233 ;;      Locals:         0       0       0       0       0       0       0       0
  2234 ;;      Temps:          0       0       0       0       0       0       0       0
  2235 ;;      Totals:         0       0       0       0       0       0       0       0
  2236 ;;Total ram usage:        0 bytes
  2237 ;; Hardware stack levels required when called: 9
  2238 ;; This function calls:
  2239 ;;		_LIN_handler
  2240 ;;		_SYSTEM_Initialize
  2241 ;; This function is called by:
  2242 ;;		Startup code after reset
  2243 ;; This function uses a non-reentrant model
  2244 ;;
  2245                           
  2246     05EE                     _main:	
  2247                           ;psect for function _main
  2248                           
  2249     05EE                     l2520:	
  2250                           ;incstack = 0
  2251                           ; Regs used in _main: [wreg-fsr1h+status,2+status,0+pclath+cstack]
  2252                           
  2253                           
  2254                           ;D:\yiming\00work\FR685_V05.X\main.c: 50:     SYSTEM_Initialize();
  2255     05EE  3185  2583  3185   	fcall	_SYSTEM_Initialize
  2256     05F1                     l2522:
  2257                           
  2258                           ;D:\yiming\00work\FR685_V05.X\main.c: 53:     (INTCONbits.GIE = 1);
  2259     05F1  178B               	bsf	11,7	;volatile
  2260     05F2                     l2524:
  2261                           
  2262                           ;D:\yiming\00work\FR685_V05.X\main.c: 55:     (INTCONbits.PEIE = 1);
  2263     05F2  170B               	bsf	11,6	;volatile
  2264     05F3                     l2526:
  2265                           
  2266                           ;D:\yiming\00work\FR685_V05.X\main.c: 58:     {;D:\yiming\00work\FR685_V05.X\main.c: 60:
      +                                   LIN_handler();
  2267     05F3  3180  2056  3185   	fcall	_LIN_handler
  2268     05F6  2DF3               	goto	l2526
  2269     05F7  3180  283B         	ljmp	start
  2270     05F9                     __end_of_main:
  2271                           
  2272                           	psect	text1
  2273     0583                     __ptext1:	
  2274 ;; *************** function _SYSTEM_Initialize *****************
  2275 ;; Defined at:
  2276 ;;		line 50 in file "D:\yiming\00work\FR685_V05.X\mcc_generated_files\mcc.c"
  2277 ;; Parameters:    Size  Location     Type
  2278 ;;		None
  2279 ;; Auto vars:     Size  Location     Type
  2280 ;;		None
  2281 ;; Return value:  Size  Location     Type
  2282 ;;                  1    wreg      void 
  2283 ;; Registers used:
  2284 ;;		wreg, status,2, status,0, pclath, cstack
  2285 ;; Tracked objects:
  2286 ;;		On entry : 0/0
  2287 ;;		On exit  : 0/0
  2288 ;;		Unchanged: 0/0
  2289 ;; Data sizes:     COMMON   BANK0   BANK1   BANK2   BANK3   BANK4   BANK5   BANK6
  2290 ;;      Params:         0       0       0       0       0       0       0       0
  2291 ;;      Locals:         0       0       0       0       0       0       0       0
  2292 ;;      Temps:          0       0       0       0       0       0       0       0
  2293 ;;      Totals:         0       0       0       0       0       0       0       0
  2294 ;;Total ram usage:        0 bytes
  2295 ;; Hardware stack levels used: 1
  2296 ;; Hardware stack levels required when called: 8
  2297 ;; This function calls:
  2298 ;;		_EUSART_Initialize
  2299 ;;		_LIN_Slave_Initialize
  2300 ;;		_OSCILLATOR_Initialize
  2301 ;;		_PIN_MANAGER_Initialize
  2302 ;;		_TMR0_Initialize
  2303 ;;		_WDT_Initialize
  2304 ;; This function is called by:
  2305 ;;		_main
  2306 ;; This function uses a non-reentrant model
  2307 ;;
  2308                           
  2309     0583                     _SYSTEM_Initialize:	
  2310                           ;psect for function _SYSTEM_Initialize
  2311                           
  2312     0583                     l2424:	
  2313                           ;incstack = 0
  2314                           ; Regs used in _SYSTEM_Initialize: [wreg+status,2+status,0+pclath+cstack]
  2315                           
  2316                           
  2317                           ;D:\yiming\00work\FR685_V05.X\mcc_generated_files\mcc.c: 53:     PIN_MANAGER_Initialize(
      +                          );
  2318     0583  3184  24FA  3185   	fcall	_PIN_MANAGER_Initialize
  2319                           
  2320                           ;D:\yiming\00work\FR685_V05.X\mcc_generated_files\mcc.c: 54:     OSCILLATOR_Initialize()
      +                          ;
  2321     0586  3185  25E2  3185   	fcall	_OSCILLATOR_Initialize
  2322                           
  2323                           ;D:\yiming\00work\FR685_V05.X\mcc_generated_files\mcc.c: 55:     WDT_Initialize();
  2324     0589  3186  2652  3185   	fcall	_WDT_Initialize
  2325     058C                     l2426:
  2326                           
  2327                           ;D:\yiming\00work\FR685_V05.X\mcc_generated_files\mcc.c: 56:     TMR0_Initialize();
  2328     058C  3185  255B  3185   	fcall	_TMR0_Initialize
  2329     058F                     l2428:
  2330                           
  2331                           ;D:\yiming\00work\FR685_V05.X\mcc_generated_files\mcc.c: 57:     EUSART_Initialize();
  2332     058F  3183  2382  3185   	fcall	_EUSART_Initialize
  2333     0592                     l2430:
  2334                           
  2335                           ;D:\yiming\00work\FR685_V05.X\mcc_generated_files\mcc.c: 58:     LIN_Slave_Initialize();
  2336     0592  3185  25C8  3185   	fcall	_LIN_Slave_Initialize
  2337     0595                     l439:
  2338     0595  0008               	return
  2339     0596                     __end_of_SYSTEM_Initialize:
  2340                           
  2341                           	psect	text2
  2342     0652                     __ptext2:	
  2343 ;; *************** function _WDT_Initialize *****************
  2344 ;; Defined at:
  2345 ;;		line 75 in file "D:\yiming\00work\FR685_V05.X\mcc_generated_files\mcc.c"
  2346 ;; Parameters:    Size  Location     Type
  2347 ;;		None
  2348 ;; Auto vars:     Size  Location     Type
  2349 ;;		None
  2350 ;; Return value:  Size  Location     Type
  2351 ;;                  1    wreg      void 
  2352 ;; Registers used:
  2353 ;;		None
  2354 ;; Tracked objects:
  2355 ;;		On entry : 0/0
  2356 ;;		On exit  : 0/0
  2357 ;;		Unchanged: 0/0
  2358 ;; Data sizes:     COMMON   BANK0   BANK1   BANK2   BANK3   BANK4   BANK5   BANK6
  2359 ;;      Params:         0       0       0       0       0       0       0       0
  2360 ;;      Locals:         0       0       0       0       0       0       0       0
  2361 ;;      Temps:          0       0       0       0       0       0       0       0
  2362 ;;      Totals:         0       0       0       0       0       0       0       0
  2363 ;;Total ram usage:        0 bytes
  2364 ;; Hardware stack levels used: 1
  2365 ;; Hardware stack levels required when called: 4
  2366 ;; This function calls:
  2367 ;;		Nothing
  2368 ;; This function is called by:
  2369 ;;		_SYSTEM_Initialize
  2370 ;; This function uses a non-reentrant model
  2371 ;;
  2372                           
  2373     0652                     _WDT_Initialize:	
  2374                           ;psect for function _WDT_Initialize
  2375                           
  2376     0652                     l1444:	
  2377                           ;incstack = 0
  2378                           ; Regs used in _WDT_Initialize: []
  2379                           
  2380                           
  2381                           ;D:\yiming\00work\FR685_V05.X\mcc_generated_files\mcc.c: 78:     WDTCON = 0x16;
  2382     0652  3016               	movlw	22
  2383     0653  0021               	movlb	1	; select bank1
  2384     0654  0097               	movwf	23	;volatile
  2385     0655                     l448:
  2386     0655  0008               	return
  2387     0656                     __end_of_WDT_Initialize:
  2388                           
  2389                           	psect	text3
  2390     055B                     __ptext3:	
  2391 ;; *************** function _TMR0_Initialize *****************
  2392 ;; Defined at:
  2393 ;;		line 64 in file "D:\yiming\00work\FR685_V05.X\mcc_generated_files\tmr0.c"
  2394 ;; Parameters:    Size  Location     Type
  2395 ;;		None
  2396 ;; Auto vars:     Size  Location     Type
  2397 ;;		None
  2398 ;; Return value:  Size  Location     Type
  2399 ;;                  1    wreg      void 
  2400 ;; Registers used:
  2401 ;;		wreg, status,2, status,0, pclath, cstack
  2402 ;; Tracked objects:
  2403 ;;		On entry : 0/0
  2404 ;;		On exit  : 0/0
  2405 ;;		Unchanged: 0/0
  2406 ;; Data sizes:     COMMON   BANK0   BANK1   BANK2   BANK3   BANK4   BANK5   BANK6
  2407 ;;      Params:         0       0       0       0       0       0       0       0
  2408 ;;      Locals:         0       0       0       0       0       0       0       0
  2409 ;;      Temps:          0       0       0       0       0       0       0       0
  2410 ;;      Totals:         0       0       0       0       0       0       0       0
  2411 ;;Total ram usage:        0 bytes
  2412 ;; Hardware stack levels used: 1
  2413 ;; Hardware stack levels required when called: 5
  2414 ;; This function calls:
  2415 ;;		_TMR0_SetInterruptHandler
  2416 ;; This function is called by:
  2417 ;;		_SYSTEM_Initialize
  2418 ;; This function uses a non-reentrant model
  2419 ;;
  2420                           
  2421     055B                     _TMR0_Initialize:	
  2422                           ;psect for function _TMR0_Initialize
  2423                           
  2424     055B                     l2040:	
  2425                           ;incstack = 0
  2426                           ; Regs used in _TMR0_Initialize: [wreg+status,2+status,0+pclath+cstack]
  2427                           
  2428                           
  2429                           ;D:\yiming\00work\FR685_V05.X\mcc_generated_files\tmr0.c: 69:     OPTION_REG = (uint8_t)
      +                          ((OPTION_REG & 0xC0) | (0xD4 & 0x3F));
  2430     055B  0021               	movlb	1	; select bank1
  2431     055C  0815               	movf	21,w	;volatile
  2432     055D  39C0               	andlw	192
  2433     055E  3814               	iorlw	20
  2434     055F  0095               	movwf	21	;volatile
  2435     0560                     l2042:
  2436                           
  2437                           ;D:\yiming\00work\FR685_V05.X\mcc_generated_files\tmr0.c: 72:     TMR0 = 0x06;
  2438     0560  3006               	movlw	6
  2439     0561  0020               	movlb	0	; select bank0
  2440     0562  0095               	movwf	21	;volatile
  2441     0563                     l2044:
  2442                           
  2443                           ;D:\yiming\00work\FR685_V05.X\mcc_generated_files\tmr0.c: 75:     timer0ReloadVal= 6;
  2444     0563  3006               	movlw	6
  2445     0564  00C2               	movwf	_timer0ReloadVal	;volatile
  2446     0565                     l2046:
  2447                           
  2448                           ;D:\yiming\00work\FR685_V05.X\mcc_generated_files\tmr0.c: 78:     INTCONbits.TMR0IF = 0;
  2449     0565  110B               	bcf	11,2	;volatile
  2450     0566                     l2048:
  2451                           
  2452                           ;D:\yiming\00work\FR685_V05.X\mcc_generated_files\tmr0.c: 81:     INTCONbits.TMR0IE = 1;
  2453     0566  168B               	bsf	11,5	;volatile
  2454     0567                     l2050:
  2455                           
  2456                           ;D:\yiming\00work\FR685_V05.X\mcc_generated_files\tmr0.c: 84:     TMR0_SetInterruptHandl
      +                          er(TMR0_DefaultInterruptHandler);
  2457     0567  3062               	movlw	low _TMR0_DefaultInterruptHandler
  2458     0568  00F0               	movwf	TMR0_SetInterruptHandler@InterruptHandler
  2459     0569  3006               	movlw	high _TMR0_DefaultInterruptHandler
  2460     056A  00F1               	movwf	TMR0_SetInterruptHandler@InterruptHandler+1
  2461     056B  3186  2610  3185   	fcall	_TMR0_SetInterruptHandler
  2462     056E                     l499:
  2463     056E  0008               	return
  2464     056F                     __end_of_TMR0_Initialize:
  2465                           
  2466                           	psect	text4
  2467     04FA                     __ptext4:	
  2468 ;; *************** function _PIN_MANAGER_Initialize *****************
  2469 ;; Defined at:
  2470 ;;		line 55 in file "D:\yiming\00work\FR685_V05.X\mcc_generated_files\pin_manager.c"
  2471 ;; Parameters:    Size  Location     Type
  2472 ;;		None
  2473 ;; Auto vars:     Size  Location     Type
  2474 ;;		None
  2475 ;; Return value:  Size  Location     Type
  2476 ;;                  1    wreg      void 
  2477 ;; Registers used:
  2478 ;;		status,2
  2479 ;; Tracked objects:
  2480 ;;		On entry : 0/0
  2481 ;;		On exit  : 0/0
  2482 ;;		Unchanged: 0/0
  2483 ;; Data sizes:     COMMON   BANK0   BANK1   BANK2   BANK3   BANK4   BANK5   BANK6
  2484 ;;      Params:         0       0       0       0       0       0       0       0
  2485 ;;      Locals:         0       0       0       0       0       0       0       0
  2486 ;;      Temps:          0       0       0       0       0       0       0       0
  2487 ;;      Totals:         0       0       0       0       0       0       0       0
  2488 ;;Total ram usage:        0 bytes
  2489 ;; Hardware stack levels used: 1
  2490 ;; Hardware stack levels required when called: 4
  2491 ;; This function calls:
  2492 ;;		Nothing
  2493 ;; This function is called by:
  2494 ;;		_SYSTEM_Initialize
  2495 ;; This function uses a non-reentrant model
  2496 ;;
  2497                           
  2498     04FA                     _PIN_MANAGER_Initialize:	
  2499                           ;psect for function _PIN_MANAGER_Initialize
  2500                           
  2501     04FA                     l1426:	
  2502                           ;incstack = 0
  2503                           ; Regs used in _PIN_MANAGER_Initialize: [status,2]
  2504                           
  2505                           
  2506                           ;D:\yiming\00work\FR685_V05.X\mcc_generated_files\pin_manager.c: 60:     LATE = 0x00;
  2507     04FA  0022               	movlb	2	; select bank2
  2508     04FB  0190               	clrf	16	;volatile
  2509                           
  2510                           ;D:\yiming\00work\FR685_V05.X\mcc_generated_files\pin_manager.c: 61:     LATA = 0x00;
  2511     04FC  018C               	clrf	12	;volatile
  2512                           
  2513                           ;D:\yiming\00work\FR685_V05.X\mcc_generated_files\pin_manager.c: 62:     LATB = 0x00;
  2514     04FD  018D               	clrf	13	;volatile
  2515                           
  2516                           ;D:\yiming\00work\FR685_V05.X\mcc_generated_files\pin_manager.c: 63:     LATC = 0x00;
  2517     04FE  018E               	clrf	14	;volatile
  2518     04FF                     l1428:
  2519                           
  2520                           ;D:\yiming\00work\FR685_V05.X\mcc_generated_files\pin_manager.c: 68:     TRISE = 0x08;
  2521     04FF  3008               	movlw	8
  2522     0500  0021               	movlb	1	; select bank1
  2523     0501  0090               	movwf	16	;volatile
  2524     0502                     l1430:
  2525                           
  2526                           ;D:\yiming\00work\FR685_V05.X\mcc_generated_files\pin_manager.c: 69:     TRISA = 0xFF;
  2527     0502  30FF               	movlw	255
  2528     0503  008C               	movwf	12	;volatile
  2529     0504                     l1432:
  2530                           
  2531                           ;D:\yiming\00work\FR685_V05.X\mcc_generated_files\pin_manager.c: 70:     TRISB = 0xC0;
  2532     0504  30C0               	movlw	192
  2533     0505  008D               	movwf	13	;volatile
  2534     0506                     l1434:
  2535                           
  2536                           ;D:\yiming\00work\FR685_V05.X\mcc_generated_files\pin_manager.c: 71:     TRISC = 0xBF;
  2537     0506  30BF               	movlw	191
  2538     0507  008E               	movwf	14	;volatile
  2539                           
  2540                           ;D:\yiming\00work\FR685_V05.X\mcc_generated_files\pin_manager.c: 76:     ANSELB = 0x00;
  2541     0508  0023               	movlb	3	; select bank3
  2542     0509  018D               	clrf	13	;volatile
  2543     050A                     l1436:
  2544                           
  2545                           ;D:\yiming\00work\FR685_V05.X\mcc_generated_files\pin_manager.c: 77:     ANSELA = 0x3F;
  2546     050A  303F               	movlw	63
  2547     050B  008C               	movwf	12	;volatile
  2548                           
  2549                           ;D:\yiming\00work\FR685_V05.X\mcc_generated_files\pin_manager.c: 82:     WPUE = 0x00;
  2550     050C  0024               	movlb	4	; select bank4
  2551     050D  0190               	clrf	16	;volatile
  2552                           
  2553                           ;D:\yiming\00work\FR685_V05.X\mcc_generated_files\pin_manager.c: 83:     WPUB = 0x00;
  2554     050E  018D               	clrf	13	;volatile
  2555     050F                     l1438:
  2556                           
  2557                           ;D:\yiming\00work\FR685_V05.X\mcc_generated_files\pin_manager.c: 84:     OPTION_REGbits.
      +                          nWPUEN = 1;
  2558     050F  0021               	movlb	1	; select bank1
  2559     0510  1795               	bsf	21,7	;volatile
  2560                           
  2561                           ;D:\yiming\00work\FR685_V05.X\mcc_generated_files\pin_manager.c: 90:     APFCON = 0x00;
  2562     0511  0022               	movlb	2	; select bank2
  2563     0512  019D               	clrf	29	;volatile
  2564     0513                     l479:
  2565     0513  0008               	return
  2566     0514                     __end_of_PIN_MANAGER_Initialize:
  2567                           
  2568                           	psect	text5
  2569     05E2                     __ptext5:	
  2570 ;; *************** function _OSCILLATOR_Initialize *****************
  2571 ;; Defined at:
  2572 ;;		line 61 in file "D:\yiming\00work\FR685_V05.X\mcc_generated_files\mcc.c"
  2573 ;; Parameters:    Size  Location     Type
  2574 ;;		None
  2575 ;; Auto vars:     Size  Location     Type
  2576 ;;		None
  2577 ;; Return value:  Size  Location     Type
  2578 ;;                  1    wreg      void 
  2579 ;; Registers used:
  2580 ;;		status,2
  2581 ;; Tracked objects:
  2582 ;;		On entry : 0/0
  2583 ;;		On exit  : 0/0
  2584 ;;		Unchanged: 0/0
  2585 ;; Data sizes:     COMMON   BANK0   BANK1   BANK2   BANK3   BANK4   BANK5   BANK6
  2586 ;;      Params:         0       0       0       0       0       0       0       0
  2587 ;;      Locals:         0       0       0       0       0       0       0       0
  2588 ;;      Temps:          0       0       0       0       0       0       0       0
  2589 ;;      Totals:         0       0       0       0       0       0       0       0
  2590 ;;Total ram usage:        0 bytes
  2591 ;; Hardware stack levels used: 1
  2592 ;; Hardware stack levels required when called: 4
  2593 ;; This function calls:
  2594 ;;		Nothing
  2595 ;; This function is called by:
  2596 ;;		_SYSTEM_Initialize
  2597 ;; This function uses a non-reentrant model
  2598 ;;
  2599                           
  2600     05E2                     _OSCILLATOR_Initialize:	
  2601                           ;psect for function _OSCILLATOR_Initialize
  2602                           
  2603     05E2                     l1440:	
  2604                           ;incstack = 0
  2605                           ; Regs used in _OSCILLATOR_Initialize: [status,2]
  2606                           
  2607                           
  2608                           ;D:\yiming\00work\FR685_V05.X\mcc_generated_files\mcc.c: 64:     OSCCON = 0x70;
  2609     05E2  3070               	movlw	112
  2610     05E3  0021               	movlb	1	; select bank1
  2611     05E4  0099               	movwf	25	;volatile
  2612     05E5                     l1442:
  2613                           
  2614                           ;D:\yiming\00work\FR685_V05.X\mcc_generated_files\mcc.c: 66:     OSCTUNE = 0x00;
  2615     05E5  0198               	clrf	24	;volatile
  2616                           
  2617                           ;D:\yiming\00work\FR685_V05.X\mcc_generated_files\mcc.c: 68:     BORCON = 0x00;
  2618     05E6  0022               	movlb	2	; select bank2
  2619     05E7  0196               	clrf	22	;volatile
  2620     05E8                     l442:	
  2621                           ;D:\yiming\00work\FR685_V05.X\mcc_generated_files\mcc.c: 71:     {;D:\yiming\00work\FR68
      +                          5_V05.X\mcc_generated_files\mcc.c: 72:     }
  2622                           
  2623                           
  2624                           ;D:\yiming\00work\FR685_V05.X\mcc_generated_files\mcc.c: 70:     while(PLLR == 0)
  2625     05E8  0021               	movlb	1	; select bank1
  2626     05E9  1F1A               	btfss	26,6	;volatile
  2627     05EA  2DEC               	goto	u541
  2628     05EB  2DED               	goto	u540
  2629     05EC                     u541:
  2630     05EC  2DE8               	goto	l442
  2631     05ED                     u540:
  2632     05ED                     l445:
  2633     05ED  0008               	return
  2634     05EE                     __end_of_OSCILLATOR_Initialize:
  2635                           
  2636                           	psect	text6
  2637     05C8                     __ptext6:	
  2638 ;; *************** function _LIN_Slave_Initialize *****************
  2639 ;; Defined at:
  2640 ;;		line 79 in file "D:\yiming\00work\FR685_V05.X\mcc_generated_files\LINDrivers\lin_app.c"
  2641 ;; Parameters:    Size  Location     Type
  2642 ;;		None
  2643 ;; Auto vars:     Size  Location     Type
  2644 ;;		None
  2645 ;; Return value:  Size  Location     Type
  2646 ;;                  1    wreg      void 
  2647 ;; Registers used:
  2648 ;;		wreg, status,2, status,0, pclath, cstack
  2649 ;; Tracked objects:
  2650 ;;		On entry : 0/0
  2651 ;;		On exit  : 0/0
  2652 ;;		Unchanged: 0/0
  2653 ;; Data sizes:     COMMON   BANK0   BANK1   BANK2   BANK3   BANK4   BANK5   BANK6
  2654 ;;      Params:         0       0       0       0       0       0       0       0
  2655 ;;      Locals:         0       0       0       0       0       0       0       0
  2656 ;;      Temps:          0       0       0       0       0       0       0       0
  2657 ;;      Totals:         0       0       0       0       0       0       0       0
  2658 ;;Total ram usage:        0 bytes
  2659 ;; Hardware stack levels used: 1
  2660 ;; Hardware stack levels required when called: 7
  2661 ;; This function calls:
  2662 ;;		_LIN_init
  2663 ;; This function is called by:
  2664 ;;		_SYSTEM_Initialize
  2665 ;; This function uses a non-reentrant model
  2666 ;;
  2667                           
  2668     05C8                     _LIN_Slave_Initialize:	
  2669                           ;psect for function _LIN_Slave_Initialize
  2670                           
  2671     05C8                     l2368:	
  2672                           ;incstack = 0
  2673                           ; Regs used in _LIN_Slave_Initialize: [wreg+status,2+status,0+pclath+cstack]
  2674                           
  2675                           
  2676                           ;D:\yiming\00work\FR685_V05.X\mcc_generated_files\LINDrivers\lin_app.c: 81:   LIN_init((
      +                          sizeof(scheduleTable)/sizeof(lin_rx_cmd_t)), scheduleTable, processLIN);
  2677     05C8  3034               	movlw	low (_scheduleTable| (0+32768))
  2678     05C9  00F2               	movwf	LIN_init@command
  2679     05CA  3086               	movlw	high (_scheduleTable| (0+32768))
  2680     05CB  00F3               	movwf	LIN_init@command+1
  2681     05CC  3086               	movlw	low _processLIN
  2682     05CD  00F4               	movwf	LIN_init@processData
  2683     05CE  3001               	movlw	high _processLIN
  2684     05CF  00F5               	movwf	LIN_init@processData+1
  2685     05D0  3001               	movlw	1
  2686     05D1  3185  2545  3185   	fcall	_LIN_init
  2687     05D4                     l35:
  2688     05D4  0008               	return
  2689     05D5                     __end_of_LIN_Slave_Initialize:
  2690                           
  2691                           	psect	text7
  2692     0545                     __ptext7:	
  2693 ;; *************** function _LIN_init *****************
  2694 ;; Defined at:
  2695 ;;		line 57 in file "D:\yiming\00work\FR685_V05.X\mcc_generated_files\LINDrivers\lin_slave.c"
  2696 ;; Parameters:    Size  Location     Type
  2697 ;;  tableLength     1    wreg     unsigned char 
  2698 ;;  command         2    2[COMMON] const PTR const struct .
  2699 ;;		 -> scheduleTable(5), 
  2700 ;;  processData     2    4[COMMON] PTR FTN()void 
  2701 ;;		 -> processLIN(1), 
  2702 ;; Auto vars:     Size  Location     Type
  2703 ;;  tableLength     1    6[COMMON] unsigned char 
  2704 ;; Return value:  Size  Location     Type
  2705 ;;                  1    wreg      void 
  2706 ;; Registers used:
  2707 ;;		wreg, status,2, status,0, pclath, cstack
  2708 ;; Tracked objects:
  2709 ;;		On entry : 0/0
  2710 ;;		On exit  : 0/0
  2711 ;;		Unchanged: 0/0
  2712 ;; Data sizes:     COMMON   BANK0   BANK1   BANK2   BANK3   BANK4   BANK5   BANK6
  2713 ;;      Params:         4       0       0       0       0       0       0       0
  2714 ;;      Locals:         1       0       0       0       0       0       0       0
  2715 ;;      Temps:          0       0       0       0       0       0       0       0
  2716 ;;      Totals:         5       0       0       0       0       0       0       0
  2717 ;;Total ram usage:        5 bytes
  2718 ;; Hardware stack levels used: 1
  2719 ;; Hardware stack levels required when called: 6
  2720 ;; This function calls:
  2721 ;;		_LIN_enableRx
  2722 ;;		_LIN_setTimerHandler
  2723 ;;		_LIN_stopTimer
  2724 ;; This function is called by:
  2725 ;;		_LIN_Slave_Initialize
  2726 ;; This function uses a non-reentrant model
  2727 ;;
  2728                           
  2729     0545                     _LIN_init:	
  2730                           ;psect for function _LIN_init
  2731                           
  2732                           
  2733                           ;incstack = 0
  2734                           ; Regs used in _LIN_init: [wreg+status,2+status,0+pclath+cstack]
  2735                           ;LIN_init@tableLength stored from wreg
  2736     0545  00F6               	movwf	LIN_init@tableLength
  2737     0546                     l1764:
  2738                           
  2739                           ;D:\yiming\00work\FR685_V05.X\mcc_generated_files\LINDrivers\lin_slave.c: 58:     LIN_rx
      +                          Command = command;
  2740     0546  0873               	movf	LIN_init@command+1,w
  2741     0547  0020               	movlb	0	; select bank0
  2742     0548  00BD               	movwf	_LIN_rxCommand+1
  2743     0549  0872               	movf	LIN_init@command,w
  2744     054A  00BC               	movwf	_LIN_rxCommand
  2745                           
  2746                           ;D:\yiming\00work\FR685_V05.X\mcc_generated_files\LINDrivers\lin_slave.c: 59:     LIN_rx
      +                          CommandLength = tableLength;
  2747     054B  0876               	movf	LIN_init@tableLength,w
  2748     054C  00CD               	movwf	_LIN_rxCommandLength
  2749                           
  2750                           ;D:\yiming\00work\FR685_V05.X\mcc_generated_files\LINDrivers\lin_slave.c: 60:     LIN_pr
      +                          ocessData = processData;
  2751     054D  0875               	movf	LIN_init@processData+1,w
  2752     054E  00BF               	movwf	_LIN_processData+1
  2753     054F  0874               	movf	LIN_init@processData,w
  2754     0550  00BE               	movwf	_LIN_processData
  2755     0551                     l1766:
  2756                           
  2757                           ;D:\yiming\00work\FR685_V05.X\mcc_generated_files\LINDrivers\lin_slave.c: 61:     LIN_st
      +                          opTimer();
  2758     0551  3186  2639  3185   	fcall	_LIN_stopTimer
  2759     0554                     l1768:
  2760                           
  2761                           ;D:\yiming\00work\FR685_V05.X\mcc_generated_files\LINDrivers\lin_slave.c: 62:     LIN_en
      +                          ableRx();
  2762     0554  3186  2643  3185   	fcall	_LIN_enableRx
  2763     0557                     l1770:
  2764                           
  2765                           ;D:\yiming\00work\FR685_V05.X\mcc_generated_files\LINDrivers\lin_slave.c: 63:     LIN_se
      +                          tTimerHandler();
  2766     0557  3186  2602  3185   	fcall	_LIN_setTimerHandler
  2767     055A                     l130:
  2768     055A  0008               	return
  2769     055B                     __end_of_LIN_init:
  2770                           
  2771                           	psect	text8
  2772     0602                     __ptext8:	
  2773 ;; *************** function _LIN_setTimerHandler *****************
  2774 ;; Defined at:
  2775 ;;		line 301 in file "D:\yiming\00work\FR685_V05.X\mcc_generated_files\LINDrivers\lin_slave.c"
  2776 ;; Parameters:    Size  Location     Type
  2777 ;;		None
  2778 ;; Auto vars:     Size  Location     Type
  2779 ;;		None
  2780 ;; Return value:  Size  Location     Type
  2781 ;;                  1    wreg      void 
  2782 ;; Registers used:
  2783 ;;		wreg, status,2, status,0, pclath, cstack
  2784 ;; Tracked objects:
  2785 ;;		On entry : 0/0
  2786 ;;		On exit  : 0/0
  2787 ;;		Unchanged: 0/0
  2788 ;; Data sizes:     COMMON   BANK0   BANK1   BANK2   BANK3   BANK4   BANK5   BANK6
  2789 ;;      Params:         0       0       0       0       0       0       0       0
  2790 ;;      Locals:         0       0       0       0       0       0       0       0
  2791 ;;      Temps:          0       0       0       0       0       0       0       0
  2792 ;;      Totals:         0       0       0       0       0       0       0       0
  2793 ;;Total ram usage:        0 bytes
  2794 ;; Hardware stack levels used: 1
  2795 ;; Hardware stack levels required when called: 5
  2796 ;; This function calls:
  2797 ;;		_TMR0_SetInterruptHandler
  2798 ;; This function is called by:
  2799 ;;		_LIN_init
  2800 ;; This function uses a non-reentrant model
  2801 ;;
  2802                           
  2803     0602                     _LIN_setTimerHandler:	
  2804                           ;psect for function _LIN_setTimerHandler
  2805                           
  2806     0602                     l1708:	
  2807                           ;incstack = 0
  2808                           ; Regs used in _LIN_setTimerHandler: [wreg+status,2+status,0+pclath+cstack]
  2809                           
  2810                           
  2811                           ;D:\yiming\00work\FR685_V05.X\mcc_generated_files\LINDrivers\lin_slave.c: 302:     TMR0_
      +                          SetInterruptHandler(LIN_timerHandler);
  2812     0602  30D5               	movlw	low _LIN_timerHandler
  2813     0603  00F0               	movwf	TMR0_SetInterruptHandler@InterruptHandler
  2814     0604  3005               	movlw	high _LIN_timerHandler
  2815     0605  00F1               	movwf	TMR0_SetInterruptHandler@InterruptHandler+1
  2816     0606  3186  2610  3186   	fcall	_TMR0_SetInterruptHandler
  2817     0609                     l224:
  2818     0609  0008               	return
  2819     060A                     __end_of_LIN_setTimerHandler:
  2820                           
  2821                           	psect	text9
  2822     0610                     __ptext9:	
  2823 ;; *************** function _TMR0_SetInterruptHandler *****************
  2824 ;; Defined at:
  2825 ;;		line 125 in file "D:\yiming\00work\FR685_V05.X\mcc_generated_files\tmr0.c"
  2826 ;; Parameters:    Size  Location     Type
  2827 ;;  InterruptHan    2    0[COMMON] PTR FTN()void 
  2828 ;;		 -> TMR0_DefaultInterruptHandler(1), LIN_timerHandler(1), 
  2829 ;; Auto vars:     Size  Location     Type
  2830 ;;		None
  2831 ;; Return value:  Size  Location     Type
  2832 ;;                  1    wreg      void 
  2833 ;; Registers used:
  2834 ;;		wreg
  2835 ;; Tracked objects:
  2836 ;;		On entry : 0/0
  2837 ;;		On exit  : 0/0
  2838 ;;		Unchanged: 0/0
  2839 ;; Data sizes:     COMMON   BANK0   BANK1   BANK2   BANK3   BANK4   BANK5   BANK6
  2840 ;;      Params:         2       0       0       0       0       0       0       0
  2841 ;;      Locals:         0       0       0       0       0       0       0       0
  2842 ;;      Temps:          0       0       0       0       0       0       0       0
  2843 ;;      Totals:         2       0       0       0       0       0       0       0
  2844 ;;Total ram usage:        2 bytes
  2845 ;; Hardware stack levels used: 1
  2846 ;; Hardware stack levels required when called: 4
  2847 ;; This function calls:
  2848 ;;		Nothing
  2849 ;; This function is called by:
  2850 ;;		_LIN_setTimerHandler
  2851 ;;		_TMR0_Initialize
  2852 ;; This function uses a non-reentrant model
  2853 ;;
  2854                           
  2855     0610                     _TMR0_SetInterruptHandler:	
  2856                           ;psect for function _TMR0_SetInterruptHandler
  2857                           
  2858     0610                     l1700:	
  2859                           ;incstack = 0
  2860                           ; Regs used in _TMR0_SetInterruptHandler: [wreg]
  2861                           
  2862                           
  2863                           ;D:\yiming\00work\FR685_V05.X\mcc_generated_files\tmr0.c: 126:     TMR0_InterruptHandler
      +                           = InterruptHandler;
  2864     0610  0871               	movf	TMR0_SetInterruptHandler@InterruptHandler+1,w
  2865     0611  0020               	movlb	0	; select bank0
  2866     0612  00B1               	movwf	_TMR0_InterruptHandler+1
  2867     0613  0870               	movf	TMR0_SetInterruptHandler@InterruptHandler,w
  2868     0614  00B0               	movwf	_TMR0_InterruptHandler
  2869     0615                     l515:
  2870     0615  0008               	return
  2871     0616                     __end_of_TMR0_SetInterruptHandler:
  2872                           
  2873                           	psect	text10
  2874     0382                     __ptext10:	
  2875 ;; *************** function _EUSART_Initialize *****************
  2876 ;; Defined at:
  2877 ;;		line 88 in file "D:\yiming\00work\FR685_V05.X\mcc_generated_files\eusart.c"
  2878 ;; Parameters:    Size  Location     Type
  2879 ;;		None
  2880 ;; Auto vars:     Size  Location     Type
  2881 ;;		None
  2882 ;; Return value:  Size  Location     Type
  2883 ;;                  1    wreg      void 
  2884 ;; Registers used:
  2885 ;;		wreg, status,2, status,0, pclath, cstack
  2886 ;; Tracked objects:
  2887 ;;		On entry : 0/0
  2888 ;;		On exit  : 0/0
  2889 ;;		Unchanged: 0/0
  2890 ;; Data sizes:     COMMON   BANK0   BANK1   BANK2   BANK3   BANK4   BANK5   BANK6
  2891 ;;      Params:         0       0       0       0       0       0       0       0
  2892 ;;      Locals:         0       0       0       0       0       0       0       0
  2893 ;;      Temps:          0       0       0       0       0       0       0       0
  2894 ;;      Totals:         0       0       0       0       0       0       0       0
  2895 ;;Total ram usage:        0 bytes
  2896 ;; Hardware stack levels used: 1
  2897 ;; Hardware stack levels required when called: 5
  2898 ;; This function calls:
  2899 ;;		_EUSART_SetErrorHandler
  2900 ;;		_EUSART_SetFramingErrorHandler
  2901 ;;		_EUSART_SetOverrunErrorHandler
  2902 ;;		_EUSART_SetRxInterruptHandler
  2903 ;;		_EUSART_SetTxInterruptHandler
  2904 ;; This function is called by:
  2905 ;;		_SYSTEM_Initialize
  2906 ;; This function uses a non-reentrant model
  2907 ;;
  2908                           
  2909     0382                     _EUSART_Initialize:	
  2910                           ;psect for function _EUSART_Initialize
  2911                           
  2912     0382                     l2004:	
  2913                           ;incstack = 0
  2914                           ; Regs used in _EUSART_Initialize: [wreg+status,2+status,0+pclath+cstack]
  2915                           
  2916                           
  2917                           ;D:\yiming\00work\FR685_V05.X\mcc_generated_files\eusart.c: 91:     PIE1bits.RCIE = 0;
  2918     0382  0021               	movlb	1	; select bank1
  2919     0383  1291               	bcf	17,5	;volatile
  2920     0384                     l2006:
  2921                           
  2922                           ;D:\yiming\00work\FR685_V05.X\mcc_generated_files\eusart.c: 92:     EUSART_SetRxInterrup
      +                          tHandler(EUSART_Receive_ISR);
  2923     0384  30C0               	movlw	low _EUSART_Receive_ISR
  2924     0385  00F0               	movwf	EUSART_SetRxInterruptHandler@interruptHandler
  2925     0386  3003               	movlw	high _EUSART_Receive_ISR
  2926     0387  00F1               	movwf	EUSART_SetRxInterruptHandler@interruptHandler+1
  2927     0388  3186  261C  3183   	fcall	_EUSART_SetRxInterruptHandler
  2928     038B                     l2008:
  2929                           
  2930                           ;D:\yiming\00work\FR685_V05.X\mcc_generated_files\eusart.c: 93:     PIE1bits.TXIE = 0;
  2931     038B  0021               	movlb	1	; select bank1
  2932     038C  1211               	bcf	17,4	;volatile
  2933                           
  2934                           ;D:\yiming\00work\FR685_V05.X\mcc_generated_files\eusart.c: 94:     EUSART_SetTxInterrup
      +                          tHandler(EUSART_Transmit_ISR);
  2935     038D  30DC               	movlw	low _EUSART_Transmit_ISR
  2936     038E  00F0               	movwf	EUSART_SetTxInterruptHandler@interruptHandler
  2937     038F  3004               	movlw	high _EUSART_Transmit_ISR
  2938     0390  00F1               	movwf	EUSART_SetTxInterruptHandler@interruptHandler+1
  2939     0391  3186  2616  3183   	fcall	_EUSART_SetTxInterruptHandler
  2940     0394                     l2010:
  2941                           
  2942                           ;D:\yiming\00work\FR685_V05.X\mcc_generated_files\eusart.c: 98:     BAUDCON = 0x18;
  2943     0394  3018               	movlw	24
  2944     0395  0023               	movlb	3	; select bank3
  2945     0396  009F               	movwf	31	;volatile
  2946     0397                     l2012:
  2947                           
  2948                           ;D:\yiming\00work\FR685_V05.X\mcc_generated_files\eusart.c: 101:     RCSTA = 0x90;
  2949     0397  3090               	movlw	144
  2950     0398  009D               	movwf	29	;volatile
  2951     0399                     l2014:
  2952                           
  2953                           ;D:\yiming\00work\FR685_V05.X\mcc_generated_files\eusart.c: 104:     TXSTA = 0x24;
  2954     0399  3024               	movlw	36
  2955     039A  009E               	movwf	30	;volatile
  2956     039B                     l2016:
  2957                           
  2958                           ;D:\yiming\00work\FR685_V05.X\mcc_generated_files\eusart.c: 107:     SPBRGL = 0xFF;
  2959     039B  30FF               	movlw	255
  2960     039C  009B               	movwf	27	;volatile
  2961     039D                     l2018:
  2962                           
  2963                           ;D:\yiming\00work\FR685_V05.X\mcc_generated_files\eusart.c: 110:     SPBRGH = 0x02;
  2964     039D  3002               	movlw	2
  2965     039E  009C               	movwf	28	;volatile
  2966                           
  2967                           ;D:\yiming\00work\FR685_V05.X\mcc_generated_files\eusart.c: 113:     EUSART_SetFramingEr
      +                          rorHandler(EUSART_DefaultFramingErrorHandler);
  2968     039F  3063               	movlw	low _EUSART_DefaultFramingErrorHandler
  2969     03A0  00F0               	movwf	EUSART_SetFramingErrorHandler@interruptHandler
  2970     03A1  3006               	movlw	high _EUSART_DefaultFramingErrorHandler
  2971     03A2  00F1               	movwf	EUSART_SetFramingErrorHandler@interruptHandler+1
  2972     03A3  3186  2628  3183   	fcall	_EUSART_SetFramingErrorHandler
  2973                           
  2974                           ;D:\yiming\00work\FR685_V05.X\mcc_generated_files\eusart.c: 114:     EUSART_SetOverrunEr
      +                          rorHandler(EUSART_DefaultOverrunErrorHandler);
  2975     03A6  3056               	movlw	low _EUSART_DefaultOverrunErrorHandler
  2976     03A7  00F0               	movwf	EUSART_SetOverrunErrorHandler@interruptHandler
  2977     03A8  3006               	movlw	high _EUSART_DefaultOverrunErrorHandler
  2978     03A9  00F1               	movwf	EUSART_SetOverrunErrorHandler@interruptHandler+1
  2979     03AA  3186  2622  3183   	fcall	_EUSART_SetOverrunErrorHandler
  2980                           
  2981                           ;D:\yiming\00work\FR685_V05.X\mcc_generated_files\eusart.c: 115:     EUSART_SetErrorHand
      +                          ler(EUSART_DefaultErrorHandler);
  2982     03AD  305A               	movlw	low _EUSART_DefaultErrorHandler
  2983     03AE  00F0               	movwf	EUSART_SetErrorHandler@interruptHandler
  2984     03AF  3006               	movlw	high _EUSART_DefaultErrorHandler
  2985     03B0  00F1               	movwf	EUSART_SetErrorHandler@interruptHandler+1
  2986     03B1  3186  262E  3183   	fcall	_EUSART_SetErrorHandler
  2987     03B4                     l2020:
  2988                           
  2989                           ;D:\yiming\00work\FR685_V05.X\mcc_generated_files\eusart.c: 117:     eusartRxLastError.s
      +                          tatus = 0;
  2990     03B4  0020               	movlb	0	; select bank0
  2991     03B5  01C3               	clrf	_eusartRxLastError	;volatile
  2992     03B6                     l2022:
  2993                           
  2994                           ;D:\yiming\00work\FR685_V05.X\mcc_generated_files\eusart.c: 120:     eusartTxHead = 0;
  2995     03B6  01C8               	clrf	_eusartTxHead	;volatile
  2996     03B7                     l2024:
  2997                           
  2998                           ;D:\yiming\00work\FR685_V05.X\mcc_generated_files\eusart.c: 121:     eusartTxTail = 0;
  2999     03B7  01C7               	clrf	_eusartTxTail	;volatile
  3000     03B8                     l2026:
  3001                           
  3002                           ;D:\yiming\00work\FR685_V05.X\mcc_generated_files\eusart.c: 122:     eusartTxBufferRemai
      +                          ning = sizeof(eusartTxBuffer);
  3003     03B8  3008               	movlw	8
  3004     03B9  00C6               	movwf	_eusartTxBufferRemaining	;volatile
  3005     03BA                     l2028:
  3006                           
  3007                           ;D:\yiming\00work\FR685_V05.X\mcc_generated_files\eusart.c: 124:     eusartRxHead = 0;
  3008     03BA  01FD               	clrf	_eusartRxHead	;volatile
  3009     03BB                     l2030:
  3010                           
  3011                           ;D:\yiming\00work\FR685_V05.X\mcc_generated_files\eusart.c: 125:     eusartRxTail = 0;
  3012     03BB  01C5               	clrf	_eusartRxTail	;volatile
  3013     03BC                     l2032:
  3014                           
  3015                           ;D:\yiming\00work\FR685_V05.X\mcc_generated_files\eusart.c: 126:     eusartRxCount = 0;
  3016     03BC  01C4               	clrf	_eusartRxCount	;volatile
  3017     03BD                     l2034:
  3018                           
  3019                           ;D:\yiming\00work\FR685_V05.X\mcc_generated_files\eusart.c: 129:     PIE1bits.RCIE = 1;
  3020     03BD  0021               	movlb	1	; select bank1
  3021     03BE  1691               	bsf	17,5	;volatile
  3022     03BF                     l312:
  3023     03BF  0008               	return
  3024     03C0                     __end_of_EUSART_Initialize:
  3025                           
  3026                           	psect	text11
  3027     0616                     __ptext11:	
  3028 ;; *************** function _EUSART_SetTxInterruptHandler *****************
  3029 ;; Defined at:
  3030 ;;		line 276 in file "D:\yiming\00work\FR685_V05.X\mcc_generated_files\eusart.c"
  3031 ;; Parameters:    Size  Location     Type
  3032 ;;  interruptHan    2    0[COMMON] PTR FTN()void 
  3033 ;;		 -> EUSART_Transmit_ISR(1), 
  3034 ;; Auto vars:     Size  Location     Type
  3035 ;;		None
  3036 ;; Return value:  Size  Location     Type
  3037 ;;                  1    wreg      void 
  3038 ;; Registers used:
  3039 ;;		wreg
  3040 ;; Tracked objects:
  3041 ;;		On entry : 0/0
  3042 ;;		On exit  : 0/0
  3043 ;;		Unchanged: 0/0
  3044 ;; Data sizes:     COMMON   BANK0   BANK1   BANK2   BANK3   BANK4   BANK5   BANK6
  3045 ;;      Params:         2       0       0       0       0       0       0       0
  3046 ;;      Locals:         0       0       0       0       0       0       0       0
  3047 ;;      Temps:          0       0       0       0       0       0       0       0
  3048 ;;      Totals:         2       0       0       0       0       0       0       0
  3049 ;;Total ram usage:        2 bytes
  3050 ;; Hardware stack levels used: 1
  3051 ;; Hardware stack levels required when called: 4
  3052 ;; This function calls:
  3053 ;;		Nothing
  3054 ;; This function is called by:
  3055 ;;		_EUSART_Initialize
  3056 ;; This function uses a non-reentrant model
  3057 ;;
  3058                           
  3059     0616                     _EUSART_SetTxInterruptHandler:	
  3060                           ;psect for function _EUSART_SetTxInterruptHandler
  3061                           
  3062     0616                     l1878:	
  3063                           ;incstack = 0
  3064                           ; Regs used in _EUSART_SetTxInterruptHandler: [wreg]
  3065                           
  3066                           
  3067                           ;D:\yiming\00work\FR685_V05.X\mcc_generated_files\eusart.c: 277:     EUSART_TxDefaultInt
      +                          erruptHandler = interruptHandler;
  3068     0616  0871               	movf	EUSART_SetTxInterruptHandler@interruptHandler+1,w
  3069     0617  0020               	movlb	0	; select bank0
  3070     0618  00BB               	movwf	_EUSART_TxDefaultInterruptHandler+1
  3071     0619  0870               	movf	EUSART_SetTxInterruptHandler@interruptHandler,w
  3072     061A  00BA               	movwf	_EUSART_TxDefaultInterruptHandler
  3073     061B                     l378:
  3074     061B  0008               	return
  3075     061C                     __end_of_EUSART_SetTxInterruptHandler:
  3076                           
  3077                           	psect	text12
  3078     061C                     __ptext12:	
  3079 ;; *************** function _EUSART_SetRxInterruptHandler *****************
  3080 ;; Defined at:
  3081 ;;		line 280 in file "D:\yiming\00work\FR685_V05.X\mcc_generated_files\eusart.c"
  3082 ;; Parameters:    Size  Location     Type
  3083 ;;  interruptHan    2    0[COMMON] PTR FTN()void 
  3084 ;;		 -> EUSART_Receive_ISR(1), 
  3085 ;; Auto vars:     Size  Location     Type
  3086 ;;		None
  3087 ;; Return value:  Size  Location     Type
  3088 ;;                  1    wreg      void 
  3089 ;; Registers used:
  3090 ;;		wreg
  3091 ;; Tracked objects:
  3092 ;;		On entry : 0/0
  3093 ;;		On exit  : 0/0
  3094 ;;		Unchanged: 0/0
  3095 ;; Data sizes:     COMMON   BANK0   BANK1   BANK2   BANK3   BANK4   BANK5   BANK6
  3096 ;;      Params:         2       0       0       0       0       0       0       0
  3097 ;;      Locals:         0       0       0       0       0       0       0       0
  3098 ;;      Temps:          0       0       0       0       0       0       0       0
  3099 ;;      Totals:         2       0       0       0       0       0       0       0
  3100 ;;Total ram usage:        2 bytes
  3101 ;; Hardware stack levels used: 1
  3102 ;; Hardware stack levels required when called: 4
  3103 ;; This function calls:
  3104 ;;		Nothing
  3105 ;; This function is called by:
  3106 ;;		_EUSART_Initialize
  3107 ;; This function uses a non-reentrant model
  3108 ;;
  3109                           
  3110     061C                     _EUSART_SetRxInterruptHandler:	
  3111                           ;psect for function _EUSART_SetRxInterruptHandler
  3112                           
  3113     061C                     l1876:	
  3114                           ;incstack = 0
  3115                           ; Regs used in _EUSART_SetRxInterruptHandler: [wreg]
  3116                           
  3117                           
  3118                           ;D:\yiming\00work\FR685_V05.X\mcc_generated_files\eusart.c: 281:     EUSART_RxDefaultInt
      +                          erruptHandler = interruptHandler;
  3119     061C  0871               	movf	EUSART_SetRxInterruptHandler@interruptHandler+1,w
  3120     061D  0020               	movlb	0	; select bank0
  3121     061E  00B9               	movwf	_EUSART_RxDefaultInterruptHandler+1
  3122     061F  0870               	movf	EUSART_SetRxInterruptHandler@interruptHandler,w
  3123     0620  00B8               	movwf	_EUSART_RxDefaultInterruptHandler
  3124     0621                     l381:
  3125     0621  0008               	return
  3126     0622                     __end_of_EUSART_SetRxInterruptHandler:
  3127                           
  3128                           	psect	text13
  3129     0622                     __ptext13:	
  3130 ;; *************** function _EUSART_SetOverrunErrorHandler *****************
  3131 ;; Defined at:
  3132 ;;		line 268 in file "D:\yiming\00work\FR685_V05.X\mcc_generated_files\eusart.c"
  3133 ;; Parameters:    Size  Location     Type
  3134 ;;  interruptHan    2    0[COMMON] PTR FTN()void 
  3135 ;;		 -> EUSART_DefaultOverrunErrorHandler(1), 
  3136 ;; Auto vars:     Size  Location     Type
  3137 ;;		None
  3138 ;; Return value:  Size  Location     Type
  3139 ;;                  1    wreg      void 
  3140 ;; Registers used:
  3141 ;;		wreg
  3142 ;; Tracked objects:
  3143 ;;		On entry : 0/0
  3144 ;;		On exit  : 0/0
  3145 ;;		Unchanged: 0/0
  3146 ;; Data sizes:     COMMON   BANK0   BANK1   BANK2   BANK3   BANK4   BANK5   BANK6
  3147 ;;      Params:         2       0       0       0       0       0       0       0
  3148 ;;      Locals:         0       0       0       0       0       0       0       0
  3149 ;;      Temps:          0       0       0       0       0       0       0       0
  3150 ;;      Totals:         2       0       0       0       0       0       0       0
  3151 ;;Total ram usage:        2 bytes
  3152 ;; Hardware stack levels used: 1
  3153 ;; Hardware stack levels required when called: 4
  3154 ;; This function calls:
  3155 ;;		Nothing
  3156 ;; This function is called by:
  3157 ;;		_EUSART_Initialize
  3158 ;; This function uses a non-reentrant model
  3159 ;;
  3160                           
  3161     0622                     _EUSART_SetOverrunErrorHandler:	
  3162                           ;psect for function _EUSART_SetOverrunErrorHandler
  3163                           
  3164     0622                     l1882:	
  3165                           ;incstack = 0
  3166                           ; Regs used in _EUSART_SetOverrunErrorHandler: [wreg]
  3167                           
  3168                           
  3169                           ;D:\yiming\00work\FR685_V05.X\mcc_generated_files\eusart.c: 269:     EUSART_OverrunError
      +                          Handler = interruptHandler;
  3170     0622  0871               	movf	EUSART_SetOverrunErrorHandler@interruptHandler+1,w
  3171     0623  0020               	movlb	0	; select bank0
  3172     0624  00B5               	movwf	_EUSART_OverrunErrorHandler+1
  3173     0625  0870               	movf	EUSART_SetOverrunErrorHandler@interruptHandler,w
  3174     0626  00B4               	movwf	_EUSART_OverrunErrorHandler
  3175     0627                     l372:
  3176     0627  0008               	return
  3177     0628                     __end_of_EUSART_SetOverrunErrorHandler:
  3178                           
  3179                           	psect	text14
  3180     0628                     __ptext14:	
  3181 ;; *************** function _EUSART_SetFramingErrorHandler *****************
  3182 ;; Defined at:
  3183 ;;		line 264 in file "D:\yiming\00work\FR685_V05.X\mcc_generated_files\eusart.c"
  3184 ;; Parameters:    Size  Location     Type
  3185 ;;  interruptHan    2    0[COMMON] PTR FTN()void 
  3186 ;;		 -> EUSART_DefaultFramingErrorHandler(1), 
  3187 ;; Auto vars:     Size  Location     Type
  3188 ;;		None
  3189 ;; Return value:  Size  Location     Type
  3190 ;;                  1    wreg      void 
  3191 ;; Registers used:
  3192 ;;		wreg
  3193 ;; Tracked objects:
  3194 ;;		On entry : 0/0
  3195 ;;		On exit  : 0/0
  3196 ;;		Unchanged: 0/0
  3197 ;; Data sizes:     COMMON   BANK0   BANK1   BANK2   BANK3   BANK4   BANK5   BANK6
  3198 ;;      Params:         2       0       0       0       0       0       0       0
  3199 ;;      Locals:         0       0       0       0       0       0       0       0
  3200 ;;      Temps:          0       0       0       0       0       0       0       0
  3201 ;;      Totals:         2       0       0       0       0       0       0       0
  3202 ;;Total ram usage:        2 bytes
  3203 ;; Hardware stack levels used: 1
  3204 ;; Hardware stack levels required when called: 4
  3205 ;; This function calls:
  3206 ;;		Nothing
  3207 ;; This function is called by:
  3208 ;;		_EUSART_Initialize
  3209 ;; This function uses a non-reentrant model
  3210 ;;
  3211                           
  3212     0628                     _EUSART_SetFramingErrorHandler:	
  3213                           ;psect for function _EUSART_SetFramingErrorHandler
  3214                           
  3215     0628                     l1880:	
  3216                           ;incstack = 0
  3217                           ; Regs used in _EUSART_SetFramingErrorHandler: [wreg]
  3218                           
  3219                           
  3220                           ;D:\yiming\00work\FR685_V05.X\mcc_generated_files\eusart.c: 265:     EUSART_FramingError
      +                          Handler = interruptHandler;
  3221     0628  0871               	movf	EUSART_SetFramingErrorHandler@interruptHandler+1,w
  3222     0629  0020               	movlb	0	; select bank0
  3223     062A  00B7               	movwf	_EUSART_FramingErrorHandler+1
  3224     062B  0870               	movf	EUSART_SetFramingErrorHandler@interruptHandler,w
  3225     062C  00B6               	movwf	_EUSART_FramingErrorHandler
  3226     062D                     l369:
  3227     062D  0008               	return
  3228     062E                     __end_of_EUSART_SetFramingErrorHandler:
  3229                           
  3230                           	psect	text15
  3231     062E                     __ptext15:	
  3232 ;; *************** function _EUSART_SetErrorHandler *****************
  3233 ;; Defined at:
  3234 ;;		line 272 in file "D:\yiming\00work\FR685_V05.X\mcc_generated_files\eusart.c"
  3235 ;; Parameters:    Size  Location     Type
  3236 ;;  interruptHan    2    0[COMMON] PTR FTN()void 
  3237 ;;		 -> EUSART_DefaultErrorHandler(1), 
  3238 ;; Auto vars:     Size  Location     Type
  3239 ;;		None
  3240 ;; Return value:  Size  Location     Type
  3241 ;;                  1    wreg      void 
  3242 ;; Registers used:
  3243 ;;		wreg
  3244 ;; Tracked objects:
  3245 ;;		On entry : 0/0
  3246 ;;		On exit  : 0/0
  3247 ;;		Unchanged: 0/0
  3248 ;; Data sizes:     COMMON   BANK0   BANK1   BANK2   BANK3   BANK4   BANK5   BANK6
  3249 ;;      Params:         2       0       0       0       0       0       0       0
  3250 ;;      Locals:         0       0       0       0       0       0       0       0
  3251 ;;      Temps:          0       0       0       0       0       0       0       0
  3252 ;;      Totals:         2       0       0       0       0       0       0       0
  3253 ;;Total ram usage:        2 bytes
  3254 ;; Hardware stack levels used: 1
  3255 ;; Hardware stack levels required when called: 4
  3256 ;; This function calls:
  3257 ;;		Nothing
  3258 ;; This function is called by:
  3259 ;;		_EUSART_Initialize
  3260 ;; This function uses a non-reentrant model
  3261 ;;
  3262                           
  3263     062E                     _EUSART_SetErrorHandler:	
  3264                           ;psect for function _EUSART_SetErrorHandler
  3265                           
  3266     062E                     l1884:	
  3267                           ;incstack = 0
  3268                           ; Regs used in _EUSART_SetErrorHandler: [wreg]
  3269                           
  3270                           
  3271                           ;D:\yiming\00work\FR685_V05.X\mcc_generated_files\eusart.c: 273:     EUSART_ErrorHandler
      +                           = interruptHandler;
  3272     062E  0871               	movf	EUSART_SetErrorHandler@interruptHandler+1,w
  3273     062F  0020               	movlb	0	; select bank0
  3274     0630  00B3               	movwf	_EUSART_ErrorHandler+1
  3275     0631  0870               	movf	EUSART_SetErrorHandler@interruptHandler,w
  3276     0632  00B2               	movwf	_EUSART_ErrorHandler
  3277     0633                     l375:
  3278     0633  0008               	return
  3279     0634                     __end_of_EUSART_SetErrorHandler:
  3280                           
  3281                           	psect	text16
  3282     0056                     __ptext16:	
  3283 ;; *************** function _LIN_handler *****************
  3284 ;; Defined at:
  3285 ;;		line 91 in file "D:\yiming\00work\FR685_V05.X\mcc_generated_files\LINDrivers\lin_slave.c"
  3286 ;; Parameters:    Size  Location     Type
  3287 ;;		None
  3288 ;; Auto vars:     Size  Location     Type
  3289 ;;		None
  3290 ;; Return value:  Size  Location     Type
  3291 ;;                  1    wreg      enum E3339
  3292 ;; Registers used:
  3293 ;;		wreg, fsr0l, fsr0h, fsr1l, fsr1h, status,2, status,0, pclath, cstack
  3294 ;; Tracked objects:
  3295 ;;		On entry : 0/0
  3296 ;;		On exit  : 0/0
  3297 ;;		Unchanged: 0/0
  3298 ;; Data sizes:     COMMON   BANK0   BANK1   BANK2   BANK3   BANK4   BANK5   BANK6
  3299 ;;      Params:         0       0       0       0       0       0       0       0
  3300 ;;      Locals:         0       0       0       0       0       0       0       0
  3301 ;;      Temps:          0       5       0       0       0       0       0       0
  3302 ;;      Totals:         0       5       0       0       0       0       0       0
  3303 ;;Total ram usage:        5 bytes
  3304 ;; Hardware stack levels used: 1
  3305 ;; Hardware stack levels required when called: 7
  3306 ;; This function calls:
  3307 ;;		NULL
  3308 ;;		_EUSART_Read
  3309 ;;		_EUSART_is_rx_ready
  3310 ;;		_LIN_breakCheck
  3311 ;;		_LIN_checkPID
  3312 ;;		_LIN_disableRx
  3313 ;;		_LIN_enableRx
  3314 ;;		_LIN_getChecksum
  3315 ;;		_LIN_getFromTable
  3316 ;;		_LIN_queuePacket
  3317 ;;		_LIN_startTimer
  3318 ;;		_LIN_stopTimer
  3319 ;;		_memset
  3320 ;;		_processLIN
  3321 ;; This function is called by:
  3322 ;;		_main
  3323 ;; This function uses a non-reentrant model
  3324 ;;
  3325                           
  3326     0056                     _LIN_handler:	
  3327                           ;psect for function _LIN_handler
  3328                           
  3329     0056                     l2432:	
  3330                           ;incstack = 0
  3331                           ; Regs used in _LIN_handler: [wreg-fsr1h+status,2+status,0+pclath+cstack]
  3332                           
  3333                           
  3334                           ;D:\yiming\00work\FR685_V05.X\mcc_generated_files\LINDrivers\lin_slave.c: 92:     static
      +                           lin_rx_state_t LIN_rxState = LIN_RX_IDLE;;D:\yiming\00work\FR685_V05.X\mcc_generated_fi
      +                          les\LINDrivers\lin_slave.c: 93:     static uint8_t rxDataIndex = 0;;D:\yiming\00work\FR6
      +                          85_V05.X\mcc_generated_files\LINDrivers\lin_slave.c: 95:     if(LIN_rxInProgress == 1){
  3335     0056  0020               	movlb	0	; select bank0
  3336     0057  034E               	decf	_LIN_rxInProgress,w
  3337     0058  1D03               	btfss	3,2
  3338     0059  285B               	goto	u1781
  3339     005A  285C               	goto	u1780
  3340     005B                     u1781:
  3341     005B  295D               	goto	l2514
  3342     005C                     u1780:
  3343     005C                     l2434:
  3344                           
  3345                           ;D:\yiming\00work\FR685_V05.X\mcc_generated_files\LINDrivers\lin_slave.c: 96:         if
      +                          (LIN_timerRunning == 0){
  3346     005C  084C               	movf	_LIN_timerRunning,w
  3347     005D  1D03               	btfss	3,2
  3348     005E  2860               	goto	u1791
  3349     005F  2861               	goto	u1790
  3350     0060                     u1791:
  3351     0060  295D               	goto	l2514
  3352     0061                     u1790:
  3353     0061                     l2436:
  3354                           
  3355                           ;D:\yiming\00work\FR685_V05.X\mcc_generated_files\LINDrivers\lin_slave.c: 98:           
      +                            LIN_rxState = LIN_RX_ERROR;
  3356     0061  3008               	movlw	8
  3357     0062  00CA               	movwf	LIN_handler@LIN_rxState
  3358     0063  295D               	goto	l2514
  3359     0064                     l2438:
  3360                           
  3361                           ;D:\yiming\00work\FR685_V05.X\mcc_generated_files\LINDrivers\lin_slave.c: 104:          
      +                             if(EUSART_is_rx_ready() > 0){
  3362     0064  3185  25F9  3180   	fcall	_EUSART_is_rx_ready
  3363     0067  3A00               	xorlw	0
  3364     0068  1903               	skipnz
  3365     0069  286B               	goto	u1801
  3366     006A  286C               	goto	u1800
  3367     006B                     u1801:
  3368     006B  2985               	goto	l176
  3369     006C                     u1800:
  3370     006C                     l2440:
  3371                           
  3372                           ;D:\yiming\00work\FR685_V05.X\mcc_generated_files\LINDrivers\lin_slave.c: 106:          
      +                                 LIN_startTimer(15);
  3373     006C  300F               	movlw	15
  3374     006D  3185  25B9  3180   	fcall	_LIN_startTimer
  3375     0070                     l2442:
  3376                           
  3377                           ;D:\yiming\00work\FR685_V05.X\mcc_generated_files\LINDrivers\lin_slave.c: 107:          
      +                                 LIN_rxInProgress = 1;
  3378     0070  3001               	movlw	1
  3379     0071  0020               	movlb	0	; select bank0
  3380     0072  00CE               	movwf	_LIN_rxInProgress
  3381     0073                     l2444:
  3382                           
  3383                           ;D:\yiming\00work\FR685_V05.X\mcc_generated_files\LINDrivers\lin_slave.c: 108:          
      +                                 LIN_rxState = LIN_RX_BREAK;
  3384     0073  3001               	movlw	1
  3385     0074  00CA               	movwf	LIN_handler@LIN_rxState
  3386     0075  2985               	goto	l176
  3387     0076                     l2446:
  3388                           
  3389                           ;D:\yiming\00work\FR685_V05.X\mcc_generated_files\LINDrivers\lin_slave.c: 112:          
      +                             if(EUSART_is_rx_ready() > 0){
  3390     0076  3185  25F9  3180   	fcall	_EUSART_is_rx_ready
  3391     0079  3A00               	xorlw	0
  3392     007A  1903               	skipnz
  3393     007B  287D               	goto	u1811
  3394     007C  287E               	goto	u1810
  3395     007D                     u1811:
  3396     007D  2985               	goto	l176
  3397     007E                     u1810:
  3398     007E                     l2448:
  3399                           
  3400                           ;D:\yiming\00work\FR685_V05.X\mcc_generated_files\LINDrivers\lin_slave.c: 113:          
      +                                 if(LIN_breakCheck() == 1){
  3401     007E  3185  2596  3180   	fcall	_LIN_breakCheck
  3402     0081  3A01               	xorlw	1
  3403     0082  1D03               	skipz
  3404     0083  2885               	goto	u1821
  3405     0084  2886               	goto	u1820
  3406     0085                     u1821:
  3407     0085  288A               	goto	l152
  3408     0086                     u1820:
  3409     0086                     l2450:
  3410                           
  3411                           ;D:\yiming\00work\FR685_V05.X\mcc_generated_files\LINDrivers\lin_slave.c: 114:          
      +                                     LIN_rxState = LIN_RX_SYNC;
  3412     0086  3002               	movlw	2
  3413     0087  0020               	movlb	0	; select bank0
  3414     0088  00CA               	movwf	LIN_handler@LIN_rxState
  3415                           
  3416                           ;D:\yiming\00work\FR685_V05.X\mcc_generated_files\LINDrivers\lin_slave.c: 115:          
      +                                 } else {
  3417     0089  2985               	goto	l176
  3418     008A                     l152:
  3419                           
  3420                           ;D:\yiming\00work\FR685_V05.X\mcc_generated_files\LINDrivers\lin_slave.c: 116:          
      +                                     LIN_rxState = LIN_RX_ERROR;
  3421     008A  3008               	movlw	8
  3422     008B  0020               	movlb	0	; select bank0
  3423     008C  00CA               	movwf	LIN_handler@LIN_rxState
  3424     008D  2985               	goto	l176
  3425     008E                     l2452:
  3426                           
  3427                           ;D:\yiming\00work\FR685_V05.X\mcc_generated_files\LINDrivers\lin_slave.c: 121:          
      +                             if(EUSART_is_rx_ready() > 0){
  3428     008E  3185  25F9  3180   	fcall	_EUSART_is_rx_ready
  3429     0091  3A00               	xorlw	0
  3430     0092  1903               	skipnz
  3431     0093  2895               	goto	u1831
  3432     0094  2896               	goto	u1830
  3433     0095                     u1831:
  3434     0095  2985               	goto	l176
  3435     0096                     u1830:
  3436     0096                     l2454:
  3437                           
  3438                           ;D:\yiming\00work\FR685_V05.X\mcc_generated_files\LINDrivers\lin_slave.c: 122:          
      +                                 if(EUSART_Read() == 0x55){
  3439     0096  3184  2476  3180   	fcall	_EUSART_Read
  3440     0099  3A55               	xorlw	85
  3441     009A  1D03               	skipz
  3442     009B  289D               	goto	u1841
  3443     009C  289E               	goto	u1840
  3444     009D                     u1841:
  3445     009D  288A               	goto	l152
  3446     009E                     u1840:
  3447     009E                     l2456:
  3448                           
  3449                           ;D:\yiming\00work\FR685_V05.X\mcc_generated_files\LINDrivers\lin_slave.c: 123:          
      +                                     LIN_rxState = LIN_RX_PID;
  3450     009E  3003               	movlw	3
  3451     009F  0020               	movlb	0	; select bank0
  3452     00A0  00CA               	movwf	LIN_handler@LIN_rxState
  3453                           
  3454                           ;D:\yiming\00work\FR685_V05.X\mcc_generated_files\LINDrivers\lin_slave.c: 124:          
      +                                 } else {
  3455     00A1  2985               	goto	l176
  3456     00A2                     l2458:
  3457                           
  3458                           ;D:\yiming\00work\FR685_V05.X\mcc_generated_files\LINDrivers\lin_slave.c: 130:          
      +                             if(EUSART_is_rx_ready() > 0){
  3459     00A2  3185  25F9  3180   	fcall	_EUSART_is_rx_ready
  3460     00A5  3A00               	xorlw	0
  3461     00A6  1903               	skipnz
  3462     00A7  28A9               	goto	u1851
  3463     00A8  28AA               	goto	u1850
  3464     00A9                     u1851:
  3465     00A9  2985               	goto	l176
  3466     00AA                     u1850:
  3467     00AA                     l2460:
  3468                           
  3469                           ;D:\yiming\00work\FR685_V05.X\mcc_generated_files\LINDrivers\lin_slave.c: 131:          
      +                                 LIN_packet.PID = EUSART_Read();
  3470     00AA  3184  2476  3180   	fcall	_EUSART_Read
  3471     00AD  0020               	movlb	0	; select bank0
  3472     00AE  00CF               	movwf	_LIN_packet
  3473     00AF                     l2462:
  3474                           
  3475                           ;D:\yiming\00work\FR685_V05.X\mcc_generated_files\LINDrivers\lin_slave.c: 134:          
      +                                 if(LIN_checkPID(LIN_packet.PID) == 0){
  3476     00AF  084F               	movf	_LIN_packet,w
  3477     00B0  3185  2514  3180   	fcall	_LIN_checkPID
  3478     00B3  3A00               	xorlw	0
  3479     00B4  1D03               	skipz
  3480     00B5  28B7               	goto	u1861
  3481     00B6  28B8               	goto	u1860
  3482     00B7                     u1861:
  3483     00B7  28B9               	goto	l2466
  3484     00B8                     u1860:
  3485     00B8  288A               	goto	l152
  3486     00B9                     l2466:
  3487                           
  3488                           ;D:\yiming\00work\FR685_V05.X\mcc_generated_files\LINDrivers\lin_slave.c: 138:          
      +                                 LIN_packet.type = LIN_getFromTable(LIN_packet.PID, TYPE);
  3489     00B9  01F0               	clrf	LIN_getFromTable@param
  3490     00BA  0AF0               	incf	LIN_getFromTable@param,f
  3491     00BB  0020               	movlb	0	; select bank0
  3492     00BC  084F               	movf	_LIN_packet,w
  3493     00BD  3183  2324  3180   	fcall	_LIN_getFromTable
  3494     00C0  0020               	movlb	0	; select bank0
  3495     00C1  00D9               	movwf	_LIN_packet+10
  3496     00C2                     l2468:
  3497                           
  3498                           ;D:\yiming\00work\FR685_V05.X\mcc_generated_files\LINDrivers\lin_slave.c: 139:          
      +                                 if(LIN_packet.type == RECEIVE){
  3499     00C2  0359               	decf	_LIN_packet+10,w
  3500     00C3  1D03               	btfss	3,2
  3501     00C4  28C6               	goto	u1871
  3502     00C5  28C7               	goto	u1870
  3503     00C6                     u1871:
  3504     00C6  28D2               	goto	l2474
  3505     00C7                     u1870:
  3506     00C7                     l2470:
  3507                           
  3508                           ;D:\yiming\00work\FR685_V05.X\mcc_generated_files\LINDrivers\lin_slave.c: 140:          
      +                                     LIN_packet.length = LIN_getFromTable(LIN_packet.PID, LENGTH);
  3509     00C7  3002               	movlw	2
  3510     00C8  00F0               	movwf	LIN_getFromTable@param
  3511     00C9  084F               	movf	_LIN_packet,w
  3512     00CA  3183  2324  3180   	fcall	_LIN_getFromTable
  3513     00CD  0020               	movlb	0	; select bank0
  3514     00CE  00DA               	movwf	_LIN_packet+11
  3515     00CF                     l2472:
  3516                           
  3517                           ;D:\yiming\00work\FR685_V05.X\mcc_generated_files\LINDrivers\lin_slave.c: 141:          
      +                                     LIN_rxState = LIN_RX_DATA;
  3518     00CF  3004               	movlw	4
  3519     00D0  00CA               	movwf	LIN_handler@LIN_rxState
  3520                           
  3521                           ;D:\yiming\00work\FR685_V05.X\mcc_generated_files\LINDrivers\lin_slave.c: 142:          
      +                                 }
  3522     00D1  2985               	goto	l176
  3523     00D2                     l2474:
  3524                           
  3525                           ;D:\yiming\00work\FR685_V05.X\mcc_generated_files\LINDrivers\lin_slave.c: 144:          
      +                                     LIN_disableRx();
  3526     00D2  3186  2648  3180   	fcall	_LIN_disableRx
  3527     00D5                     l2476:
  3528                           
  3529                           ;D:\yiming\00work\FR685_V05.X\mcc_generated_files\LINDrivers\lin_slave.c: 145:          
      +                                     LIN_rxState = LIN_RX_TX_DATA;
  3530     00D5  3006               	movlw	6
  3531     00D6  0020               	movlb	0	; select bank0
  3532     00D7  00CA               	movwf	LIN_handler@LIN_rxState
  3533     00D8  2985               	goto	l176
  3534     00D9                     l2478:
  3535                           
  3536                           ;D:\yiming\00work\FR685_V05.X\mcc_generated_files\LINDrivers\lin_slave.c: 150:          
      +                             if(EUSART_is_rx_ready() > 0){
  3537     00D9  3185  25F9  3180   	fcall	_EUSART_is_rx_ready
  3538     00DC  3A00               	xorlw	0
  3539     00DD  1903               	skipnz
  3540     00DE  28E0               	goto	u1881
  3541     00DF  28E1               	goto	u1880
  3542     00E0                     u1881:
  3543     00E0  2985               	goto	l176
  3544     00E1                     u1880:
  3545     00E1                     l2480:
  3546                           
  3547                           ;D:\yiming\00work\FR685_V05.X\mcc_generated_files\LINDrivers\lin_slave.c: 151:          
      +                                 LIN_packet.data[rxDataIndex] = EUSART_Read();
  3548     00E1  3184  2476  3180   	fcall	_EUSART_Read
  3549     00E4  0020               	movlb	0	; select bank0
  3550     00E5  00E6               	movwf	??_LIN_handler
  3551     00E6  3050               	movlw	low (_LIN_packet+1)
  3552     00E7  00E7               	movwf	??_LIN_handler+1
  3553     00E8  3000               	movlw	high (_LIN_packet+1)
  3554     00E9  00E8               	movwf	??_LIN_handler+2
  3555     00EA  0849               	movf	LIN_handler@rxDataIndex,w
  3556     00EB  0767               	addwf	??_LIN_handler+1,w
  3557     00EC  00E9               	movwf	??_LIN_handler+3
  3558     00ED  3000               	movlw	0
  3559     00EE  3D68               	addwfc	??_LIN_handler+2,w
  3560     00EF  00EA               	movwf	??_LIN_handler+4
  3561     00F0  0869               	movf	??_LIN_handler+3,w
  3562     00F1  0086               	movwf	6
  3563     00F2  086A               	movf	??_LIN_handler+4,w
  3564     00F3  0087               	movwf	7
  3565     00F4  0866               	movf	??_LIN_handler,w
  3566     00F5  0081               	movwf	1
  3567     00F6                     l2482:
  3568                           
  3569                           ;D:\yiming\00work\FR685_V05.X\mcc_generated_files\LINDrivers\lin_slave.c: 152:          
      +                                 if(++rxDataIndex >= LIN_packet.length){
  3570     00F6  085A               	movf	_LIN_packet+11,w
  3571     00F7  00E6               	movwf	??_LIN_handler
  3572     00F8  01E7               	clrf	??_LIN_handler+1
  3573     00F9  1BE6               	btfsc	??_LIN_handler,7
  3574     00FA  03E7               	decf	??_LIN_handler+1,f
  3575     00FB  3001               	movlw	1
  3576     00FC  07C9               	addwf	LIN_handler@rxDataIndex,f
  3577     00FD  0867               	movf	??_LIN_handler+1,w
  3578     00FE  3A80               	xorlw	128
  3579     00FF  3C80               	sublw	128
  3580     0100  1D03               	skipz
  3581     0101  2904               	goto	u1895
  3582     0102  0866               	movf	??_LIN_handler,w
  3583     0103  0249               	subwf	LIN_handler@rxDataIndex,w
  3584     0104                     u1895:
  3585     0104  1C03               	skipc
  3586     0105  2907               	goto	u1891
  3587     0106  2908               	goto	u1890
  3588     0107                     u1891:
  3589     0107  2985               	goto	l176
  3590     0108                     u1890:
  3591     0108                     l2484:
  3592                           
  3593                           ;D:\yiming\00work\FR685_V05.X\mcc_generated_files\LINDrivers\lin_slave.c: 154:          
      +                                     rxDataIndex = 0;
  3594     0108  0020               	movlb	0	; select bank0
  3595     0109  01C9               	clrf	LIN_handler@rxDataIndex
  3596     010A                     l2486:
  3597                           
  3598                           ;D:\yiming\00work\FR685_V05.X\mcc_generated_files\LINDrivers\lin_slave.c: 155:          
      +                                     LIN_rxState = LIN_RX_CHECKSUM;
  3599     010A  3005               	movlw	5
  3600     010B  00CA               	movwf	LIN_handler@LIN_rxState
  3601     010C  2985               	goto	l176
  3602     010D                     l2488:
  3603                           
  3604                           ;D:\yiming\00work\FR685_V05.X\mcc_generated_files\LINDrivers\lin_slave.c: 160:          
      +                             if(EUSART_is_rx_ready() > 0){
  3605     010D  3185  25F9  3180   	fcall	_EUSART_is_rx_ready
  3606     0110  3A00               	xorlw	0
  3607     0111  1903               	skipnz
  3608     0112  2914               	goto	u1901
  3609     0113  2915               	goto	u1900
  3610     0114                     u1901:
  3611     0114  2985               	goto	l176
  3612     0115                     u1900:
  3613     0115                     l2490:
  3614                           
  3615                           ;D:\yiming\00work\FR685_V05.X\mcc_generated_files\LINDrivers\lin_slave.c: 161:          
      +                                 LIN_packet.checksum = EUSART_Read();
  3616     0115  3184  2476  3180   	fcall	_EUSART_Read
  3617     0118  0020               	movlb	0	; select bank0
  3618     0119  00D8               	movwf	_LIN_packet+9
  3619                           
  3620                           ;D:\yiming\00work\FR685_V05.X\mcc_generated_files\LINDrivers\lin_slave.c: 162:          
      +                                 if(LIN_packet.checksum != LIN_getChecksum(LIN_packet.length, LIN_packet.PID, LIN_
      +                          packet.data)) {
  3621     011A  084F               	movf	_LIN_packet,w
  3622     011B  00F0               	movwf	LIN_getChecksum@pid
  3623     011C  3050               	movlw	low (_LIN_packet+1)
  3624     011D  00F1               	movwf	LIN_getChecksum@data
  3625     011E  3000               	movlw	high (_LIN_packet+1)
  3626     011F  00F2               	movwf	LIN_getChecksum@data+1
  3627     0120  085A               	movf	_LIN_packet+11,w
  3628     0121  3183  23F9  3180   	fcall	_LIN_getChecksum
  3629     0124  0020               	movlb	0	; select bank0
  3630     0125  0658               	xorwf	_LIN_packet+9,w
  3631     0126  1903               	skipnz
  3632     0127  2929               	goto	u1911
  3633     0128  292A               	goto	u1910
  3634     0129                     u1911:
  3635     0129  292B               	goto	l168
  3636     012A                     u1910:
  3637     012A  288A               	goto	l152
  3638     012B                     l168:	
  3639                           ;D:\yiming\00work\FR685_V05.X\mcc_generated_files\LINDrivers\lin_slave.c: 165:          
      +                                 else {
  3640                           
  3641                           
  3642                           ;D:\yiming\00work\FR685_V05.X\mcc_generated_files\LINDrivers\lin_slave.c: 166:          
      +                                     LIN_rxState = LIN_RX_RDY;
  3643     012B  3007               	movlw	7
  3644     012C  00CA               	movwf	LIN_handler@LIN_rxState
  3645     012D  2985               	goto	l176
  3646     012E                     l2494:
  3647                           
  3648                           ;D:\yiming\00work\FR685_V05.X\mcc_generated_files\LINDrivers\lin_slave.c: 171:          
      +                             LIN_queuePacket(LIN_packet.PID);
  3649     012E  084F               	movf	_LIN_packet,w
  3650     012F  3182  22C2  3180   	fcall	_LIN_queuePacket
  3651     0132                     l2496:
  3652                           
  3653                           ;D:\yiming\00work\FR685_V05.X\mcc_generated_files\LINDrivers\lin_slave.c: 172:          
      +                             LIN_rxState = LIN_RX_RDY;
  3654     0132  3007               	movlw	7
  3655     0133  0020               	movlb	0	; select bank0
  3656     0134  00CA               	movwf	LIN_handler@LIN_rxState
  3657     0135                     l171:	
  3658                           ;D:\yiming\00work\FR685_V05.X\mcc_generated_files\LINDrivers\lin_slave.c: 173:         c
      +                          ase LIN_RX_RDY:
  3659                           
  3660                           
  3661                           ;D:\yiming\00work\FR685_V05.X\mcc_generated_files\LINDrivers\lin_slave.c: 174:          
      +                             LIN_processData();
  3662     0135  083F               	movf	_LIN_processData+1,w
  3663     0136  008A               	movwf	10
  3664     0137  083E               	movf	_LIN_processData,w
  3665     0138  000A               	callw
  3666     0139  3180               	pagesel	$
  3667     013A                     l2498:
  3668                           
  3669                           ;D:\yiming\00work\FR685_V05.X\mcc_generated_files\LINDrivers\lin_slave.c: 176:          
      +                             LIN_stopTimer();
  3670     013A  3186  2639  3180   	fcall	_LIN_stopTimer
  3671     013D                     l2500:
  3672                           
  3673                           ;D:\yiming\00work\FR685_V05.X\mcc_generated_files\LINDrivers\lin_slave.c: 177:          
      +                             rxDataIndex = 0;
  3674     013D  0020               	movlb	0	; select bank0
  3675     013E  01C9               	clrf	LIN_handler@rxDataIndex
  3676     013F                     l2502:
  3677                           
  3678                           ;D:\yiming\00work\FR685_V05.X\mcc_generated_files\LINDrivers\lin_slave.c: 178:          
      +                             LIN_rxInProgress = 0;
  3679     013F  01CE               	clrf	_LIN_rxInProgress
  3680     0140                     l2504:
  3681                           
  3682                           ;D:\yiming\00work\FR685_V05.X\mcc_generated_files\LINDrivers\lin_slave.c: 179:          
      +                             memset(LIN_packet.rawPacket, 0, sizeof(LIN_packet.rawPacket));
  3683     0140  304F               	movlw	low _LIN_packet
  3684     0141  00F0               	movwf	memset@dest
  3685     0142  3000               	movlw	high _LIN_packet
  3686     0143  00F1               	movwf	memset@dest+1
  3687     0144  3000               	movlw	0
  3688     0145  00F2               	movwf	memset@c
  3689     0146  00F3               	movwf	memset@c+1
  3690     0147  300D               	movlw	13
  3691     0148  00F4               	movwf	memset@n
  3692     0149  3000               	movlw	0
  3693     014A  00F5               	movwf	memset@n+1
  3694     014B  3185  252E  3180   	fcall	_memset
  3695     014E                     l2506:
  3696                           
  3697                           ;D:\yiming\00work\FR685_V05.X\mcc_generated_files\LINDrivers\lin_slave.c: 181:          
      +                             if(TXSTAbits.TRMT){
  3698     014E  0023               	movlb	3	; select bank3
  3699     014F  1C9E               	btfss	30,1	;volatile
  3700     0150  2952               	goto	u1921
  3701     0151  2953               	goto	u1920
  3702     0152                     u1921:
  3703     0152  2959               	goto	l174
  3704     0153                     u1920:
  3705     0153                     l2508:
  3706                           
  3707                           ;D:\yiming\00work\FR685_V05.X\mcc_generated_files\LINDrivers\lin_slave.c: 182:          
      +                                 LIN_enableRx();
  3708     0153  3186  2643  3180   	fcall	_LIN_enableRx
  3709     0156                     l2510:
  3710                           
  3711                           ;D:\yiming\00work\FR685_V05.X\mcc_generated_files\LINDrivers\lin_slave.c: 183:          
      +                                 LIN_rxState = LIN_RX_IDLE;
  3712     0156  0020               	movlb	0	; select bank0
  3713     0157  01CA               	clrf	LIN_handler@LIN_rxState
  3714                           
  3715                           ;D:\yiming\00work\FR685_V05.X\mcc_generated_files\LINDrivers\lin_slave.c: 184:          
      +                             } else {
  3716     0158  2985               	goto	l176
  3717     0159                     l174:
  3718                           
  3719                           ;D:\yiming\00work\FR685_V05.X\mcc_generated_files\LINDrivers\lin_slave.c: 185:          
      +                                 LIN_rxState = LIN_RX_WAIT;
  3720     0159  3009               	movlw	9
  3721     015A  0020               	movlb	0	; select bank0
  3722     015B  00CA               	movwf	LIN_handler@LIN_rxState
  3723     015C  2985               	goto	l176
  3724     015D                     l2514:
  3725     015D  084A               	movf	LIN_handler@LIN_rxState,w
  3726     015E  00E6               	movwf	??_LIN_handler
  3727     015F  01E7               	clrf	??_LIN_handler+1
  3728                           
  3729                           ; Switch on 2 bytes has been partitioned into a top level switch of size 1, and 1 sub-sw
      +                          itches
  3730                           ; Switch size 1, requested type "simple"
  3731                           ; Number of cases is 1, Range of values is 0 to 0
  3732                           ; switch strategies available:
  3733                           ; Name         Instructions Cycles
  3734                           ; simple_byte            4     3 (average)
  3735                           ; direct_byte            8     6 (fixed)
  3736                           ; jumptable            260     6 (fixed)
  3737                           ;	Chosen strategy is simple_byte
  3738     0160  0867               	movf	??_LIN_handler+1,w
  3739     0161  3A00               	xorlw	0	; case 0
  3740     0162  1903               	skipnz
  3741     0163  2965               	goto	l2608
  3742     0164  2985               	goto	l176
  3743     0165                     l2608:
  3744                           
  3745                           ; Switch size 1, requested type "simple"
  3746                           ; Number of cases is 10, Range of values is 0 to 9
  3747                           ; switch strategies available:
  3748                           ; Name         Instructions Cycles
  3749                           ; direct_byte           26     6 (fixed)
  3750                           ; simple_byte           31    16 (average)
  3751                           ; jumptable            260     6 (fixed)
  3752                           ;	Chosen strategy is simple_byte
  3753     0165  0866               	movf	??_LIN_handler,w
  3754     0166  3A00               	xorlw	0	; case 0
  3755     0167  1903               	skipnz
  3756     0168  2864               	goto	l2438
  3757     0169  3A01               	xorlw	1	; case 1
  3758     016A  1903               	skipnz
  3759     016B  2876               	goto	l2446
  3760     016C  3A03               	xorlw	3	; case 2
  3761     016D  1903               	skipnz
  3762     016E  288E               	goto	l2452
  3763     016F  3A01               	xorlw	1	; case 3
  3764     0170  1903               	skipnz
  3765     0171  28A2               	goto	l2458
  3766     0172  3A07               	xorlw	7	; case 4
  3767     0173  1903               	skipnz
  3768     0174  28D9               	goto	l2478
  3769     0175  3A01               	xorlw	1	; case 5
  3770     0176  1903               	skipnz
  3771     0177  290D               	goto	l2488
  3772     0178  3A03               	xorlw	3	; case 6
  3773     0179  1903               	skipnz
  3774     017A  292E               	goto	l2494
  3775     017B  3A01               	xorlw	1	; case 7
  3776     017C  1903               	skipnz
  3777     017D  2935               	goto	l171
  3778     017E  3A0F               	xorlw	15	; case 8
  3779     017F  1903               	skipnz
  3780     0180  293A               	goto	l2498
  3781     0181  3A01               	xorlw	1	; case 9
  3782     0182  1903               	skipnz
  3783     0183  294E               	goto	l2506
  3784     0184  2985               	goto	l176
  3785     0185                     l176:
  3786     0185  0008               	return
  3787     0186                     __end_of_LIN_handler:
  3788                           
  3789                           	psect	text17
  3790     0186                     __ptext17:	
  3791 ;; *************** function _processLIN *****************
  3792 ;; Defined at:
  3793 ;;		line 84 in file "D:\yiming\00work\FR685_V05.X\mcc_generated_files\LINDrivers\lin_app.c"
  3794 ;; Parameters:    Size  Location     Type
  3795 ;;		None
  3796 ;; Auto vars:     Size  Location     Type
  3797 ;;  tempRxData      8    0[BANK0 ] unsigned char [8]
  3798 ;;  mode            1    9[BANK0 ] enum E3436
  3799 ;;  cmd             1    8[BANK0 ] unsigned char 
  3800 ;; Return value:  Size  Location     Type
  3801 ;;                  1    wreg      void 
  3802 ;; Registers used:
  3803 ;;		wreg, fsr0l, fsr0h, fsr1l, fsr1h, status,2, status,0, pclath, cstack
  3804 ;; Tracked objects:
  3805 ;;		On entry : 0/0
  3806 ;;		On exit  : 0/0
  3807 ;;		Unchanged: 0/0
  3808 ;; Data sizes:     COMMON   BANK0   BANK1   BANK2   BANK3   BANK4   BANK5   BANK6
  3809 ;;      Params:         0       0       0       0       0       0       0       0
  3810 ;;      Locals:         0      10       0       0       0       0       0       0
  3811 ;;      Temps:          2       0       0       0       0       0       0       0
  3812 ;;      Totals:         2      10       0       0       0       0       0       0
  3813 ;;Total ram usage:       12 bytes
  3814 ;; Hardware stack levels used: 1
  3815 ;; Hardware stack levels required when called: 6
  3816 ;; This function calls:
  3817 ;;		_LIN_getPacket
  3818 ;; This function is called by:
  3819 ;;		_LIN_Slave_Initialize
  3820 ;;		_LIN_handler
  3821 ;; This function uses a non-reentrant model
  3822 ;;
  3823                           
  3824     0186                     _processLIN:	
  3825                           ;psect for function _processLIN
  3826                           
  3827     0186                     l2370:	
  3828                           ;incstack = 0
  3829                           ; Regs used in _processLIN: [wreg-fsr1h+status,2+status,0+pclath+cstack]
  3830                           
  3831                           
  3832                           ;D:\yiming\00work\FR685_V05.X\mcc_generated_files\LINDrivers\lin_app.c: 85:   uint8_t te
      +                          mpRxData[8];;D:\yiming\00work\FR685_V05.X\mcc_generated_files\LINDrivers\lin_app.c: 86: 
      +                            uint8_t cmd;;D:\yiming\00work\FR685_V05.X\mcc_generated_files\LINDrivers\lin_app.c: 87
      +                          :   ControlCode mode;;D:\yiming\00work\FR685_V05.X\mcc_generated_files\LINDrivers\lin_ap
      +                          p.c: 89:   cmd = LIN_getPacket(tempRxData);
  3833     0186  305C               	movlw	(low (processLIN@tempRxData| 0))& (0+255)
  3834     0187  00F9               	movwf	LIN_getPacket@data
  3835     0188  3184  249A  3181   	fcall	_LIN_getPacket
  3836     018B  0020               	movlb	0	; select bank0
  3837     018C  00E4               	movwf	processLIN@cmd
  3838                           
  3839                           ;D:\yiming\00work\FR685_V05.X\mcc_generated_files\LINDrivers\lin_app.c: 91:   switch (cm
      +                          d) {
  3840     018D  2A36               	goto	l2394
  3841     018E                     l2372:
  3842                           
  3843                           ;D:\yiming\00work\FR685_V05.X\mcc_generated_files\LINDrivers\lin_app.c: 94:     if (++cn
      +                          t > 20) {
  3844     018E  3001               	movlw	1
  3845     018F  07C0               	addwf	_cnt,f
  3846     0190  3000               	movlw	0
  3847     0191  3DC1               	addwfc	_cnt+1,f
  3848     0192  3000               	movlw	0
  3849     0193  0241               	subwf	_cnt+1,w
  3850     0194  3015               	movlw	21
  3851     0195  1903               	skipnz
  3852     0196  0240               	subwf	_cnt,w
  3853     0197  1C03               	skipc
  3854     0198  299A               	goto	u1721
  3855     0199  299B               	goto	u1720
  3856     019A                     u1721:
  3857     019A  299D               	goto	l2376
  3858     019B                     u1720:
  3859     019B                     l2374:
  3860                           
  3861                           ;D:\yiming\00work\FR685_V05.X\mcc_generated_files\LINDrivers\lin_app.c: 95:       cnt = 
      +                          0;
  3862     019B  01C0               	clrf	_cnt
  3863     019C  01C1               	clrf	_cnt+1
  3864     019D                     l2376:
  3865                           
  3866                           ;D:\yiming\00work\FR685_V05.X\mcc_generated_files\LINDrivers\lin_app.c: 105:     mode = 
      +                          (ControlCode)tempRxData[2];
  3867     019D  085E               	movf	processLIN@tempRxData+2,w
  3868     019E  00E5               	movwf	processLIN@mode
  3869                           
  3870                           ;D:\yiming\00work\FR685_V05.X\mcc_generated_files\LINDrivers\lin_app.c: 106:     switch 
      +                          (mode) {
  3871     019F  29E1               	goto	l2380
  3872     01A0                     l42:	
  3873                           ;D:\yiming\00work\FR685_V05.X\mcc_generated_files\LINDrivers\lin_app.c: 107:     case OF
      +                          F_NIGHT_N:
  3874                           
  3875                           
  3876                           ;D:\yiming\00work\FR685_V05.X\mcc_generated_files\LINDrivers\lin_app.c: 108:       LATBb
      +                          its.LATB5 = 0;
  3877     01A0  0022               	movlb	2	; select bank2
  3878     01A1  128D               	bcf	13,5	;volatile
  3879                           
  3880                           ;D:\yiming\00work\FR685_V05.X\mcc_generated_files\LINDrivers\lin_app.c: 109:       LATBb
      +                          its.LATB4 = 1;
  3881     01A2  160D               	bsf	13,4	;volatile
  3882                           
  3883                           ;D:\yiming\00work\FR685_V05.X\mcc_generated_files\LINDrivers\lin_app.c: 110:       LATBb
      +                          its.LATB3 = 0;
  3884     01A3  118D               	bcf	13,3	;volatile
  3885                           
  3886                           ;D:\yiming\00work\FR685_V05.X\mcc_generated_files\LINDrivers\lin_app.c: 111:       break
      +                          ;
  3887     01A4  2A12               	goto	l2382
  3888     01A5                     l44:	
  3889                           ;D:\yiming\00work\FR685_V05.X\mcc_generated_files\LINDrivers\lin_app.c: 112:     case OF
      +                          F_NIGHT_P:
  3890                           
  3891                           
  3892                           ;D:\yiming\00work\FR685_V05.X\mcc_generated_files\LINDrivers\lin_app.c: 113:       LATBb
      +                          its.LATB5 = 0;
  3893     01A5  0022               	movlb	2	; select bank2
  3894     01A6  128D               	bcf	13,5	;volatile
  3895                           
  3896                           ;D:\yiming\00work\FR685_V05.X\mcc_generated_files\LINDrivers\lin_app.c: 114:       LATBb
      +                          its.LATB4 = 0;
  3897     01A7  120D               	bcf	13,4	;volatile
  3898                           
  3899                           ;D:\yiming\00work\FR685_V05.X\mcc_generated_files\LINDrivers\lin_app.c: 115:       LATBb
      +                          its.LATB3 = 0;
  3900     01A8  118D               	bcf	13,3	;volatile
  3901                           
  3902                           ;D:\yiming\00work\FR685_V05.X\mcc_generated_files\LINDrivers\lin_app.c: 116:       break
      +                          ;
  3903     01A9  2A12               	goto	l2382
  3904     01AA                     l45:	
  3905                           ;D:\yiming\00work\FR685_V05.X\mcc_generated_files\LINDrivers\lin_app.c: 117:     case OF
      +                          F_DAY_N:
  3906                           
  3907                           
  3908                           ;D:\yiming\00work\FR685_V05.X\mcc_generated_files\LINDrivers\lin_app.c: 118:       LATBb
      +                          its.LATB5 = 0;
  3909     01AA  0022               	movlb	2	; select bank2
  3910     01AB  128D               	bcf	13,5	;volatile
  3911                           
  3912                           ;D:\yiming\00work\FR685_V05.X\mcc_generated_files\LINDrivers\lin_app.c: 119:       LATBb
      +                          its.LATB4 = 1;
  3913     01AC  160D               	bsf	13,4	;volatile
  3914                           
  3915                           ;D:\yiming\00work\FR685_V05.X\mcc_generated_files\LINDrivers\lin_app.c: 120:       LATBb
      +                          its.LATB3 = 0;
  3916     01AD  118D               	bcf	13,3	;volatile
  3917                           
  3918                           ;D:\yiming\00work\FR685_V05.X\mcc_generated_files\LINDrivers\lin_app.c: 121:       break
      +                          ;
  3919     01AE  2A12               	goto	l2382
  3920     01AF                     l46:	
  3921                           ;D:\yiming\00work\FR685_V05.X\mcc_generated_files\LINDrivers\lin_app.c: 122:     case OF
      +                          F_DAY_P:
  3922                           
  3923                           
  3924                           ;D:\yiming\00work\FR685_V05.X\mcc_generated_files\LINDrivers\lin_app.c: 123:       LATBb
      +                          its.LATB5 = 0;
  3925     01AF  0022               	movlb	2	; select bank2
  3926     01B0  128D               	bcf	13,5	;volatile
  3927                           
  3928                           ;D:\yiming\00work\FR685_V05.X\mcc_generated_files\LINDrivers\lin_app.c: 124:       LATBb
      +                          its.LATB4 = 0;
  3929     01B1  120D               	bcf	13,4	;volatile
  3930                           
  3931                           ;D:\yiming\00work\FR685_V05.X\mcc_generated_files\LINDrivers\lin_app.c: 125:       LATBb
      +                          its.LATB3 = 0;
  3932     01B2  118D               	bcf	13,3	;volatile
  3933                           
  3934                           ;D:\yiming\00work\FR685_V05.X\mcc_generated_files\LINDrivers\lin_app.c: 126:       break
      +                          ;
  3935     01B3  2A12               	goto	l2382
  3936     01B4                     l47:	
  3937                           ;D:\yiming\00work\FR685_V05.X\mcc_generated_files\LINDrivers\lin_app.c: 127:     case DR
      +                          IVER_NIGHT_N:
  3938                           
  3939                           
  3940                           ;D:\yiming\00work\FR685_V05.X\mcc_generated_files\LINDrivers\lin_app.c: 128:       LATBb
      +                          its.LATB5 = 0;
  3941     01B4  0022               	movlb	2	; select bank2
  3942     01B5  128D               	bcf	13,5	;volatile
  3943                           
  3944                           ;D:\yiming\00work\FR685_V05.X\mcc_generated_files\LINDrivers\lin_app.c: 129:       LATBb
      +                          its.LATB4 = 1;
  3945     01B6  160D               	bsf	13,4	;volatile
  3946                           
  3947                           ;D:\yiming\00work\FR685_V05.X\mcc_generated_files\LINDrivers\lin_app.c: 130:       LATBb
      +                          its.LATB3 = 0;
  3948     01B7  118D               	bcf	13,3	;volatile
  3949                           
  3950                           ;D:\yiming\00work\FR685_V05.X\mcc_generated_files\LINDrivers\lin_app.c: 131:       break
      +                          ;
  3951     01B8  2A12               	goto	l2382
  3952     01B9                     l48:	
  3953                           ;D:\yiming\00work\FR685_V05.X\mcc_generated_files\LINDrivers\lin_app.c: 132:     case DR
      +                          IVER_NIGHT_P:
  3954                           
  3955                           
  3956                           ;D:\yiming\00work\FR685_V05.X\mcc_generated_files\LINDrivers\lin_app.c: 133:       LATBb
      +                          its.LATB5 = 1;
  3957     01B9  0022               	movlb	2	; select bank2
  3958     01BA  168D               	bsf	13,5	;volatile
  3959                           
  3960                           ;D:\yiming\00work\FR685_V05.X\mcc_generated_files\LINDrivers\lin_app.c: 134:       LATBb
      +                          its.LATB4 = 0;
  3961     01BB  120D               	bcf	13,4	;volatile
  3962                           
  3963                           ;D:\yiming\00work\FR685_V05.X\mcc_generated_files\LINDrivers\lin_app.c: 135:       LATBb
      +                          its.LATB3 = 0;
  3964     01BC  118D               	bcf	13,3	;volatile
  3965                           
  3966                           ;D:\yiming\00work\FR685_V05.X\mcc_generated_files\LINDrivers\lin_app.c: 136:       break
      +                          ;
  3967     01BD  2A12               	goto	l2382
  3968     01BE                     l49:	
  3969                           ;D:\yiming\00work\FR685_V05.X\mcc_generated_files\LINDrivers\lin_app.c: 137:     case DR
      +                          IVER_DAY_N:
  3970                           
  3971                           
  3972                           ;D:\yiming\00work\FR685_V05.X\mcc_generated_files\LINDrivers\lin_app.c: 138:       LATBb
      +                          its.LATB5 = 0;
  3973     01BE  0022               	movlb	2	; select bank2
  3974     01BF  128D               	bcf	13,5	;volatile
  3975                           
  3976                           ;D:\yiming\00work\FR685_V05.X\mcc_generated_files\LINDrivers\lin_app.c: 139:       LATBb
      +                          its.LATB4 = 1;
  3977     01C0  160D               	bsf	13,4	;volatile
  3978                           
  3979                           ;D:\yiming\00work\FR685_V05.X\mcc_generated_files\LINDrivers\lin_app.c: 140:       LATBb
      +                          its.LATB3 = 0;
  3980     01C1  118D               	bcf	13,3	;volatile
  3981                           
  3982                           ;D:\yiming\00work\FR685_V05.X\mcc_generated_files\LINDrivers\lin_app.c: 141:       break
      +                          ;
  3983     01C2  2A12               	goto	l2382
  3984     01C3                     l50:	
  3985                           ;D:\yiming\00work\FR685_V05.X\mcc_generated_files\LINDrivers\lin_app.c: 142:     case DR
      +                          IVER_DAY_P:
  3986                           
  3987                           
  3988                           ;D:\yiming\00work\FR685_V05.X\mcc_generated_files\LINDrivers\lin_app.c: 143:       LATBb
      +                          its.LATB5 = 1;
  3989     01C3  0022               	movlb	2	; select bank2
  3990     01C4  168D               	bsf	13,5	;volatile
  3991                           
  3992                           ;D:\yiming\00work\FR685_V05.X\mcc_generated_files\LINDrivers\lin_app.c: 144:       LATBb
      +                          its.LATB4 = 0;
  3993     01C5  120D               	bcf	13,4	;volatile
  3994                           
  3995                           ;D:\yiming\00work\FR685_V05.X\mcc_generated_files\LINDrivers\lin_app.c: 145:       LATBb
      +                          its.LATB3 = 0;
  3996     01C6  118D               	bcf	13,3	;volatile
  3997                           
  3998                           ;D:\yiming\00work\FR685_V05.X\mcc_generated_files\LINDrivers\lin_app.c: 146:       break
      +                          ;
  3999     01C7  2A12               	goto	l2382
  4000     01C8                     l51:	
  4001                           ;D:\yiming\00work\FR685_V05.X\mcc_generated_files\LINDrivers\lin_app.c: 147:     case AU
      +                          TO_NIGHT_N:
  4002                           
  4003                           
  4004                           ;D:\yiming\00work\FR685_V05.X\mcc_generated_files\LINDrivers\lin_app.c: 149:       LATBb
      +                          its.LATB5 = 1;
  4005     01C8  0022               	movlb	2	; select bank2
  4006     01C9  168D               	bsf	13,5	;volatile
  4007                           
  4008                           ;D:\yiming\00work\FR685_V05.X\mcc_generated_files\LINDrivers\lin_app.c: 150:       LATBb
      +                          its.LATB4 = 0;
  4009     01CA  120D               	bcf	13,4	;volatile
  4010                           
  4011                           ;D:\yiming\00work\FR685_V05.X\mcc_generated_files\LINDrivers\lin_app.c: 151:       LATBb
      +                          its.LATB3 = 1;
  4012     01CB  158D               	bsf	13,3	;volatile
  4013                           
  4014                           ;D:\yiming\00work\FR685_V05.X\mcc_generated_files\LINDrivers\lin_app.c: 152:       break
      +                          ;
  4015     01CC  2A12               	goto	l2382
  4016     01CD                     l52:	
  4017                           ;D:\yiming\00work\FR685_V05.X\mcc_generated_files\LINDrivers\lin_app.c: 153:     case AU
      +                          TO_DAY_N:
  4018                           
  4019                           
  4020                           ;D:\yiming\00work\FR685_V05.X\mcc_generated_files\LINDrivers\lin_app.c: 154:       LATBb
      +                          its.LATB5 = 0;
  4021     01CD  0022               	movlb	2	; select bank2
  4022     01CE  128D               	bcf	13,5	;volatile
  4023                           
  4024                           ;D:\yiming\00work\FR685_V05.X\mcc_generated_files\LINDrivers\lin_app.c: 155:       LATBb
      +                          its.LATB4 = 1;
  4025     01CF  160D               	bsf	13,4	;volatile
  4026                           
  4027                           ;D:\yiming\00work\FR685_V05.X\mcc_generated_files\LINDrivers\lin_app.c: 156:       LATBb
      +                          its.LATB3 = 0;
  4028     01D0  118D               	bcf	13,3	;volatile
  4029                           
  4030                           ;D:\yiming\00work\FR685_V05.X\mcc_generated_files\LINDrivers\lin_app.c: 157:       break
      +                          ;
  4031     01D1  2A12               	goto	l2382
  4032     01D2                     l53:	
  4033                           ;D:\yiming\00work\FR685_V05.X\mcc_generated_files\LINDrivers\lin_app.c: 158:     case AU
      +                          TO_DAY_P:
  4034                           
  4035                           
  4036                           ;D:\yiming\00work\FR685_V05.X\mcc_generated_files\LINDrivers\lin_app.c: 159:       LATBb
      +                          its.LATB5 = 0;
  4037     01D2  0022               	movlb	2	; select bank2
  4038     01D3  128D               	bcf	13,5	;volatile
  4039                           
  4040                           ;D:\yiming\00work\FR685_V05.X\mcc_generated_files\LINDrivers\lin_app.c: 160:       LATBb
      +                          its.LATB4 = 0;
  4041     01D4  120D               	bcf	13,4	;volatile
  4042                           
  4043                           ;D:\yiming\00work\FR685_V05.X\mcc_generated_files\LINDrivers\lin_app.c: 161:       LATBb
      +                          its.LATB3 = 0;
  4044     01D5  118D               	bcf	13,3	;volatile
  4045                           
  4046                           ;D:\yiming\00work\FR685_V05.X\mcc_generated_files\LINDrivers\lin_app.c: 162:       break
      +                          ;
  4047     01D6  2A12               	goto	l2382
  4048     01D7                     l54:	
  4049                           ;D:\yiming\00work\FR685_V05.X\mcc_generated_files\LINDrivers\lin_app.c: 163:     case LO
      +                          BEAM_NIGHT_N:
  4050                           
  4051                           
  4052                           ;D:\yiming\00work\FR685_V05.X\mcc_generated_files\LINDrivers\lin_app.c: 165:       LATBb
      +                          its.LATB5 = 1;
  4053     01D7  0022               	movlb	2	; select bank2
  4054     01D8  168D               	bsf	13,5	;volatile
  4055                           
  4056                           ;D:\yiming\00work\FR685_V05.X\mcc_generated_files\LINDrivers\lin_app.c: 166:       LATBb
      +                          its.LATB4 = 0;
  4057     01D9  120D               	bcf	13,4	;volatile
  4058                           
  4059                           ;D:\yiming\00work\FR685_V05.X\mcc_generated_files\LINDrivers\lin_app.c: 167:       LATBb
      +                          its.LATB3 = 1;
  4060     01DA  158D               	bsf	13,3	;volatile
  4061                           
  4062                           ;D:\yiming\00work\FR685_V05.X\mcc_generated_files\LINDrivers\lin_app.c: 168:       break
      +                          ;
  4063     01DB  2A12               	goto	l2382
  4064     01DC                     l55:	
  4065                           ;D:\yiming\00work\FR685_V05.X\mcc_generated_files\LINDrivers\lin_app.c: 169:     case LO
      +                          BEAM_DAY_N:
  4066                           
  4067                           
  4068                           ;D:\yiming\00work\FR685_V05.X\mcc_generated_files\LINDrivers\lin_app.c: 171:       LATBb
      +                          its.LATB5 = 1;
  4069     01DC  0022               	movlb	2	; select bank2
  4070     01DD  168D               	bsf	13,5	;volatile
  4071                           
  4072                           ;D:\yiming\00work\FR685_V05.X\mcc_generated_files\LINDrivers\lin_app.c: 172:       LATBb
      +                          its.LATB4 = 0;
  4073     01DE  120D               	bcf	13,4	;volatile
  4074                           
  4075                           ;D:\yiming\00work\FR685_V05.X\mcc_generated_files\LINDrivers\lin_app.c: 173:       LATBb
      +                          its.LATB3 = 1;
  4076     01DF  158D               	bsf	13,3	;volatile
  4077                           
  4078                           ;D:\yiming\00work\FR685_V05.X\mcc_generated_files\LINDrivers\lin_app.c: 174:       break
      +                          ;
  4079     01E0  2A12               	goto	l2382
  4080     01E1                     l2380:
  4081     01E1  0865               	movf	processLIN@mode,w
  4082     01E2  00FB               	movwf	??_processLIN
  4083     01E3  01FC               	clrf	??_processLIN+1
  4084                           
  4085                           ; Switch on 2 bytes has been partitioned into a top level switch of size 1, and 1 sub-sw
      +                          itches
  4086                           ; Switch size 1, requested type "simple"
  4087                           ; Number of cases is 1, Range of values is 0 to 0
  4088                           ; switch strategies available:
  4089                           ; Name         Instructions Cycles
  4090                           ; simple_byte            4     3 (average)
  4091                           ; direct_byte            8     6 (fixed)
  4092                           ; jumptable            260     6 (fixed)
  4093                           ;	Chosen strategy is simple_byte
  4094     01E4  087C               	movf	??_processLIN+1,w
  4095     01E5  3A00               	xorlw	0	; case 0
  4096     01E6  1903               	skipnz
  4097     01E7  29E9               	goto	l2610
  4098     01E8  2A12               	goto	l2382
  4099     01E9                     l2610:
  4100                           
  4101                           ; Switch size 1, requested type "simple"
  4102                           ; Number of cases is 13, Range of values is 41 to 180
  4103                           ; switch strategies available:
  4104                           ; Name         Instructions Cycles
  4105                           ; simple_byte           40    21 (average)
  4106                           ; jumptable            263     9 (fixed)
  4107                           ;	Chosen strategy is simple_byte
  4108     01E9  087B               	movf	??_processLIN,w
  4109     01EA  3A29               	xorlw	41	; case 41
  4110     01EB  1903               	skipnz
  4111     01EC  29AF               	goto	l46
  4112     01ED  3A03               	xorlw	3	; case 42
  4113     01EE  1903               	skipnz
  4114     01EF  29C3               	goto	l50
  4115     01F0  3A01               	xorlw	1	; case 43
  4116     01F1  1903               	skipnz
  4117     01F2  29DC               	goto	l55
  4118     01F3  3A07               	xorlw	7	; case 44
  4119     01F4  1903               	skipnz
  4120     01F5  29D2               	goto	l53
  4121     01F6  3A1D               	xorlw	29	; case 49
  4122     01F7  1903               	skipnz
  4123     01F8  29A5               	goto	l44
  4124     01F9  3A03               	xorlw	3	; case 50
  4125     01FA  1903               	skipnz
  4126     01FB  29B9               	goto	l48
  4127     01FC  3A01               	xorlw	1	; case 51
  4128     01FD  1903               	skipnz
  4129     01FE  29D7               	goto	l54
  4130     01FF  3A5A               	xorlw	90	; case 105
  4131     0200  1903               	skipnz
  4132     0201  29AA               	goto	l45
  4133     0202  3A03               	xorlw	3	; case 106
  4134     0203  1903               	skipnz
  4135     0204  29BE               	goto	l49
  4136     0205  3A06               	xorlw	6	; case 108
  4137     0206  1903               	skipnz
  4138     0207  29CD               	goto	l52
  4139     0208  3A1D               	xorlw	29	; case 113
  4140     0209  1903               	skipnz
  4141     020A  29A0               	goto	l42
  4142     020B  3A03               	xorlw	3	; case 114
  4143     020C  1903               	skipnz
  4144     020D  29B4               	goto	l47
  4145     020E  3AC6               	xorlw	198	; case 180
  4146     020F  1903               	skipnz
  4147     0210  29C8               	goto	l51
  4148     0211  2A12               	goto	l2382
  4149     0212                     l2382:
  4150                           
  4151                           ;D:\yiming\00work\FR685_V05.X\mcc_generated_files\LINDrivers\lin_app.c: 180:     if (tem
      +                          pRxData[1] & 0xC0) {
  4152     0212  0020               	movlb	0	; select bank0
  4153     0213  085D               	movf	processLIN@tempRxData+1,w
  4154     0214  39C0               	andlw	192
  4155     0215  1903               	btfsc	3,2
  4156     0216  2A18               	goto	u1731
  4157     0217  2A19               	goto	u1730
  4158     0218                     u1731:
  4159     0218  2A1C               	goto	l57
  4160     0219                     u1730:
  4161     0219                     l2384:
  4162                           
  4163                           ;D:\yiming\00work\FR685_V05.X\mcc_generated_files\LINDrivers\lin_app.c: 181:       LATBb
      +                          its.LATB2 = 1;
  4164     0219  0022               	movlb	2	; select bank2
  4165     021A  150D               	bsf	13,2	;volatile
  4166                           
  4167                           ;D:\yiming\00work\FR685_V05.X\mcc_generated_files\LINDrivers\lin_app.c: 182:     } else 
      +                          {
  4168     021B  2A1E               	goto	l58
  4169     021C                     l57:
  4170                           
  4171                           ;D:\yiming\00work\FR685_V05.X\mcc_generated_files\LINDrivers\lin_app.c: 183:       LATBb
      +                          its.LATB2 = 0;
  4172     021C  0022               	movlb	2	; select bank2
  4173     021D  110D               	bcf	13,2	;volatile
  4174     021E                     l58:	
  4175                           ;D:\yiming\00work\FR685_V05.X\mcc_generated_files\LINDrivers\lin_app.c: 184:     }
  4176                           
  4177                           
  4178                           ;D:\yiming\00work\FR685_V05.X\mcc_generated_files\LINDrivers\lin_app.c: 186:     if (tem
      +                          pRxData[1] & 0x20) {
  4179     021E  0020               	movlb	0	; select bank0
  4180     021F  1EDD               	btfss	processLIN@tempRxData+1,5
  4181     0220  2A22               	goto	u1741
  4182     0221  2A23               	goto	u1740
  4183     0222                     u1741:
  4184     0222  2A26               	goto	l59
  4185     0223                     u1740:
  4186     0223                     l2386:
  4187                           
  4188                           ;D:\yiming\00work\FR685_V05.X\mcc_generated_files\LINDrivers\lin_app.c: 187:       LATBb
      +                          its.LATB1 = 1;
  4189     0223  0022               	movlb	2	; select bank2
  4190     0224  148D               	bsf	13,1	;volatile
  4191                           
  4192                           ;D:\yiming\00work\FR685_V05.X\mcc_generated_files\LINDrivers\lin_app.c: 188:     } else 
      +                          {
  4193     0225  2A28               	goto	l60
  4194     0226                     l59:
  4195                           
  4196                           ;D:\yiming\00work\FR685_V05.X\mcc_generated_files\LINDrivers\lin_app.c: 189:       LATBb
      +                          its.LATB1 = 0;
  4197     0226  0022               	movlb	2	; select bank2
  4198     0227  108D               	bcf	13,1	;volatile
  4199     0228                     l60:	
  4200                           ;D:\yiming\00work\FR685_V05.X\mcc_generated_files\LINDrivers\lin_app.c: 190:     }
  4201                           
  4202                           
  4203                           ;D:\yiming\00work\FR685_V05.X\mcc_generated_files\LINDrivers\lin_app.c: 192:     if (tem
      +                          pRxData[1] & 0x10) {
  4204     0228  0020               	movlb	0	; select bank0
  4205     0229  1E5D               	btfss	processLIN@tempRxData+1,4
  4206     022A  2A2C               	goto	u1751
  4207     022B  2A2D               	goto	u1750
  4208     022C                     u1751:
  4209     022C  2A30               	goto	l61
  4210     022D                     u1750:
  4211     022D                     l2388:
  4212                           
  4213                           ;D:\yiming\00work\FR685_V05.X\mcc_generated_files\LINDrivers\lin_app.c: 193:       LATBb
      +                          its.LATB0 = 1;
  4214     022D  0022               	movlb	2	; select bank2
  4215     022E  140D               	bsf	13,0	;volatile
  4216                           
  4217                           ;D:\yiming\00work\FR685_V05.X\mcc_generated_files\LINDrivers\lin_app.c: 194:     } else 
      +                          {
  4218     022F  2A3B               	goto	l65
  4219     0230                     l61:
  4220                           
  4221                           ;D:\yiming\00work\FR685_V05.X\mcc_generated_files\LINDrivers\lin_app.c: 195:       LATBb
      +                          its.LATB0 = 0;
  4222     0230  0022               	movlb	2	; select bank2
  4223     0231  100D               	bcf	13,0	;volatile
  4224     0232  2A3B               	goto	l65
  4225     0233                     l2390:
  4226                           
  4227                           ;D:\yiming\00work\FR685_V05.X\mcc_generated_files\LINDrivers\lin_app.c: 200:     cnt = 0
      +                          ;
  4228     0233  01C0               	clrf	_cnt
  4229     0234  01C1               	clrf	_cnt+1
  4230                           
  4231                           ;D:\yiming\00work\FR685_V05.X\mcc_generated_files\LINDrivers\lin_app.c: 201:     break;
  4232     0235  2A3B               	goto	l65
  4233     0236                     l2394:
  4234     0236  0864               	movf	processLIN@cmd,w
  4235                           
  4236                           ; Switch size 1, requested type "simple"
  4237                           ; Number of cases is 1, Range of values is 1 to 1
  4238                           ; switch strategies available:
  4239                           ; Name         Instructions Cycles
  4240                           ; simple_byte            4     3 (average)
  4241                           ; direct_byte           11     9 (fixed)
  4242                           ; jumptable            263     9 (fixed)
  4243                           ;	Chosen strategy is simple_byte
  4244     0237  3A01               	xorlw	1	; case 1
  4245     0238  1903               	skipnz
  4246     0239  298E               	goto	l2372
  4247     023A  2A33               	goto	l2390
  4248     023B                     l65:
  4249     023B  0008               	return
  4250     023C                     __end_of_processLIN:
  4251                           
  4252                           	psect	text18
  4253     049A                     __ptext18:	
  4254 ;; *************** function _LIN_getPacket *****************
  4255 ;; Defined at:
  4256 ;;		line 202 in file "D:\yiming\00work\FR685_V05.X\mcc_generated_files\LINDrivers\lin_slave.c"
  4257 ;; Parameters:    Size  Location     Type
  4258 ;;  data            1    9[COMMON] PTR unsigned char 
  4259 ;;		 -> processLIN@tempRxData(8), 
  4260 ;; Auto vars:     Size  Location     Type
  4261 ;;  cmd             1   10[COMMON] unsigned char 
  4262 ;; Return value:  Size  Location     Type
  4263 ;;                  1    wreg      unsigned char 
  4264 ;; Registers used:
  4265 ;;		wreg, fsr1l, fsr1h, status,2, status,0, pclath, cstack
  4266 ;; Tracked objects:
  4267 ;;		On entry : 0/0
  4268 ;;		On exit  : 0/0
  4269 ;;		Unchanged: 0/0
  4270 ;; Data sizes:     COMMON   BANK0   BANK1   BANK2   BANK3   BANK4   BANK5   BANK6
  4271 ;;      Params:         1       0       0       0       0       0       0       0
  4272 ;;      Locals:         1       0       0       0       0       0       0       0
  4273 ;;      Temps:          0       0       0       0       0       0       0       0
  4274 ;;      Totals:         2       0       0       0       0       0       0       0
  4275 ;;Total ram usage:        2 bytes
  4276 ;; Hardware stack levels used: 1
  4277 ;; Hardware stack levels required when called: 5
  4278 ;; This function calls:
  4279 ;;		_memcpy
  4280 ;;		_memset
  4281 ;; This function is called by:
  4282 ;;		_processLIN
  4283 ;; This function uses a non-reentrant model
  4284 ;;
  4285                           
  4286     049A                     _LIN_getPacket:	
  4287                           ;psect for function _LIN_getPacket
  4288                           
  4289     049A                     l2348:	
  4290                           ;incstack = 0
  4291                           ; Regs used in _LIN_getPacket: [wreg+fsr1l+fsr1h+status,2+status,0+pclath+cstack]
  4292                           
  4293                           
  4294                           ;D:\yiming\00work\FR685_V05.X\mcc_generated_files\LINDrivers\lin_slave.c: 203:     uint8
      +                          _t cmd = LIN_packet.PID & 0x3F;
  4295     049A  0020               	movlb	0	; select bank0
  4296     049B  084F               	movf	_LIN_packet,w
  4297     049C  393F               	andlw	63
  4298     049D  00FA               	movwf	LIN_getPacket@cmd
  4299     049E                     l2350:
  4300                           
  4301                           ;D:\yiming\00work\FR685_V05.X\mcc_generated_files\LINDrivers\lin_slave.c: 205:     memcp
      +                          y(data, LIN_packet.data, sizeof(LIN_packet.data));
  4302     049E  0879               	movf	LIN_getPacket@data,w
  4303     049F  00F0               	movwf	memcpy@d1
  4304     04A0  01F1               	clrf	memcpy@d1+1
  4305     04A1  3050               	movlw	low (_LIN_packet+1)
  4306     04A2  00F2               	movwf	memcpy@s1
  4307     04A3  3000               	movlw	high (_LIN_packet+1)
  4308     04A4  00F3               	movwf	memcpy@s1+1
  4309     04A5  3008               	movlw	8
  4310     04A6  00F4               	movwf	memcpy@n
  4311     04A7  3000               	movlw	0
  4312     04A8  00F5               	movwf	memcpy@n+1
  4313     04A9  3184  24BC  3184   	fcall	_memcpy
  4314     04AC                     l2352:
  4315                           
  4316                           ;D:\yiming\00work\FR685_V05.X\mcc_generated_files\LINDrivers\lin_slave.c: 206:     memse
      +                          t(LIN_packet.rawPacket, 0, sizeof(LIN_packet.rawPacket));
  4317     04AC  304F               	movlw	low _LIN_packet
  4318     04AD  00F0               	movwf	memset@dest
  4319     04AE  3000               	movlw	high _LIN_packet
  4320     04AF  00F1               	movwf	memset@dest+1
  4321     04B0  3000               	movlw	0
  4322     04B1  00F2               	movwf	memset@c
  4323     04B2  00F3               	movwf	memset@c+1
  4324     04B3  300D               	movlw	13
  4325     04B4  00F4               	movwf	memset@n
  4326     04B5  3000               	movlw	0
  4327     04B6  00F5               	movwf	memset@n+1
  4328     04B7  3185  252E  3184   	fcall	_memset
  4329     04BA                     l2354:
  4330                           
  4331                           ;D:\yiming\00work\FR685_V05.X\mcc_generated_files\LINDrivers\lin_slave.c: 208:     retur
      +                          n cmd;
  4332     04BA  087A               	movf	LIN_getPacket@cmd,w
  4333     04BB                     l185:
  4334     04BB  0008               	return
  4335     04BC                     __end_of_LIN_getPacket:
  4336                           
  4337                           	psect	text19
  4338     052E                     __ptext19:	
  4339 ;; *************** function _memset *****************
  4340 ;; Defined at:
  4341 ;;		line 3 in file "c:\PROGRA~1\MICROC~1\xc8\v3.10\pic\sources\c99\common\memset.c"
  4342 ;; Parameters:    Size  Location     Type
  4343 ;;  dest            2    0[COMMON] PTR void 
  4344 ;;		 -> LIN_packet(13), 
  4345 ;;  c               2    2[COMMON] int 
  4346 ;;  n               2    4[COMMON] unsigned int 
  4347 ;; Auto vars:     Size  Location     Type
  4348 ;;  p               1    6[COMMON] PTR unsigned char 
  4349 ;;		 -> LIN_packet(13), 
  4350 ;; Return value:  Size  Location     Type
  4351 ;;                  2    0[COMMON] PTR void 
  4352 ;; Registers used:
  4353 ;;		wreg, fsr1l, fsr1h, status,2, status,0
  4354 ;; Tracked objects:
  4355 ;;		On entry : 0/0
  4356 ;;		On exit  : 0/0
  4357 ;;		Unchanged: 0/0
  4358 ;; Data sizes:     COMMON   BANK0   BANK1   BANK2   BANK3   BANK4   BANK5   BANK6
  4359 ;;      Params:         6       0       0       0       0       0       0       0
  4360 ;;      Locals:         1       0       0       0       0       0       0       0
  4361 ;;      Temps:          0       0       0       0       0       0       0       0
  4362 ;;      Totals:         7       0       0       0       0       0       0       0
  4363 ;;Total ram usage:        7 bytes
  4364 ;; Hardware stack levels used: 1
  4365 ;; Hardware stack levels required when called: 4
  4366 ;; This function calls:
  4367 ;;		Nothing
  4368 ;; This function is called by:
  4369 ;;		_LIN_handler
  4370 ;;		_LIN_getPacket
  4371 ;; This function uses a non-reentrant model
  4372 ;;
  4373                           
  4374     052E                     _memset:	
  4375                           ;psect for function _memset
  4376                           
  4377     052E                     l2322:	
  4378                           ;incstack = 0
  4379                           ; Regs used in _memset: [wreg+fsr1l+fsr1h+status,2+status,0]
  4380                           
  4381     052E  0870               	movf	memset@dest,w
  4382     052F  00F6               	movwf	memset@p
  4383     0530  2D38               	goto	l2328
  4384     0531                     l2324:
  4385     0531  0876               	movf	memset@p,w
  4386     0532  0086               	movwf	6
  4387     0533  0187               	clrf	7
  4388     0534  0872               	movf	memset@c,w
  4389     0535  0081               	movwf	1
  4390     0536                     l2326:
  4391     0536  3001               	movlw	1
  4392     0537  07F6               	addwf	memset@p,f
  4393     0538                     l2328:
  4394     0538  3001               	movlw	1
  4395     0539  02F4               	subwf	memset@n,f
  4396     053A  3000               	movlw	0
  4397     053B  3BF5               	subwfb	memset@n+1,f
  4398     053C  0A74               	incf	memset@n,w
  4399     053D  1D03               	skipz
  4400     053E  2D43               	goto	u1671
  4401     053F  0A75               	incf	memset@n+1,w
  4402     0540  1D03               	btfss	3,2
  4403     0541  2D43               	goto	u1671
  4404     0542  2D44               	goto	u1670
  4405     0543                     u1671:
  4406     0543  2D31               	goto	l2324
  4407     0544                     u1670:
  4408     0544                     l1084:
  4409     0544  0008               	return
  4410     0545                     __end_of_memset:
  4411                           
  4412                           	psect	text20
  4413     0639                     __ptext20:	
  4414 ;; *************** function _LIN_stopTimer *****************
  4415 ;; Defined at:
  4416 ;;		line 305 in file "D:\yiming\00work\FR685_V05.X\mcc_generated_files\LINDrivers\lin_slave.c"
  4417 ;; Parameters:    Size  Location     Type
  4418 ;;		None
  4419 ;; Auto vars:     Size  Location     Type
  4420 ;;		None
  4421 ;; Return value:  Size  Location     Type
  4422 ;;                  1    wreg      void 
  4423 ;; Registers used:
  4424 ;;		status,2
  4425 ;; Tracked objects:
  4426 ;;		On entry : 0/0
  4427 ;;		On exit  : 0/0
  4428 ;;		Unchanged: 0/0
  4429 ;; Data sizes:     COMMON   BANK0   BANK1   BANK2   BANK3   BANK4   BANK5   BANK6
  4430 ;;      Params:         0       0       0       0       0       0       0       0
  4431 ;;      Locals:         0       0       0       0       0       0       0       0
  4432 ;;      Temps:          0       0       0       0       0       0       0       0
  4433 ;;      Totals:         0       0       0       0       0       0       0       0
  4434 ;;Total ram usage:        0 bytes
  4435 ;; Hardware stack levels used: 1
  4436 ;; Hardware stack levels required when called: 4
  4437 ;; This function calls:
  4438 ;;		Nothing
  4439 ;; This function is called by:
  4440 ;;		_LIN_init
  4441 ;;		_LIN_handler
  4442 ;; This function uses a non-reentrant model
  4443 ;;
  4444                           
  4445     0639                     _LIN_stopTimer:	
  4446                           ;psect for function _LIN_stopTimer
  4447                           
  4448     0639                     l1702:	
  4449                           ;incstack = 0
  4450                           ; Regs used in _LIN_stopTimer: [status,2]
  4451                           
  4452                           
  4453                           ;D:\yiming\00work\FR685_V05.X\mcc_generated_files\LINDrivers\lin_slave.c: 306:     __nop
      +                          ();
  4454     0639  0000               	nop
  4455     063A                     l1704:
  4456                           
  4457                           ;D:\yiming\00work\FR685_V05.X\mcc_generated_files\LINDrivers\lin_slave.c: 308:     Count
      +                          CallBack = 0;
  4458     063A  0020               	movlb	0	; select bank0
  4459     063B  01CB               	clrf	_CountCallBack	;volatile
  4460                           
  4461                           ;D:\yiming\00work\FR685_V05.X\mcc_generated_files\LINDrivers\lin_slave.c: 309:     LIN_t
      +                          imerRunning = 0;
  4462     063C  01CC               	clrf	_LIN_timerRunning
  4463     063D                     l227:
  4464     063D  0008               	return
  4465     063E                     __end_of_LIN_stopTimer:
  4466                           
  4467                           	psect	text21
  4468     05B9                     __ptext21:	
  4469 ;; *************** function _LIN_startTimer *****************
  4470 ;; Defined at:
  4471 ;;		line 283 in file "D:\yiming\00work\FR685_V05.X\mcc_generated_files\LINDrivers\lin_slave.c"
  4472 ;; Parameters:    Size  Location     Type
  4473 ;;  timeout         1    wreg     unsigned char 
  4474 ;; Auto vars:     Size  Location     Type
  4475 ;;  timeout         1    1[COMMON] unsigned char 
  4476 ;; Return value:  Size  Location     Type
  4477 ;;                  1    wreg      void 
  4478 ;; Registers used:
  4479 ;;		wreg, status,2, status,0, pclath, cstack
  4480 ;; Tracked objects:
  4481 ;;		On entry : 0/0
  4482 ;;		On exit  : 0/0
  4483 ;;		Unchanged: 0/0
  4484 ;; Data sizes:     COMMON   BANK0   BANK1   BANK2   BANK3   BANK4   BANK5   BANK6
  4485 ;;      Params:         0       0       0       0       0       0       0       0
  4486 ;;      Locals:         1       0       0       0       0       0       0       0
  4487 ;;      Temps:          0       0       0       0       0       0       0       0
  4488 ;;      Totals:         1       0       0       0       0       0       0       0
  4489 ;;Total ram usage:        1 bytes
  4490 ;; Hardware stack levels used: 1
  4491 ;; Hardware stack levels required when called: 5
  4492 ;; This function calls:
  4493 ;;		_TMR0_WriteTimer
  4494 ;; This function is called by:
  4495 ;;		_LIN_handler
  4496 ;; This function uses a non-reentrant model
  4497 ;;
  4498                           
  4499     05B9                     _LIN_startTimer:	
  4500                           ;psect for function _LIN_startTimer
  4501                           
  4502                           
  4503                           ;incstack = 0
  4504                           ; Regs used in _LIN_startTimer: [wreg+status,2+status,0+pclath+cstack]
  4505                           ;LIN_startTimer@timeout stored from wreg
  4506     05B9  00F1               	movwf	LIN_startTimer@timeout
  4507     05BA                     l1960:
  4508                           
  4509                           ;D:\yiming\00work\FR685_V05.X\mcc_generated_files\LINDrivers\lin_slave.c: 284:     LIN_t
      +                          imeout = timeout;
  4510     05BA  0871               	movf	LIN_startTimer@timeout,w
  4511     05BB  0020               	movlb	0	; select bank0
  4512     05BC  00EB               	movwf	_LIN_timeout
  4513     05BD                     l1962:
  4514                           
  4515                           ;D:\yiming\00work\FR685_V05.X\mcc_generated_files\LINDrivers\lin_slave.c: 285:     TMR0_
      +                          WriteTimer(0);
  4516     05BD  3000               	movlw	0
  4517     05BE  3186  263E  3185   	fcall	_TMR0_WriteTimer
  4518     05C1                     l1964:
  4519                           
  4520                           ;D:\yiming\00work\FR685_V05.X\mcc_generated_files\LINDrivers\lin_slave.c: 286:     Count
      +                          CallBack=0;
  4521     05C1  0020               	movlb	0	; select bank0
  4522     05C2  01CB               	clrf	_CountCallBack	;volatile
  4523     05C3                     l1966:
  4524                           
  4525                           ;D:\yiming\00work\FR685_V05.X\mcc_generated_files\LINDrivers\lin_slave.c: 287:     __nop
      +                          ();
  4526     05C3  0000               	nop
  4527     05C4                     l1968:
  4528                           
  4529                           ;D:\yiming\00work\FR685_V05.X\mcc_generated_files\LINDrivers\lin_slave.c: 288:     LIN_t
      +                          imerRunning = 1;
  4530     05C4  3001               	movlw	1
  4531     05C5  0020               	movlb	0	; select bank0
  4532     05C6  00CC               	movwf	_LIN_timerRunning
  4533     05C7                     l217:
  4534     05C7  0008               	return
  4535     05C8                     __end_of_LIN_startTimer:
  4536                           
  4537                           	psect	text22
  4538     063E                     __ptext22:	
  4539 ;; *************** function _TMR0_WriteTimer *****************
  4540 ;; Defined at:
  4541 ;;		line 96 in file "D:\yiming\00work\FR685_V05.X\mcc_generated_files\tmr0.c"
  4542 ;; Parameters:    Size  Location     Type
  4543 ;;  timerVal        1    wreg     unsigned char 
  4544 ;; Auto vars:     Size  Location     Type
  4545 ;;  timerVal        1    0[COMMON] unsigned char 
  4546 ;; Return value:  Size  Location     Type
  4547 ;;                  1    wreg      void 
  4548 ;; Registers used:
  4549 ;;		wreg
  4550 ;; Tracked objects:
  4551 ;;		On entry : 0/0
  4552 ;;		On exit  : 0/0
  4553 ;;		Unchanged: 0/0
  4554 ;; Data sizes:     COMMON   BANK0   BANK1   BANK2   BANK3   BANK4   BANK5   BANK6
  4555 ;;      Params:         0       0       0       0       0       0       0       0
  4556 ;;      Locals:         1       0       0       0       0       0       0       0
  4557 ;;      Temps:          0       0       0       0       0       0       0       0
  4558 ;;      Totals:         1       0       0       0       0       0       0       0
  4559 ;;Total ram usage:        1 bytes
  4560 ;; Hardware stack levels used: 1
  4561 ;; Hardware stack levels required when called: 4
  4562 ;; This function calls:
  4563 ;;		Nothing
  4564 ;; This function is called by:
  4565 ;;		_LIN_startTimer
  4566 ;; This function uses a non-reentrant model
  4567 ;;
  4568                           
  4569     063E                     _TMR0_WriteTimer:	
  4570                           ;psect for function _TMR0_WriteTimer
  4571                           
  4572                           
  4573                           ;incstack = 0
  4574                           ; Regs used in _TMR0_WriteTimer: [wreg]
  4575                           ;TMR0_WriteTimer@timerVal stored from wreg
  4576     063E  00F0               	movwf	TMR0_WriteTimer@timerVal
  4577     063F                     l1870:
  4578                           
  4579                           ;D:\yiming\00work\FR685_V05.X\mcc_generated_files\tmr0.c: 96: void TMR0_WriteTimer(uint8
      +                          _t timerVal);D:\yiming\00work\FR685_V05.X\mcc_generated_files\tmr0.c: 97: {;D:\yiming\00
      +                          work\FR685_V05.X\mcc_generated_files\tmr0.c: 99:     TMR0 = timerVal;
  4580     063F  0870               	movf	TMR0_WriteTimer@timerVal,w
  4581     0640  0020               	movlb	0	; select bank0
  4582     0641  0095               	movwf	21	;volatile
  4583     0642                     l505:
  4584     0642  0008               	return
  4585     0643                     __end_of_TMR0_WriteTimer:
  4586                           
  4587                           	psect	text23
  4588     02C2                     __ptext23:	
  4589 ;; *************** function _LIN_queuePacket *****************
  4590 ;; Defined at:
  4591 ;;		line 66 in file "D:\yiming\00work\FR685_V05.X\mcc_generated_files\LINDrivers\lin_slave.c"
  4592 ;; Parameters:    Size  Location     Type
  4593 ;;  cmd             1    wreg     unsigned char 
  4594 ;; Auto vars:     Size  Location     Type
  4595 ;;  cmd             1    3[BANK0 ] unsigned char 
  4596 ;;  i               1    4[BANK0 ] unsigned char 
  4597 ;;  tempSchedule    2    5[BANK0 ] PTR const struct .
  4598 ;;		 -> NULL(0), scheduleTable(5), 
  4599 ;; Return value:  Size  Location     Type
  4600 ;;                  1    wreg      void 
  4601 ;; Registers used:
  4602 ;;		wreg, fsr0l, fsr0h, fsr1l, fsr1h, status,2, status,0, pclath, cstack
  4603 ;; Tracked objects:
  4604 ;;		On entry : 0/0
  4605 ;;		On exit  : 0/0
  4606 ;;		Unchanged: 0/0
  4607 ;; Data sizes:     COMMON   BANK0   BANK1   BANK2   BANK3   BANK4   BANK5   BANK6
  4608 ;;      Params:         0       0       0       0       0       0       0       0
  4609 ;;      Locals:         0       4       0       0       0       0       0       0
  4610 ;;      Temps:          0       1       0       0       0       0       0       0
  4611 ;;      Totals:         0       5       0       0       0       0       0       0
  4612 ;;Total ram usage:        5 bytes
  4613 ;; Hardware stack levels used: 1
  4614 ;; Hardware stack levels required when called: 6
  4615 ;; This function calls:
  4616 ;;		_LIN_getChecksum
  4617 ;;		_LIN_sendPacket
  4618 ;;		_memcpy
  4619 ;; This function is called by:
  4620 ;;		_LIN_handler
  4621 ;; This function uses a non-reentrant model
  4622 ;;
  4623                           
  4624     02C2                     _LIN_queuePacket:	
  4625                           ;psect for function _LIN_queuePacket
  4626                           
  4627                           
  4628                           ;incstack = 0
  4629                           ; Regs used in _LIN_queuePacket: [wreg-fsr1h+status,2+status,0+pclath+cstack]
  4630                           ;LIN_queuePacket@cmd stored from wreg
  4631     02C2  0020               	movlb	0	; select bank0
  4632     02C3  00DF               	movwf	LIN_queuePacket@cmd
  4633     02C4                     l2400:
  4634                           
  4635                           ;D:\yiming\00work\FR685_V05.X\mcc_generated_files\LINDrivers\lin_slave.c: 67:     const 
      +                          lin_rx_cmd_t* tempSchedule = LIN_rxCommand;
  4636     02C4  083D               	movf	_LIN_rxCommand+1,w
  4637     02C5  00E2               	movwf	LIN_queuePacket@tempSchedule+1
  4638     02C6  083C               	movf	_LIN_rxCommand,w
  4639     02C7  00E1               	movwf	LIN_queuePacket@tempSchedule
  4640     02C8                     l2402:
  4641                           
  4642                           ;D:\yiming\00work\FR685_V05.X\mcc_generated_files\LINDrivers\lin_slave.c: 69:     cmd &=
      +                           0x3F;
  4643     02C8  303F               	movlw	63
  4644     02C9  05DF               	andwf	LIN_queuePacket@cmd,f
  4645     02CA                     l2404:
  4646                           
  4647                           ;D:\yiming\00work\FR685_V05.X\mcc_generated_files\LINDrivers\lin_slave.c: 70:     for(ui
      +                          nt8_t i = 0; i < LIN_rxCommandLength; i++){
  4648     02CA  01E0               	clrf	LIN_queuePacket@i
  4649     02CB  2ADD               	goto	l2414
  4650     02CC                     l2406:
  4651                           
  4652                           ;D:\yiming\00work\FR685_V05.X\mcc_generated_files\LINDrivers\lin_slave.c: 71:         if
      +                          (cmd == tempSchedule->cmd){
  4653     02CC  0861               	movf	LIN_queuePacket@tempSchedule,w
  4654     02CD  0084               	movwf	4
  4655     02CE  0862               	movf	LIN_queuePacket@tempSchedule+1,w
  4656     02CF  0085               	movwf	5
  4657     02D0  0800               	movf	0,w	;code access
  4658     02D1  065F               	xorwf	LIN_queuePacket@cmd,w
  4659     02D2  1D03               	skipz
  4660     02D3  2AD5               	goto	u1761
  4661     02D4  2AD6               	goto	u1760
  4662     02D5                     u1761:
  4663     02D5  2AD7               	goto	l2410
  4664     02D6                     u1760:
  4665     02D6  2AE3               	goto	l2416
  4666     02D7                     l2410:
  4667                           
  4668                           ;D:\yiming\00work\FR685_V05.X\mcc_generated_files\LINDrivers\lin_slave.c: 74:         te
      +                          mpSchedule++;
  4669     02D7  3005               	movlw	5
  4670     02D8  07E1               	addwf	LIN_queuePacket@tempSchedule,f
  4671     02D9  3000               	movlw	0
  4672     02DA  3DE2               	addwfc	LIN_queuePacket@tempSchedule+1,f
  4673     02DB                     l2412:
  4674                           
  4675                           ;D:\yiming\00work\FR685_V05.X\mcc_generated_files\LINDrivers\lin_slave.c: 75:     }
  4676     02DB  3001               	movlw	1
  4677     02DC  07E0               	addwf	LIN_queuePacket@i,f
  4678     02DD                     l2414:
  4679     02DD  084D               	movf	_LIN_rxCommandLength,w
  4680     02DE  0260               	subwf	LIN_queuePacket@i,w
  4681     02DF  1C03               	skipc
  4682     02E0  2AE2               	goto	u1771
  4683     02E1  2AE3               	goto	u1770
  4684     02E2                     u1771:
  4685     02E2  2ACC               	goto	l2406
  4686     02E3                     u1770:
  4687     02E3                     l2416:
  4688                           
  4689                           ;D:\yiming\00work\FR685_V05.X\mcc_generated_files\LINDrivers\lin_slave.c: 77:     LIN_pa
      +                          cket.type = tempSchedule->type;
  4690     02E3  3001               	movlw	1
  4691     02E4  0761               	addwf	LIN_queuePacket@tempSchedule,w
  4692     02E5  0084               	movwf	4
  4693     02E6  0862               	movf	LIN_queuePacket@tempSchedule+1,w
  4694     02E7  1803               	skipnc
  4695     02E8  3E01               	addlw	1
  4696     02E9  0085               	movwf	5
  4697     02EA  0800               	movf	0,w	;code access
  4698     02EB  00D9               	movwf	_LIN_packet+10
  4699                           
  4700                           ;D:\yiming\00work\FR685_V05.X\mcc_generated_files\LINDrivers\lin_slave.c: 78:     LIN_pa
      +                          cket.length = tempSchedule->length;
  4701     02EC  3002               	movlw	2
  4702     02ED  0761               	addwf	LIN_queuePacket@tempSchedule,w
  4703     02EE  0084               	movwf	4
  4704     02EF  0862               	movf	LIN_queuePacket@tempSchedule+1,w
  4705     02F0  1803               	skipnc
  4706     02F1  3E01               	addlw	1
  4707     02F2  0085               	movwf	5
  4708     02F3  0800               	movf	0,w	;code access
  4709     02F4  00DA               	movwf	_LIN_packet+11
  4710     02F5                     l2418:
  4711                           
  4712                           ;D:\yiming\00work\FR685_V05.X\mcc_generated_files\LINDrivers\lin_slave.c: 82:     memcpy
      +                          (LIN_packet.data, tempSchedule->data, LIN_packet.length);
  4713     02F5  3050               	movlw	low (_LIN_packet+1)
  4714     02F6  00F0               	movwf	memcpy@d1
  4715     02F7  3000               	movlw	high (_LIN_packet+1)
  4716     02F8  00F1               	movwf	memcpy@d1+1
  4717     02F9  3003               	movlw	3
  4718     02FA  0761               	addwf	LIN_queuePacket@tempSchedule,w
  4719     02FB  0084               	movwf	4
  4720     02FC  0862               	movf	LIN_queuePacket@tempSchedule+1,w
  4721     02FD  1803               	skipnc
  4722     02FE  3E01               	addlw	1
  4723     02FF  0085               	movwf	5
  4724     0300  3F00               	moviw [0]fsr0
  4725     0301  00F2               	movwf	memcpy@s1
  4726     0302  3F01               	moviw [1]fsr0
  4727     0303  00F3               	movwf	memcpy@s1+1
  4728     0304  085A               	movf	_LIN_packet+11,w
  4729     0305  00F4               	movwf	memcpy@n
  4730     0306  01F5               	clrf	memcpy@n+1
  4731     0307  1BF4               	btfsc	memcpy@n,7
  4732     0308  03F5               	decf	memcpy@n+1,f
  4733     0309  3184  24BC  3182   	fcall	_memcpy
  4734     030C                     l2420:
  4735                           
  4736                           ;D:\yiming\00work\FR685_V05.X\mcc_generated_files\LINDrivers\lin_slave.c: 85:     LIN_pa
      +                          cket.checksum = LIN_getChecksum(LIN_packet.length, LIN_packet.PID, LIN_packet.data);
  4737     030C  0020               	movlb	0	; select bank0
  4738     030D  084F               	movf	_LIN_packet,w
  4739     030E  00F0               	movwf	LIN_getChecksum@pid
  4740     030F  3050               	movlw	low (_LIN_packet+1)
  4741     0310  00F1               	movwf	LIN_getChecksum@data
  4742     0311  3000               	movlw	high (_LIN_packet+1)
  4743     0312  00F2               	movwf	LIN_getChecksum@data+1
  4744     0313  085A               	movf	_LIN_packet+11,w
  4745     0314  3183  23F9  3182   	fcall	_LIN_getChecksum
  4746     0317  0020               	movlb	0	; select bank0
  4747     0318  00D8               	movwf	_LIN_packet+9
  4748     0319                     l2422:
  4749                           
  4750                           ;D:\yiming\00work\FR685_V05.X\mcc_generated_files\LINDrivers\lin_slave.c: 86:     LIN_se
      +                          ndPacket(LIN_packet.length, LIN_packet.PID, LIN_packet.data);
  4751     0319  084F               	movf	_LIN_packet,w
  4752     031A  00FA               	movwf	LIN_sendPacket@pid
  4753     031B  3050               	movlw	low (_LIN_packet+1)
  4754     031C  00FB               	movwf	LIN_sendPacket@data
  4755     031D  3000               	movlw	high (_LIN_packet+1)
  4756     031E  00FC               	movwf	LIN_sendPacket@data+1
  4757     031F  085A               	movf	_LIN_packet+11,w
  4758     0320  3184  2451  3182   	fcall	_LIN_sendPacket
  4759     0323                     l137:
  4760     0323  0008               	return
  4761     0324                     __end_of_LIN_queuePacket:
  4762                           
  4763                           	psect	text24
  4764     04BC                     __ptext24:	
  4765 ;; *************** function _memcpy *****************
  4766 ;; Defined at:
  4767 ;;		line 4 in file "c:\PROGRA~1\MICROC~1\xc8\v3.10\pic\sources\c99\common\memcpy.c"
  4768 ;; Parameters:    Size  Location     Type
  4769 ;;  d1              2    0[COMMON] PTR void 
  4770 ;;		 -> LIN_packet(13), processLIN@tempRxData(8), 
  4771 ;;  s1              2    2[COMMON] PTR const void 
  4772 ;;		 -> LIN_packet$data(8), LIN_packet(13), SIGNAL_Data(8), 
  4773 ;;  n               2    4[COMMON] unsigned int 
  4774 ;; Auto vars:     Size  Location     Type
  4775 ;;  s               1    8[COMMON] PTR const unsigned char 
  4776 ;;		 -> LIN_packet$data(8), LIN_packet(13), SIGNAL_Data(8), 
  4777 ;;  d               1    7[COMMON] PTR unsigned char 
  4778 ;;		 -> LIN_packet(13), processLIN@tempRxData(8), 
  4779 ;;  tmp             1    6[COMMON] unsigned char 
  4780 ;; Return value:  Size  Location     Type
  4781 ;;                  2    0[COMMON] PTR void 
  4782 ;; Registers used:
  4783 ;;		wreg, fsr1l, fsr1h, status,2, status,0
  4784 ;; Tracked objects:
  4785 ;;		On entry : 0/0
  4786 ;;		On exit  : 0/0
  4787 ;;		Unchanged: 0/0
  4788 ;; Data sizes:     COMMON   BANK0   BANK1   BANK2   BANK3   BANK4   BANK5   BANK6
  4789 ;;      Params:         6       0       0       0       0       0       0       0
  4790 ;;      Locals:         3       0       0       0       0       0       0       0
  4791 ;;      Temps:          0       0       0       0       0       0       0       0
  4792 ;;      Totals:         9       0       0       0       0       0       0       0
  4793 ;;Total ram usage:        9 bytes
  4794 ;; Hardware stack levels used: 1
  4795 ;; Hardware stack levels required when called: 4
  4796 ;; This function calls:
  4797 ;;		Nothing
  4798 ;; This function is called by:
  4799 ;;		_LIN_queuePacket
  4800 ;;		_LIN_getPacket
  4801 ;; This function uses a non-reentrant model
  4802 ;;
  4803                           
  4804     04BC                     _memcpy:	
  4805                           ;psect for function _memcpy
  4806                           
  4807     04BC                     l2294:	
  4808                           ;incstack = 0
  4809                           ; Regs used in _memcpy: [wreg+fsr1l+fsr1h+status,2+status,0]
  4810                           
  4811     04BC  0872               	movf	memcpy@s1,w
  4812     04BD  00F8               	movwf	memcpy@s
  4813     04BE  0870               	movf	memcpy@d1,w
  4814     04BF  00F7               	movwf	memcpy@d
  4815     04C0  2CCF               	goto	l1075
  4816     04C1                     l2296:
  4817     04C1  0878               	movf	memcpy@s,w
  4818     04C2  0086               	movwf	6
  4819     04C3  0187               	clrf	7
  4820     04C4  0801               	movf	1,w
  4821     04C5  00F6               	movwf	memcpy@tmp
  4822     04C6                     l2298:
  4823     04C6  3001               	movlw	1
  4824     04C7  07F8               	addwf	memcpy@s,f
  4825     04C8                     l2300:
  4826     04C8  0877               	movf	memcpy@d,w
  4827     04C9  0086               	movwf	6
  4828     04CA  0187               	clrf	7
  4829     04CB  0876               	movf	memcpy@tmp,w
  4830     04CC  0081               	movwf	1
  4831     04CD  3001               	movlw	1
  4832     04CE  07F7               	addwf	memcpy@d,f
  4833     04CF                     l1075:
  4834     04CF  3001               	movlw	1
  4835     04D0  02F4               	subwf	memcpy@n,f
  4836     04D1  3000               	movlw	0
  4837     04D2  3BF5               	subwfb	memcpy@n+1,f
  4838     04D3  0A74               	incf	memcpy@n,w
  4839     04D4  1D03               	skipz
  4840     04D5  2CDA               	goto	u1641
  4841     04D6  0A75               	incf	memcpy@n+1,w
  4842     04D7  1D03               	btfss	3,2
  4843     04D8  2CDA               	goto	u1641
  4844     04D9  2CDB               	goto	u1640
  4845     04DA                     u1641:
  4846     04DA  2CC1               	goto	l2296
  4847     04DB                     u1640:
  4848     04DB                     l1078:
  4849     04DB  0008               	return
  4850     04DC                     __end_of_memcpy:
  4851                           
  4852                           	psect	text25
  4853     0451                     __ptext25:	
  4854 ;; *************** function _LIN_sendPacket *****************
  4855 ;; Defined at:
  4856 ;;		line 192 in file "D:\yiming\00work\FR685_V05.X\mcc_generated_files\LINDrivers\lin_slave.c"
  4857 ;; Parameters:    Size  Location     Type
  4858 ;;  length          1    wreg     unsigned char 
  4859 ;;  pid             1   10[COMMON] unsigned char 
  4860 ;;  data            2   11[COMMON] PTR unsigned char 
  4861 ;;		 -> LIN_packet(13), 
  4862 ;; Auto vars:     Size  Location     Type
  4863 ;;  length          1    0[BANK0 ] unsigned char 
  4864 ;;  i               1    1[BANK0 ] unsigned char 
  4865 ;; Return value:  Size  Location     Type
  4866 ;;                  1    wreg      void 
  4867 ;; Registers used:
  4868 ;;		wreg, fsr1l, fsr1h, status,2, status,0, pclath, cstack
  4869 ;; Tracked objects:
  4870 ;;		On entry : 0/0
  4871 ;;		On exit  : 0/0
  4872 ;;		Unchanged: 0/0
  4873 ;; Data sizes:     COMMON   BANK0   BANK1   BANK2   BANK3   BANK4   BANK5   BANK6
  4874 ;;      Params:         3       0       0       0       0       0       0       0
  4875 ;;      Locals:         0       2       0       0       0       0       0       0
  4876 ;;      Temps:          0       0       0       0       0       0       0       0
  4877 ;;      Totals:         3       2       0       0       0       0       0       0
  4878 ;;Total ram usage:        5 bytes
  4879 ;; Hardware stack levels used: 1
  4880 ;; Hardware stack levels required when called: 5
  4881 ;; This function calls:
  4882 ;;		_EUSART_Write
  4883 ;;		_LIN_getChecksum
  4884 ;; This function is called by:
  4885 ;;		_LIN_queuePacket
  4886 ;; This function uses a non-reentrant model
  4887 ;;
  4888                           
  4889     0451                     _LIN_sendPacket:	
  4890                           ;psect for function _LIN_sendPacket
  4891                           
  4892                           
  4893                           ;incstack = 0
  4894                           ; Regs used in _LIN_sendPacket: [wreg+fsr1l+fsr1h+status,2+status,0+pclath+cstack]
  4895                           ;LIN_sendPacket@length stored from wreg
  4896     0451  0020               	movlb	0	; select bank0
  4897     0452  00DC               	movwf	LIN_sendPacket@length
  4898     0453                     l2358:
  4899                           
  4900                           ;D:\yiming\00work\FR685_V05.X\mcc_generated_files\LINDrivers\lin_slave.c: 195:     for(u
      +                          int8_t i = 0; i < length; i++){
  4901     0453  01DD               	clrf	LIN_sendPacket@i
  4902     0454  2C62               	goto	l2364
  4903     0455                     l2360:
  4904                           
  4905                           ;D:\yiming\00work\FR685_V05.X\mcc_generated_files\LINDrivers\lin_slave.c: 196:         E
      +                          USART_Write(*(data + i));
  4906     0455  085D               	movf	LIN_sendPacket@i,w
  4907     0456  077B               	addwf	LIN_sendPacket@data,w
  4908     0457  0086               	movwf	6
  4909     0458  3000               	movlw	0
  4910     0459  3D7C               	addwfc	LIN_sendPacket@data+1,w
  4911     045A  0087               	movwf	7
  4912     045B  0801               	movf	1,w
  4913     045C  3184  242B  3184   	fcall	_EUSART_Write
  4914     045F                     l2362:
  4915                           
  4916                           ;D:\yiming\00work\FR685_V05.X\mcc_generated_files\LINDrivers\lin_slave.c: 197:     }
  4917     045F  3001               	movlw	1
  4918     0460  0020               	movlb	0	; select bank0
  4919     0461  07DD               	addwf	LIN_sendPacket@i,f
  4920     0462                     l2364:
  4921     0462  085C               	movf	LIN_sendPacket@length,w
  4922     0463  025D               	subwf	LIN_sendPacket@i,w
  4923     0464  1C03               	skipc
  4924     0465  2C67               	goto	u1711
  4925     0466  2C68               	goto	u1710
  4926     0467                     u1711:
  4927     0467  2C55               	goto	l2360
  4928     0468                     u1710:
  4929     0468                     l2366:
  4930                           
  4931                           ;D:\yiming\00work\FR685_V05.X\mcc_generated_files\LINDrivers\lin_slave.c: 199:     EUSAR
      +                          T_Write(LIN_getChecksum(length, pid, data));
  4932     0468  087A               	movf	LIN_sendPacket@pid,w
  4933     0469  00F0               	movwf	LIN_getChecksum@pid
  4934     046A  087C               	movf	LIN_sendPacket@data+1,w
  4935     046B  00F2               	movwf	LIN_getChecksum@data+1
  4936     046C  087B               	movf	LIN_sendPacket@data,w
  4937     046D  00F1               	movwf	LIN_getChecksum@data
  4938     046E  085C               	movf	LIN_sendPacket@length,w
  4939     046F  3183  23F9  3184   	fcall	_LIN_getChecksum
  4940     0472  3184  242B  3184   	fcall	_EUSART_Write
  4941     0475                     l182:
  4942     0475  0008               	return
  4943     0476                     __end_of_LIN_sendPacket:
  4944                           
  4945                           	psect	text26
  4946     03F9                     __ptext26:	
  4947 ;; *************** function _LIN_getChecksum *****************
  4948 ;; Defined at:
  4949 ;;		line 270 in file "D:\yiming\00work\FR685_V05.X\mcc_generated_files\LINDrivers\lin_slave.c"
  4950 ;; Parameters:    Size  Location     Type
  4951 ;;  length          1    wreg     unsigned char 
  4952 ;;  pid             1    0[COMMON] unsigned char 
  4953 ;;  data            2    1[COMMON] PTR unsigned char 
  4954 ;;		 -> LIN_packet(13), 
  4955 ;; Auto vars:     Size  Location     Type
  4956 ;;  length          1    5[COMMON] unsigned char 
  4957 ;;  i               1    6[COMMON] unsigned char 
  4958 ;;  checksum        2    7[COMMON] unsigned short 
  4959 ;; Return value:  Size  Location     Type
  4960 ;;                  1    wreg      unsigned char 
  4961 ;; Registers used:
  4962 ;;		wreg, fsr1l, fsr1h, status,2, status,0
  4963 ;; Tracked objects:
  4964 ;;		On entry : 0/0
  4965 ;;		On exit  : 0/0
  4966 ;;		Unchanged: 0/0
  4967 ;; Data sizes:     COMMON   BANK0   BANK1   BANK2   BANK3   BANK4   BANK5   BANK6
  4968 ;;      Params:         3       0       0       0       0       0       0       0
  4969 ;;      Locals:         4       0       0       0       0       0       0       0
  4970 ;;      Temps:          2       0       0       0       0       0       0       0
  4971 ;;      Totals:         9       0       0       0       0       0       0       0
  4972 ;;Total ram usage:        9 bytes
  4973 ;; Hardware stack levels used: 1
  4974 ;; Hardware stack levels required when called: 4
  4975 ;; This function calls:
  4976 ;;		Nothing
  4977 ;; This function is called by:
  4978 ;;		_LIN_queuePacket
  4979 ;;		_LIN_handler
  4980 ;;		_LIN_sendPacket
  4981 ;; This function uses a non-reentrant model
  4982 ;;
  4983                           
  4984     03F9                     _LIN_getChecksum:	
  4985                           ;psect for function _LIN_getChecksum
  4986                           
  4987                           
  4988                           ;incstack = 0
  4989                           ; Regs used in _LIN_getChecksum: [wreg+fsr1l+fsr1h+status,2+status,0]
  4990                           ;LIN_getChecksum@length stored from wreg
  4991     03F9  00F5               	movwf	LIN_getChecksum@length
  4992     03FA                     l2302:
  4993                           
  4994                           ;D:\yiming\00work\FR685_V05.X\mcc_generated_files\LINDrivers\lin_slave.c: 271:     uint1
      +                          6_t checksum = pid;
  4995     03FA  0870               	movf	LIN_getChecksum@pid,w
  4996     03FB  00F3               	movwf	??_LIN_getChecksum
  4997     03FC  01F4               	clrf	??_LIN_getChecksum+1
  4998     03FD  0873               	movf	??_LIN_getChecksum,w
  4999     03FE  00F7               	movwf	LIN_getChecksum@checksum
  5000     03FF  0874               	movf	??_LIN_getChecksum+1,w
  5001     0400  00F8               	movwf	LIN_getChecksum@checksum+1
  5002     0401                     l2304:
  5003                           
  5004                           ;D:\yiming\00work\FR685_V05.X\mcc_generated_files\LINDrivers\lin_slave.c: 273:     for (
      +                          uint8_t i = 0; i < length; i++){
  5005     0401  01F6               	clrf	LIN_getChecksum@i
  5006     0402  2C21               	goto	l2316
  5007     0403                     l2306:
  5008                           
  5009                           ;D:\yiming\00work\FR685_V05.X\mcc_generated_files\LINDrivers\lin_slave.c: 274:         c
      +                          hecksum = checksum + *data++;
  5010     0403  0871               	movf	LIN_getChecksum@data,w
  5011     0404  0086               	movwf	6
  5012     0405  0872               	movf	LIN_getChecksum@data+1,w
  5013     0406  0087               	movwf	7
  5014     0407  0801               	movf	1,w
  5015     0408  0777               	addwf	LIN_getChecksum@checksum,w
  5016     0409  00F7               	movwf	LIN_getChecksum@checksum
  5017     040A  0878               	movf	LIN_getChecksum@checksum+1,w
  5018     040B  1803               	skipnc
  5019     040C  0A78               	incf	LIN_getChecksum@checksum+1,w
  5020     040D  00F8               	movwf	LIN_getChecksum@checksum+1
  5021     040E                     l2308:
  5022     040E  3001               	movlw	1
  5023     040F  07F1               	addwf	LIN_getChecksum@data,f
  5024     0410  3000               	movlw	0
  5025     0411  3DF2               	addwfc	LIN_getChecksum@data+1,f
  5026     0412                     l2310:
  5027                           
  5028                           ;D:\yiming\00work\FR685_V05.X\mcc_generated_files\LINDrivers\lin_slave.c: 275:         i
      +                          f(checksum > 0xFF)
  5029     0412  3001               	movlw	1
  5030     0413  0278               	subwf	LIN_getChecksum@checksum+1,w
  5031     0414  3000               	movlw	0
  5032     0415  1903               	skipnz
  5033     0416  0277               	subwf	LIN_getChecksum@checksum,w
  5034     0417  1C03               	skipc
  5035     0418  2C1A               	goto	u1651
  5036     0419  2C1B               	goto	u1650
  5037     041A                     u1651:
  5038     041A  2C1F               	goto	l2314
  5039     041B                     u1650:
  5040     041B                     l2312:
  5041                           
  5042                           ;D:\yiming\00work\FR685_V05.X\mcc_generated_files\LINDrivers\lin_slave.c: 276:          
      +                             checksum -= 0xFF;
  5043     041B  30FF               	movlw	255
  5044     041C  02F7               	subwf	LIN_getChecksum@checksum,f
  5045     041D  3000               	movlw	0
  5046     041E  3BF8               	subwfb	LIN_getChecksum@checksum+1,f
  5047     041F                     l2314:
  5048                           
  5049                           ;D:\yiming\00work\FR685_V05.X\mcc_generated_files\LINDrivers\lin_slave.c: 277:     }
  5050     041F  3001               	movlw	1
  5051     0420  07F6               	addwf	LIN_getChecksum@i,f
  5052     0421                     l2316:
  5053     0421  0875               	movf	LIN_getChecksum@length,w
  5054     0422  0276               	subwf	LIN_getChecksum@i,w
  5055     0423  1C03               	skipc
  5056     0424  2C26               	goto	u1661
  5057     0425  2C27               	goto	u1660
  5058     0426                     u1661:
  5059     0426  2C03               	goto	l2306
  5060     0427                     u1660:
  5061     0427                     l213:
  5062                           
  5063                           ;D:\yiming\00work\FR685_V05.X\mcc_generated_files\LINDrivers\lin_slave.c: 278:     check
      +                          sum = ~checksum;
  5064     0427  09F7               	comf	LIN_getChecksum@checksum,f
  5065     0428  09F8               	comf	LIN_getChecksum@checksum+1,f
  5066     0429                     l2318:
  5067                           
  5068                           ;D:\yiming\00work\FR685_V05.X\mcc_generated_files\LINDrivers\lin_slave.c: 280:     retur
      +                          n (uint8_t)checksum;
  5069     0429  0877               	movf	LIN_getChecksum@checksum,w
  5070     042A                     l214:
  5071     042A  0008               	return
  5072     042B                     __end_of_LIN_getChecksum:
  5073                           
  5074                           	psect	text27
  5075     042B                     __ptext27:	
  5076 ;; *************** function _EUSART_Write *****************
  5077 ;; Defined at:
  5078 ;;		line 173 in file "D:\yiming\00work\FR685_V05.X\mcc_generated_files\eusart.c"
  5079 ;; Parameters:    Size  Location     Type
  5080 ;;  txData          1    wreg     unsigned char 
  5081 ;; Auto vars:     Size  Location     Type
  5082 ;;  txData          1    9[COMMON] unsigned char 
  5083 ;; Return value:  Size  Location     Type
  5084 ;;                  1    wreg      void 
  5085 ;; Registers used:
  5086 ;;		wreg, fsr1l, fsr1h, status,2, status,0
  5087 ;; Tracked objects:
  5088 ;;		On entry : 0/0
  5089 ;;		On exit  : 0/0
  5090 ;;		Unchanged: 0/0
  5091 ;; Data sizes:     COMMON   BANK0   BANK1   BANK2   BANK3   BANK4   BANK5   BANK6
  5092 ;;      Params:         0       0       0       0       0       0       0       0
  5093 ;;      Locals:         1       0       0       0       0       0       0       0
  5094 ;;      Temps:          0       0       0       0       0       0       0       0
  5095 ;;      Totals:         1       0       0       0       0       0       0       0
  5096 ;;Total ram usage:        1 bytes
  5097 ;; Hardware stack levels used: 1
  5098 ;; Hardware stack levels required when called: 4
  5099 ;; This function calls:
  5100 ;;		Nothing
  5101 ;; This function is called by:
  5102 ;;		_LIN_sendPacket
  5103 ;; This function uses a non-reentrant model
  5104 ;;
  5105                           
  5106     042B                     _EUSART_Write:	
  5107                           ;psect for function _EUSART_Write
  5108                           
  5109                           
  5110                           ;incstack = 0
  5111                           ; Regs used in _EUSART_Write: [wreg+fsr1l+fsr1h+status,2+status,0]
  5112                           ;EUSART_Write@txData stored from wreg
  5113     042B  00F9               	movwf	EUSART_Write@txData
  5114     042C                     l2330:
  5115     042C                     l2332:	
  5116                           ;D:\yiming\00work\FR685_V05.X\mcc_generated_files\eusart.c: 173: void EUSART_Write(uint8
      +                          _t txData);D:\yiming\00work\FR685_V05.X\mcc_generated_files\eusart.c: 174: {;D:\yiming\0
      +                          0work\FR685_V05.X\mcc_generated_files\eusart.c: 175:     while(0 == eusartTxBufferRemain
      +                          ing)
  5117                           
  5118                           
  5119                           ;D:\yiming\00work\FR685_V05.X\mcc_generated_files\eusart.c: 175:     while(0 == eusartTx
      +                          BufferRemaining)
  5120     042C  0020               	movlb	0	; select bank0
  5121     042D  0846               	movf	_eusartTxBufferRemaining,w	;volatile
  5122     042E  1903               	btfsc	3,2
  5123     042F  2C31               	goto	u1681
  5124     0430  2C32               	goto	u1680
  5125     0431                     u1681:
  5126     0431  2C2C               	goto	l2332
  5127     0432                     u1680:
  5128     0432                     l336:
  5129                           
  5130                           ;D:\yiming\00work\FR685_V05.X\mcc_generated_files\eusart.c: 179:     if(0 == PIE1bits.TX
      +                          IE)
  5131     0432  0021               	movlb	1	; select bank1
  5132     0433  1A11               	btfsc	17,4	;volatile
  5133     0434  2C36               	goto	u1691
  5134     0435  2C37               	goto	u1690
  5135     0436                     u1691:
  5136     0436  2C3B               	goto	l337
  5137     0437                     u1690:
  5138     0437                     l2334:
  5139                           
  5140                           ;D:\yiming\00work\FR685_V05.X\mcc_generated_files\eusart.c: 180:     {;D:\yiming\00work\
      +                          FR685_V05.X\mcc_generated_files\eusart.c: 181:         TXREG = txData;
  5141     0437  0879               	movf	EUSART_Write@txData,w
  5142     0438  0023               	movlb	3	; select bank3
  5143     0439  009A               	movwf	26	;volatile
  5144                           
  5145                           ;D:\yiming\00work\FR685_V05.X\mcc_generated_files\eusart.c: 182:     }
  5146     043A  2C4E               	goto	l2346
  5147     043B                     l337:	
  5148                           ;D:\yiming\00work\FR685_V05.X\mcc_generated_files\eusart.c: 183:     else
  5149                           
  5150                           
  5151                           ;D:\yiming\00work\FR685_V05.X\mcc_generated_files\eusart.c: 184:     {;D:\yiming\00work\
      +                          FR685_V05.X\mcc_generated_files\eusart.c: 185:         PIE1bits.TXIE = 0;
  5152     043B  1211               	bcf	17,4	;volatile
  5153     043C                     l2336:
  5154                           
  5155                           ;D:\yiming\00work\FR685_V05.X\mcc_generated_files\eusart.c: 186:         eusartTxBuffer[
      +                          eusartTxHead++] = txData;
  5156     043C  0020               	movlb	0	; select bank0
  5157     043D  0848               	movf	_eusartTxHead,w
  5158     043E  3E28               	addlw	(low (_eusartTxBuffer| 0))& (0+255)
  5159     043F  0086               	movwf	6
  5160     0440  0187               	clrf	7
  5161     0441  0879               	movf	EUSART_Write@txData,w
  5162     0442  0081               	movwf	1
  5163     0443                     l2338:
  5164     0443  3001               	movlw	1
  5165     0444  07C8               	addwf	_eusartTxHead,f	;volatile
  5166     0445                     l2340:
  5167                           
  5168                           ;D:\yiming\00work\FR685_V05.X\mcc_generated_files\eusart.c: 187:         if(sizeof(eusar
      +                          tTxBuffer) <= eusartTxHead)
  5169     0445  3008               	movlw	8
  5170     0446  0248               	subwf	_eusartTxHead,w	;volatile
  5171     0447  1C03               	skipc
  5172     0448  2C4A               	goto	u1701
  5173     0449  2C4B               	goto	u1700
  5174     044A                     u1701:
  5175     044A  2C4C               	goto	l2344
  5176     044B                     u1700:
  5177     044B                     l2342:
  5178                           
  5179                           ;D:\yiming\00work\FR685_V05.X\mcc_generated_files\eusart.c: 188:         {;D:\yiming\00w
      +                          ork\FR685_V05.X\mcc_generated_files\eusart.c: 189:             eusartTxHead = 0;
  5180     044B  01C8               	clrf	_eusartTxHead	;volatile
  5181     044C                     l2344:
  5182                           
  5183                           ;D:\yiming\00work\FR685_V05.X\mcc_generated_files\eusart.c: 191:         eusartTxBufferR
      +                          emaining--;
  5184     044C  3001               	movlw	1
  5185     044D  02C6               	subwf	_eusartTxBufferRemaining,f	;volatile
  5186     044E                     l2346:
  5187                           
  5188                           ;D:\yiming\00work\FR685_V05.X\mcc_generated_files\eusart.c: 193:     PIE1bits.TXIE = 1;
  5189     044E  0021               	movlb	1	; select bank1
  5190     044F  1611               	bsf	17,4	;volatile
  5191     0450                     l340:
  5192     0450  0008               	return
  5193     0451                     __end_of_EUSART_Write:
  5194                           
  5195                           	psect	text28
  5196     0643                     __ptext28:	
  5197 ;; *************** function _LIN_enableRx *****************
  5198 ;; Defined at:
  5199 ;;		line 312 in file "D:\yiming\00work\FR685_V05.X\mcc_generated_files\LINDrivers\lin_slave.c"
  5200 ;; Parameters:    Size  Location     Type
  5201 ;;		None
  5202 ;; Auto vars:     Size  Location     Type
  5203 ;;		None
  5204 ;; Return value:  Size  Location     Type
  5205 ;;                  1    wreg      void 
  5206 ;; Registers used:
  5207 ;;		None
  5208 ;; Tracked objects:
  5209 ;;		On entry : 0/0
  5210 ;;		On exit  : 0/0
  5211 ;;		Unchanged: 0/0
  5212 ;; Data sizes:     COMMON   BANK0   BANK1   BANK2   BANK3   BANK4   BANK5   BANK6
  5213 ;;      Params:         0       0       0       0       0       0       0       0
  5214 ;;      Locals:         0       0       0       0       0       0       0       0
  5215 ;;      Temps:          0       0       0       0       0       0       0       0
  5216 ;;      Totals:         0       0       0       0       0       0       0       0
  5217 ;;Total ram usage:        0 bytes
  5218 ;; Hardware stack levels used: 1
  5219 ;; Hardware stack levels required when called: 4
  5220 ;; This function calls:
  5221 ;;		Nothing
  5222 ;; This function is called by:
  5223 ;;		_LIN_init
  5224 ;;		_LIN_handler
  5225 ;; This function uses a non-reentrant model
  5226 ;;
  5227                           
  5228     0643                     _LIN_enableRx:	
  5229                           ;psect for function _LIN_enableRx
  5230                           
  5231     0643                     l1706:	
  5232                           ;incstack = 0
  5233                           ; Regs used in _LIN_enableRx: []
  5234                           
  5235                           
  5236                           ;D:\yiming\00work\FR685_V05.X\mcc_generated_files\LINDrivers\lin_slave.c: 313:     RCSTA
      +                          bits.CREN = 1;
  5237     0643  0023               	movlb	3	; select bank3
  5238     0644  161D               	bsf	29,4	;volatile
  5239                           
  5240                           ;D:\yiming\00work\FR685_V05.X\mcc_generated_files\LINDrivers\lin_slave.c: 314:     PIE1b
      +                          its.RCIE = 1;
  5241     0645  0021               	movlb	1	; select bank1
  5242     0646  1691               	bsf	17,5	;volatile
  5243     0647                     l230:
  5244     0647  0008               	return
  5245     0648                     __end_of_LIN_enableRx:
  5246                           
  5247                           	psect	text29
  5248     0648                     __ptext29:	
  5249 ;; *************** function _LIN_disableRx *****************
  5250 ;; Defined at:
  5251 ;;		line 317 in file "D:\yiming\00work\FR685_V05.X\mcc_generated_files\LINDrivers\lin_slave.c"
  5252 ;; Parameters:    Size  Location     Type
  5253 ;;		None
  5254 ;; Auto vars:     Size  Location     Type
  5255 ;;		None
  5256 ;; Return value:  Size  Location     Type
  5257 ;;                  1    wreg      void 
  5258 ;; Registers used:
  5259 ;;		None
  5260 ;; Tracked objects:
  5261 ;;		On entry : 0/0
  5262 ;;		On exit  : 0/0
  5263 ;;		Unchanged: 0/0
  5264 ;; Data sizes:     COMMON   BANK0   BANK1   BANK2   BANK3   BANK4   BANK5   BANK6
  5265 ;;      Params:         0       0       0       0       0       0       0       0
  5266 ;;      Locals:         0       0       0       0       0       0       0       0
  5267 ;;      Temps:          0       0       0       0       0       0       0       0
  5268 ;;      Totals:         0       0       0       0       0       0       0       0
  5269 ;;Total ram usage:        0 bytes
  5270 ;; Hardware stack levels used: 1
  5271 ;; Hardware stack levels required when called: 4
  5272 ;; This function calls:
  5273 ;;		Nothing
  5274 ;; This function is called by:
  5275 ;;		_LIN_handler
  5276 ;; This function uses a non-reentrant model
  5277 ;;
  5278                           
  5279     0648                     _LIN_disableRx:	
  5280                           ;psect for function _LIN_disableRx
  5281                           
  5282     0648                     l1998:	
  5283                           ;incstack = 0
  5284                           ; Regs used in _LIN_disableRx: []
  5285                           
  5286                           
  5287                           ;D:\yiming\00work\FR685_V05.X\mcc_generated_files\LINDrivers\lin_slave.c: 318:     RCSTA
      +                          bits.CREN = 0;
  5288     0648  0023               	movlb	3	; select bank3
  5289     0649  121D               	bcf	29,4	;volatile
  5290                           
  5291                           ;D:\yiming\00work\FR685_V05.X\mcc_generated_files\LINDrivers\lin_slave.c: 319:     PIE1b
      +                          its.RCIE = 0;
  5292     064A  0021               	movlb	1	; select bank1
  5293     064B  1291               	bcf	17,5	;volatile
  5294     064C                     l233:
  5295     064C  0008               	return
  5296     064D                     __end_of_LIN_disableRx:
  5297                           
  5298                           	psect	text30
  5299     0514                     __ptext30:	
  5300 ;; *************** function _LIN_checkPID *****************
  5301 ;; Defined at:
  5302 ;;		line 241 in file "D:\yiming\00work\FR685_V05.X\mcc_generated_files\LINDrivers\lin_slave.c"
  5303 ;; Parameters:    Size  Location     Type
  5304 ;;  pid             1    wreg     unsigned char 
  5305 ;; Auto vars:     Size  Location     Type
  5306 ;;  pid             1    7[COMMON] unsigned char 
  5307 ;; Return value:  Size  Location     Type
  5308 ;;                  1    wreg      _Bool 
  5309 ;; Registers used:
  5310 ;;		wreg, fsr0l, fsr0h, status,2, status,0, pclath, cstack
  5311 ;; Tracked objects:
  5312 ;;		On entry : 0/0
  5313 ;;		On exit  : 0/0
  5314 ;;		Unchanged: 0/0
  5315 ;; Data sizes:     COMMON   BANK0   BANK1   BANK2   BANK3   BANK4   BANK5   BANK6
  5316 ;;      Params:         0       0       0       0       0       0       0       0
  5317 ;;      Locals:         1       0       0       0       0       0       0       0
  5318 ;;      Temps:          0       0       0       0       0       0       0       0
  5319 ;;      Totals:         1       0       0       0       0       0       0       0
  5320 ;;Total ram usage:        1 bytes
  5321 ;; Hardware stack levels used: 1
  5322 ;; Hardware stack levels required when called: 5
  5323 ;; This function calls:
  5324 ;;		_LIN_calcParity
  5325 ;;		_LIN_getFromTable
  5326 ;; This function is called by:
  5327 ;;		_LIN_handler
  5328 ;; This function uses a non-reentrant model
  5329 ;;
  5330                           
  5331     0514                     _LIN_checkPID:	
  5332                           ;psect for function _LIN_checkPID
  5333                           
  5334                           
  5335                           ;incstack = 0
  5336                           ; Regs used in _LIN_checkPID: [wreg-fsr0h+status,2+status,0+pclath+cstack]
  5337                           ;LIN_checkPID@pid stored from wreg
  5338     0514  00F7               	movwf	LIN_checkPID@pid
  5339     0515                     l1982:
  5340                           
  5341                           ;D:\yiming\00work\FR685_V05.X\mcc_generated_files\LINDrivers\lin_slave.c: 242:     if(LI
      +                          N_getFromTable(pid, TYPE) == ERROR)
  5342     0515  01F0               	clrf	LIN_getFromTable@param
  5343     0516  0AF0               	incf	LIN_getFromTable@param,f
  5344     0517  0877               	movf	LIN_checkPID@pid,w
  5345     0518  3183  2324  3185   	fcall	_LIN_getFromTable
  5346     051B  3A02               	xorlw	2
  5347     051C  1D03               	skipz
  5348     051D  2D1F               	goto	u1331
  5349     051E  2D20               	goto	u1330
  5350     051F                     u1331:
  5351     051F  2D22               	goto	l1988
  5352     0520                     u1330:
  5353     0520                     l1984:
  5354                           
  5355                           ;D:\yiming\00work\FR685_V05.X\mcc_generated_files\LINDrivers\lin_slave.c: 243:         r
      +                          eturn 0;
  5356     0520  3000               	movlw	0
  5357     0521  2D2D               	goto	l203
  5358     0522                     l1988:
  5359                           
  5360                           ;D:\yiming\00work\FR685_V05.X\mcc_generated_files\LINDrivers\lin_slave.c: 245:     if(pi
      +                          d == LIN_calcParity(pid & 0x3F))
  5361     0522  0877               	movf	LIN_checkPID@pid,w
  5362     0523  393F               	andlw	63
  5363     0524  3182  223C  3185   	fcall	_LIN_calcParity
  5364     0527  0677               	xorwf	LIN_checkPID@pid,w
  5365     0528  1D03               	skipz
  5366     0529  2D2B               	goto	u1341
  5367     052A  2D2C               	goto	u1340
  5368     052B                     u1341:
  5369     052B  2D20               	goto	l1984
  5370     052C                     u1340:
  5371     052C                     l1990:
  5372                           
  5373                           ;D:\yiming\00work\FR685_V05.X\mcc_generated_files\LINDrivers\lin_slave.c: 246:         r
      +                          eturn 1;
  5374     052C  3001               	movlw	1
  5375     052D                     l203:
  5376     052D  0008               	return
  5377     052E                     __end_of_LIN_checkPID:
  5378                           
  5379                           	psect	text31
  5380     0324                     __ptext31:	
  5381 ;; *************** function _LIN_getFromTable *****************
  5382 ;; Defined at:
  5383 ;;		line 211 in file "D:\yiming\00work\FR685_V05.X\mcc_generated_files\LINDrivers\lin_slave.c"
  5384 ;; Parameters:    Size  Location     Type
  5385 ;;  cmd             1    wreg     unsigned char 
  5386 ;;  param           1    0[COMMON] enum E221
  5387 ;; Auto vars:     Size  Location     Type
  5388 ;;  cmd             1    3[COMMON] unsigned char 
  5389 ;;  length          1    4[COMMON] unsigned char 
  5390 ;;  rxCommand       2    5[COMMON] PTR const struct .
  5391 ;;		 -> NULL(0), scheduleTable(5), 
  5392 ;; Return value:  Size  Location     Type
  5393 ;;                  1    wreg      unsigned char 
  5394 ;; Registers used:
  5395 ;;		wreg, fsr0l, fsr0h, status,2, status,0, pclath
  5396 ;; Tracked objects:
  5397 ;;		On entry : 0/0
  5398 ;;		On exit  : 0/0
  5399 ;;		Unchanged: 0/0
  5400 ;; Data sizes:     COMMON   BANK0   BANK1   BANK2   BANK3   BANK4   BANK5   BANK6
  5401 ;;      Params:         1       0       0       0       0       0       0       0
  5402 ;;      Locals:         4       0       0       0       0       0       0       0
  5403 ;;      Temps:          2       0       0       0       0       0       0       0
  5404 ;;      Totals:         7       0       0       0       0       0       0       0
  5405 ;;Total ram usage:        7 bytes
  5406 ;; Hardware stack levels used: 1
  5407 ;; Hardware stack levels required when called: 4
  5408 ;; This function calls:
  5409 ;;		Nothing
  5410 ;; This function is called by:
  5411 ;;		_LIN_handler
  5412 ;;		_LIN_checkPID
  5413 ;; This function uses a non-reentrant model
  5414 ;;
  5415                           
  5416     0324                     _LIN_getFromTable:	
  5417                           ;psect for function _LIN_getFromTable
  5418                           
  5419                           
  5420                           ;incstack = 0
  5421                           ; Regs used in _LIN_getFromTable: [wreg-fsr0h+status,2+status,0+pclath]
  5422                           ;LIN_getFromTable@cmd stored from wreg
  5423     0324  00F3               	movwf	LIN_getFromTable@cmd
  5424     0325                     l1814:
  5425                           
  5426                           ;D:\yiming\00work\FR685_V05.X\mcc_generated_files\LINDrivers\lin_slave.c: 212:     const
      +                           lin_rx_cmd_t* rxCommand = LIN_rxCommand;
  5427     0325  0020               	movlb	0	; select bank0
  5428     0326  083D               	movf	_LIN_rxCommand+1,w
  5429     0327  00F6               	movwf	LIN_getFromTable@rxCommand+1
  5430     0328  083C               	movf	_LIN_rxCommand,w
  5431     0329  00F5               	movwf	LIN_getFromTable@rxCommand
  5432     032A                     l1816:
  5433                           
  5434                           ;D:\yiming\00work\FR685_V05.X\mcc_generated_files\LINDrivers\lin_slave.c: 214:     cmd &
      +                          = 0x3F;
  5435     032A  303F               	movlw	63
  5436     032B  05F3               	andwf	LIN_getFromTable@cmd,f
  5437     032C                     l1818:
  5438                           
  5439                           ;D:\yiming\00work\FR685_V05.X\mcc_generated_files\LINDrivers\lin_slave.c: 216:     for(u
      +                          int8_t length = 0; length < LIN_rxCommandLength; length++){
  5440     032C  01F4               	clrf	LIN_getFromTable@length
  5441     032D  2B4F               	goto	l1832
  5442     032E                     l1820:
  5443                           
  5444                           ;D:\yiming\00work\FR685_V05.X\mcc_generated_files\LINDrivers\lin_slave.c: 217:         i
      +                          f(cmd == rxCommand->cmd){
  5445     032E  0875               	movf	LIN_getFromTable@rxCommand,w
  5446     032F  0084               	movwf	4
  5447     0330  0876               	movf	LIN_getFromTable@rxCommand+1,w
  5448     0331  0085               	movwf	5
  5449     0332  0800               	movf	0,w	;code access
  5450     0333  0673               	xorwf	LIN_getFromTable@cmd,w
  5451     0334  1D03               	skipz
  5452     0335  2B37               	goto	u931
  5453     0336  2B38               	goto	u930
  5454     0337                     u931:
  5455     0337  2B39               	goto	l1824
  5456     0338                     u930:
  5457     0338  2B6E               	goto	l1848
  5458     0339                     l1824:
  5459                           
  5460                           ;D:\yiming\00work\FR685_V05.X\mcc_generated_files\LINDrivers\lin_slave.c: 220:         r
      +                          xCommand++;
  5461     0339  3005               	movlw	5
  5462     033A  07F5               	addwf	LIN_getFromTable@rxCommand,f
  5463     033B  3000               	movlw	0
  5464     033C  3DF6               	addwfc	LIN_getFromTable@rxCommand+1,f
  5465                           
  5466                           ;D:\yiming\00work\FR685_V05.X\mcc_generated_files\LINDrivers\lin_slave.c: 222:         i
      +                          f(length == (LIN_rxCommandLength-1)){
  5467     033D  084D               	movf	_LIN_rxCommandLength,w
  5468     033E  3EFF               	addlw	255
  5469     033F  00F1               	movwf	??_LIN_getFromTable
  5470     0340  30FF               	movlw	255
  5471     0341  1803               	skipnc
  5472     0342  3000               	movlw	0
  5473     0343  00F2               	movwf	??_LIN_getFromTable+1
  5474     0344  0874               	movf	LIN_getFromTable@length,w
  5475     0345  0671               	xorwf	??_LIN_getFromTable,w
  5476     0346  0472               	iorwf	??_LIN_getFromTable+1,w
  5477     0347  1D03               	skipz
  5478     0348  2B4A               	goto	u941
  5479     0349  2B4B               	goto	u940
  5480     034A                     u941:
  5481     034A  2B4D               	goto	l1830
  5482     034B                     u940:
  5483     034B                     l1826:
  5484                           
  5485                           ;D:\yiming\00work\FR685_V05.X\mcc_generated_files\LINDrivers\lin_slave.c: 223:          
      +                             return ERROR;
  5486     034B  3002               	movlw	2
  5487     034C  2B81               	goto	l193
  5488     034D                     l1830:
  5489                           
  5490                           ;D:\yiming\00work\FR685_V05.X\mcc_generated_files\LINDrivers\lin_slave.c: 225:     }
  5491     034D  3001               	movlw	1
  5492     034E  07F4               	addwf	LIN_getFromTable@length,f
  5493     034F                     l1832:
  5494     034F  084D               	movf	_LIN_rxCommandLength,w
  5495     0350  0274               	subwf	LIN_getFromTable@length,w
  5496     0351  1C03               	skipc
  5497     0352  2B54               	goto	u951
  5498     0353  2B55               	goto	u950
  5499     0354                     u951:
  5500     0354  2B2E               	goto	l1820
  5501     0355                     u950:
  5502     0355  2B6E               	goto	l1848
  5503     0356                     l1834:
  5504                           
  5505                           ;D:\yiming\00work\FR685_V05.X\mcc_generated_files\LINDrivers\lin_slave.c: 229:          
      +                             return rxCommand->cmd;
  5506     0356  0875               	movf	LIN_getFromTable@rxCommand,w
  5507     0357  0084               	movwf	4
  5508     0358  0876               	movf	LIN_getFromTable@rxCommand+1,w
  5509     0359  0085               	movwf	5
  5510     035A  0800               	movf	0,w	;code access
  5511     035B  2B81               	goto	l193
  5512     035C                     l1838:
  5513                           
  5514                           ;D:\yiming\00work\FR685_V05.X\mcc_generated_files\LINDrivers\lin_slave.c: 231:          
      +                             return rxCommand->type;
  5515     035C  3001               	movlw	1
  5516     035D  0775               	addwf	LIN_getFromTable@rxCommand,w
  5517     035E  0084               	movwf	4
  5518     035F  0876               	movf	LIN_getFromTable@rxCommand+1,w
  5519     0360  1803               	skipnc
  5520     0361  3E01               	addlw	1
  5521     0362  0085               	movwf	5
  5522     0363  0800               	movf	0,w	;code access
  5523     0364  2B81               	goto	l193
  5524     0365                     l1842:
  5525                           
  5526                           ;D:\yiming\00work\FR685_V05.X\mcc_generated_files\LINDrivers\lin_slave.c: 233:          
      +                             return rxCommand->length;
  5527     0365  3002               	movlw	2
  5528     0366  0775               	addwf	LIN_getFromTable@rxCommand,w
  5529     0367  0084               	movwf	4
  5530     0368  0876               	movf	LIN_getFromTable@rxCommand+1,w
  5531     0369  1803               	skipnc
  5532     036A  3E01               	addlw	1
  5533     036B  0085               	movwf	5
  5534     036C  0800               	movf	0,w	;code access
  5535     036D  2B81               	goto	l193
  5536     036E                     l1848:
  5537     036E  0870               	movf	LIN_getFromTable@param,w
  5538     036F  00F1               	movwf	??_LIN_getFromTable
  5539     0370  01F2               	clrf	??_LIN_getFromTable+1
  5540                           
  5541                           ; Switch on 2 bytes has been partitioned into a top level switch of size 1, and 1 sub-sw
      +                          itches
  5542                           ; Switch size 1, requested type "simple"
  5543                           ; Number of cases is 1, Range of values is 0 to 0
  5544                           ; switch strategies available:
  5545                           ; Name         Instructions Cycles
  5546                           ; simple_byte            4     3 (average)
  5547                           ; direct_byte            8     6 (fixed)
  5548                           ; jumptable            260     6 (fixed)
  5549                           ;	Chosen strategy is simple_byte
  5550     0371  0872               	movf	??_LIN_getFromTable+1,w
  5551     0372  3A00               	xorlw	0	; case 0
  5552     0373  1903               	skipnz
  5553     0374  2B76               	goto	l2612
  5554     0375  2B4B               	goto	l1826
  5555     0376                     l2612:
  5556                           
  5557                           ; Switch size 1, requested type "simple"
  5558                           ; Number of cases is 3, Range of values is 0 to 2
  5559                           ; switch strategies available:
  5560                           ; Name         Instructions Cycles
  5561                           ; simple_byte           10     6 (average)
  5562                           ; direct_byte           12     6 (fixed)
  5563                           ; jumptable            260     6 (fixed)
  5564                           ;	Chosen strategy is simple_byte
  5565     0376  0871               	movf	??_LIN_getFromTable,w
  5566     0377  3A00               	xorlw	0	; case 0
  5567     0378  1903               	skipnz
  5568     0379  2B56               	goto	l1834
  5569     037A  3A01               	xorlw	1	; case 1
  5570     037B  1903               	skipnz
  5571     037C  2B5C               	goto	l1838
  5572     037D  3A03               	xorlw	3	; case 2
  5573     037E  1903               	skipnz
  5574     037F  2B65               	goto	l1842
  5575     0380  2B4B               	goto	l1826
  5576     0381                     l193:
  5577     0381  0008               	return
  5578     0382                     __end_of_LIN_getFromTable:
  5579                           
  5580                           	psect	text32
  5581     023C                     __ptext32:	
  5582 ;; *************** function _LIN_calcParity *****************
  5583 ;; Defined at:
  5584 ;;		line 252 in file "D:\yiming\00work\FR685_V05.X\mcc_generated_files\LINDrivers\lin_slave.c"
  5585 ;; Parameters:    Size  Location     Type
  5586 ;;  CMD             1    wreg     unsigned char 
  5587 ;; Auto vars:     Size  Location     Type
  5588 ;;  CMD             1    1[COMMON] unsigned char 
  5589 ;;  PID             1    2[COMMON] struct .
  5590 ;; Return value:  Size  Location     Type
  5591 ;;                  1    wreg      unsigned char 
  5592 ;; Registers used:
  5593 ;;		wreg, status,0
  5594 ;; Tracked objects:
  5595 ;;		On entry : 0/0
  5596 ;;		On exit  : 0/0
  5597 ;;		Unchanged: 0/0
  5598 ;; Data sizes:     COMMON   BANK0   BANK1   BANK2   BANK3   BANK4   BANK5   BANK6
  5599 ;;      Params:         0       0       0       0       0       0       0       0
  5600 ;;      Locals:         2       0       0       0       0       0       0       0
  5601 ;;      Temps:          1       0       0       0       0       0       0       0
  5602 ;;      Totals:         3       0       0       0       0       0       0       0
  5603 ;;Total ram usage:        3 bytes
  5604 ;; Hardware stack levels used: 1
  5605 ;; Hardware stack levels required when called: 4
  5606 ;; This function calls:
  5607 ;;		Nothing
  5608 ;; This function is called by:
  5609 ;;		_LIN_checkPID
  5610 ;; This function uses a non-reentrant model
  5611 ;;
  5612                           
  5613     023C                     _LIN_calcParity:	
  5614                           ;psect for function _LIN_calcParity
  5615                           
  5616                           
  5617                           ;incstack = 0
  5618                           ; Regs used in _LIN_calcParity: [wreg+status,0]
  5619                           ;LIN_calcParity@CMD stored from wreg
  5620     023C  00F1               	movwf	LIN_calcParity@CMD
  5621     023D                     l1862:
  5622                           
  5623                           ;D:\yiming\00work\FR685_V05.X\mcc_generated_files\LINDrivers\lin_slave.c: 253:     lin_p
      +                          id_t PID;;D:\yiming\00work\FR685_V05.X\mcc_generated_files\LINDrivers\lin_slave.c: 254: 
      +                              PID.rawPID = CMD;
  5624     023D  0871               	movf	LIN_calcParity@CMD,w
  5625     023E  00F2               	movwf	LIN_calcParity@PID
  5626                           
  5627                           ;D:\yiming\00work\FR685_V05.X\mcc_generated_files\LINDrivers\lin_slave.c: 259:     PID.P
      +                          0 = PID.ID0 ^ PID.ID1;
  5628     023F  18F2               	btfsc	LIN_calcParity@PID,1
  5629     0240  2A42               	goto	u961
  5630     0241  2A44               	goto	u960
  5631     0242                     u961:
  5632     0242  3001               	movlw	1
  5633     0243  2A45               	goto	u962
  5634     0244                     u960:
  5635     0244  3000               	movlw	0
  5636     0245                     u962:
  5637     0245  00F0               	movwf	??_LIN_calcParity
  5638     0246  1872               	btfsc	LIN_calcParity@PID,0
  5639     0247  2A49               	goto	u971
  5640     0248  2A4B               	goto	u970
  5641     0249                     u971:
  5642     0249  3001               	movlw	1
  5643     024A  2A4C               	goto	u972
  5644     024B                     u970:
  5645     024B  3000               	movlw	0
  5646     024C                     u972:
  5647     024C  0670               	xorwf	??_LIN_calcParity,w
  5648     024D  1D03               	skipz
  5649     024E  2A50               	goto	u981
  5650     024F  2A52               	goto	u980
  5651     0250                     u981:
  5652     0250  1772               	bsf	LIN_calcParity@PID,6
  5653     0251  2A53               	goto	u994
  5654     0252                     u980:
  5655     0252  1372               	bcf	LIN_calcParity@PID,6
  5656     0253                     u994:
  5657                           
  5658                           ;D:\yiming\00work\FR685_V05.X\mcc_generated_files\LINDrivers\lin_slave.c: 260:     PID.P
      +                          0 = PID.P0 ^ PID.ID2;
  5659     0253  1972               	btfsc	LIN_calcParity@PID,2
  5660     0254  2A56               	goto	u1001
  5661     0255  2A58               	goto	u1000
  5662     0256                     u1001:
  5663     0256  3001               	movlw	1
  5664     0257  2A59               	goto	u1002
  5665     0258                     u1000:
  5666     0258  3000               	movlw	0
  5667     0259                     u1002:
  5668     0259  00F0               	movwf	??_LIN_calcParity
  5669     025A  1B72               	btfsc	LIN_calcParity@PID,6
  5670     025B  2A5D               	goto	u1011
  5671     025C  2A5F               	goto	u1010
  5672     025D                     u1011:
  5673     025D  3001               	movlw	1
  5674     025E  2A60               	goto	u1012
  5675     025F                     u1010:
  5676     025F  3000               	movlw	0
  5677     0260                     u1012:
  5678     0260  0670               	xorwf	??_LIN_calcParity,w
  5679     0261  1D03               	skipz
  5680     0262  2A64               	goto	u1021
  5681     0263  2A66               	goto	u1020
  5682     0264                     u1021:
  5683     0264  1772               	bsf	LIN_calcParity@PID,6
  5684     0265  2A67               	goto	u1034
  5685     0266                     u1020:
  5686     0266  1372               	bcf	LIN_calcParity@PID,6
  5687     0267                     u1034:
  5688                           
  5689                           ;D:\yiming\00work\FR685_V05.X\mcc_generated_files\LINDrivers\lin_slave.c: 261:     PID.P
      +                          0 = PID.P0 ^ PID.ID4;
  5690     0267  1A72               	btfsc	LIN_calcParity@PID,4
  5691     0268  2A6A               	goto	u1041
  5692     0269  2A6C               	goto	u1040
  5693     026A                     u1041:
  5694     026A  3001               	movlw	1
  5695     026B  2A6D               	goto	u1042
  5696     026C                     u1040:
  5697     026C  3000               	movlw	0
  5698     026D                     u1042:
  5699     026D  00F0               	movwf	??_LIN_calcParity
  5700     026E  1B72               	btfsc	LIN_calcParity@PID,6
  5701     026F  2A71               	goto	u1051
  5702     0270  2A73               	goto	u1050
  5703     0271                     u1051:
  5704     0271  3001               	movlw	1
  5705     0272  2A74               	goto	u1052
  5706     0273                     u1050:
  5707     0273  3000               	movlw	0
  5708     0274                     u1052:
  5709     0274  0670               	xorwf	??_LIN_calcParity,w
  5710     0275  1D03               	skipz
  5711     0276  2A78               	goto	u1061
  5712     0277  2A7A               	goto	u1060
  5713     0278                     u1061:
  5714     0278  1772               	bsf	LIN_calcParity@PID,6
  5715     0279  2A7B               	goto	u1074
  5716     027A                     u1060:
  5717     027A  1372               	bcf	LIN_calcParity@PID,6
  5718     027B                     u1074:
  5719                           
  5720                           ;D:\yiming\00work\FR685_V05.X\mcc_generated_files\LINDrivers\lin_slave.c: 262:     PID.P
      +                          1 = PID.ID1 ^ PID.ID3;
  5721     027B  19F2               	btfsc	LIN_calcParity@PID,3
  5722     027C  2A7E               	goto	u1081
  5723     027D  2A80               	goto	u1080
  5724     027E                     u1081:
  5725     027E  3001               	movlw	1
  5726     027F  2A81               	goto	u1082
  5727     0280                     u1080:
  5728     0280  3000               	movlw	0
  5729     0281                     u1082:
  5730     0281  00F0               	movwf	??_LIN_calcParity
  5731     0282  18F2               	btfsc	LIN_calcParity@PID,1
  5732     0283  2A85               	goto	u1091
  5733     0284  2A87               	goto	u1090
  5734     0285                     u1091:
  5735     0285  3001               	movlw	1
  5736     0286  2A88               	goto	u1092
  5737     0287                     u1090:
  5738     0287  3000               	movlw	0
  5739     0288                     u1092:
  5740     0288  0670               	xorwf	??_LIN_calcParity,w
  5741     0289  1D03               	skipz
  5742     028A  2A8C               	goto	u1101
  5743     028B  2A8E               	goto	u1100
  5744     028C                     u1101:
  5745     028C  17F2               	bsf	LIN_calcParity@PID,7
  5746     028D  2A8F               	goto	u1114
  5747     028E                     u1100:
  5748     028E  13F2               	bcf	LIN_calcParity@PID,7
  5749     028F                     u1114:
  5750                           
  5751                           ;D:\yiming\00work\FR685_V05.X\mcc_generated_files\LINDrivers\lin_slave.c: 263:     PID.P
      +                          1 = PID.P1 ^ PID.ID4;
  5752     028F  1A72               	btfsc	LIN_calcParity@PID,4
  5753     0290  2A92               	goto	u1121
  5754     0291  2A94               	goto	u1120
  5755     0292                     u1121:
  5756     0292  3001               	movlw	1
  5757     0293  2A95               	goto	u1122
  5758     0294                     u1120:
  5759     0294  3000               	movlw	0
  5760     0295                     u1122:
  5761     0295  00F0               	movwf	??_LIN_calcParity
  5762     0296  1BF2               	btfsc	LIN_calcParity@PID,7
  5763     0297  2A99               	goto	u1131
  5764     0298  2A9B               	goto	u1130
  5765     0299                     u1131:
  5766     0299  3001               	movlw	1
  5767     029A  2A9C               	goto	u1132
  5768     029B                     u1130:
  5769     029B  3000               	movlw	0
  5770     029C                     u1132:
  5771     029C  0670               	xorwf	??_LIN_calcParity,w
  5772     029D  1D03               	skipz
  5773     029E  2AA0               	goto	u1141
  5774     029F  2AA2               	goto	u1140
  5775     02A0                     u1141:
  5776     02A0  17F2               	bsf	LIN_calcParity@PID,7
  5777     02A1  2AA3               	goto	u1154
  5778     02A2                     u1140:
  5779     02A2  13F2               	bcf	LIN_calcParity@PID,7
  5780     02A3                     u1154:
  5781                           
  5782                           ;D:\yiming\00work\FR685_V05.X\mcc_generated_files\LINDrivers\lin_slave.c: 264:     PID.P
      +                          1 = PID.P1 ^ PID.ID5;
  5783     02A3  1AF2               	btfsc	LIN_calcParity@PID,5
  5784     02A4  2AA6               	goto	u1161
  5785     02A5  2AA8               	goto	u1160
  5786     02A6                     u1161:
  5787     02A6  3001               	movlw	1
  5788     02A7  2AA9               	goto	u1162
  5789     02A8                     u1160:
  5790     02A8  3000               	movlw	0
  5791     02A9                     u1162:
  5792     02A9  00F0               	movwf	??_LIN_calcParity
  5793     02AA  1BF2               	btfsc	LIN_calcParity@PID,7
  5794     02AB  2AAD               	goto	u1171
  5795     02AC  2AAF               	goto	u1170
  5796     02AD                     u1171:
  5797     02AD  3001               	movlw	1
  5798     02AE  2AB0               	goto	u1172
  5799     02AF                     u1170:
  5800     02AF  3000               	movlw	0
  5801     02B0                     u1172:
  5802     02B0  0670               	xorwf	??_LIN_calcParity,w
  5803     02B1  1D03               	skipz
  5804     02B2  2AB4               	goto	u1181
  5805     02B3  2AB6               	goto	u1180
  5806     02B4                     u1181:
  5807     02B4  17F2               	bsf	LIN_calcParity@PID,7
  5808     02B5  2AB7               	goto	u1194
  5809     02B6                     u1180:
  5810     02B6  13F2               	bcf	LIN_calcParity@PID,7
  5811     02B7                     u1194:
  5812     02B7                     l1864:
  5813                           
  5814                           ;D:\yiming\00work\FR685_V05.X\mcc_generated_files\LINDrivers\lin_slave.c: 265:     PID.P
      +                          1 = ~PID.P1;
  5815     02B7  1003               	clrc
  5816     02B8  1FF2               	btfss	LIN_calcParity@PID,7
  5817     02B9  1403               	setc
  5818     02BA  1803               	btfsc	3,0
  5819     02BB  2ABD               	goto	u1201
  5820     02BC  2ABF               	goto	u1200
  5821     02BD                     u1201:
  5822     02BD  17F2               	bsf	LIN_calcParity@PID,7
  5823     02BE  2AC0               	goto	u1214
  5824     02BF                     u1200:
  5825     02BF  13F2               	bcf	LIN_calcParity@PID,7
  5826     02C0                     u1214:
  5827     02C0                     l1866:
  5828                           
  5829                           ;D:\yiming\00work\FR685_V05.X\mcc_generated_files\LINDrivers\lin_slave.c: 267:     retur
      +                          n PID.rawPID;
  5830     02C0  0872               	movf	LIN_calcParity@PID,w
  5831     02C1                     l207:
  5832     02C1  0008               	return
  5833     02C2                     __end_of_LIN_calcParity:
  5834                           
  5835                           	psect	text33
  5836     0596                     __ptext33:	
  5837 ;; *************** function _LIN_breakCheck *****************
  5838 ;; Defined at:
  5839 ;;		line 322 in file "D:\yiming\00work\FR685_V05.X\mcc_generated_files\LINDrivers\lin_slave.c"
  5840 ;; Parameters:    Size  Location     Type
  5841 ;;		None
  5842 ;; Auto vars:     Size  Location     Type
  5843 ;;		None
  5844 ;; Return value:  Size  Location     Type
  5845 ;;                  1    wreg      _Bool 
  5846 ;; Registers used:
  5847 ;;		wreg, fsr1l, fsr1h, status,2, status,0, pclath, cstack
  5848 ;; Tracked objects:
  5849 ;;		On entry : 0/0
  5850 ;;		On exit  : 0/0
  5851 ;;		Unchanged: 0/0
  5852 ;; Data sizes:     COMMON   BANK0   BANK1   BANK2   BANK3   BANK4   BANK5   BANK6
  5853 ;;      Params:         0       0       0       0       0       0       0       0
  5854 ;;      Locals:         0       0       0       0       0       0       0       0
  5855 ;;      Temps:          0       0       0       0       0       0       0       0
  5856 ;;      Totals:         0       0       0       0       0       0       0       0
  5857 ;;Total ram usage:        0 bytes
  5858 ;; Hardware stack levels used: 1
  5859 ;; Hardware stack levels required when called: 5
  5860 ;; This function calls:
  5861 ;;		_EUSART_Read
  5862 ;;		_EUSART_get_last_status
  5863 ;; This function is called by:
  5864 ;;		_LIN_handler
  5865 ;; This function uses a non-reentrant model
  5866 ;;
  5867                           
  5868     0596                     _LIN_breakCheck:	
  5869                           ;psect for function _LIN_breakCheck
  5870                           
  5871     0596                     l1970:	
  5872                           ;incstack = 0
  5873                           ; Regs used in _LIN_breakCheck: [wreg+fsr1l+fsr1h+status,2+status,0+pclath+cstack]
  5874                           
  5875                           
  5876                           ;D:\yiming\00work\FR685_V05.X\mcc_generated_files\LINDrivers\lin_slave.c: 324:     if((E
      +                          USART_Read() == 0x00) && (EUSART_get_last_status().ferr == 1)){
  5877     0596  3184  2476  3185   	fcall	_EUSART_Read
  5878     0599  3A00               	xorlw	0
  5879     059A  1D03               	skipz
  5880     059B  2D9D               	goto	u1311
  5881     059C  2D9E               	goto	u1310
  5882     059D                     u1311:
  5883     059D  2DA7               	goto	l1978
  5884     059E                     u1310:
  5885     059E                     l1972:
  5886     059E  3186  265E  3185   	fcall	_EUSART_get_last_status
  5887     05A1  1C89               	btfss	9,1
  5888     05A2  2DA4               	goto	u1321
  5889     05A3  2DA5               	goto	u1320
  5890     05A4                     u1321:
  5891     05A4  2DA7               	goto	l1978
  5892     05A5                     u1320:
  5893     05A5                     l1974:
  5894                           
  5895                           ;D:\yiming\00work\FR685_V05.X\mcc_generated_files\LINDrivers\lin_slave.c: 325:         r
      +                          eturn 1;
  5896     05A5  3001               	movlw	1
  5897     05A6  2DA8               	goto	l237
  5898     05A7                     l1978:
  5899                           
  5900                           ;D:\yiming\00work\FR685_V05.X\mcc_generated_files\LINDrivers\lin_slave.c: 328:     retur
      +                          n 0;
  5901     05A7  3000               	movlw	0
  5902     05A8                     l237:
  5903     05A8  0008               	return
  5904     05A9                     __end_of_LIN_breakCheck:
  5905                           
  5906                           	psect	text34
  5907     065E                     __ptext34:	
  5908 ;; *************** function _EUSART_get_last_status *****************
  5909 ;; Defined at:
  5910 ;;		line 147 in file "D:\yiming\00work\FR685_V05.X\mcc_generated_files\eusart.c"
  5911 ;; Parameters:    Size  Location     Type
  5912 ;;		None
  5913 ;; Auto vars:     Size  Location     Type
  5914 ;;		None
  5915 ;; Return value:  Size  Location     Type
  5916 ;;                  1    wreg      struct .
  5917 ;; Registers used:
  5918 ;;		wreg
  5919 ;; Tracked objects:
  5920 ;;		On entry : 0/0
  5921 ;;		On exit  : 0/0
  5922 ;;		Unchanged: 0/0
  5923 ;; Data sizes:     COMMON   BANK0   BANK1   BANK2   BANK3   BANK4   BANK5   BANK6
  5924 ;;      Params:         0       0       0       0       0       0       0       0
  5925 ;;      Locals:         0       0       0       0       0       0       0       0
  5926 ;;      Temps:          0       0       0       0       0       0       0       0
  5927 ;;      Totals:         0       0       0       0       0       0       0       0
  5928 ;;Total ram usage:        0 bytes
  5929 ;; Hardware stack levels used: 1
  5930 ;; Hardware stack levels required when called: 4
  5931 ;; This function calls:
  5932 ;;		Nothing
  5933 ;; This function is called by:
  5934 ;;		_LIN_breakCheck
  5935 ;; This function uses a non-reentrant model
  5936 ;;
  5937                           
  5938     065E                     _EUSART_get_last_status:	
  5939                           ;psect for function _EUSART_get_last_status
  5940                           
  5941     065E                     l1872:	
  5942                           ;incstack = 0
  5943                           ; Regs used in _EUSART_get_last_status: [wreg]
  5944                           
  5945                           
  5946                           ;D:\yiming\00work\FR685_V05.X\mcc_generated_files\eusart.c: 148:     return eusartRxLast
      +                          Error;
  5947     065E  0020               	movlb	0	; select bank0
  5948     065F  0843               	movf	_eusartRxLastError,w	;volatile
  5949     0660                     l324:
  5950     0660  0008               	return
  5951     0661                     __end_of_EUSART_get_last_status:
  5952                           
  5953                           	psect	text35
  5954     0476                     __ptext35:	
  5955 ;; *************** function _EUSART_Read *****************
  5956 ;; Defined at:
  5957 ;;		line 151 in file "D:\yiming\00work\FR685_V05.X\mcc_generated_files\eusart.c"
  5958 ;; Parameters:    Size  Location     Type
  5959 ;;		None
  5960 ;; Auto vars:     Size  Location     Type
  5961 ;;  readValue       1    0[COMMON] unsigned char 
  5962 ;; Return value:  Size  Location     Type
  5963 ;;                  1    wreg      unsigned char 
  5964 ;; Registers used:
  5965 ;;		wreg, fsr1l, fsr1h, status,2, status,0
  5966 ;; Tracked objects:
  5967 ;;		On entry : 0/0
  5968 ;;		On exit  : 0/0
  5969 ;;		Unchanged: 0/0
  5970 ;; Data sizes:     COMMON   BANK0   BANK1   BANK2   BANK3   BANK4   BANK5   BANK6
  5971 ;;      Params:         0       0       0       0       0       0       0       0
  5972 ;;      Locals:         1       0       0       0       0       0       0       0
  5973 ;;      Temps:          0       0       0       0       0       0       0       0
  5974 ;;      Totals:         1       0       0       0       0       0       0       0
  5975 ;;Total ram usage:        1 bytes
  5976 ;; Hardware stack levels used: 1
  5977 ;; Hardware stack levels required when called: 4
  5978 ;; This function calls:
  5979 ;;		Nothing
  5980 ;; This function is called by:
  5981 ;;		_LIN_handler
  5982 ;;		_LIN_breakCheck
  5983 ;; This function uses a non-reentrant model
  5984 ;;
  5985                           
  5986     0476                     _EUSART_Read:	
  5987                           ;psect for function _EUSART_Read
  5988                           
  5989     0476                     l1792:	
  5990                           ;incstack = 0
  5991                           ; Regs used in _EUSART_Read: [wreg+fsr1l+fsr1h+status,2+status,0]
  5992                           
  5993     0476                     l1794:	
  5994                           ;D:\yiming\00work\FR685_V05.X\mcc_generated_files\eusart.c: 155:     while(0 == eusartRx
      +                          Count)
  5995                           
  5996                           
  5997                           ;D:\yiming\00work\FR685_V05.X\mcc_generated_files\eusart.c: 155:     while(0 == eusartRx
      +                          Count)
  5998     0476  0020               	movlb	0	; select bank0
  5999     0477  0844               	movf	_eusartRxCount,w	;volatile
  6000     0478  1903               	btfsc	3,2
  6001     0479  2C7B               	goto	u911
  6002     047A  2C7C               	goto	u910
  6003     047B                     u911:
  6004     047B  2C76               	goto	l1794
  6005     047C                     u910:
  6006     047C                     l1796:
  6007                           
  6008                           ;D:\yiming\00work\FR685_V05.X\mcc_generated_files\eusart.c: 159:     eusartRxLastError =
      +                           eusartRxStatusBuffer[eusartRxTail];
  6009     047C  0845               	movf	_eusartRxTail,w	;volatile
  6010     047D  3E20               	addlw	(low (_eusartRxStatusBuffer| 0))& (0+255)
  6011     047E  0086               	movwf	6
  6012     047F  0187               	clrf	7
  6013     0480  0801               	movf	1,w
  6014     0481  00C3               	movwf	_eusartRxLastError	;volatile
  6015                           
  6016                           ;D:\yiming\00work\FR685_V05.X\mcc_generated_files\eusart.c: 161:     readValue = eusartR
      +                          xBuffer[eusartRxTail++];
  6017     0482  0845               	movf	_eusartRxTail,w
  6018     0483  3EA0               	addlw	(low (_eusartRxBuffer| 0))& (0+255)
  6019     0484  0086               	movwf	6
  6020     0485  0187               	clrf	7
  6021     0486  0801               	movf	1,w
  6022     0487  00F0               	movwf	EUSART_Read@readValue
  6023     0488                     l1798:
  6024     0488  3001               	movlw	1
  6025     0489  07C5               	addwf	_eusartRxTail,f	;volatile
  6026     048A                     l1800:
  6027                           
  6028                           ;D:\yiming\00work\FR685_V05.X\mcc_generated_files\eusart.c: 162:     if(sizeof(eusartRxB
      +                          uffer) <= eusartRxTail)
  6029     048A  3008               	movlw	8
  6030     048B  0245               	subwf	_eusartRxTail,w	;volatile
  6031     048C  1C03               	skipc
  6032     048D  2C8F               	goto	u921
  6033     048E  2C90               	goto	u920
  6034     048F                     u921:
  6035     048F  2C91               	goto	l1804
  6036     0490                     u920:
  6037     0490                     l1802:
  6038                           
  6039                           ;D:\yiming\00work\FR685_V05.X\mcc_generated_files\eusart.c: 163:     {;D:\yiming\00work\
      +                          FR685_V05.X\mcc_generated_files\eusart.c: 164:         eusartRxTail = 0;
  6040     0490  01C5               	clrf	_eusartRxTail	;volatile
  6041     0491                     l1804:
  6042                           
  6043                           ;D:\yiming\00work\FR685_V05.X\mcc_generated_files\eusart.c: 166:     PIE1bits.RCIE = 0;
  6044     0491  0021               	movlb	1	; select bank1
  6045     0492  1291               	bcf	17,5	;volatile
  6046     0493                     l1806:
  6047                           
  6048                           ;D:\yiming\00work\FR685_V05.X\mcc_generated_files\eusart.c: 167:     eusartRxCount--;
  6049     0493  3001               	movlw	1
  6050     0494  0020               	movlb	0	; select bank0
  6051     0495  02C4               	subwf	_eusartRxCount,f	;volatile
  6052     0496                     l1808:
  6053                           
  6054                           ;D:\yiming\00work\FR685_V05.X\mcc_generated_files\eusart.c: 168:     PIE1bits.RCIE = 1;
  6055     0496  0021               	movlb	1	; select bank1
  6056     0497  1691               	bsf	17,5	;volatile
  6057     0498                     l1810:
  6058                           
  6059                           ;D:\yiming\00work\FR685_V05.X\mcc_generated_files\eusart.c: 170:     return readValue;
  6060     0498  0870               	movf	EUSART_Read@readValue,w
  6061     0499                     l331:
  6062     0499  0008               	return
  6063     049A                     __end_of_EUSART_Read:
  6064                           
  6065                           	psect	text36
  6066     05F9                     __ptext36:	
  6067 ;; *************** function _EUSART_is_rx_ready *****************
  6068 ;; Defined at:
  6069 ;;		line 137 in file "D:\yiming\00work\FR685_V05.X\mcc_generated_files\eusart.c"
  6070 ;; Parameters:    Size  Location     Type
  6071 ;;		None
  6072 ;; Auto vars:     Size  Location     Type
  6073 ;;		None
  6074 ;; Return value:  Size  Location     Type
  6075 ;;                  1    wreg      _Bool 
  6076 ;; Registers used:
  6077 ;;		wreg, status,2, status,0
  6078 ;; Tracked objects:
  6079 ;;		On entry : 0/0
  6080 ;;		On exit  : 0/0
  6081 ;;		Unchanged: 0/0
  6082 ;; Data sizes:     COMMON   BANK0   BANK1   BANK2   BANK3   BANK4   BANK5   BANK6
  6083 ;;      Params:         0       0       0       0       0       0       0       0
  6084 ;;      Locals:         0       0       0       0       0       0       0       0
  6085 ;;      Temps:          0       0       0       0       0       0       0       0
  6086 ;;      Totals:         0       0       0       0       0       0       0       0
  6087 ;;Total ram usage:        0 bytes
  6088 ;; Hardware stack levels used: 1
  6089 ;; Hardware stack levels required when called: 4
  6090 ;; This function calls:
  6091 ;;		Nothing
  6092 ;; This function is called by:
  6093 ;;		_LIN_handler
  6094 ;; This function uses a non-reentrant model
  6095 ;;
  6096                           
  6097     05F9                     _EUSART_is_rx_ready:	
  6098                           ;psect for function _EUSART_is_rx_ready
  6099                           
  6100     05F9                     l1956:	
  6101                           ;incstack = 0
  6102                           ; Regs used in _EUSART_is_rx_ready: [wreg+status,2+status,0]
  6103                           
  6104                           
  6105                           ;D:\yiming\00work\FR685_V05.X\mcc_generated_files\eusart.c: 139:     return (eusartRxCou
      +                          nt ? 1 : 0);
  6106     05F9  0020               	movlb	0	; select bank0
  6107     05FA  0844               	movf	_eusartRxCount,w	;volatile
  6108     05FB  1D03               	btfss	3,2
  6109     05FC  2DFE               	goto	u1291
  6110     05FD  2E00               	goto	u1290
  6111     05FE                     u1291:
  6112     05FE  3001               	movlw	1
  6113     05FF  2E01               	goto	u1300
  6114     0600                     u1290:
  6115     0600  3000               	movlw	0
  6116     0601                     u1300:
  6117     0601                     l318:
  6118     0601  0008               	return
  6119     0602                     __end_of_EUSART_is_rx_ready:
  6120                           
  6121                           	psect	intentry
  6122     0004                     __pintentry:	
  6123 ;; *************** function _INTERRUPT_InterruptManager *****************
  6124 ;; Defined at:
  6125 ;;		line 52 in file "D:\yiming\00work\FR685_V05.X\mcc_generated_files\interrupt_manager.c"
  6126 ;; Parameters:    Size  Location     Type
  6127 ;;		None
  6128 ;; Auto vars:     Size  Location     Type
  6129 ;;		None
  6130 ;; Return value:  Size  Location     Type
  6131 ;;                  1    wreg      void 
  6132 ;; Registers used:
  6133 ;;		wreg, fsr1l, fsr1h, status,2, status,0, pclath, cstack
  6134 ;; Tracked objects:
  6135 ;;		On entry : 0/0
  6136 ;;		On exit  : 0/0
  6137 ;;		Unchanged: 0/0
  6138 ;; Data sizes:     COMMON   BANK0   BANK1   BANK2   BANK3   BANK4   BANK5   BANK6
  6139 ;;      Params:         0       0       0       0       0       0       0       0
  6140 ;;      Locals:         0       0       0       0       0       0       0       0
  6141 ;;      Temps:          0       0       0       0       0       0       0       0
  6142 ;;      Totals:         0       0       0       0       0       0       0       0
  6143 ;;Total ram usage:        0 bytes
  6144 ;; Hardware stack levels used: 1
  6145 ;; Hardware stack levels required when called: 3
  6146 ;; This function calls:
  6147 ;;		NULL
  6148 ;;		_EUSART_Receive_ISR
  6149 ;;		_EUSART_Transmit_ISR
  6150 ;;		_TMR0_ISR
  6151 ;; This function is called by:
  6152 ;;		Interrupt level 1
  6153 ;; This function uses a non-reentrant model
  6154 ;;
  6155                           
  6156     0004                     _INTERRUPT_InterruptManager:
  6157                           
  6158                           ;incstack = 0
  6159     0004  147E               	bsf	int$flags,0	;set compiler interrupt flag (level 1)
  6160                           
  6161                           ; Regs used in _INTERRUPT_InterruptManager: [wreg+fsr1l+fsr1h+status,2+status,0+pclath+c
      +                          stack]
  6162     0005  3180               	pagesel	$
  6163     0006  3000               	movlw	low ___int_sp
  6164     0007  0086               	movwf	6
  6165     0008  3000               	movlw	high ___int_sp
  6166     0009  0087               	movwf	7
  6167     000A                     i1l2196:
  6168                           
  6169                           ;D:\yiming\00work\FR685_V05.X\mcc_generated_files\interrupt_manager.c: 55:     if(INTCON
      +                          bits.TMR0IE == 1 && INTCONbits.TMR0IF == 1)
  6170     000A  1E8B               	btfss	11,5	;volatile
  6171     000B  280D               	goto	u157_21
  6172     000C  280E               	goto	u157_20
  6173     000D                     u157_21:
  6174     000D  2816               	goto	i1l402
  6175     000E                     u157_20:
  6176     000E                     i1l2198:
  6177     000E  1D0B               	btfss	11,2	;volatile
  6178     000F  2811               	goto	u158_21
  6179     0010  2812               	goto	u158_20
  6180     0011                     u158_21:
  6181     0011  2816               	goto	i1l402
  6182     0012                     u158_20:
  6183     0012                     i1l2200:
  6184                           
  6185                           ;D:\yiming\00work\FR685_V05.X\mcc_generated_files\interrupt_manager.c: 56:     {;D:\yimi
      +                          ng\00work\FR685_V05.X\mcc_generated_files\interrupt_manager.c: 57:         TMR0_ISR();
  6186     0012  3185  25A9  3180   	fcall	_TMR0_ISR
  6187                           
  6188                           ;D:\yiming\00work\FR685_V05.X\mcc_generated_files\interrupt_manager.c: 58:     }
  6189     0015  2839               	goto	i1l410
  6190     0016                     i1l402:	
  6191                           ;D:\yiming\00work\FR685_V05.X\mcc_generated_files\interrupt_manager.c: 59:     else if(I
      +                          NTCONbits.PEIE == 1)
  6192                           
  6193     0016  1F0B               	btfss	11,6	;volatile
  6194     0017  2819               	goto	u159_21
  6195     0018  281A               	goto	u159_20
  6196     0019                     u159_21:
  6197     0019  2839               	goto	i1l410
  6198     001A                     u159_20:
  6199     001A                     i1l2202:
  6200                           
  6201                           ;D:\yiming\00work\FR685_V05.X\mcc_generated_files\interrupt_manager.c: 60:     {;D:\yimi
      +                          ng\00work\FR685_V05.X\mcc_generated_files\interrupt_manager.c: 61:         if(PIE1bits.T
      +                          XIE == 1 && PIR1bits.TXIF == 1)
  6202     001A  0021               	movlb	1	; select bank1
  6203     001B  1E11               	btfss	17,4	;volatile
  6204     001C  281E               	goto	u160_21
  6205     001D  281F               	goto	u160_20
  6206     001E                     u160_21:
  6207     001E  282A               	goto	i1l405
  6208     001F                     u160_20:
  6209     001F                     i1l2204:
  6210     001F  0020               	movlb	0	; select bank0
  6211     0020  1E11               	btfss	17,4	;volatile
  6212     0021  2823               	goto	u161_21
  6213     0022  2824               	goto	u161_20
  6214     0023                     u161_21:
  6215     0023  282A               	goto	i1l405
  6216     0024                     u161_20:
  6217     0024                     i1l2206:
  6218                           
  6219                           ;D:\yiming\00work\FR685_V05.X\mcc_generated_files\interrupt_manager.c: 62:         {;D:\
      +                          yiming\00work\FR685_V05.X\mcc_generated_files\interrupt_manager.c: 63:             EUSAR
      +                          T_TxDefaultInterruptHandler();
  6220     0024  083B               	movf	_EUSART_TxDefaultInterruptHandler+1,w
  6221     0025  008A               	movwf	10
  6222     0026  083A               	movf	_EUSART_TxDefaultInterruptHandler,w
  6223     0027  000A               	callw
  6224     0028  3180               	pagesel	$
  6225                           
  6226                           ;D:\yiming\00work\FR685_V05.X\mcc_generated_files\interrupt_manager.c: 64:         }
  6227     0029  2839               	goto	i1l410
  6228     002A                     i1l405:	
  6229                           ;D:\yiming\00work\FR685_V05.X\mcc_generated_files\interrupt_manager.c: 65:         else 
      +                          if(PIE1bits.RCIE == 1 && PIR1bits.RCIF == 1)
  6230                           
  6231     002A  0021               	movlb	1	; select bank1
  6232     002B  1E91               	btfss	17,5	;volatile
  6233     002C  282E               	goto	u162_21
  6234     002D  282F               	goto	u162_20
  6235     002E                     u162_21:
  6236     002E  2839               	goto	i1l410
  6237     002F                     u162_20:
  6238     002F                     i1l2208:
  6239     002F  0020               	movlb	0	; select bank0
  6240     0030  1E91               	btfss	17,5	;volatile
  6241     0031  2833               	goto	u163_21
  6242     0032  2834               	goto	u163_20
  6243     0033                     u163_21:
  6244     0033  2839               	goto	i1l410
  6245     0034                     u163_20:
  6246     0034                     i1l2210:
  6247                           
  6248                           ;D:\yiming\00work\FR685_V05.X\mcc_generated_files\interrupt_manager.c: 66:         {;D:\
      +                          yiming\00work\FR685_V05.X\mcc_generated_files\interrupt_manager.c: 67:             EUSAR
      +                          T_RxDefaultInterruptHandler();
  6249     0034  0839               	movf	_EUSART_RxDefaultInterruptHandler+1,w
  6250     0035  008A               	movwf	10
  6251     0036  0838               	movf	_EUSART_RxDefaultInterruptHandler,w
  6252     0037  000A               	callw
  6253     0038  3180               	pagesel	$
  6254     0039                     i1l410:	
  6255                           ;D:\yiming\00work\FR685_V05.X\mcc_generated_files\interrupt_manager.c: 68:         }
  6256                           
  6257     0039  107E               	bcf	int$flags,0	;clear compiler interrupt flag (level 1)
  6258     003A  0009               	retfie
  6259     003B                     __end_of_INTERRUPT_InterruptManager:
  6260                           
  6261                           	psect	text38
  6262     05A9                     __ptext38:	
  6263 ;; *************** function _TMR0_ISR *****************
  6264 ;; Defined at:
  6265 ;;		line 108 in file "D:\yiming\00work\FR685_V05.X\mcc_generated_files\tmr0.c"
  6266 ;; Parameters:    Size  Location     Type
  6267 ;;		None
  6268 ;; Auto vars:     Size  Location     Type
  6269 ;;		None
  6270 ;; Return value:  Size  Location     Type
  6271 ;;                  1    wreg      void 
  6272 ;; Registers used:
  6273 ;;		wreg, status,2, status,0, pclath, cstack
  6274 ;; Tracked objects:
  6275 ;;		On entry : 0/0
  6276 ;;		On exit  : 0/0
  6277 ;;		Unchanged: 0/0
  6278 ;; Data sizes:     COMMON   BANK0   BANK1   BANK2   BANK3   BANK4   BANK5   BANK6
  6279 ;;      Params:         0       0       0       0       0       0       0       0
  6280 ;;      Locals:         0       0       0       0       0       0       0       0
  6281 ;;      Temps:          0       0       0       0       0       0       0       0
  6282 ;;      Totals:         0       0       0       0       0       0       0       0
  6283 ;;Total ram usage:        0 bytes
  6284 ;; Hardware stack levels used: 1
  6285 ;; Hardware stack levels required when called: 2
  6286 ;; This function calls:
  6287 ;;		NULL
  6288 ;;		_LIN_timerHandler
  6289 ;;		_TMR0_DefaultInterruptHandler
  6290 ;; This function is called by:
  6291 ;;		_INTERRUPT_InterruptManager
  6292 ;; This function uses a non-reentrant model
  6293 ;;
  6294                           
  6295     05A9                     _TMR0_ISR:	
  6296                           ;psect for function _TMR0_ISR
  6297                           
  6298     05A9                     i1l2180:	
  6299                           ;incstack = 0
  6300                           ; Regs used in _TMR0_ISR: [wreg+status,2+status,0+pclath+cstack]
  6301                           
  6302                           
  6303                           ;D:\yiming\00work\FR685_V05.X\mcc_generated_files\tmr0.c: 112:     INTCONbits.TMR0IF = 0
      +                          ;
  6304     05A9  110B               	bcf	11,2	;volatile
  6305     05AA                     i1l2182:
  6306                           
  6307                           ;D:\yiming\00work\FR685_V05.X\mcc_generated_files\tmr0.c: 114:     TMR0 = timer0ReloadVa
      +                          l;
  6308     05AA  0020               	movlb	0	; select bank0
  6309     05AB  0842               	movf	_timer0ReloadVal,w	;volatile
  6310     05AC  0095               	movwf	21	;volatile
  6311     05AD                     i1l2184:
  6312                           
  6313                           ;D:\yiming\00work\FR685_V05.X\mcc_generated_files\tmr0.c: 116:     if(TMR0_InterruptHand
      +                          ler)
  6314     05AD  0830               	movf	_TMR0_InterruptHandler,w
  6315     05AE  0431               	iorwf	_TMR0_InterruptHandler+1,w
  6316     05AF  1903               	btfsc	3,2
  6317     05B0  2DB2               	goto	u156_21
  6318     05B1  2DB3               	goto	u156_20
  6319     05B2                     u156_21:
  6320     05B2  2DB8               	goto	i1l512
  6321     05B3                     u156_20:
  6322     05B3                     i1l2186:
  6323                           
  6324                           ;D:\yiming\00work\FR685_V05.X\mcc_generated_files\tmr0.c: 117:     {;D:\yiming\00work\FR
      +                          685_V05.X\mcc_generated_files\tmr0.c: 118:         TMR0_InterruptHandler();
  6325     05B3  0831               	movf	_TMR0_InterruptHandler+1,w
  6326     05B4  008A               	movwf	10
  6327     05B5  0830               	movf	_TMR0_InterruptHandler,w
  6328     05B6  000A               	callw
  6329     05B7  3185               	pagesel	$
  6330     05B8                     i1l512:
  6331     05B8  0008               	return
  6332     05B9                     __end_of_TMR0_ISR:
  6333                           
  6334                           	psect	text39
  6335     05D5                     __ptext39:	
  6336 ;; *************** function _LIN_timerHandler *****************
  6337 ;; Defined at:
  6338 ;;		line 291 in file "D:\yiming\00work\FR685_V05.X\mcc_generated_files\LINDrivers\lin_slave.c"
  6339 ;; Parameters:    Size  Location     Type
  6340 ;;		None
  6341 ;; Auto vars:     Size  Location     Type
  6342 ;;		None
  6343 ;; Return value:  Size  Location     Type
  6344 ;;                  1    wreg      void 
  6345 ;; Registers used:
  6346 ;;		wreg, status,2, status,0, pclath, cstack
  6347 ;; Tracked objects:
  6348 ;;		On entry : 0/0
  6349 ;;		On exit  : 0/0
  6350 ;;		Unchanged: 0/0
  6351 ;; Data sizes:     COMMON   BANK0   BANK1   BANK2   BANK3   BANK4   BANK5   BANK6
  6352 ;;      Params:         0       0       0       0       0       0       0       0
  6353 ;;      Locals:         0       0       0       0       0       0       0       0
  6354 ;;      Temps:          0       0       0       0       0       0       0       0
  6355 ;;      Totals:         0       0       0       0       0       0       0       0
  6356 ;;Total ram usage:        0 bytes
  6357 ;; Hardware stack levels used: 1
  6358 ;; Hardware stack levels required when called: 1
  6359 ;; This function calls:
  6360 ;;		i1_LIN_stopTimer
  6361 ;; This function is called by:
  6362 ;;		_LIN_setTimerHandler
  6363 ;;		_TMR0_ISR
  6364 ;; This function uses a non-reentrant model
  6365 ;;
  6366                           
  6367     05D5                     _LIN_timerHandler:	
  6368                           ;psect for function _LIN_timerHandler
  6369                           
  6370     05D5                     i1l2000:	
  6371                           ;incstack = 0
  6372                           ; Regs used in _LIN_timerHandler: [wreg+status,2+status,0+pclath+cstack]
  6373                           
  6374                           
  6375                           ;D:\yiming\00work\FR685_V05.X\mcc_generated_files\LINDrivers\lin_slave.c: 294:     if (+
      +                          +CountCallBack >= LIN_timeout)
  6376     05D5  3001               	movlw	1
  6377     05D6  0020               	movlb	0	; select bank0
  6378     05D7  07CB               	addwf	_CountCallBack,f	;volatile
  6379     05D8  086B               	movf	_LIN_timeout,w
  6380     05D9  024B               	subwf	_CountCallBack,w	;volatile
  6381     05DA  1C03               	skipc
  6382     05DB  2DDD               	goto	u135_21
  6383     05DC  2DDE               	goto	u135_20
  6384     05DD                     u135_21:
  6385     05DD  2DE1               	goto	i1l221
  6386     05DE                     u135_20:
  6387     05DE                     i1l2002:
  6388                           
  6389                           ;D:\yiming\00work\FR685_V05.X\mcc_generated_files\LINDrivers\lin_slave.c: 295:     {;D:\
      +                          yiming\00work\FR685_V05.X\mcc_generated_files\LINDrivers\lin_slave.c: 297:         LIN_s
      +                          topTimer();
  6390     05DE  3186  264D  3185   	fcall	i1_LIN_stopTimer
  6391     05E1                     i1l221:
  6392     05E1  0008               	return
  6393     05E2                     __end_of_LIN_timerHandler:
  6394                           
  6395                           	psect	text40
  6396     0662                     __ptext40:	
  6397 ;; *************** function _TMR0_DefaultInterruptHandler *****************
  6398 ;; Defined at:
  6399 ;;		line 129 in file "D:\yiming\00work\FR685_V05.X\mcc_generated_files\tmr0.c"
  6400 ;; Parameters:    Size  Location     Type
  6401 ;;		None
  6402 ;; Auto vars:     Size  Location     Type
  6403 ;;		None
  6404 ;; Return value:  Size  Location     Type
  6405 ;;                  1    wreg      void 
  6406 ;; Registers used:
  6407 ;;		None
  6408 ;; Tracked objects:
  6409 ;;		On entry : 0/0
  6410 ;;		On exit  : 0/0
  6411 ;;		Unchanged: 0/0
  6412 ;; Data sizes:     COMMON   BANK0   BANK1   BANK2   BANK3   BANK4   BANK5   BANK6
  6413 ;;      Params:         0       0       0       0       0       0       0       0
  6414 ;;      Locals:         0       0       0       0       0       0       0       0
  6415 ;;      Temps:          0       0       0       0       0       0       0       0
  6416 ;;      Totals:         0       0       0       0       0       0       0       0
  6417 ;;Total ram usage:        0 bytes
  6418 ;; Hardware stack levels used: 1
  6419 ;; This function calls:
  6420 ;;		Nothing
  6421 ;; This function is called by:
  6422 ;;		_TMR0_Initialize
  6423 ;;		_TMR0_ISR
  6424 ;; This function uses a non-reentrant model
  6425 ;;
  6426                           
  6427     0662                     _TMR0_DefaultInterruptHandler:	
  6428                           ;psect for function _TMR0_DefaultInterruptHandler
  6429                           
  6430     0662                     i1l518:	
  6431                           ;incstack = 0
  6432                           ; Regs used in _TMR0_DefaultInterruptHandler: []
  6433                           
  6434     0662  0008               	return
  6435     0663                     __end_of_TMR0_DefaultInterruptHandler:
  6436                           
  6437                           	psect	text41
  6438     064D                     __ptext41:	
  6439 ;; *************** function i1_LIN_stopTimer *****************
  6440 ;; Defined at:
  6441 ;;		line 305 in file "D:\yiming\00work\FR685_V05.X\mcc_generated_files\LINDrivers\lin_slave.c"
  6442 ;; Parameters:    Size  Location     Type
  6443 ;;		None
  6444 ;; Auto vars:     Size  Location     Type
  6445 ;;		None
  6446 ;; Return value:  Size  Location     Type
  6447 ;;                  1    wreg      void 
  6448 ;; Registers used:
  6449 ;;		status,2
  6450 ;; Tracked objects:
  6451 ;;		On entry : 0/0
  6452 ;;		On exit  : 0/0
  6453 ;;		Unchanged: 0/0
  6454 ;; Data sizes:     COMMON   BANK0   BANK1   BANK2   BANK3   BANK4   BANK5   BANK6
  6455 ;;      Params:         0       0       0       0       0       0       0       0
  6456 ;;      Locals:         0       0       0       0       0       0       0       0
  6457 ;;      Temps:          0       0       0       0       0       0       0       0
  6458 ;;      Totals:         0       0       0       0       0       0       0       0
  6459 ;;Total ram usage:        0 bytes
  6460 ;; Hardware stack levels used: 1
  6461 ;; This function calls:
  6462 ;;		Nothing
  6463 ;; This function is called by:
  6464 ;;		_LIN_timerHandler
  6465 ;; This function uses a non-reentrant model
  6466 ;;
  6467                           
  6468     064D                     i1_LIN_stopTimer:	
  6469                           ;psect for function i1_LIN_stopTimer
  6470                           
  6471     064D                     i1l1896:	
  6472                           ;incstack = 0
  6473                           ; Regs used in i1_LIN_stopTimer: [status,2]
  6474                           
  6475                           
  6476                           ;D:\yiming\00work\FR685_V05.X\mcc_generated_files\LINDrivers\lin_slave.c: 306:     __nop
      +                          ();
  6477     064D  0000               	nop
  6478     064E                     i1l1898:
  6479                           
  6480                           ;D:\yiming\00work\FR685_V05.X\mcc_generated_files\LINDrivers\lin_slave.c: 308:     Count
      +                          CallBack = 0;
  6481     064E  0020               	movlb	0	; select bank0
  6482     064F  01CB               	clrf	_CountCallBack	;volatile
  6483                           
  6484                           ;D:\yiming\00work\FR685_V05.X\mcc_generated_files\LINDrivers\lin_slave.c: 309:     LIN_t
      +                          imerRunning = 0;
  6485     0650  01CC               	clrf	_LIN_timerRunning
  6486     0651                     i1l227:
  6487     0651  0008               	return
  6488     0652                     __end_ofi1_LIN_stopTimer:
  6489                           
  6490                           	psect	text42
  6491     04DC                     __ptext42:	
  6492 ;; *************** function _EUSART_Transmit_ISR *****************
  6493 ;; Defined at:
  6494 ;;		line 197 in file "D:\yiming\00work\FR685_V05.X\mcc_generated_files\eusart.c"
  6495 ;; Parameters:    Size  Location     Type
  6496 ;;		None
  6497 ;; Auto vars:     Size  Location     Type
  6498 ;;		None
  6499 ;; Return value:  Size  Location     Type
  6500 ;;                  1    wreg      void 
  6501 ;; Registers used:
  6502 ;;		wreg, fsr1l, fsr1h, status,2, status,0
  6503 ;; Tracked objects:
  6504 ;;		On entry : 0/0
  6505 ;;		On exit  : 0/0
  6506 ;;		Unchanged: 0/0
  6507 ;; Data sizes:     COMMON   BANK0   BANK1   BANK2   BANK3   BANK4   BANK5   BANK6
  6508 ;;      Params:         0       0       0       0       0       0       0       0
  6509 ;;      Locals:         0       0       0       0       0       0       0       0
  6510 ;;      Temps:          0       0       0       0       0       0       0       0
  6511 ;;      Totals:         0       0       0       0       0       0       0       0
  6512 ;;Total ram usage:        0 bytes
  6513 ;; Hardware stack levels used: 1
  6514 ;; This function calls:
  6515 ;;		Nothing
  6516 ;; This function is called by:
  6517 ;;		_EUSART_Initialize
  6518 ;;		_INTERRUPT_InterruptManager
  6519 ;; This function uses a non-reentrant model
  6520 ;;
  6521                           
  6522     04DC                     _EUSART_Transmit_ISR:	
  6523                           ;psect for function _EUSART_Transmit_ISR
  6524                           
  6525     04DC                     i1l2148:	
  6526                           ;incstack = 0
  6527                           ; Regs used in _EUSART_Transmit_ISR: [wreg+fsr1l+fsr1h+status,2+status,0]
  6528                           
  6529                           
  6530                           ;D:\yiming\00work\FR685_V05.X\mcc_generated_files\eusart.c: 201:     if(sizeof(eusartTxB
      +                          uffer) > eusartTxBufferRemaining)
  6531     04DC  3008               	movlw	8
  6532     04DD  0020               	movlb	0	; select bank0
  6533     04DE  0246               	subwf	_eusartTxBufferRemaining,w	;volatile
  6534     04DF  1803               	skipnc
  6535     04E0  2CE2               	goto	u151_21
  6536     04E1  2CE3               	goto	u151_20
  6537     04E2                     u151_21:
  6538     04E2  2CF7               	goto	i1l343
  6539     04E3                     u151_20:
  6540     04E3                     i1l2150:
  6541                           
  6542                           ;D:\yiming\00work\FR685_V05.X\mcc_generated_files\eusart.c: 202:     {;D:\yiming\00work\
      +                          FR685_V05.X\mcc_generated_files\eusart.c: 203:         TXREG = eusartTxBuffer[eusartTxTa
      +                          il++];
  6543     04E3  0847               	movf	_eusartTxTail,w
  6544     04E4  3E28               	addlw	(low (_eusartTxBuffer| 0))& (0+255)
  6545     04E5  0086               	movwf	6
  6546     04E6  0187               	clrf	7
  6547     04E7  0801               	movf	1,w
  6548     04E8  0023               	movlb	3	; select bank3
  6549     04E9  009A               	movwf	26	;volatile
  6550     04EA                     i1l2152:
  6551     04EA  3001               	movlw	1
  6552     04EB  0020               	movlb	0	; select bank0
  6553     04EC  07C7               	addwf	_eusartTxTail,f	;volatile
  6554     04ED                     i1l2154:
  6555                           
  6556                           ;D:\yiming\00work\FR685_V05.X\mcc_generated_files\eusart.c: 204:         if(sizeof(eusar
      +                          tTxBuffer) <= eusartTxTail)
  6557     04ED  3008               	movlw	8
  6558     04EE  0247               	subwf	_eusartTxTail,w	;volatile
  6559     04EF  1C03               	skipc
  6560     04F0  2CF2               	goto	u152_21
  6561     04F1  2CF3               	goto	u152_20
  6562     04F2                     u152_21:
  6563     04F2  2CF4               	goto	i1l2158
  6564     04F3                     u152_20:
  6565     04F3                     i1l2156:
  6566                           
  6567                           ;D:\yiming\00work\FR685_V05.X\mcc_generated_files\eusart.c: 205:         {;D:\yiming\00w
      +                          ork\FR685_V05.X\mcc_generated_files\eusart.c: 206:             eusartTxTail = 0;
  6568     04F3  01C7               	clrf	_eusartTxTail	;volatile
  6569     04F4                     i1l2158:
  6570                           
  6571                           ;D:\yiming\00work\FR685_V05.X\mcc_generated_files\eusart.c: 208:         eusartTxBufferR
      +                          emaining++;
  6572     04F4  3001               	movlw	1
  6573     04F5  07C6               	addwf	_eusartTxBufferRemaining,f	;volatile
  6574                           
  6575                           ;D:\yiming\00work\FR685_V05.X\mcc_generated_files\eusart.c: 209:     }
  6576     04F6  2CF9               	goto	i1l346
  6577     04F7                     i1l343:	
  6578                           ;D:\yiming\00work\FR685_V05.X\mcc_generated_files\eusart.c: 210:     else
  6579                           
  6580                           
  6581                           ;D:\yiming\00work\FR685_V05.X\mcc_generated_files\eusart.c: 211:     {;D:\yiming\00work\
      +                          FR685_V05.X\mcc_generated_files\eusart.c: 212:         PIE1bits.TXIE = 0;
  6582     04F7  0021               	movlb	1	; select bank1
  6583     04F8  1211               	bcf	17,4	;volatile
  6584     04F9                     i1l346:
  6585     04F9  0008               	return
  6586     04FA                     __end_of_EUSART_Transmit_ISR:
  6587                           
  6588                           	psect	text43
  6589     03C0                     __ptext43:	
  6590 ;; *************** function _EUSART_Receive_ISR *****************
  6591 ;; Defined at:
  6592 ;;		line 216 in file "D:\yiming\00work\FR685_V05.X\mcc_generated_files\eusart.c"
  6593 ;; Parameters:    Size  Location     Type
  6594 ;;		None
  6595 ;; Auto vars:     Size  Location     Type
  6596 ;;		None
  6597 ;; Return value:  Size  Location     Type
  6598 ;;                  1    wreg      void 
  6599 ;; Registers used:
  6600 ;;		wreg, fsr1l, fsr1h, status,2, status,0, pclath, cstack
  6601 ;; Tracked objects:
  6602 ;;		On entry : 0/0
  6603 ;;		On exit  : 0/0
  6604 ;;		Unchanged: 0/0
  6605 ;; Data sizes:     COMMON   BANK0   BANK1   BANK2   BANK3   BANK4   BANK5   BANK6
  6606 ;;      Params:         0       0       0       0       0       0       0       0
  6607 ;;      Locals:         0       0       0       0       0       0       0       0
  6608 ;;      Temps:          0       0       0       0       0       0       0       0
  6609 ;;      Totals:         0       0       0       0       0       0       0       0
  6610 ;;Total ram usage:        0 bytes
  6611 ;; Hardware stack levels used: 1
  6612 ;; Hardware stack levels required when called: 2
  6613 ;; This function calls:
  6614 ;;		NULL
  6615 ;;		_EUSART_DefaultErrorHandler
  6616 ;;		_EUSART_DefaultFramingErrorHandler
  6617 ;;		_EUSART_DefaultOverrunErrorHandler
  6618 ;;		_EUSART_RxDataHandler
  6619 ;; This function is called by:
  6620 ;;		_EUSART_Initialize
  6621 ;;		_INTERRUPT_InterruptManager
  6622 ;; This function uses a non-reentrant model
  6623 ;;
  6624                           
  6625     03C0                     _EUSART_Receive_ISR:	
  6626                           ;psect for function _EUSART_Receive_ISR
  6627                           
  6628     03C0                     i1l2160:	
  6629                           ;incstack = 0
  6630                           ; Regs used in _EUSART_Receive_ISR: [wreg+fsr1l+fsr1h+status,2+status,0+pclath+cstack]
  6631                           
  6632                           
  6633                           ;D:\yiming\00work\FR685_V05.X\mcc_generated_files\eusart.c: 219:     eusartRxStatusBuffe
      +                          r[eusartRxHead].status = 0;
  6634     03C0  087D               	movf	_eusartRxHead,w	;volatile
  6635     03C1  3E20               	addlw	(low (_eusartRxStatusBuffer| 0))& (0+255)
  6636     03C2  0086               	movwf	6
  6637     03C3  0187               	clrf	7
  6638     03C4  0181               	clrf	1
  6639     03C5                     i1l2162:
  6640                           
  6641                           ;D:\yiming\00work\FR685_V05.X\mcc_generated_files\eusart.c: 221:     if(RCSTAbits.FERR){
  6642     03C5  0023               	movlb	3	; select bank3
  6643     03C6  1D1D               	btfss	29,2	;volatile
  6644     03C7  2BC9               	goto	u153_21
  6645     03C8  2BCA               	goto	u153_20
  6646     03C9                     u153_21:
  6647     03C9  2BD5               	goto	i1l2168
  6648     03CA                     u153_20:
  6649     03CA                     i1l2164:
  6650                           
  6651                           ;D:\yiming\00work\FR685_V05.X\mcc_generated_files\eusart.c: 222:         eusartRxStatusB
      +                          uffer[eusartRxHead].ferr = 1;
  6652     03CA  087D               	movf	_eusartRxHead,w	;volatile
  6653     03CB  3E20               	addlw	(low (_eusartRxStatusBuffer| 0))& (0+255)
  6654     03CC  0086               	movwf	6
  6655     03CD  0187               	clrf	7
  6656     03CE  1481               	bsf	1,1
  6657     03CF                     i1l2166:
  6658                           
  6659                           ;D:\yiming\00work\FR685_V05.X\mcc_generated_files\eusart.c: 223:         EUSART_FramingE
      +                          rrorHandler();
  6660     03CF  0020               	movlb	0	; select bank0
  6661     03D0  0837               	movf	_EUSART_FramingErrorHandler+1,w
  6662     03D1  008A               	movwf	10
  6663     03D2  0836               	movf	_EUSART_FramingErrorHandler,w
  6664     03D3  000A               	callw
  6665     03D4  3183               	pagesel	$
  6666     03D5                     i1l2168:
  6667                           
  6668                           ;D:\yiming\00work\FR685_V05.X\mcc_generated_files\eusart.c: 226:     if(RCSTAbits.OERR){
  6669     03D5  0023               	movlb	3	; select bank3
  6670     03D6  1C9D               	btfss	29,1	;volatile
  6671     03D7  2BD9               	goto	u154_21
  6672     03D8  2BDA               	goto	u154_20
  6673     03D9                     u154_21:
  6674     03D9  2BE5               	goto	i1l2174
  6675     03DA                     u154_20:
  6676     03DA                     i1l2170:
  6677                           
  6678                           ;D:\yiming\00work\FR685_V05.X\mcc_generated_files\eusart.c: 227:         eusartRxStatusB
      +                          uffer[eusartRxHead].oerr = 1;
  6679     03DA  087D               	movf	_eusartRxHead,w	;volatile
  6680     03DB  3E20               	addlw	(low (_eusartRxStatusBuffer| 0))& (0+255)
  6681     03DC  0086               	movwf	6
  6682     03DD  0187               	clrf	7
  6683     03DE  1501               	bsf	1,2
  6684     03DF                     i1l2172:
  6685                           
  6686                           ;D:\yiming\00work\FR685_V05.X\mcc_generated_files\eusart.c: 228:         EUSART_OverrunE
      +                          rrorHandler();
  6687     03DF  0020               	movlb	0	; select bank0
  6688     03E0  0835               	movf	_EUSART_OverrunErrorHandler+1,w
  6689     03E1  008A               	movwf	10
  6690     03E2  0834               	movf	_EUSART_OverrunErrorHandler,w
  6691     03E3  000A               	callw
  6692     03E4  3183               	pagesel	$
  6693     03E5                     i1l2174:
  6694                           
  6695                           ;D:\yiming\00work\FR685_V05.X\mcc_generated_files\eusart.c: 231:     if(eusartRxStatusBu
      +                          ffer[eusartRxHead].status){
  6696     03E5  087D               	movf	_eusartRxHead,w	;volatile
  6697     03E6  3E20               	addlw	(low (_eusartRxStatusBuffer| 0))& (0+255)
  6698     03E7  0086               	movwf	6
  6699     03E8  0187               	clrf	7
  6700     03E9  0801               	movf	1,w
  6701     03EA  1903               	btfsc	3,2
  6702     03EB  2BED               	goto	u155_21
  6703     03EC  2BEE               	goto	u155_20
  6704     03ED                     u155_21:
  6705     03ED  2BF5               	goto	i1l2178
  6706     03EE                     u155_20:
  6707     03EE                     i1l2176:
  6708                           
  6709                           ;D:\yiming\00work\FR685_V05.X\mcc_generated_files\eusart.c: 232:         EUSART_ErrorHan
      +                          dler();
  6710     03EE  0020               	movlb	0	; select bank0
  6711     03EF  0833               	movf	_EUSART_ErrorHandler+1,w
  6712     03F0  008A               	movwf	10
  6713     03F1  0832               	movf	_EUSART_ErrorHandler,w
  6714     03F2  000A               	callw
  6715     03F3  3183               	pagesel	$
  6716                           
  6717                           ;D:\yiming\00work\FR685_V05.X\mcc_generated_files\eusart.c: 233:     } else {
  6718     03F4  2BF8               	goto	i1l353
  6719     03F5                     i1l2178:
  6720                           
  6721                           ;D:\yiming\00work\FR685_V05.X\mcc_generated_files\eusart.c: 234:         EUSART_RxDataHa
      +                          ndler();
  6722     03F5  3185  256F  3183   	fcall	_EUSART_RxDataHandler
  6723     03F8                     i1l353:
  6724     03F8  0008               	return
  6725     03F9                     __end_of_EUSART_Receive_ISR:
  6726                           
  6727                           	psect	text44
  6728     0656                     __ptext44:	
  6729 ;; *************** function _EUSART_DefaultOverrunErrorHandler *****************
  6730 ;; Defined at:
  6731 ;;		line 252 in file "D:\yiming\00work\FR685_V05.X\mcc_generated_files\eusart.c"
  6732 ;; Parameters:    Size  Location     Type
  6733 ;;		None
  6734 ;; Auto vars:     Size  Location     Type
  6735 ;;		None
  6736 ;; Return value:  Size  Location     Type
  6737 ;;                  1    wreg      void 
  6738 ;; Registers used:
  6739 ;;		None
  6740 ;; Tracked objects:
  6741 ;;		On entry : 0/0
  6742 ;;		On exit  : 0/0
  6743 ;;		Unchanged: 0/0
  6744 ;; Data sizes:     COMMON   BANK0   BANK1   BANK2   BANK3   BANK4   BANK5   BANK6
  6745 ;;      Params:         0       0       0       0       0       0       0       0
  6746 ;;      Locals:         0       0       0       0       0       0       0       0
  6747 ;;      Temps:          0       0       0       0       0       0       0       0
  6748 ;;      Totals:         0       0       0       0       0       0       0       0
  6749 ;;Total ram usage:        0 bytes
  6750 ;; Hardware stack levels used: 1
  6751 ;; This function calls:
  6752 ;;		Nothing
  6753 ;; This function is called by:
  6754 ;;		_EUSART_Initialize
  6755 ;;		_EUSART_Receive_ISR
  6756 ;; This function uses a non-reentrant model
  6757 ;;
  6758                           
  6759     0656                     _EUSART_DefaultOverrunErrorHandler:	
  6760                           ;psect for function _EUSART_DefaultOverrunErrorHandler
  6761                           
  6762     0656                     i1l2036:	
  6763                           ;incstack = 0
  6764                           ; Regs used in _EUSART_DefaultOverrunErrorHandler: []
  6765                           
  6766                           
  6767                           ;D:\yiming\00work\FR685_V05.X\mcc_generated_files\eusart.c: 255:     RCSTAbits.CREN = 0;
  6768     0656  0023               	movlb	3	; select bank3
  6769     0657  121D               	bcf	29,4	;volatile
  6770                           
  6771                           ;D:\yiming\00work\FR685_V05.X\mcc_generated_files\eusart.c: 256:     RCSTAbits.CREN = 1;
  6772     0658  161D               	bsf	29,4	;volatile
  6773     0659                     i1l363:
  6774     0659  0008               	return
  6775     065A                     __end_of_EUSART_DefaultOverrunErrorHandler:
  6776                           
  6777                           	psect	text45
  6778     0663                     __ptext45:	
  6779 ;; *************** function _EUSART_DefaultFramingErrorHandler *****************
  6780 ;; Defined at:
  6781 ;;		line 250 in file "D:\yiming\00work\FR685_V05.X\mcc_generated_files\eusart.c"
  6782 ;; Parameters:    Size  Location     Type
  6783 ;;		None
  6784 ;; Auto vars:     Size  Location     Type
  6785 ;;		None
  6786 ;; Return value:  Size  Location     Type
  6787 ;;                  1    wreg      void 
  6788 ;; Registers used:
  6789 ;;		None
  6790 ;; Tracked objects:
  6791 ;;		On entry : 0/0
  6792 ;;		On exit  : 0/0
  6793 ;;		Unchanged: 0/0
  6794 ;; Data sizes:     COMMON   BANK0   BANK1   BANK2   BANK3   BANK4   BANK5   BANK6
  6795 ;;      Params:         0       0       0       0       0       0       0       0
  6796 ;;      Locals:         0       0       0       0       0       0       0       0
  6797 ;;      Temps:          0       0       0       0       0       0       0       0
  6798 ;;      Totals:         0       0       0       0       0       0       0       0
  6799 ;;Total ram usage:        0 bytes
  6800 ;; Hardware stack levels used: 1
  6801 ;; This function calls:
  6802 ;;		Nothing
  6803 ;; This function is called by:
  6804 ;;		_EUSART_Initialize
  6805 ;;		_EUSART_Receive_ISR
  6806 ;; This function uses a non-reentrant model
  6807 ;;
  6808                           
  6809     0663                     _EUSART_DefaultFramingErrorHandler:	
  6810                           ;psect for function _EUSART_DefaultFramingErrorHandler
  6811                           
  6812     0663                     i1l360:	
  6813                           ;incstack = 0
  6814                           ; Regs used in _EUSART_DefaultFramingErrorHandler: []
  6815                           
  6816     0663  0008               	return
  6817     0664                     __end_of_EUSART_DefaultFramingErrorHandler:
  6818                           
  6819                           	psect	text46
  6820     065A                     __ptext46:	
  6821 ;; *************** function _EUSART_DefaultErrorHandler *****************
  6822 ;; Defined at:
  6823 ;;		line 260 in file "D:\yiming\00work\FR685_V05.X\mcc_generated_files\eusart.c"
  6824 ;; Parameters:    Size  Location     Type
  6825 ;;		None
  6826 ;; Auto vars:     Size  Location     Type
  6827 ;;		None
  6828 ;; Return value:  Size  Location     Type
  6829 ;;                  1    wreg      void 
  6830 ;; Registers used:
  6831 ;;		wreg, fsr1l, fsr1h, status,2, status,0, pclath, cstack
  6832 ;; Tracked objects:
  6833 ;;		On entry : 0/0
  6834 ;;		On exit  : 0/0
  6835 ;;		Unchanged: 0/0
  6836 ;; Data sizes:     COMMON   BANK0   BANK1   BANK2   BANK3   BANK4   BANK5   BANK6
  6837 ;;      Params:         0       0       0       0       0       0       0       0
  6838 ;;      Locals:         0       0       0       0       0       0       0       0
  6839 ;;      Temps:          0       0       0       0       0       0       0       0
  6840 ;;      Totals:         0       0       0       0       0       0       0       0
  6841 ;;Total ram usage:        0 bytes
  6842 ;; Hardware stack levels used: 1
  6843 ;; Hardware stack levels required when called: 1
  6844 ;; This function calls:
  6845 ;;		_EUSART_RxDataHandler
  6846 ;; This function is called by:
  6847 ;;		_EUSART_Initialize
  6848 ;;		_EUSART_Receive_ISR
  6849 ;; This function uses a non-reentrant model
  6850 ;;
  6851                           
  6852     065A                     _EUSART_DefaultErrorHandler:	
  6853                           ;psect for function _EUSART_DefaultErrorHandler
  6854                           
  6855     065A                     i1l2038:	
  6856                           ;incstack = 0
  6857                           ; Regs used in _EUSART_DefaultErrorHandler: [wreg+fsr1l+fsr1h+status,2+status,0+pclath+c
      +                          stack]
  6858                           
  6859                           
  6860                           ;D:\yiming\00work\FR685_V05.X\mcc_generated_files\eusart.c: 261:     EUSART_RxDataHandle
      +                          r();
  6861     065A  3185  256F  3186   	fcall	_EUSART_RxDataHandler
  6862     065D                     i1l366:
  6863     065D  0008               	return
  6864     065E                     __end_of_EUSART_DefaultErrorHandler:
  6865                           
  6866                           	psect	text47
  6867     056F                     __ptext47:	
  6868 ;; *************** function _EUSART_RxDataHandler *****************
  6869 ;; Defined at:
  6870 ;;		line 240 in file "D:\yiming\00work\FR685_V05.X\mcc_generated_files\eusart.c"
  6871 ;; Parameters:    Size  Location     Type
  6872 ;;		None
  6873 ;; Auto vars:     Size  Location     Type
  6874 ;;		None
  6875 ;; Return value:  Size  Location     Type
  6876 ;;                  1    wreg      void 
  6877 ;; Registers used:
  6878 ;;		wreg, fsr1l, fsr1h, status,2, status,0
  6879 ;; Tracked objects:
  6880 ;;		On entry : 0/0
  6881 ;;		On exit  : 0/0
  6882 ;;		Unchanged: 0/0
  6883 ;; Data sizes:     COMMON   BANK0   BANK1   BANK2   BANK3   BANK4   BANK5   BANK6
  6884 ;;      Params:         0       0       0       0       0       0       0       0
  6885 ;;      Locals:         0       0       0       0       0       0       0       0
  6886 ;;      Temps:          0       0       0       0       0       0       0       0
  6887 ;;      Totals:         0       0       0       0       0       0       0       0
  6888 ;;Total ram usage:        0 bytes
  6889 ;; Hardware stack levels used: 1
  6890 ;; This function calls:
  6891 ;;		Nothing
  6892 ;; This function is called by:
  6893 ;;		_EUSART_Receive_ISR
  6894 ;;		_EUSART_DefaultErrorHandler
  6895 ;; This function uses a non-reentrant model
  6896 ;;
  6897                           
  6898     056F                     _EUSART_RxDataHandler:	
  6899                           ;psect for function _EUSART_RxDataHandler
  6900                           
  6901     056F                     i1l1886:	
  6902                           ;incstack = 0
  6903                           ; Regs used in _EUSART_RxDataHandler: [wreg+fsr1l+fsr1h+status,2+status,0]
  6904                           
  6905                           
  6906                           ;D:\yiming\00work\FR685_V05.X\mcc_generated_files\eusart.c: 242:     eusartRxBuffer[eusa
      +                          rtRxHead++] = RCREG;
  6907     056F  087D               	movf	_eusartRxHead,w
  6908     0570  3EA0               	addlw	(low (_eusartRxBuffer| 0))& (0+255)
  6909     0571  0086               	movwf	6
  6910     0572  0187               	clrf	7
  6911     0573  0023               	movlb	3	; select bank3
  6912     0574  0819               	movf	25,w	;volatile
  6913     0575  0081               	movwf	1
  6914     0576                     i1l1888:
  6915     0576  3001               	movlw	1
  6916     0577  07FD               	addwf	_eusartRxHead,f	;volatile
  6917     0578                     i1l1890:
  6918                           
  6919                           ;D:\yiming\00work\FR685_V05.X\mcc_generated_files\eusart.c: 243:     if(sizeof(eusartRxB
      +                          uffer) <= eusartRxHead)
  6920     0578  3008               	movlw	8
  6921     0579  027D               	subwf	_eusartRxHead,w	;volatile
  6922     057A  1C03               	skipc
  6923     057B  2D7D               	goto	u122_21
  6924     057C  2D7E               	goto	u122_20
  6925     057D                     u122_21:
  6926     057D  2D7F               	goto	i1l1894
  6927     057E                     u122_20:
  6928     057E                     i1l1892:
  6929                           
  6930                           ;D:\yiming\00work\FR685_V05.X\mcc_generated_files\eusart.c: 244:     {;D:\yiming\00work\
      +                          FR685_V05.X\mcc_generated_files\eusart.c: 245:         eusartRxHead = 0;
  6931     057E  01FD               	clrf	_eusartRxHead	;volatile
  6932     057F                     i1l1894:
  6933                           
  6934                           ;D:\yiming\00work\FR685_V05.X\mcc_generated_files\eusart.c: 247:     eusartRxCount++;
  6935     057F  3001               	movlw	1
  6936     0580  0020               	movlb	0	; select bank0
  6937     0581  07C4               	addwf	_eusartRxCount,f	;volatile
  6938     0582                     i1l357:
  6939     0582  0008               	return
  6940     0583                     __end_of_EUSART_RxDataHandler:
  6941     0002                     ___latbits      equ	2
  6942     007E                     btemp           set	126	;btemp
  6943     007E                     int$flags       set	126
  6944     007E                     btemp0          set	126
  6945     007F                     btemp1          set	127
  6946     007E                     wtemp0          set	126
  6947     007F                     wtemp0a         set	127
  6948     007F                     ttemp0a         set	127
  6949     0080                     ltemp0a         set	128
  6950                           
  6951                           	psect	idloc
  6952                           
  6953                           ;Config register IDLOC0 @ 0x8000
  6954                           ;	unspecified, using default values
  6955     8000                     	org	32768
  6956     8000  3FFF               	dw	16383
  6957                           
  6958                           ;Config register IDLOC1 @ 0x8001
  6959                           ;	unspecified, using default values
  6960     8001                     	org	32769
  6961     8001  3FFF               	dw	16383
  6962                           
  6963                           ;Config register IDLOC2 @ 0x8002
  6964                           ;	unspecified, using default values
  6965     8002                     	org	32770
  6966     8002  3FFF               	dw	16383
  6967                           
  6968                           ;Config register IDLOC3 @ 0x8003
  6969                           ;	unspecified, using default values
  6970     8003                     	org	32771
  6971     8003  3FFF               	dw	16383
  6972                           
  6973                           	psect	config
  6974                           
  6975                           ;Config register CONFIG1 @ 0x8007
  6976                           ;	Oscillator Selection
  6977                           ;	FOSC = INTOSC, INTOSC oscillator: I/O function on CLKIN pin
  6978                           ;	Watchdog Timer Enable
  6979                           ;	WDTE = OFF, WDT disabled
  6980                           ;	Power-up Timer Enable
  6981                           ;	PWRTE = OFF, PWRT disabled
  6982                           ;	MCLR Pin Function Select
  6983                           ;	MCLRE = ON, MCLR/VPP pin function is MCLR
  6984                           ;	Flash Program Memory Code Protection
  6985                           ;	CP = OFF, Program memory code protection is disabled
  6986                           ;	Data Memory Code Protection
  6987                           ;	CPD = OFF, Data memory code protection is disabled
  6988                           ;	Brown-out Reset Enable
  6989                           ;	BOREN = ON, Brown-out Reset enabled
  6990                           ;	Clock Out Enable
  6991                           ;	CLKOUTEN = OFF, CLKOUT function is disabled. I/O or oscillator function on the CLKOUT 
      +                          pin
  6992                           ;	Internal/External Switchover
  6993                           ;	IESO = ON, Internal/External Switchover mode is enabled
  6994                           ;	Fail-Safe Clock Monitor Enable
  6995                           ;	FCMEN = ON, Fail-Safe Clock Monitor is enabled
  6996     8007                     	org	32775
  6997     8007  3FE4               	dw	16356
  6998                           
  6999                           ;Config register CONFIG2 @ 0x8008
  7000                           ;	Flash Memory Self-Write Protection
  7001                           ;	WRT = OFF, Write protection off
  7002                           ;	Voltage Regulator Capacitor Enable
  7003                           ;	VCAPEN = OFF, All VCAP pin functionality is disabled
  7004                           ;	PLL Enable
  7005                           ;	PLLEN = ON, 4x PLL enabled
  7006                           ;	Stack Overflow/Underflow Reset Enable
  7007                           ;	STVREN = ON, Stack Overflow or Underflow will cause a Reset
  7008                           ;	Brown-out Reset Voltage Selection
  7009                           ;	BORV = LO, Brown-out Reset Voltage (Vbor), low trip point selected.
  7010                           ;	Low-Voltage Programming Enable
  7011                           ;	LVP = OFF, High-voltage on MCLR/VPP must be used for programming
  7012     8008                     	org	32776
  7013     8008  1FFF               	dw	8191

Data Sizes:
    Strings     0
    Constant    5
    Data        1
    BSS         77
    Persistent  48
    Stack       0

Auto Spaces:
    Space          Size  Autos    Used
    COMMON           14     13      14
    BANK0            80     15      76
    BANK1            80      0      16
    BANK2            80      0       0
    BANK3            80      0       0
    BANK4            80      0       0
    BANK5            80      0       0
    BANK6            16      0       0

Pointer List with Targets:

    EUSART_ErrorHandler	PTR FTN()void  size(2) Largest target is 1
		 -> EUSART_DefaultErrorHandler(), NULL(), 

    EUSART_FramingErrorHandler	PTR FTN()void  size(2) Largest target is 1
		 -> EUSART_DefaultFramingErrorHandler(), NULL(), 

    EUSART_OverrunErrorHandler	PTR FTN()void  size(2) Largest target is 1
		 -> EUSART_DefaultOverrunErrorHandler(), NULL(), 

    EUSART_RxDefaultInterruptHandler	PTR FTN()void  size(2) Largest target is 1
		 -> EUSART_Receive_ISR(), NULL(), 

    EUSART_SetErrorHandler@interruptHandler	PTR FTN()void  size(2) Largest target is 1
		 -> EUSART_DefaultErrorHandler(), 

    EUSART_SetFramingErrorHandler@interruptHandler	PTR FTN()void  size(2) Largest target is 1
		 -> EUSART_DefaultFramingErrorHandler(), 

    EUSART_SetOverrunErrorHandler@interruptHandler	PTR FTN()void  size(2) Largest target is 1
		 -> EUSART_DefaultOverrunErrorHandler(), 

    EUSART_SetRxInterruptHandler@interruptHandler	PTR FTN()void  size(2) Largest target is 1
		 -> EUSART_Receive_ISR(), 

    EUSART_SetTxInterruptHandler@interruptHandler	PTR FTN()void  size(2) Largest target is 1
		 -> EUSART_Transmit_ISR(), 

    EUSART_TxDefaultInterruptHandler	PTR FTN()void  size(2) Largest target is 1
		 -> EUSART_Transmit_ISR(), NULL(), 

    LIN_getChecksum@data	PTR unsigned char  size(2) Largest target is 13
		 -> LIN_packet(BANK0[13]), 

    LIN_getFromTable@rxCommand	PTR const struct . size(2) Largest target is 5
		 -> scheduleTable(CODE[5]), NULL(NULL[0]), 

    LIN_getFromTable@rxCommand$data	PTR unsigned char  size(2) Largest target is 8
		 -> SIGNAL_Data(BANK1[8]), 

    LIN_getPacket@data	PTR unsigned char  size(1) Largest target is 8
		 -> processLIN@tempRxData(BANK0[8]), 

    LIN_init@command	const PTR const struct . size(2) Largest target is 5
		 -> scheduleTable(CODE[5]), 

    LIN_init@processData	PTR FTN()void  size(2) Largest target is 1
		 -> processLIN(), 

    LIN_processData	PTR FTN()void  size(2) Largest target is 1
		 -> processLIN(), NULL(), 

    LIN_queuePacket@tempSchedule	PTR const struct . size(2) Largest target is 5
		 -> scheduleTable(CODE[5]), NULL(NULL[0]), 

    LIN_queuePacket@tempSchedule$data	PTR unsigned char  size(2) Largest target is 8
		 -> SIGNAL_Data(BANK1[8]), 

    LIN_rxCommand	PTR const struct . size(2) Largest target is 5
		 -> scheduleTable(CODE[5]), NULL(NULL[0]), 

    LIN_rxCommand$data	PTR unsigned char  size(2) Largest target is 8
		 -> SIGNAL_Data(BANK1[8]), 

    LIN_sendPacket@data	PTR unsigned char  size(2) Largest target is 13
		 -> LIN_packet(BANK0[13]), 

    memcpy@d	PTR unsigned char  size(1) Largest target is 13
		 -> LIN_packet(BANK0[13]), processLIN@tempRxData(BANK0[8]), 

    memcpy@d1	PTR void  size(2) Largest target is 13
		 -> LIN_packet(BANK0[13]), processLIN@tempRxData(BANK0[8]), 

    memcpy@s	PTR const unsigned char  size(1) Largest target is 13
		 -> LIN_packet(BANK0[13]), LIN_packet$data(BANK0[8]), SIGNAL_Data(BANK1[8]), 

    memcpy@s1	PTR const void  size(2) Largest target is 13
		 -> LIN_packet(BANK0[13]), LIN_packet$data(BANK0[8]), SIGNAL_Data(BANK1[8]), 

    memset@dest	PTR void  size(2) Largest target is 13
		 -> LIN_packet(BANK0[13]), 

    memset@p	PTR unsigned char  size(1) Largest target is 13
		 -> LIN_packet(BANK0[13]), 

    S26$data	PTR unsigned char  size(2) Largest target is 8
		 -> SIGNAL_Data(BANK1[8]), 

    scheduleTable$data	PTR unsigned char  size(2) Largest target is 8
		 -> SIGNAL_Data(BANK1[8]), 

    sp__memcpy	PTR void  size(2) Largest target is 13
		 -> LIN_packet(BANK0[13]), processLIN@tempRxData(BANK0[8]), 

    sp__memset	PTR void  size(2) Largest target is 13
		 -> LIN_packet(BANK0[13]), 

    TMR0_InterruptHandler	PTR FTN()void  size(2) Largest target is 1
		 -> LIN_timerHandler(), TMR0_DefaultInterruptHandler(), NULL(), 

    TMR0_SetInterruptHandler@InterruptHandler	PTR FTN()void  size(2) Largest target is 1
		 -> LIN_timerHandler(), TMR0_DefaultInterruptHandler(), 


Critical Paths under _main in COMMON

    _TMR0_Initialize->_TMR0_SetInterruptHandler
    _LIN_Slave_Initialize->_LIN_init
    _LIN_setTimerHandler->_TMR0_SetInterruptHandler
    _EUSART_Initialize->_EUSART_SetErrorHandler
    _EUSART_Initialize->_EUSART_SetFramingErrorHandler
    _EUSART_Initialize->_EUSART_SetOverrunErrorHandler
    _EUSART_Initialize->_EUSART_SetRxInterruptHandler
    _EUSART_Initialize->_EUSART_SetTxInterruptHandler
    _LIN_handler->_processLIN
    _processLIN->_LIN_getPacket
    _LIN_getPacket->_memcpy
    _LIN_startTimer->_TMR0_WriteTimer
    _LIN_queuePacket->_LIN_sendPacket
    _LIN_sendPacket->_EUSART_Write
    _EUSART_Write->_LIN_getChecksum
    _LIN_checkPID->_LIN_getFromTable
    _LIN_breakCheck->_EUSART_Read

Critical Paths under _INTERRUPT_InterruptManager in COMMON

    None.

Critical Paths under _main in BANK0

    _main->_LIN_handler
    _LIN_handler->_processLIN
    _LIN_queuePacket->_LIN_sendPacket

Critical Paths under _INTERRUPT_InterruptManager in BANK0

    None.

Critical Paths under _main in BANK1

    None.

Critical Paths under _INTERRUPT_InterruptManager in BANK1

    None.

Critical Paths under _main in BANK2

    None.

Critical Paths under _INTERRUPT_InterruptManager in BANK2

    None.

Critical Paths under _main in BANK3

    None.

Critical Paths under _INTERRUPT_InterruptManager in BANK3

    None.

Critical Paths under _main in BANK4

    None.

Critical Paths under _INTERRUPT_InterruptManager in BANK4

    None.

Critical Paths under _main in BANK5

    None.

Critical Paths under _INTERRUPT_InterruptManager in BANK5

    None.

Critical Paths under _main in BANK6

    None.

Critical Paths under _INTERRUPT_InterruptManager in BANK6

    None.

Call Graph Tables:

 ---------------------------------------------------------------------------------
 (Depth) Function   	        Calls       Base Space   Used Autos Params    Refs
 ---------------------------------------------------------------------------------
 (0) _main                                                 0     0      0    3715
                        _LIN_handler
                  _SYSTEM_Initialize
 ---------------------------------------------------------------------------------
 (1) _SYSTEM_Initialize                                    0     0      0     238
                  _EUSART_Initialize
               _LIN_Slave_Initialize
              _OSCILLATOR_Initialize
             _PIN_MANAGER_Initialize
                    _TMR0_Initialize
                     _WDT_Initialize
 ---------------------------------------------------------------------------------
 (2) _WDT_Initialize                                       0     0      0       0
 ---------------------------------------------------------------------------------
 (2) _TMR0_Initialize                                      0     0      0      24
           _TMR0_SetInterruptHandler
 ---------------------------------------------------------------------------------
 (2) _PIN_MANAGER_Initialize                               0     0      0       0
 ---------------------------------------------------------------------------------
 (2) _OSCILLATOR_Initialize                                0     0      0       0
 ---------------------------------------------------------------------------------
 (2) _LIN_Slave_Initialize                                 0     0      0      99
                           _LIN_init
 ---------------------------------------------------------------------------------
 (3) _LIN_init                                             5     1      4      99
                                              2 COMMON     5     1      4
                       _LIN_enableRx
                _LIN_setTimerHandler
                      _LIN_stopTimer
 ---------------------------------------------------------------------------------
 (4) _LIN_setTimerHandler                                  0     0      0      24
           _TMR0_SetInterruptHandler
 ---------------------------------------------------------------------------------
 (5) _TMR0_SetInterruptHandler                             2     0      2      24
                                              0 COMMON     2     0      2
 ---------------------------------------------------------------------------------
 (2) _EUSART_Initialize                                    0     0      0     115
             _EUSART_SetErrorHandler
      _EUSART_SetFramingErrorHandler
      _EUSART_SetOverrunErrorHandler
       _EUSART_SetRxInterruptHandler
       _EUSART_SetTxInterruptHandler
 ---------------------------------------------------------------------------------
 (3) _EUSART_SetTxInterruptHandler                         2     0      2      23
                                              0 COMMON     2     0      2
 ---------------------------------------------------------------------------------
 (3) _EUSART_SetRxInterruptHandler                         2     0      2      23
                                              0 COMMON     2     0      2
 ---------------------------------------------------------------------------------
 (3) _EUSART_SetOverrunErrorHandler                        2     0      2      23
                                              0 COMMON     2     0      2
 ---------------------------------------------------------------------------------
 (3) _EUSART_SetFramingErrorHandler                        2     0      2      23
                                              0 COMMON     2     0      2
 ---------------------------------------------------------------------------------
 (3) _EUSART_SetErrorHandler                               2     0      2      23
                                              0 COMMON     2     0      2
 ---------------------------------------------------------------------------------
 (1) _LIN_handler                                          5     5      0    3477
                                             10 BANK0      5     5      0
                                NULL *
                        _EUSART_Read
                 _EUSART_is_rx_ready
                     _LIN_breakCheck
                       _LIN_checkPID
                      _LIN_disableRx
                       _LIN_enableRx
                    _LIN_getChecksum
                   _LIN_getFromTable
                    _LIN_queuePacket
                     _LIN_startTimer
                      _LIN_stopTimer
                             _memset
                         _processLIN *
 ---------------------------------------------------------------------------------
 (2) _processLIN                                          12    12      0     690
                                             11 COMMON     2     2      0
                                              0 BANK0     10    10      0
                      _LIN_getPacket
 ---------------------------------------------------------------------------------
 (3) _LIN_getPacket                                        2     1      1     449
                                              9 COMMON     2     1      1
                             _memcpy
                             _memset
 ---------------------------------------------------------------------------------
 (4) _memset                                               7     1      6     155
                                              0 COMMON     7     1      6
 ---------------------------------------------------------------------------------
 (4) _LIN_stopTimer                                        0     0      0       0
 ---------------------------------------------------------------------------------
 (2) _LIN_startTimer                                       1     1      0      58
                                              1 COMMON     1     1      0
                    _TMR0_WriteTimer
 ---------------------------------------------------------------------------------
 (3) _TMR0_WriteTimer                                      1     1      0      29
                                              0 COMMON     1     1      0
 ---------------------------------------------------------------------------------
 (2) _LIN_queuePacket                                      5     5      0    1407
                                              2 BANK0      5     5      0
                    _LIN_getChecksum
                     _LIN_sendPacket
                             _memcpy
 ---------------------------------------------------------------------------------
 (4) _memcpy                                               9     3      6     226
                                              0 COMMON     9     3      6
 ---------------------------------------------------------------------------------
 (3) _LIN_sendPacket                                       5     2      3     658
                                             10 COMMON     3     0      3
                                              0 BANK0      2     2      0
                       _EUSART_Write
                    _LIN_getChecksum
 ---------------------------------------------------------------------------------
 (4) _LIN_getChecksum                                      9     6      3     303
                                              0 COMMON     9     6      3
 ---------------------------------------------------------------------------------
 (4) _EUSART_Write                                         1     1      0      94
                                              9 COMMON     1     1      0
                    _LIN_getChecksum (ARG)
 ---------------------------------------------------------------------------------
 (4) _LIN_enableRx                                         0     0      0       0
 ---------------------------------------------------------------------------------
 (2) _LIN_disableRx                                        0     0      0       0
 ---------------------------------------------------------------------------------
 (2) _LIN_checkPID                                         1     1      0     624
                                              7 COMMON     1     1      0
                     _LIN_calcParity
                   _LIN_getFromTable
 ---------------------------------------------------------------------------------
 (3) _LIN_getFromTable                                     7     6      1     192
                                              0 COMMON     7     6      1
 ---------------------------------------------------------------------------------
 (3) _LIN_calcParity                                       3     3      0     345
                                              0 COMMON     3     3      0
 ---------------------------------------------------------------------------------
 (2) _LIN_breakCheck                                       0     0      0      24
                        _EUSART_Read
             _EUSART_get_last_status
 ---------------------------------------------------------------------------------
 (3) _EUSART_get_last_status                               0     0      0       0
 ---------------------------------------------------------------------------------
 (3) _EUSART_Read                                          1     1      0      24
                                              0 COMMON     1     1      0
 ---------------------------------------------------------------------------------
 (2) _EUSART_is_rx_ready                                   0     0      0       0
 ---------------------------------------------------------------------------------
 (8) NULL(Fake)                                            0     0      0       0
 ---------------------------------------------------------------------------------
 Estimated maximum stack depth 8
 ---------------------------------------------------------------------------------
 (Depth) Function   	        Calls       Base Space   Used Autos Params    Refs
 ---------------------------------------------------------------------------------
 (6) _INTERRUPT_InterruptManager                           0     0      0       0
                                NULL *
                 _EUSART_Receive_ISR *
                _EUSART_Transmit_ISR *
                           _TMR0_ISR
 ---------------------------------------------------------------------------------
 (7) _TMR0_ISR                                             0     0      0       0
                                NULL *
                   _LIN_timerHandler *
       _TMR0_DefaultInterruptHandler *
 ---------------------------------------------------------------------------------
 (8) _TMR0_DefaultInterruptHandler                         0     0      0       0
 ---------------------------------------------------------------------------------
 (8) _LIN_timerHandler                                     0     0      0       0
                    i1_LIN_stopTimer
 ---------------------------------------------------------------------------------
 (9) i1_LIN_stopTimer                                      0     0      0       0
 ---------------------------------------------------------------------------------
 (7) _EUSART_Transmit_ISR                                  0     0      0       0
 ---------------------------------------------------------------------------------
 (7) _EUSART_Receive_ISR                                   0     0      0       0
                                NULL *
         _EUSART_DefaultErrorHandler *
  _EUSART_DefaultFramingErrorHandler *
  _EUSART_DefaultOverrunErrorHandler *
               _EUSART_RxDataHandler
 ---------------------------------------------------------------------------------
 (8) _EUSART_DefaultOverrunErrorHandler                    0     0      0       0
 ---------------------------------------------------------------------------------
 (8) _EUSART_DefaultFramingErrorHandler                    0     0      0       0
 ---------------------------------------------------------------------------------
 (8) _EUSART_DefaultErrorHandler                           0     0      0       0
               _EUSART_RxDataHandler
 ---------------------------------------------------------------------------------
 (9) _EUSART_RxDataHandler                                 0     0      0       0
 ---------------------------------------------------------------------------------
 (8) NULL(Fake)                                            0     0      0       0
 ---------------------------------------------------------------------------------
 Estimated maximum stack depth 9
 ---------------------------------------------------------------------------------

 Call Graph Graphs:

 _main (ROOT)
   _LIN_handler
     NULL(Fake) *
     _EUSART_Read *
     _EUSART_is_rx_ready *
     _LIN_breakCheck *
       _EUSART_Read
       _EUSART_get_last_status
     _LIN_checkPID *
       _LIN_calcParity
       _LIN_getFromTable
     _LIN_disableRx *
     _LIN_enableRx *
     _LIN_getChecksum *
     _LIN_getFromTable *
     _LIN_queuePacket *
       _LIN_getChecksum
       _LIN_sendPacket
         _EUSART_Write
           _LIN_getChecksum (ARG)
         _LIN_getChecksum
       _memcpy
     _LIN_startTimer *
       _TMR0_WriteTimer
     _LIN_stopTimer *
     _memset *
     _processLIN *
       _LIN_getPacket
         _memcpy
         _memset
   _SYSTEM_Initialize
     _EUSART_Initialize
       _EUSART_SetErrorHandler
       _EUSART_SetFramingErrorHandler
       _EUSART_SetOverrunErrorHandler
       _EUSART_SetRxInterruptHandler
       _EUSART_SetTxInterruptHandler
     _LIN_Slave_Initialize
       _LIN_init
         _LIN_enableRx
         _LIN_setTimerHandler
           _TMR0_SetInterruptHandler
         _LIN_stopTimer
     _OSCILLATOR_Initialize
     _PIN_MANAGER_Initialize
     _TMR0_Initialize
       _TMR0_SetInterruptHandler
     _WDT_Initialize

 _INTERRUPT_InterruptManager (ROOT)
   NULL(Fake) *
   _EUSART_Receive_ISR *
     NULL(Fake) *
     _EUSART_DefaultErrorHandler *
       _EUSART_RxDataHandler
     _EUSART_DefaultFramingErrorHandler *
     _EUSART_DefaultOverrunErrorHandler *
     _EUSART_RxDataHandler *
   _EUSART_Transmit_ISR *
   _TMR0_ISR *
     NULL(Fake) *
     _LIN_timerHandler *
       i1_LIN_stopTimer
     _TMR0_DefaultInterruptHandler *

Address spaces:
Name               Size   Autos  Total    Usage
BITCOMMON           14      0       0      0.0%
BITBANK0            80      0       0      0.0%
BITBANK1            80      0       0      0.0%
BITBANK2            80      0       0      0.0%
BITBANK3            80      0       0      0.0%
BITBANK4            80      0       0      0.0%
BITBANK5            80      0       0      0.0%
BITBANK6            16      0       0      0.0%
BIGRAM             496      0       0      0.0%
COMMON              14     13      14    100.0%
BANK0               80     15      76     95.0%
BANK1               80      0      16     20.0%
BANK2               80      0       0      0.0%
BANK3               80      0       0      0.0%
BANK4               80      0       0      0.0%
BANK5               80      0       0      0.0%
BANK6               16      0       0      0.0%
STACK                0      0       0      0.0%
DATA                 0      0     103      0.0%


Microchip Technology PIC Macro Assembler V3.10 build 20250813170317 
Symbol Table                                                                                   Mon Aug 31 13:14:25 2026

                       __end_of_LIN_breakCheck 05A9                  ?_EUSART_SetRxInterruptHandler 0070  
                        __end_of_LIN_getPacket 04BC                          ??_LIN_setTimerHandler 0072  
                        __end_of_LIN_disableRx 064D                                             l50 01C3  
                                           l42 01A0                                             l51 01C8  
                                           l35 05D4                                             l60 0228  
                                           l52 01CD                                             l44 01A5  
                                           l61 0230                                             l53 01D2  
                                           l45 01AA                                             l54 01D7  
                                           l46 01AF                                             l55 01DC  
                                           l47 01B4                                             l48 01B9  
                                           l65 023B                                             l57 021C  
                                           l49 01BE                                             l58 021E  
                                           l59 0226                                _timer0ReloadVal 0042  
                              ?_LIN_calcParity 0070                                            l130 055A  
                                          l203 052D                                            l213 0427  
                                          l230 0647                                            l214 042A  
                                          l207 02C1                                            l152 008A  
                                          l312 03BF                                            l224 0609  
                                          l233 064C                                            l137 0323  
                                          l217 05C7                                            l331 0499  
                                          l227 063D                                            l171 0135  
                                          l324 0660                                            l340 0450  
                                          l237 05A8                                            l318 0601  
                                          l182 0475                                            l174 0159  
                                          l336 0432                                            l168 012B  
                                          l176 0185                                            l193 0381  
                                          l337 043B                                            l505 0642  
                                          l185 04BB                                            l442 05E8  
                                          l515 0615                                            l372 0627  
                                          l381 0621                                            l445 05ED  
                                          l375 0633                                            l439 0595  
                                          l448 0655                                            l369 062D  
                                          l378 061B                                            l479 0513  
                                          l499 056E                                            u540 05ED  
                                          u541 05EC                                            u910 047C  
                                          u911 047B                                            u920 0490  
                                          u921 048F                                            u930 0338  
                                          u931 0337                                            u940 034B  
                                          u941 034A                                            u950 0355  
                                          u951 0354                                            u960 0244  
                                          u961 0242                                            u970 024B  
                                          u962 0245                                            u971 0249  
                                          u980 0252                                            u972 024C  
                                          u981 0250                                            u994 0253  
                       ??_EUSART_RxDataHandler 0070                                            _cnt 0040  
               ?_EUSART_SetFramingErrorHandler 0070                       __end_of_LIN_getFromTable 0382  
                                          wreg 0009                 __end_of_EUSART_get_last_status 0661  
                        __end_of_scheduleTable 0639                                   ?_EUSART_Read 0070  
                                         l2010 0394                                           l2020 03B4  
                                         l2012 0397                                           l2004 0382  
                                         l2030 03BB                                           l2022 03B6  
                                         l2014 0399                                           l2006 0384  
                                         l2032 03BC                                           l2024 03B7  
                                         l2016 039B                                           l2008 038B  
                                         l2040 055B                                           l2034 03BD  
                                         l2026 03B8                                           l2018 039D  
                                         l2050 0567                                           l2042 0560  
                                         l1075 04CF                                           l2300 04C8  
                                         l1084 0544                                           l2028 03BA  
                                         l2044 0563                                           l2310 0412  
                                         l2302 03FA                                           l1078 04DB  
                                         l1430 0502                                           l2046 0565  
                                         l2312 041B                                           l2304 0401  
                                         l2400 02C4                                           l1440 05E2  
                                         l1432 0504                                           l2048 0566  
                                         l2330 042C                                           l2314 041F  
                                         l2306 0403                                           l2410 02D7  
                                         l2402 02C8                                           l2322 052E  
                                         l1442 05E5                                           l1434 0506  
                                         l1426 04FA                                           l2340 0445  
                                         l2332 042C                                           l2308 040E  
                                         l2316 0421                                           l2420 030C  
                                         l2412 02DB                                           l2404 02CA  
                                         l2324 0531                                           l2500 013D  
                                         l1700 0610                                           l1436 050A  
                                         l1428 04FF                                           l1444 0652  
                                         l2342 044B                                           l2334 0437  
                                         l2318 0429                                           l2422 0319  
                                         l2406 02CC                                           l2414 02DD  
                                         l1702 0639                                           l2326 0536  
                                         l2350 049E                                           l2510 0156  
                                         l2502 013F                                           l1438 050F  
                                         l2430 0592                                           l1800 048A  
                                         l2344 044C                                           l2336 043C  
                                         l2360 0455                                           l2416 02E3  
                                         l1704 063A                                           l2328 0538  
                                         l2352 04AC                                           l2504 0140  
                                         l2440 006C                                           l2432 0056  
                                         l2424 0583                                           l2520 05EE  
                                         l1810 0498                                           l1802 0490  
                                         l1706 0643                                           l2338 0443  
                                         l2346 044E                                           l2362 045F  
                                         l2418 02F5                                           l2354 04BA  
                                         l2610 01E9                                           l2370 0186  
                                         l2506 014E                                           l2450 0086  
                                         l2442 0070                                           l2434 005C  
                                         l2514 015D                                           l2426 058C  
                                         l2522 05F1                                           l1804 0491  
                                         l2612 0376                                           l1820 032E  
                                         l2364 0462                                           l2348 049A  
                                         l2380 01E1                                           l2372 018E  
                                         l2508 0153                                           l2460 00AA  
                                         l2452 008E                                           l2444 0073  
                                         l2436 0061                                           l1708 0602  
                                         l2428 058F                                           l2524 05F2  
                                         l1806 0493                                           l1830 034D  
                                         l1814 0325                                           l2366 0468  
                                         l2358 0453                                           l2294 04BC  
                                         l2390 0233                                           l2382 0212  
                                         l2374 019B                                           l2470 00C7  
                                         l2462 00AF                                           l2454 0096  
                                         l2446 0076                                           l2438 0064  
                                         l2526 05F3                                           l1808 0496  
                                         l1824 0339                                           l1832 034F  
                                         l1816 032A                                           l2296 04C1  
                                         l2384 0219                                           l2376 019D  
                                         l2608 0165                                           l2480 00E1  
                                         l2472 00CF                                           l2456 009E  
                                         l2448 007E                                           l2368 05C8  
                                         l1842 0365                                           l1834 0356  
                                         l1826 034B                                           l1818 032C  
                                         l2298 04C6                                           l2386 0223  
                                         l2394 0236                                           l2490 0115  
                                         l2482 00F6                                           l2474 00D2  
                                         l2466 00B9                                           l2458 00A2  
                                         l1770 0557                                           l2388 022D  
                                         l2484 0108                                           l2476 00D5  
                                         l2468 00C2                                           l1764 0546  
                                         l1862 023D                                           l1838 035C  
                                         l1870 063F                                           l2494 012E  
                                         l2486 010A                                           l2478 00D9  
                                         l1766 0551                                           l1792 0476  
                                         l1872 065E                                           l1864 02B7  
                                         l1848 036E                                           l1960 05BA  
                                         l2496 0132                                           l2488 010D  
                                         l1880 0628                                           l1768 0554  
                                         l1794 0476                                           l1970 0596  
                                         l1866 02C0                                           l1962 05BD  
                                         l2498 013A                                           l1882 0622  
                                         l1956 05F9                                           l1796 047C  
                                         l1972 059E                                           l1964 05C1  
                                         l1884 062E                                           l1876 061C  
                                         l1798 0488                                           l1974 05A5  
                                         l1990 052C                                           l1982 0515  
                                         l1966 05C3                                           l1878 0616  
                                         l1984 0520                                           l1968 05C4  
                                         l1978 05A7                                           l1988 0522  
                                         l1998 0648                                           u1000 0258  
                                         u1001 0256                                           u1010 025F  
                                         u1002 0259                                           u1011 025D  
                                         u1100 028E                                           u1020 0266  
                                         u1012 0260                                           u1101 028C  
                                         u1021 0264                                           u1200 02BF  
                                         u1120 0294                                           u1040 026C  
                                         u1201 02BD                                           u1121 0292  
                                         u1041 026A                                           u1130 029B  
                                         u1122 0295                                           u1114 028F  
                                         u1050 0273                                           u1042 026D  
                                         u1034 0267                                           u1131 0299  
                                         u1051 0271                                           u1300 0601  
                                         u1140 02A2                                           u1132 029C  
                                         u1060 027A                                           u1052 0274  
                                         u1141 02A0                                           u1061 0278  
                                         u1310 059E                                           u1214 02C0  
                                         u1311 059D                                           u1320 05A5  
                                         u1160 02A8                                           u1080 0280  
                                         u1321 05A4                                           u1161 02A6  
                                         u1081 027E                                           u1170 02AF  
                                         u1162 02A9                                           u1154 02A3  
                                         u1090 0287                                           u1082 0281  
                                         u1074 027B                                           u1330 0520  
                                         u1171 02AD                                           u1091 0285  
                                         u1331 051F                                           u1180 02B6  
                                         u1172 02B0                                           u1092 0288  
                                         u1340 052C                                           u1181 02B4  
                                         u1341 052B                                           _LATA 010C  
                                         _LATB 010D                                           _LATC 010E  
                                         _LATE 0110                                           u1290 0600  
                                         u1194 02B7                                           u1291 05FE  
                                         u1700 044B                                           u1701 044A  
                                         u1710 0468                                           u1711 0467  
                                         u1640 04DB                                           u1720 019B  
                                         u1800 006C                                           u1641 04DA  
                                         u1721 019A                                           u1801 006B  
                                         u1650 041B                                           u1730 0219  
                                         u1810 007E                                           u1651 041A  
                                         u1731 0218                                           u1811 007D  
                                         u1660 0427                                           u1740 0223  
                                         u1900 0115                                           u1820 0086  
                                         u1661 0426                                           u1741 0222  
                                         u1901 0114                                           u1821 0085  
                                         u1670 0544                                           u1750 022D  
                                         u1910 012A                                           u1830 0096  
                                         u1671 0543                                           u1751 022C  
                                         u1911 0129                                           u1831 0095  
                                         u1680 0432                                           u1760 02D6  
                                         u1920 0153                                           u1840 009E  
                                         u1681 0431                                           u1761 02D5  
                                         u1921 0152                                           u1841 009D  
                                         u1690 0437                                           u1770 02E3  
                                         u1850 00AA                                           u1691 0436  
                                         u1771 02E2                                           u1851 00A9  
                                         u1860 00B8                                           u1780 005C  
                                         u1861 00B7                                           u1781 005B  
                                         u1870 00C7                                           u1790 0061  
                                         u1871 00C6                                           u1791 0060  
                                         u1880 00E1                                           u1881 00E0  
                                         u1890 0108                                           u1891 0107  
                                         u1895 0104                                           _PLLR 04D6  
                                         _TMR0 0015                                           _WPUB 020D  
                                         _WPUE 0210                                 _LIN_sendPacket 0451  
                                         _main 05EE                                           fsr0h 0005  
                                         fsr1h 0007                                           indf0 0000  
                                         fsr0l 0004                                           indf1 0001  
                                         fsr1l 0006                                           btemp 007E  
                                         start 003B                                  processLIN@cmd 0064  
                              ?_LIN_breakCheck 0070                        __end_of_TMR0_Initialize 056F  
               ??_TMR0_DefaultInterruptHandler 0070                                  ?_EUSART_Write 0070  
                __end_of_OSCILLATOR_Initialize 05EE                              LIN_sendPacket@pid 007A  
                                        ?_main 0070                                LIN_init@command 0072  
                                        i1l221 05E1                                          i1l410 0039  
                                        i1l402 0016                                          i1l227 0651  
                                        i1l405 002A                                          i1l343 04F7  
                                        i1l360 0663                                          i1l512 05B8  
                                        i1l353 03F8                                          i1l346 04F9  
                                        i1l363 0659                                          i1l357 0582  
                                        i1l366 065D                                          i1l518 0662  
                              _TMR0_WriteTimer 063E                                          _RCREG 0199  
                                        _RCSTA 019D                                          _TRISA 008C  
                                        _TRISB 008D                                          _TRISC 008E  
                                        _TRISE 0090                                          _TXREG 019A  
                             __end_of_LIN_init 055B                          __end_of_LIN_stopTimer 063E  
                                        _TXSTA 019E                      ?_TMR0_SetInterruptHandler 0070  
                             __end_of_TMR0_ISR 05B9                                 _WDT_Initialize 0652  
                       __end_of_LIN_sendPacket 0476                                          btemp0 007E  
                                        btemp1 007F                                          pclath 000A  
                               _LIN_startTimer 05B9                                          status 0003  
                                        wtemp0 007E                               ?_LIN_getChecksum 0070  
                  LIN_queuePacket@tempSchedule 0061                                __initialization 003D  
                               processLIN@mode 0065                                   ?_LIN_handler 0070  
                                 __end_of_main 05F9                                 ??_EUSART_Write 0079  
                  ?_INTERRUPT_InterruptManager 0070                 ??_EUSART_SetRxInterruptHandler 0072  
                                       ??_main 007D                         __end_of_WDT_Initialize 0656  
                           LIN_sendPacket@data 007B      __end_of_EUSART_DefaultFramingErrorHandler 0664  
          ??_EUSART_DefaultFramingErrorHandler 0070             ?_EUSART_DefaultFramingErrorHandler 0070  
            _EUSART_DefaultFramingErrorHandler 0663                     _EUSART_OverrunErrorHandler 0034  
                       __end_of_LIN_startTimer 05C8                                ?_LIN_sendPacket 007A  
                                       _APFCON 011D                                         _ANSELA 018C  
                                       _ANSELB 018D                     __end_of_EUSART_is_rx_ready 0602  
                                       _BORCON 0116                                         i1l2000 05D5  
                                       i1l2002 05DE                                         i1l2200 0012  
                                       i1l2210 0034                                         i1l2202 001A  
                                       i1l2036 0656                                         i1l2204 001F  
                                       i1l2038 065A                                         i1l2150 04E3  
                                       i1l2206 0024                                         i1l2160 03C0  
                                       i1l2152 04EA                                         i1l2208 002F  
                                       i1l2170 03DA                                         i1l2162 03C5  
                                       i1l2154 04ED                                         i1l2172 03DF  
                                       i1l2164 03CA                                         i1l2156 04F3  
                                       i1l2148 04DC                                         i1l2180 05A9  
                                       i1l2174 03E5                                         i1l2166 03CF  
                                       i1l2158 04F4                                         i1l2182 05AA  
                                       i1l2176 03EE                                         i1l2168 03D5  
                                       i1l2184 05AD                                         i1l2178 03F5  
                                       i1l2186 05B3                                         i1l2196 000A  
                                       i1l2198 000E                                         u122_20 057E  
                                       u122_21 057D                                         i1l1890 0578  
                                       i1l1892 057E                                         i1l1894 057F  
                                       i1l1886 056F                                         i1l1888 0576  
                                       i1l1896 064D                                         i1l1898 064E  
                                       u151_20 04E3                                         u135_20 05DE  
                                       u151_21 04E2                                         u135_21 05DD  
                                       u152_20 04F3                                         u160_20 001F  
                                       u152_21 04F2                                         u160_21 001E  
                                       u153_20 03CA                                         u161_20 0024  
                                       u153_21 03C9                                         u161_21 0023  
                                       u154_20 03DA                                         u162_20 002F  
                                       u154_21 03D9                                         u162_21 002E  
                                       u155_20 03EE                                         u163_20 0034  
                                       u155_21 03ED                                         u163_21 0033  
                                       u156_20 05B3                                         u156_21 05B2  
                                       u157_20 000E                                         u157_21 000D  
                                       u158_20 0012                                         u158_21 0011  
                                       u159_20 001A                                         u159_21 0019  
                                       _OSCCON 0099                                         _SPBRGH 019C  
                                       _SPBRGL 019B                                         _WDTCON 0097  
                              _LIN_processData 003E                                _LIN_queuePacket 02C2  
                      __end_of_TMR0_WriteTimer 0643                            _EUSART_Transmit_ISR 04DC  
                                       _memcpy 04BC                               ?_TMR0_Initialize 0070  
                                       _memset 052E                                         ltemp0a 0080  
                              ?_WDT_Initialize 0070                               _LIN_rxInProgress 004E  
                                       ttemp0a 007F       TMR0_SetInterruptHandler@InterruptHandler 0070  
                                       wtemp0a 007F                                ?_LIN_startTimer 0070  
                         ?_EUSART_Transmit_ISR 0070                              _SYSTEM_Initialize 0583  
                      __end_of__initialization 0052                             ?_SYSTEM_Initialize 0070  
                                ?_LIN_checkPID 0070           __end_of_EUSART_SetTxInterruptHandler 061C  
                 _EUSART_SetTxInterruptHandler 0616                                      ?_LIN_init 0072  
                               __pcstackCOMMON 0070                                  ?_LIN_enableRx 0070  
                             ??_LIN_calcParity 0070                                LIN_sendPacket@i 005D  
                                 __pidataBANK0 0661                            ??_SYSTEM_Initialize 0077  
                                    ?_TMR0_ISR 0070                         LIN_handler@rxDataIndex 0049  
                               _OPTION_REGbits 0095                           _eusartRxStatusBuffer 0020  
                            ?_LIN_getFromTable 0070                         LIN_handler@LIN_rxState 004A  
              ??_EUSART_SetOverrunErrorHandler 0072                             ??_LIN_getFromTable 0071  
                    __end_of_SYSTEM_Initialize 0596                          ??_EUSART_Transmit_ISR 0070  
                                   __pbssBANK0 0020                                     __pbssBANK1 00A0  
                         __end_of_EUSART_Write 0451                               ??_LIN_breakCheck 0071  
                               ??_LIN_checkPID 0077                    __end_of_LIN_setTimerHandler 060A  
                      __end_of_LIN_queuePacket 0324                                 ??_LIN_enableRx 0070  
                                   __pmaintext 05EE                               _LIN_timerHandler 05D5  
                                   ??_LIN_init 0076                            LIN_getChecksum@data 0071  
                ?_EUSART_SetTxInterruptHandler 0070               _EUSART_TxDefaultInterruptHandler 003A  
             __end_of_TMR0_SetInterruptHandler 0616                                     ??_TMR0_ISR 0070  
                                   __pintentry 0004                               ?_TMR0_WriteTimer 0070  
                                      ?_memcpy 0070                                        _BAUDCON 019F  
                                      ?_memset 0070                   ??_EUSART_DefaultErrorHandler 0070  
                        LIN_getChecksum@length 0075                               _LIN_timerRunning 004C  
                                _eusartRxCount 0044                                        _OSCTUNE 0098  
                     ??_EUSART_SetErrorHandler 0072                        LIN_getChecksum@checksum 0077  
                 __end_of_LIN_Slave_Initialize 05D5                                        __ptext1 0583  
                                      __ptext2 0652                                        __ptext3 055B  
                                      __ptext4 04FA                                        __ptext5 05E2  
                                      __ptext6 05C8                                        __ptext7 0545  
                                      __ptext8 0602                                        __ptext9 0610  
                        _OSCILLATOR_Initialize 05E2                               ??_LIN_sendPacket 007D  
                     ??_PIN_MANAGER_Initialize 0070                                        clrloop0 060B  
                    LIN_getFromTable@rxCommand 0075                           end_of_initialization 0052  
        __end_of_EUSART_SetOverrunErrorHandler 0628                  _EUSART_SetOverrunErrorHandler 0622  
                                      memcpy@d 0077                                        memcpy@n 0074  
                                      memcpy@s 0078                                        memset@c 0072  
                                      memset@n 0074                                        memset@p 0076  
                            _EUSART_Initialize 0382                               ?_LIN_queuePacket 0070  
                           ?_EUSART_Initialize 0070                                      _RCSTAbits 019D  
                            ??i1_LIN_stopTimer 0070                             _EUSART_is_rx_ready 05F9  
                                _LIN_getPacket 049A                                  _LIN_disableRx 0648  
                     ??_EUSART_get_last_status 0070                            ??_EUSART_Initialize 0072  
                             ??_WDT_Initialize 0070                 ??_EUSART_SetTxInterruptHandler 0072  
                            LIN_getPacket@data 0079                       _TMR0_SetInterruptHandler 0610  
                          ?_EUSART_is_rx_ready 0070                                     _processLIN 0186  
                         __end_of_LIN_checkPID 052E                            LIN_init@tableLength 0076  
                             ??_LIN_startTimer 0071                           __end_of_LIN_enableRx 0648  
                                _scheduleTable 0634                      __end_of_EUSART_Initialize 03C0  
                         ??_EUSART_is_rx_ready 0070                                      _TXSTAbits 019E  
                                _LIN_rxCommand 003C                                 ?_LIN_getPacket 0079  
                               ?_LIN_disableRx 0070             __end_of_EUSART_DefaultErrorHandler 065E  
                   _EUSART_DefaultErrorHandler 065A                                   _EUSART_Write 042B  
                               __end_of_memcpy 04DC                         ?_OSCILLATOR_Initialize 0070  
                               __end_of_memset 0545                            start_initialization 003D  
                                _LIN_stopTimer 0639                       __end_of_LIN_timerHandler 05E2  
                         _LIN_Slave_Initialize 05C8                                  ??_EUSART_Read 0070  
 EUSART_SetRxInterruptHandler@interruptHandler 0070   EUSART_SetTxInterruptHandler@interruptHandler 0070  
                        LIN_startTimer@timeout 0071                              LIN_calcParity@CMD 0071  
               ?_EUSART_SetOverrunErrorHandler 0070                              LIN_calcParity@PID 0072  
                   _EUSART_FramingErrorHandler 0036                         _EUSART_SetErrorHandler 062E  
                                  __pdataBANK0 006B                                       ??_memcpy 0076  
                                     ??_memset 0076                           processLIN@tempRxData 005C  
                                   memset@dest 0070                                    ?_processLIN 0070  
                          LIN_init@processData 0074                    __end_of_EUSART_Transmit_ISR 04FA  
                               ?_LIN_stopTimer 0070                                    __pbssCOMMON 007D  
                                    ___latbits 0002                                  __pcstackBANK0 005C  
                            ??_LIN_getChecksum 0073                          ?_LIN_Slave_Initialize 0070  
                   __end_of_EUSART_Receive_ISR 03F9               _EUSART_RxDefaultInterruptHandler 0038  
                          __end_of_EUSART_Read 049A                          _TMR0_InterruptHandler 0030  
                 __end_of_EUSART_RxDataHandler 0583                                ??_LIN_getPacket 007A  
                       _PIN_MANAGER_Initialize 04FA                                  ??_LIN_handler 0066  
                             LIN_getChecksum@i 0076                                ??_LIN_disableRx 0070  
                         EUSART_Read@readValue 0070                             LIN_getChecksum@pid 0070  
                         LIN_sendPacket@length 005C                                   _eusartRxHead 007D  
                                 _eusartTxHead 0048                                   _eusartRxTail 0045  
                                 _eusartTxTail 0047                   ??_INTERRUPT_InterruptManager 0070  
                      _eusartTxBufferRemaining 0046                                LIN_checkPID@pid 0077  
                              i1_LIN_stopTimer 064D                                 _eusartRxBuffer 00A0  
                       _EUSART_get_last_status 065E                              ??_TMR0_Initialize 0072  
                               _eusartTxBuffer 0028         EUSART_SetErrorHandler@interruptHandler 0070  
                                     _LATBbits 010D                                      clear_ram0 060A  
                                     _PIE1bits 0091                              _eusartRxLastError 0043  
                                 _LIN_checkPID 0514                     ??_TMR0_SetInterruptHandler 0072  
                                     _PIR1bits 0011                ??_EUSART_SetFramingErrorHandler 0072  
                                     _LIN_init 0545                                   _LIN_enableRx 0643  
                                     _TMR0_ISR 05A9      __end_of_EUSART_DefaultOverrunErrorHandler 065A  
          ??_EUSART_DefaultOverrunErrorHandler 0070             ?_EUSART_DefaultOverrunErrorHandler 0070  
            _EUSART_DefaultOverrunErrorHandler 0656                               LIN_getPacket@cmd 007A  
                          __end_of_LIN_handler 0186                                ??_LIN_stopTimer 0070  
                       ??_LIN_Slave_Initialize 0077                                    _EUSART_Read 0476  
                             _LIN_getFromTable 0324                                      memcpy@tmp 0076  
                      ??_OSCILLATOR_Initialize 0070                            _EUSART_ErrorHandler 0032  
                  ?_EUSART_DefaultErrorHandler 0070                                       ___int_sp 0000  
                      __end_ofi1_LIN_stopTimer 0652                           _EUSART_RxDataHandler 056F  
                                     __ptext10 0382                                       __ptext11 0616  
                                     __ptext20 0639                                       __ptext12 061C  
                                     __ptext21 05B9                                       __ptext13 0622  
                                     __ptext30 0514                                       __ptext22 063E  
                                     __ptext14 0628                                       __ptext31 0324  
                                     __ptext23 02C2                                       __ptext15 062E  
                                     __ptext40 0662                                       __ptext32 023C  
                                     __ptext24 04BC                                       __ptext16 0056  
                                     __ptext41 064D                                       __ptext33 0596  
                                     __ptext25 0451                                       __ptext17 0186  
                                     __ptext42 04DC                                       __ptext34 065E  
                                     __ptext26 03F9                                       __ptext18 049A  
                                     __ptext43 03C0                                       __ptext35 0476  
                                     __ptext27 042B                                       __ptext19 052E  
                                     __ptext44 0656                                       __ptext36 05F9  
                                     __ptext28 0643                                       __ptext45 0663  
                                     __ptext29 0648                                       __ptext46 065A  
                                     __ptext38 05A9                                       __ptext47 056F  
                                     __ptext39 05D5                              ?_LIN_timerHandler 0070  
                      TMR0_WriteTimer@timerVal 0070                             ??_LIN_timerHandler 0070  
                            ??_TMR0_WriteTimer 0070                         LIN_getFromTable@length 0074  
         __end_of_TMR0_DefaultInterruptHandler 0663                   _TMR0_DefaultInterruptHandler 0662  
                                  _SIGNAL_Data 00A8                        ?_EUSART_SetErrorHandler 0070  
                          _LIN_rxCommandLength 004D  EUSART_SetOverrunErrorHandler@interruptHandler 0070  
                                  _LIN_handler 0056                                       int$flags 007E  
                              _LIN_getChecksum 03F9             __end_of_INTERRUPT_InterruptManager 003B  
                   _INTERRUPT_InterruptManager 0004          __end_of_EUSART_SetFramingErrorHandler 062E  
                _EUSART_SetFramingErrorHandler 0628                                   ??_processLIN 007B  
                                  _LIN_timeout 006B                                 _LIN_calcParity 023C  
                                   _INTCONbits 000B                          ?_EUSART_RxDataHandler 0070  
                                     memcpy@d1 0070                                       memcpy@s1 0072  
                          _LIN_setTimerHandler 0602                                       intlevel1 0000  
                                _CountCallBack 004B                        ?_PIN_MANAGER_Initialize 0070  
               __end_of_EUSART_SetErrorHandler 0634                          LIN_getFromTable@param 0070  
                           __end_of_processLIN 023C           __end_of_EUSART_SetRxInterruptHandler 0622  
                 _EUSART_SetRxInterruptHandler 061C                  ?_TMR0_DefaultInterruptHandler 0070  
                                   _LIN_packet 004F                             _EUSART_Receive_ISR 03C0  
                         ?_LIN_setTimerHandler 0070  EUSART_SetFramingErrorHandler@interruptHandler 0070  
                               _LIN_breakCheck 0596                         __end_of_LIN_calcParity 02C2  
                                __pstringtext1 0634                             LIN_queuePacket@cmd 005F  
                                   _OPTION_REG 0095                            ?_EUSART_Receive_ISR 0070  
                              _TMR0_Initialize 055B                              ??_LIN_queuePacket 005E  
                             ?i1_LIN_stopTimer 0070                        ?_EUSART_get_last_status 0070  
                           EUSART_Write@txData 0079                 __end_of_PIN_MANAGER_Initialize 0514  
                          LIN_getFromTable@cmd 0073                               LIN_queuePacket@i 0060  
                         ??_EUSART_Receive_ISR 0070                        __end_of_LIN_getChecksum 042B  
